signalType,detectedAt,score,entryTime,entryPrice,entryFamily,stop,targetPrice,splitTargetPrices,exitTime,exitPrice,exitReason,holdingHours,grossR,feeCostR,slippageCostR,costsR,netR,symbol,support,relVol,signalLow,dailyAtr,configurationId,stage
0Day,1657058400000,44.63107237076663,1657220400000,9.478737,breakout,8.42367,11.0613375,,1657580400000,8.419458165,stop,100,-0.995510237738,0.008482018282,0.008481769404,0.016963787686,-1.012474025424,ATOM,8.466,1.6773504290315036,8.38,0.7790714285714283,breakout:support:fixed:1.5:score0:relvol-1-4,development
1Day,1657756800000,76.2777300055585,1657821600000,4.6653315,breakout,4.16109,,,1659031200000,7.182407,time-14d,336,5.003554844256,0.011748079541,0.01174933043,0.023497409971,4.980057434285,APE,4.209,1.074395045328176,4.182,0.39235714285714296,breakout:sweep:time:14:score70:relvol-1-4,development
1Day,1657756800000,73.01501745157299,1657825200000,0.10631313,breakout,0.0982861,,,1659034800000,0.115092425,time-14d,336,1.10750800732,0.013791250002,0.013791526879,0.02758277688,1.07992523044,XLM,0.1,1.3784433475554456,0.09878,0.006279999999999998,breakout:sweep:time:14:score70:relvol-1-4,development
0Day,1658268000000,54.24788702483837,1658300400000,10.7003475,breakout,10.04154,11.68855875,,1658340000000,10.03651923,stop,11,-0.991883061441,0.015738183559,0.015737935588,0.031476119147,-1.023359180588,NEO,10.092,1.1321481518402632,9.963,0.6532857142857142,breakout:support:fixed:1.5:score0:relvol-1-4,development
1Day,1658188800000,70.53666219277392,1658448000000,1.402701,breakout,1.067635,,,1659657600000,1.327336,time-14d,336,-0.220852011246,0.004073879474,0.004073824261,0.008147703736,-0.228999714982,CRV,1.086,1.505632810793956,1.073,0.11142857142857147,breakout:sweep:time:14:score70:relvol-1-4,development
0Day,1658422800000,52.5697119987001,1658451600000,0.62461215,breakout,0.573717,0.700954875,,1658599200000,0.5734301415,stop,41,-0.993866802632,0.0117697098,0.011769461334,0.023539171134,-1.017405973767,ENJ,0.5766,1.4252403612842477,0.5706,0.047450000000000006,breakout:support:fixed:1.5:score0:relvol-1-4,development
0Day,1658782800000,62.478927225357296,1659020400000,1.4457225,breakout,1.268625,1.71136875,,1660230000000,1.581209,time-14d,336,0.77358517201,0.008545946442,0.008546139838,0.01709208628,0.75649308573,SUSHI,1.275,1.0766110187313527,1.262,0.13978571428571432,breakout:support:fixed:1.5:score0:relvol-1-4,development
1Day,1658966400000,78.6146400854852,1659024000000,0.11479737,breakout,0.1028034,,,1660233600000,0.124587675,time-14d,336,0.826248523216,0.009979391519,0.009979598081,0.019958989601,0.806289533616,XLM,0.10433,1.3137304150299698,0.10332,0.006233571428571428,breakout:sweep:time:14:score70:relvol-1-4,development
0Day,1660762800000,25.159338808589766,1660784400000,16.0510215,breakout,14.750875,18.00124125,,1660813200000,14.7434995625,stop,8,-0.993830310661,0.01184271198,0.011842463522,0.023685175502,-1.017515486163,ENS,14.825,1.096188586189689,14.55,1.4607142857142854,breakout:support:fixed:1.5:score0:relvol-1-4,development
0Day,1661263200000,73.03794469545761,1661356800000,1.2176085,breakout,1.067635,1.44256875,,1661554800000,1.0671011825,stop,55,-0.995942616529,0.00761704462,0.007616795634,0.015233840253,-1.011176456782,CRV,1.073,1.2131396732218669,1.064,0.12007142857142869,breakout:support:fixed:1.5:score0:relvol-1-4,development
1Day,1661299200000,71.83317004006639,1661356800000,1.2176085,breakout,1.05868,,,1661558400000,1.05815066,stop,56,-0.996171234234,0.007159694957,0.007159445914,0.014319140872,-1.010490375106,CRV,1.073,2.1261783275296167,1.064,0.12007142857142869,breakout:sweep:time:14:score70:relvol-1-4,development
0Day,1661893200000,59.05323248814697,1661976000000,12.192093,breakout,11.10619,13.8209475,,1662649200000,13.81403702625,target-1.5R,187,1.505610998404,0.011974425905,0.011974802307,0.023949228212,1.481661770192,ATOM,11.162,1.4816341500851549,11.11,1.0949285714285713,breakout:support:fixed:1.5:score0:relvol-1-4,development
0Day,1662062400000,44.69466701146958,1662123600000,0.856428,breakout,0.810925,0.9246825,,1662375600000,0.8105195375,stop,70,-0.990594026767,0.0183168971,0.018316649452,0.036633546552,-1.027227573319,CELO,0.815,1.0878443897984529,0.812,0.05935714285714279,breakout:support:fixed:1.5:score0:relvol-1-4,development
0Day,1662588000000,60.028613125995214,1662645600000,15.4627275,breakout,13.172805,18.89761125,,1663538400000,13.1662185975,stop,248,-0.996625431647,0.006251073147,0.006250823991,0.012501897138,-1.009127328785,ENS,13.239,1.3635439218950134,13.153,1.1042142857142856,breakout:support:fixed:1.5:score0:relvol-1-4,development
0Day,1662580800000,50.8561621276171,1662656400000,1.2836415,breakout,1.09052,1.57332375,,1663524000000,1.08997474,stop,241,-0.996678256952,0.006145396137,0.006145146967,0.012290543104,-1.008968800056,SUSHI,1.096,1.0091895183762118,1.084,0.08878571428571422,breakout:support:fixed:1.5:score0:relvol-1-4,development
1Day,1662422400000,76.26499335406038,1662656400000,1.2836415,breakout,1.11241,,,1663257600000,1.111853795,stop,167,-0.996253609879,0.0069949025,0.006994653437,0.013989555937,-1.010243165816,SUSHI,1.129,1.9548284155968274,1.118,0.08014285714285709,breakout:sweep:time:14:score70:relvol-1-4,development
1Day,1662768000000,80.83396490140066,1662789600000,0.115087515,breakout,0.10356955,,,1663142400000,0.103517765225,stop,98,-0.995006496373,0.009489752757,0.009489504005,0.018979256762,-1.013985753135,XLM,0.106,1.3438045237313163,0.10409,0.00507285714285714,breakout:sweep:time:14:score70:relvol-1-4,development
1Day,1662768000000,74.62926301483894,1662793200000,1.6138065,breakout,1.439765,,,1663099200000,1.4390451175,stop,85,-0.995366047753,0.008770470312,0.00877022147,0.017540691782,-1.012906739535,DYDX,1.455,1.1287131291257082,1.447,0.11135714285714272,breakout:sweep:time:14:score70:relvol-1-4,development
0Day,1663966800000,22.9190758663004,1663999200000,5.98299,breakout,5.67349,6.44724,,1664143200000,5.670653255,stop,40,-0.990339256866,0.018826564225,0.01882631664,0.037652880864,-1.02799213773,UNI,5.702,1.1064381715161702,5.696,0.45328571428571385,breakout:support:fixed:1.5:score0:relvol-1-4,development
0Day,1665493200000,62.18282259729619,1665543600000,0.06321159,breakout,0.0571926,0.072240075,,1666292400000,0.0571640037,stop,208,-0.994751611151,0.009999650581,0.009999401893,0.019999052474,-1.014750663625,HBAR,0.05748,1.1623708415125926,0.0569,0.0021214285714285736,breakout:support:fixed:1.5:score0:relvol-1-4,development
1Day,1665878400000,79.79685978747102,1666080000000,57.678825,breakout,52.92405,,,1667289600000,59.05046,time-14d,336,0.300750298384,0.012274953599,0.012275028787,0.024549982386,0.276200315998,EGLD,53.5,1.9587629912399211,53.19,3.0192857142857155,breakout:sweep:time:14:score70:relvol-1-4,development
1Day,1666310400000,76.3126237698194,1666368000000,1.528764,breakout,1.376085,,,1667577600000,1.749125,time-14d,336,1.454031006229,0.010734577119,0.010734940627,0.021469517746,1.432561488482,LDO,1.41,2.8083598628048394,1.383,0.10685714285714287,breakout:sweep:time:14:score70:relvol-1-4,development
0Day,1666393200000,51.18770844369687,1666494000000,10.593294,breakout,9.751995,11.8552425,,1667437200000,11.84931487875,target-1.5R,262,1.506292649819,0.01333806939,0.013338445963,0.026676515352,1.479616134467,AR,9.801,1.195291491768566,9.741,0.5254285714285715,breakout:support:fixed:1.5:score0:relvol-1-4,development
0Day,1666382400000,60.29563760780335,1666515600000,0.7561779,breakout,0.635407,0.93733425,,1666720800000,0.936865582875,target-1.5R,57,1.503129065031,0.007009318813,0.007009694595,0.014019013408,1.489110051623,OP,0.6386,1.0722358851373022,0.6329,0.05446428571428587,breakout:support:fixed:1.5:score0:relvol-1-4,development
0Day,1666533600000,52.82094779534334,1666562400000,8.5712835,breakout,7.90428,9.57178875,,1667772000000,8.773611,time-14d,336,0.31634016913,0.013002101563,0.013002180648,0.026004282211,0.290335886918,NEO,7.944,1.7368001162599398,7.87,0.3307857142857143,breakout:support:fixed:1.5:score0:relvol-1-4,development
0Day,1666393200000,52.065615138422494,1666566000000,0.24942465,breakout,0.2351185,0.270883875,,1667595600000,0.270748433063,target-1.5R,286,1.508713036002,0.018180051344,0.018180428522,0.036360479866,1.472352556136,IOTA,0.2363,1.073392160040259,0.2354,0.01168571428571428,breakout:support:fixed:1.5:score0:relvol-1-4,development
0Day,1666627200000,52.05244323584119,1666713600000,0.19637814,breakout,0.18034375,0.220429725,,1667142000000,0.220319510138,target-1.5R,119,1.506120594547,0.012993872861,0.012994249391,0.025988122253,1.480132472294,CHZ,0.18125,1.0271706155401013,0.17803,0.015387142857142851,breakout:support:fixed:1.5:score0:relvol-1-4,development
0Day,1666731600000,57.352360620396006,1666850400000,0.5304651,breakout,0.4737195,0.6155835,,1667383200000,0.47348264025,stop,148,-0.995328272148,0.0088460404,0.008845791568,0.017691831968,-1.013020104116,STG,0.4761,1.6913998827108034,0.4746,0.029042857142857145,breakout:support:fixed:1.5:score0:relvol-1-4,development
0Day,1666976400000,57.03332310053713,1667005200000,0.45272625,breakout,0.426855,0.491533125,,1667386800000,0.4266415725,stop,106,-0.991254771223,0.016995077982,0.016994830169,0.033989908151,-1.025244679374,ENJ,0.429,1.0101410857696365,0.4279,0.01911428571428576,breakout:support:fixed:1.5:score0:relvol-1-4,development
1Day,1667001600000,78.43527555324289,1667034000000,18.8324115,breakout,16.62446,,,1667887200000,16.61614777,stop,237,-0.995737451661,0.008027476888,0.008027227953,0.016054704841,-1.011792156501,AVAX,16.72,2.179961920105925,16.708,0.786357142857144,breakout:sweep:time:14:score70:relvol-1-4,development
0Day,1667062800000,59.09627068510419,1667116800000,1.836918,breakout,1.648715,2.1192225,,1667343600000,1.6478906425,stop,63,-0.995122288168,0.009258111301,0.009257862521,0.018515973822,-1.01363826199,ALICE,1.657,1.2789075107076981,1.65,0.07485714285714287,breakout:support:fixed:1.5:score0:relvol-1-4,development
0Day,1667534400000,44.524455892881036,1667592000000,0.037868925,breakout,0.03107385,0.0480615375,,1667937600000,0.031058313075,stop,96,-0.997214894611,0.005071852634,0.00507160333,0.010143455964,-1.007358350576,GALA,0.03123,1.3526610322876047,0.03119,0.004204285714285712,breakout:support:fixed:1.5:score0:relvol-1-4,development
1Day,1667606400000,81.0431746975575,1667664000000,14.7523725,breakout,13.059375,,,1667880000000,13.0528453125,stop,60,-0.995645297763,0.008211830736,0.008211581825,0.01642341256,-1.012068710324,ZEN,13.26,1.1300570370578678,13.125,0.7114999999999994,breakout:sweep:time:14:score70:relvol-1-4,development
1Day,1667606400000,74.31531092100018,1667667600000,9.182589,breakout,8.25651,,,1667880000000,8.252381745,stop,59,-0.99504469921,0.009413327991,0.00941307923,0.018826407221,-1.013871106431,NEO,8.404,1.0661728249169256,8.298,0.4231428571428572,breakout:sweep:time:14:score70:relvol-1-4,development
1Day,1669766400000,77.84547414731576,1669896000000,45.06252,breakout,39.3224,,,1671105600000,48.05596,time-14d,336,0.529605652843,0.008111196282,0.008111328683,0.016222524965,0.513383127879,DASH,39.81,1.7295455699732056,39.52,2.2635714285714283,breakout:sweep:time:14:score70:relvol-1-4,development
0Day,1670882400000,59.09511332900112,1670940000000,1.1015505,breakout,0.9917165,1.2663015,,1671235200000,0.99122064175,stop,82,-0.994987890817,0.009526973167,0.00952672442,0.019053697588,-1.014041588405,LDO,0.9967,1.2180557347523921,0.9858,0.050450000000000036,breakout:support:fixed:1.5:score0:relvol-1-4,development
0Day,1670940000000,57.96012653050788,1670994000000,1.13386665,breakout,1.042561,1.270825125,,1671213600000,1.0420397195,stop,61,-0.993793921844,0.0119155078,0.011915259351,0.023830767151,-1.017624688995,LDO,1.0478,1.8536169586572324,1.0303,0.051407142857142894,breakout:support:fixed:1.5:score0:relvol-1-4,development
0Day,1672473600000,60.518722773418595,1672552800000,0.0030745365,breakout,0.0028855,0.00335809125,,1672599600000,0.003356412204,target-1.5R,13,1.508128059925,0.017009806848,0.01701018388,0.034019990728,1.474108069197,JASMY,0.0029,1.1501533105495543,0.00289,0.00016414285714285709,breakout:support:fixed:1.5:score0:relvol-1-4,development
1Day,1672617600000,77.39441466904916,1672646400000,6.451224,breakout,6.078455,,,1673856000000,7.8450755,time-14d,336,3.758359734849,0.019175815988,0.019176755578,0.038352571566,3.720007163283,NEO,6.178,2.348361540182715,6.109,0.23978571428571469,breakout:sweep:time:14:score70:relvol-1-4,development
0Day,1672696800000,42.122005615044,1672797600000,0.156078,breakout,0.150444,0.164529,,1673226000000,0.1644467355,target-1.5R,119,1.513844515442,0.028445574681,0.028445953142,0.056891527822,1.45695298762,ONT,0.1512,1.1512990636324774,0.1504,0.006021428571428579,breakout:support:fixed:1.5:score0:relvol-1-4,development
0Day,1673024400000,56.45047639502774,1673053200000,1.1109552,breakout,0.9841545,1.30115625,,1673240400000,1.300505671875,target-1.5R,52,1.504378524724,0.009508862616,0.009509238711,0.019018101327,1.485360423397,OP,0.9891,1.2227027444767684,0.9834,0.04205714285714301,breakout:support:fixed:1.5:score0:relvol-1-4,development
0Day,1673046000000,57.329888726168306,1673071200000,1.172586,breakout,1.07659,1.31658,,1673604000000,1.31592171,target-1.5R,148,1.506104421018,0.012961517719,0.012961894246,0.025923411965,1.480181009052,ALICE,1.082,1.637655084654401,1.075,0.04000000000000011,breakout:support:fixed:1.5:score0:relvol-1-4,development
0Day,1673035200000,47.58751998113092,1673074800000,46.873425,breakout,44.0586,51.0956625,,1673643600000,51.07011466875,target-1.5R,158,1.508322009361,0.017397802646,0.017398179727,0.034795982373,1.473526026988,DASH,44.28,1.0477106853012677,43.8,1.7914285714285707,breakout:support:fixed:1.5:score0:relvol-1-4,development
1Day,1673049600000,74.83529562272557,1673100000000,1.7378685,breakout,1.51439,,,1674309600000,2.5897045,time-14d,336,3.821396689167,0.009682302772,0.009683258121,0.019365560893,3.802031128274,SNX,1.533,1.6748886442277635,1.522,0.06728571428571446,breakout:sweep:time:14:score70:relvol-1-4,development
0Day,1673046000000,57.85739439004519,1673193600000,10.4682315,breakout,9.917165,11.29483125,,1673251200000,11.289183834375,target-1.5R,16,1.509493409598,0.019741188527,0.0197415659,0.039482754427,1.470010655171,ATOM,9.967,1.1508985506456275,9.902,0.31985714285714334,breakout:support:fixed:1.5:score0:relvol-1-4,development
0Day,1673035200000,42.70980023792347,1673211600000,1.6358175,breakout,1.473595,1.87915125,,1673560800000,1.878211674375,target-1.5R,97,1.505039374933,0.010830893293,0.010831269553,0.021662162845,1.483377212087,NEAR,1.481,1.6881192468479371,1.48,0.07585714285714297,breakout:support:fixed:1.5:score0:relvol-1-4,development
0Day,1673035200000,47.07833868379797,1673222400000,0.5232615,breakout,0.474615,0.59623125,,1673643600000,0.595933134375,target-1.5R,117,1.505375515196,0.011503341806,0.01150371815,0.023007059957,1.48236845524,CELO,0.477,1.037695242951449,0.475,0.02592857142857135,breakout:support:fixed:1.5:score0:relvol-1-4,development
1Day,1673222400000,70.88537434880712,1673258400000,106.703325,breakout,100.16665,,,1674468000000,135.422255,time-14d,336,4.412029051467,0.018520545996,0.018521649004,0.037042195,4.374986856468,BCH,101.57,1.157062030878789,100.67,2.8314285714285736,breakout:sweep:time:14:score70:relvol-1-4,development
0Day,1673218800000,54.70740429742913,1673258400000,8.920458,breakout,8.293325,9.8611575,,1673650800000,9.85622692125,target-1.5R,109,1.507108539975,0.014970257442,0.01497063422,0.029940891662,1.477167648313,ZEN,8.335,1.7827854150971176,8.199,0.40478571428571414,breakout:support:fixed:1.5:score0:relvol-1-4,development
0Day,1673366400000,57.90263353829852,1673481600000,0.018379185,breakout,0.0171538,0.0202172625,,1673658000000,0.020207153869,target-1.5R,49,1.507495603423,0.015744577773,0.015744954647,0.03148953242,1.476006071003,VET,0.01724,1.4203450775239392,0.01712,0.0006150000000000013,breakout:support:fixed:1.5:score0:relvol-1-4,development
0Day,1673380800000,49.04463638720546,1673485200000,0.32846415,breakout,0.3047685,0.364007625,,1673658000000,0.363825621188,target-1.5R,48,1.506927431828,0.01460795064,0.014608327372,0.029216278013,1.477711153815,ADA,0.3063,1.7818575640731829,0.306,0.014785714285714282,breakout:support:fixed:1.5:score0:relvol-1-4,development
0Day,1673478000000,56.36889020324694,1673499600000,0.17158575,breakout,0.1592,0.190164375,,1673686800000,0.190069292813,target-1.5R,52,1.506923278768,0.014599642444,0.014600019175,0.02919966162,1.477723617148,ICX,0.16,1.3033164145639884,0.1583,0.00654285714285715,breakout:support:fixed:1.5:score0:relvol-1-4,development
0Day,1673532000000,40.05948669962795,1673557200000,1.138569,breakout,1.07062,1.2404925,,1673658000000,1.23987225375,target-1.5R,28,1.508373927504,0.017501664879,0.017502041973,0.035003706852,1.473370220653,SUSHI,1.076,1.122110813163135,1.057,0.056428571428571384,breakout:support:fixed:1.5:score0:relvol-1-4,development
0Day,1673553600000,57.84642709764743,1673582400000,0.4658328,breakout,0.4392925,0.50564325,,1673679600000,0.505390428375,target-1.5R,27,1.50877156626,0.018297141109,0.018297518302,0.036594659412,1.472176906848,BEL,0.4415,2.321842102556406,0.4366,0.017221428571428575,breakout:support:fixed:1.5:score0:relvol-1-4,development
0Day,1673546400000,63.062281417029496,1673604000000,5.26263,breakout,5.02077,5.62542,,1673661600000,5.62260729,target-1.5R,16,1.510874059373,0.022503178058,0.022503555776,0.045006733834,1.46586732554,DOT,5.046,1.767670823630316,5.006,0.16085714285714317,breakout:support:fixed:1.5:score0:relvol-1-4,development
0Day,1673546400000,46.820658735651406,1673632800000,9.486741,breakout,8.63461,10.7649375,,1673748000000,10.75955503125,target-1.5R,32,1.505563698539,0.011879802537,0.011880178928,0.023759981465,1.481803717074,ZEN,8.678,1.5246286097374484,8.562,0.4482142857142856,breakout:support:fixed:1.5:score0:relvol-1-4,development
0Day,1673625600000,47.32146935318854,1673647200000,5.3956965,breakout,5.20385,5.68346625,,1673661600000,5.680624516875,target-1.5R,4,1.514055507919,0.028867665078,0.028868043592,0.05773570867,1.456319799249,DOT,5.23,1.0079858361793745,5.158,0.169214285714286,breakout:support:fixed:1.5:score0:relvol-1-4,development
0Day,1673463600000,73.21741708469342,1673658000000,16.2081,breakout,12.37979,21.950565,,1674867600000,21.3203345,time-14d,336,1.340278086153,0.004901436208,0.004901771278,0.009803207486,1.330474878667,AVAX,12.442,2.6512806410400835,12.239,0.5437857142857153,breakout:support:fixed:1.5:score0:relvol-1-4,development
0Day,1673553600000,57.385315506321604,1673658000000,46.473225,breakout,43.07355,51.5727375,,1673859600000,43.052013225,stop,56,-0.993168464633,0.013166734795,0.013166486502,0.026333221297,-1.01950168593,ZEC,43.29,1.3379356207364674,42.95,1.8728571428571474,breakout:support:fixed:1.5:score0:relvol-1-4,development
0Day,1673532000000,55.36892039147199,1673661600000,129.254595,breakout,107.56945,161.7823125,,1674871200000,134.03295,time-14d,336,0.226422281244,0.006070689059,0.006070745665,0.012141434724,0.21428084652,BCH,108.11,1.306505842001956,107,3.13357142857143,breakout:support:fixed:1.5:score0:relvol-1-4,development
0Day,1673632800000,40.65897095374552,1673661600000,10.2201075,breakout,8.987835,12.06851625,,1674871200000,10.860567,time-14d,336,0.528292240556,0.008553576624,0.008553708697,0.01710728532,0.511184955235,ZEN,9.033,1.097825562912738,9,0.4789285714285714,breakout:support:fixed:1.5:score0:relvol-1-4,development
0Day,1673643600000,68.00504082841611,1673672400000,2.1280635,breakout,1.78702,2.63962875,,1674446400000,2.638308935625,target-1.5R,215,1.50311837053,0.006987924467,0.006988300246,0.013976224713,1.489142145818,NEAR,1.796,1.4105350204572207,1.777,0.12164285714285723,breakout:support:fixed:1.5:score0:relvol-1-4,development
1Day,1673654400000,75.83966404169612,1673679600000,14.2721325,breakout,12.500185,,,1674889200000,16.5986965,time-14d,336,1.321709587897,0.008710988616,0.008711319043,0.017422307659,1.304287280238,ENS,12.769,2.6224864531188268,12.563,0.6069285714285712,breakout:sweep:time:14:score70:relvol-1-4,development
0Day,1673737200000,43.524822863371085,1673802000000,14.1800865,breakout,13.05639,15.86563125,,1674817200000,15.857698434375,target-1.5R,282,1.506306418148,0.013365612928,0.013365989504,0.026731602432,1.479574815716,ENS,13.122,3.12730433722332,12.986,0.6427142857142855,breakout:support:fixed:1.5:score0:relvol-1-4,development
0Day,1673809200000,59.54658088500759,1673834400000,1.6858425,breakout,1.573095,1.85496375,,1673884800000,1.5723084525,stop,14,-0.9925275505,0.014448883357,0.014448635225,0.028897518581,-1.021425069081,INJ,1.581,1.8078048290000224,1.563,0.07699999999999992,breakout:support:fixed:1.5:score0:relvol-1-4,development
1Day,1674259200000,74.51189570991707,1674288000000,9.752874,breakout,8.635605,,,1675497600000,12.2248845,time-14d,336,2.22238332935,0.0098354821,0.009836037695,0.019671519795,2.202711809555,AR,8.757,1.0258602759670377,8.679,0.7172142857142852,breakout:sweep:time:14:score70:relvol-1-4,development
1Day,1674259200000,78.60393330809435,1674327600000,0.2437218,breakout,0.2144225,,,1675537200000,0.2702648,time-14d,336,0.914697620762,0.008771311943,0.008771540617,0.01754285256,0.897154768203,ALGO,0.2162,1.229068419519071,0.2155,0.013928571428571445,breakout:sweep:time:14:score70:relvol-1-4,development
1Day,1676419200000,75.40616009622075,1676462400000,44.652315,breakout,40.42685,,,1677672000000,48.465755,time-14d,336,0.91350892742,0.011018677234,0.011018905612,0.022037582846,0.891471344574,EGLD,41.1,1.3958185278061126,40.63,2.8271428571428556,breakout:sweep:time:14:score70:relvol-1-4,development
1Day,1676505600000,75.03664523281441,1676581200000,6.1780875,breakout,5.46255,,,1677790800000,5.8960505,time-14d,336,-0.385724018657,0.008437110564,0.008437014133,0.016874124696,-0.402598143354,ICP,5.572,1.0708428429115247,5.49,0.4044999999999999,breakout:sweep:time:14:score70:relvol-1-4,development
1Day,1676678400000,77.284109361428,1676700000000,0.09116556,breakout,0.08524165,,,1677808800000,0.085199029175,stop,308,-0.992309133663,0.014885826184,0.014885578106,0.02977140429,-1.022080537953,XLM,0.08708,1.045723341977434,0.08567,0.0037192857142857127,breakout:sweep:time:14:score70:relvol-1-4,development
1Day,1676505600000,71.28845603563842,1676725200000,136.68831,breakout,124.24565,,,1677808800000,124.183527175,stop,301,-0.994510016347,0.010482960925,0.010482712298,0.020965673223,-1.01547568957,BCH,126.77,1.2244276538648635,124.87,5.919285714285711,breakout:sweep:time:14:score70:relvol-1-4,development
1Day,1676505600000,80.13036846905048,1676761200000,90.835395,breakout,81.69945,,,1677258000000,81.658600275,stop,138,-0.995031165358,0.009440402458,0.009440153701,0.018880556159,-1.013911721517,AAVE,83.13,1.082456431836344,82.11,6.247142857142856,breakout:sweep:time:14:score70:relvol-1-4,development
1Day,1678665600000,77.07832555831129,1678719600000,55.40769,breakout,45.1929,,,1679929200000,56.081945,time-14d,336,0.071465003196,0.005457265152,0.005457283018,0.01091454817,0.060550455026,DASH,45.8,1.1347511931898357,45.42,5.120000000000002,breakout:sweep:time:14:score70:relvol-1-4,development
0Day,1678654800000,55.855937904226806,1678737600000,4.14207,breakout,2.989975,5.8702125,,1679947200000,3.742128,time-14d,336,-0.343721654898,0.003421678768,0.003421592837,0.006843271605,-0.350564926503,INJ,3.005,2.4367223691309494,2.963,0.38564285714285695,breakout:support:fixed:1.5:score0:relvol-1-4,development
1Day,1678665600000,70.01417004720889,1678737600000,4.14207,breakout,2.948185,,,1679947200000,3.742128,time-14d,336,-0.331690238172,0.003301908475,0.003301825553,0.006603734028,-0.3382939722,INJ,3.005,3.0297051239513872,2.963,0.38564285714285695,breakout:sweep:time:14:score70:relvol-1-4,development
0Day,1678748400000,48.77220222947912,1678777200000,12.12606,breakout,11.343,13.30065,,1678824000000,13.293999675,target-1.5R,13,1.507738870585,0.01623123367,0.016231610605,0.032462844274,1.47527602631,ATOM,11.4,1.5502708993047425,11.264,0.722071428571429,breakout:support:fixed:1.5:score0:relvol-1-4,development
0Day,1678734000000,58.84394713238516,1678798800000,13.3056495,breakout,11.4425,16.10037375,,1679774400000,11.43677875,stop,271,-0.996431043242,0.006639947103,0.006639697995,0.013279645098,-1.00971068834,APT,11.5,1.4947193283468039,11.4,1.204857142857144,breakout:support:fixed:1.5:score0:relvol-1-4,development
0Day,1678719600000,56.27769284514262,1678798800000,2.8168077,breakout,2.2412375,3.680163,,1679659200000,2.24011688125,stop,239,-0.997554251419,0.004392969425,0.004392720037,0.008785689462,-1.006339940881,OP,2.2525,1.2740092463111914,2.2454,0.2958642857142863,breakout:support:fixed:1.5:score0:relvol-1-4,development
0Day,1678719600000,55.8762498001188,1678798800000,0.085972965,breakout,0.080595,0.0940399125,,1679418000000,0.093992892544,target-1.5R,172,1.507989081372,0.016731780287,0.016732157284,0.033463937572,1.4745251438,XLM,0.081,1.0504618570241513,0.08019,0.0036549999999999977,breakout:support:fixed:1.5:score0:relvol-1-4,development
0Day,1678726800000,44.08691229810214,1678806000000,0.7965981,breakout,0.669635,0.98704275,,1679655600000,0.6693001825,stop,236,-0.996864443291,0.005772930412,0.005772681196,0.011545611609,-1.0084100549,STG,0.673,1.054092561159365,0.6683,0.11552857142857133,breakout:support:fixed:1.5:score0:relvol-1-4,development
1Day,1679097600000,79.07883240193034,1679126400000,1.2776385,breakout,1.141265,,,1679385600000,1.1406943675,stop,72,-0.995318005331,0.008866579165,0.008866330335,0.0177329095,-1.013050914831,SUSHI,1.157,1.1791760297463776,1.147,0.10892857142857147,breakout:sweep:time:14:score70:relvol-1-4,development
1Day,1679097600000,86.5238234402827,1679270400000,13.3156545,breakout,10.7659,,,1680480000000,12.089952,time-14d,336,-0.475732075382,0.004981971107,0.004981852174,0.009963823282,-0.485695898664,NEO,10.966,1.4128205481013,10.82,1.1404285714285727,breakout:sweep:time:14:score70:relvol-1-4,development
1Day,1679097600000,80.76640136146935,1679274000000,0.024642315,breakout,0.02189995,,,1679515200000,0.021889000025,stop,67,-0.995509350506,0.00848379319,0.008483544313,0.016967337503,-1.012476688009,VET,0.02214,1.448365434718527,0.02201,0.002000714285714287,breakout:sweep:time:14:score70:relvol-1-4,development
1Day,1679097600000,79.30825758052269,1679310000000,7.3606785,breakout,6.56103,,,1680519600000,7.2893535,time-14d,336,-0.080035165451,0.009160294805,0.009160274796,0.0183205696,-0.098355735051,LINK,6.662,1.2983466508926793,6.594,0.4456428571428578,breakout:sweep:time:14:score70:relvol-1-4,development
1Day,1680134400000,81.7802439021301,1680271200000,0.26163075,breakout,0.2404915,,,1681480800000,0.2862568,time-14d,336,1.177903662618,0.012959011081,0.012959305557,0.025918316638,1.15198534598,BAT,0.2438,1.203491934263509,0.2417,0.018778571428571415,breakout:sweep:time:14:score70:relvol-1-4,development
0Day,1681513200000,42.12395635360494,1681664400000,1.204602,breakout,1.151215,1.2846825,,1681894800000,1.1506393925,stop,64,-0.988723846629,0.022058191999,0.022057944818,0.044116136817,-1.032839983446,SUSHI,1.157,1.136786841323687,1.149,0.05728571428571429,breakout:support:fixed:1.5:score0:relvol-1-4,development
0Day,1681502400000,35.114170373470586,1681671600000,0.2297148,breakout,0.2195965,0.24489225,,1681894800000,0.21948670175,stop,62,-0.988654220571,0.022197478912,0.022197231748,0.04439471066,-1.033048931231,IOTA,0.2207,1.2139618846428084,0.22,0.010692857142857148,breakout:support:fixed:1.5:score0:relvol-1-4,development
0Day,1683151200000,55.51682936715919,1683316800000,1.0535265,breakout,1.00097,1.13236125,,1683385200000,1.000469515,stop,19,-0.989982209622,0.019540837147,0.019540589651,0.039081426798,-1.02906363642,SUSHI,1.006,1.0752480313948127,0.992,0.05485714285714293,breakout:support:fixed:1.5:score0:relvol-1-4,development
0Day,1685026800000,53.20349953501558,1685080800000,0.19499745,breakout,0.186065,0.208396125,,1685368800000,0.208291926937,target-1.5R,80,1.510909660843,0.02257439879,0.022574776517,0.045149175307,1.465760485537,IOTA,0.187,1.2237000344656588,0.1861,0.006507142857142864,breakout:support:fixed:1.5:score0:relvol-1-4,development
0Day,1685055600000,38.022561656471694,1685228400000,0.33606795,breakout,0.3177035,0.363614625,,1685980800000,0.31754464825,stop,209,-0.990854613125,0.017795594157,0.017795346444,0.035590940601,-1.026445553726,ENJ,0.3193,1.134345864575654,0.3138,0.014292857142857206,breakout:support:fixed:1.5:score0:relvol-1-4,development
1Day,1685404800000,72.2274205739472,1685444400000,113.086515,breakout,105.00235,,,1686362400000,104.949848825,stop,255,-0.993009172871,0.013485397925,0.013485149672,0.026970547597,-1.019979720467,QNT,106.32,3.3167243499914387,105.53,3.4271428571428464,breakout:sweep:time:14:score70:relvol-1-4,development
1Day,1685750400000,76.19673191361417,1685786400000,0.08530263,breakout,0.07411755,,,1686340800000,0.074080491225,stop,154,-0.996188672768,0.007124809175,0.007124560128,0.014249369304,-1.010438042071,TRX,0.07512,1.6674679061391127,0.07449,0.002275,breakout:sweep:time:14:score70:relvol-1-4,development
0Day,1686934800000,56.64482092314344,1686981600000,0.5712855,breakout,0.523569,0.64286025,,1687280400000,0.642538819875,target-1.5R,83,1.505983255268,0.012719125668,0.012719502164,0.025438627832,1.480544627436,STX,0.5262,1.7619888455462642,0.5248,0.0626357142857143,breakout:support:fixed:1.5:score0:relvol-1-4,development
1Day,1687305600000,73.1500892367746,1687366800000,1.1247621,breakout,0.9763935,,,1688576400000,1.11034455,time-14d,336,-0.089641608804,0.00753227654,0.007532254129,0.015064530669,-0.104706139473,ARB,0.9901,1.165531804462677,0.9813,0.06969285714285718,breakout:sweep:time:14:score70:relvol-1-4,development
1Day,1687564800000,79.9563627500724,1687672800000,5.166582,breakout,4.792915,,,1687982400000,4.7905185425,stop,86,-0.993090104291,0.013323494639,0.013323246366,0.026646741005,-1.019736845296,DOT,4.854,1.6333477316191674,4.817,0.26071428571428606,breakout:sweep:time:14:score70:relvol-1-4,development
0Day,1688144400000,38.20683619634224,1688166000000,0.06679338,breakout,0.0603567,0.0764484,,1689375600000,0.068155905,time-14d,336,0.222164221307,0.010482833153,0.010482888694,0.020965721847,0.201198499459,DOGE,0.06066,1.3077145807195671,0.06058,0.0030435714285714384,breakout:support:fixed:1.5:score0:relvol-1-4,development
0Day,1688144400000,32.90239966263858,1688216400000,5.3956965,breakout,4.82575,6.25061625,,1689426000000,5.9120425,time-14d,336,0.915875437431,0.009920000386,0.009920229355,0.019840229741,0.896035207691,UNI,4.85,1.0296204153255135,4.772,0.29935714285714254,breakout:support:fixed:1.5:score0:relvol-1-4,development
0Day,1688245200000,56.006815701714736,1688338800000,6.537267,breakout,6.11925,7.1642925,,1688655600000,6.116190375,stop,88,-0.99218452838,0.015135099021,0.015134850975,0.030269949996,-1.022454478376,LINK,6.15,1.0098880687582728,6.117,0.35385714285714354,breakout:support:fixed:1.5:score0:relvol-1-4,development
0Day,1689019200000,54.98715013411662,1689098400000,0.2055027,breakout,0.188055,0.23167425,,1690192800000,0.1879609725,stop,304,-0.994113837354,0.011275516902,0.011275268373,0.022550785275,-1.016664622629,ONT,0.189,1.7876479146799942,0.1855,0.01665,breakout:support:fixed:1.5:score0:relvol-1-4,development
1Day,1689292800000,81.05620050446568,1689346800000,37.708845,breakout,34.6061,,,1689865200000,34.58879695,stop,144,-0.993926345865,0.011650593579,0.011650345098,0.023300938677,-1.017227284542,EGLD,35.05,1.5820825206811342,34.78,1.5292857142857135,breakout:sweep:time:14:score70:relvol-1-4,development
1Day,1691884800000,82.42861647349152,1691920800000,5.306652,breakout,4.896395,,,1692219600000,4.8939468025,stop,83,-0.993535759292,0.01243196192,0.012431713536,0.024863675455,-1.018399434748,AR,4.924,2.1253230691393217,4.921,0.22492857142857048,breakout:sweep:time:14:score70:relvol-1-4,development
1Day,1691884800000,71.30850247886073,1691978400000,2.0840415,breakout,1.887515,,,1692129600000,1.8865712425,stop,42,-0.994700460243,0.010101977958,0.010101729283,0.020203707242,-1.014904167485,APE,1.91,3.224466261953284,1.897,0.10450000000000051,breakout:sweep:time:14:score70:relvol-1-4,development
0Day,1693004400000,54.46298788899314,1693047600000,103.881915,breakout,99.1418,110.9920875,,1693497600000,99.0922291,stop,125,-0.989047734074,0.021410255247,0.021410007985,0.042820263232,-1.031867997306,QNT,99.64,1.1692656139700794,98.96,3.289285714285708,breakout:support:fixed:1.5:score0:relvol-1-4,development
1Day,1694044800000,72.09904628122779,1694134800000,0.079429695,breakout,0.076814,,,1695344400000,0.083048455,time-14d,336,1.414538009974,0.031058313374,0.031058667008,0.062116980382,1.352421029593,TRX,0.07873,1.4629432890897027,0.0772,0.0013935714285714296,breakout:sweep:time:14:score70:relvol-1-4,development
1Day,1694908800000,77.23932031368685,1695031200000,7.2906435,breakout,6.89535,,,1695603600000,6.891902325,stop,159,-0.990782798098,0.0179392601,0.017939012405,0.035878272505,-1.026661070603,ATOM,6.991,1.030992929246551,6.93,0.25014285714285783,breakout:sweep:time:14:score70:relvol-1-4,development
0Day,1695218400000,60.944240138474456,1695243600000,65.682825,breakout,61.1129,72.5377125,,1695603600000,61.08234355,stop,100,-0.992817168772,0.013869502076,0.013869253872,0.027738755948,-1.02055592472,AAVE,61.42,1.2136594499991213,61.2,2.8307142857142855,breakout:support:fixed:1.5:score0:relvol-1-4,development
1Day,1695427200000,75.48217148907867,1695564000000,0.516258,breakout,0.43382,,,1696773600000,0.467766,time-14d,336,-0.582255755841,0.005968267061,0.005968121497,0.011936388559,-0.594192144399,CRV,0.439,3.026201361258336,0.436,0.023428571428571406,breakout:sweep:time:14:score70:relvol-1-4,development
0Day,1695492000000,66.93341507822413,1695625200000,7.2366165,breakout,6.89137,7.75448625,,1695819600000,7.750609006875,target-1.5R,54,1.510475124295,0.021705108534,0.021705486153,0.043410594687,1.467064529609,LINK,6.926,1.496494485068916,6.912,0.30807142857142933,breakout:support:fixed:1.5:score0:relvol-1-4,development
1Day,1695686400000,81.53558716976933,1695816000000,7.633815,breakout,6.868485,,,1697025600000,7.3113425,time-14d,336,-0.411587158481,0.009763864934,0.009763762037,0.019527626971,-0.431114785452,LINK,6.926,2.4329679498471353,6.903,0.32642857142857223,breakout:sweep:time:14:score70:relvol-1-4,development
1Day,1695945600000,71.25203781802708,1695967200000,0.061840905,breakout,0.06002835,,,1696381200000,0.059998335825,stop,115,-0.982949482912,0.033609805171,0.033609559434,0.067219364605,-1.050168847518,DOGE,0.06085,1.23210393379701,0.06033,0.0015650000000000108,breakout:sweep:time:14:score70:relvol-1-4,development
1Day,1695945600000,83.60697530748895,1695974400000,25.142565,breakout,23.49195,,,1696845600000,23.480204025,stop,242,-0.992387685802,0.01472868265,0.014728434553,0.029457117203,-1.021844803005,EGLD,23.87,1.0446112390530446,23.61,1.2464285714285697,breakout:sweep:time:14:score70:relvol-1-4,development
1Day,1696118400000,72.51977738024252,1696143600000,8.1370665,breakout,7.53016,,,1696381200000,7.52639492,stop,66,-0.993299626878,0.012904344755,0.01290409643,0.025808441185,-1.019108068063,ENS,7.68,2.2668140780230996,7.568,0.27228571428571213,breakout:sweep:time:14:score70:relvol-1-4,development
0Day,1697749200000,40.313901194973006,1697770800000,25.25262,breakout,24.2382,26.77425,,1698102000000,26.760862875,target-1.5R,92,1.512440606455,0.025637055103,0.025637433213,0.051274488316,1.461166118139,ZEC,24.36,1.001367666306711,24.31,0.8757142857142914,breakout:support:fixed:1.5:score0:relvol-1-4,development
1Day,1697846400000,70.95873933707416,1697871600000,0.30225105,breakout,0.280988,,,1699081200000,0.3644177,time-14d,336,2.93937135077,0.015676696194,0.015677431036,0.03135412723,2.90801722354,SAND,0.2859,1.019344482588963,0.2824,0.00843571428571426,breakout:sweep:time:14:score70:relvol-1-4,development
1Day,1697846400000,74.51208126966256,1697882400000,0.08150073,breakout,0.07694335,,,1699092000000,0.115452245,time-14d,336,7.471398040102,0.021608136144,0.021610003994,0.043218140138,7.428179899964,GRT,0.07818,1.0266408280721073,0.07733,0.0027121428571428735,breakout:sweep:time:14:score70:relvol-1-4,development
1Day,1697932800000,71.91654114539553,1698030000000,0.0952476,breakout,0.090346,,,1699239600000,0.12283855,time-14d,336,5.651215929492,0.022246424637,0.022247837441,0.044494262078,5.606721667415,ALGO,0.0921,1.1022104973280686,0.0908,0.003364285714285734,breakout:sweep:time:14:score70:relvol-1-4,development
1Day,1697932800000,75.93849116674954,1698091200000,0.31245615,breakout,0.2932265,,,1699300800000,0.3944027,time-14d,336,4.279849087217,0.018379399781,0.018380469743,0.036759869524,4.243089217692,SAND,0.2982,1.3418845216147606,0.2947,0.008757142857142837,breakout:sweep:time:14:score70:relvol-1-4,development
0Day,1698015600000,56.00882263952196,1698102000000,1.366683,breakout,1.2269345,1.57630575,,1699311600000,1.575517597125,target-1.5R,336,1.504887351206,0.010526769866,0.010527146087,0.021053915953,1.483833435253,OP,1.2331,1.0933006380308967,1.2304,0.05973571428571494,breakout:support:fixed:1.5:score0:relvol-1-4,development
1Day,1698019200000,82.12451753026346,1698102000000,96.52824,breakout,87.74905,,,1699311600000,104.557695,time-14d,336,0.926053542525,0.011452419585,0.011452651099,0.022905070684,0.903148471841,QNT,89.67,2.457574903731347,88.19,2.834999999999993,breakout:sweep:time:14:score70:relvol-1-4,development
0Day,1698102000000,62.83891791900274,1698141600000,0.44892435,breakout,0.3951145,0.529639125,,1699282800000,0.529374305438,target-1.5R,317,1.504169311009,0.009090330631,0.009090706674,0.018181037305,1.485988273704,SUI,0.3971,1.3732519094355056,0.3921,0.022335714285714313,breakout:support:fixed:1.5:score0:relvol-1-4,development
1Day,1698105600000,75.91780780539219,1698145200000,0.09242619,breakout,0.08392825,,,1699354800000,0.137021455,time-14d,336,5.261275085491,0.013500192105,0.013501507424,0.02700169953,5.234273385962,GRT,0.08465,3.4473851787435263,0.08435,0.0031535714285714452,breakout:sweep:time:14:score70:relvol-1-4,development
0Day,1698098400000,72.36618894880701,1698148800000,0.10155075,breakout,0.0930325,0.114328125,,1698868800000,0.114270960937,target-1.5R,200,1.505957796496,0.0126681954,0.01266857189,0.02533676729,1.480621029206,ALGO,0.0935,1.934962585194028,0.0928,0.0034500000000000203,breakout:support:fixed:1.5:score0:relvol-1-4,development
1Day,1698105600000,70.27332439856144,1698148800000,0.10155075,breakout,0.092336,,,1699358400000,0.12323835,time-14d,336,2.365772267289,0.01219724355,0.012197834993,0.024395078543,2.341377188746,ALGO,0.0935,2.601691410467904,0.0928,0.0034500000000000203,breakout:sweep:time:14:score70:relvol-1-4,development
1Day,1698105600000,73.71587552012295,1698152400000,7.9269615,breakout,7.115245,,,1699362000000,8.591702,time-14d,336,0.829107206765,0.010175143354,0.01017535063,0.020350493984,0.808756712781,ENS,7.22,2.426473044024205,7.151,0.29599999999999776,breakout:sweep:time:14:score70:relvol-1-4,development
0Day,1698102000000,47.56058109575165,1698152400000,0.05326662,breakout,0.0486555,0.0601833,,1699326000000,0.06015320835,target-1.5R,326,1.50577300092,0.012298511896,0.012298888339,0.024597400236,1.481175600684,HBAR,0.0489,1.3917128662662948,0.04884,0.0018742857142857192,breakout:support:fixed:1.5:score0:relvol-1-4,development
1Day,1698105600000,77.80244702315548,1698249600000,0.8154075,breakout,0.72834,,,1699459200000,0.9385305,time-14d,336,1.424182387228,0.010072288741,0.010072644787,0.020144933529,1.4040374537,ALICE,0.734,2.1509987582650476,0.732,0.03814285714285724,breakout:sweep:time:14:score70:relvol-1-4,development
0Day,1698102000000,66.3698323612488,1698292800000,1.4455224,breakout,1.2750925,1.70116725,,1699502400000,1.56511705,time-14d,336,0.710556070267,0.008832486113,0.008832663752,0.017665149865,0.692890920402,OP,1.2815,2.049297211697414,1.273,0.0622928571428578,breakout:support:fixed:1.5:score0:relvol-1-4,development
0Day,1698138000000,49.2288336353219,1698307200000,0.10355175,breakout,0.096714,0.113808375,,1698714000000,0.113751470813,target-1.5R,113,1.507568279039,0.015889965326,0.015890342218,0.031780307544,1.475787971496,ALGO,0.0972,1.2890247456923354,0.097,0.0033857142857143066,breakout:support:fixed:1.5:score0:relvol-1-4,development
0Day,1698249600000,45.231270002379816,1698476400000,0.2149074,breakout,0.195219,0.24444,,1698642000000,0.24431778,target-1.5R,46,1.505454988724,0.011662328579,0.011662704943,0.023325033522,1.482129955202,ID,0.1962,1.5811630772498677,0.1932,0.009685714285714303,breakout:support:fixed:1.5:score0:relvol-1-4,development
0Day,1698868800000,51.03305301499897,1698897600000,0.4780389,breakout,0.424865,0.55779975,,1699448400000,0.557520850125,target-1.5R,153,1.504492805681,0.009737481642,0.009737857765,0.019475339406,1.485017466275,SUI,0.427,1.0832282497122394,0.425,0.033907142857142886,breakout:support:fixed:1.5:score0:relvol-1-4,development
0Day,1698872400000,53.81533619401864,1699002000000,1.4117055,breakout,1.268625,1.62632625,,1699549200000,1.2679906875,stop,152,-0.995069209291,0.00936429558,0.009364046813,0.018728342393,-1.013797551684,APE,1.275,1.1514085255300206,1.274,0.09857142857142899,breakout:support:fixed:1.5:score0:relvol-1-4,development
0Day,1698872400000,56.93226168115862,1699070400000,8.1710835,breakout,7.39683,9.33246375,,1699581600000,9.327797518125,target-1.5R,142,1.505274112419,0.011300485576,0.011300861895,0.022601347471,1.482672764948,ENS,7.434,1.266463750399187,7.396,0.4012142857142836,breakout:support:fixed:1.5:score0:relvol-1-4,development
0Day,1698872400000,49.54020101675903,1699095600000,0.49234605,breakout,0.4422775,0.567448875,,1699239600000,0.567165150562,target-1.5R,40,1.504914262546,0.010580605995,0.010580982223,0.021161588218,1.483752674328,STG,0.4445,1.172042848889988,0.4428,0.029842857142857015,breakout:support:fixed:1.5:score0:relvol-1-4,development
0Day,1699268400000,53.617410036278315,1699290000000,0.99971961,breakout,0.99385575,1.0085154,,1700499600000,0.998550475,time-14d,336,-0.028991142353,0.170388624984,0.170388617736,0.340777242721,-0.369768385074,USDC,0.99885,1.5755365280858957,0.99877,0.00039642857142856743,breakout:support:fixed:1.5:score0:relvol-1-4,development
0Day,1701288000000,55.38045662080427,1701327600000,0.999889695,breakout,0.99383585,1.0089704625,,1701799200000,0.993338932075,stop,131,-0.91745824348,0.164625013283,0.164624783918,0.329249797201,-1.246708040681,USDC,0.99883,1.030428061665561,0.99875,0.0006942857142857108,breakout:support:fixed:1.5:score0:relvol-1-4,development
0Day,1702483200000,42.77247689876183,1702504800000,2.5706847,breakout,2.302828,2.97246975,,1702720800000,2.970983515125,target-1.5R,60,1.504796221263,0.010344464438,0.010344840637,0.020689305075,1.484106916189,WLD,2.3144,1.018148450767699,2.3025,0.20894285714285735,breakout:support:fixed:1.5:score0:relvol-1-4,development
1Day,1702598400000,83.43221594790178,1702630800000,112.686315,breakout,91.45045,,,1703840400000,110.994475,time-14d,336,-0.074402431924,0.005266580617,0.005266562017,0.010533142634,-0.084935574557,AAVE,92.88,1.873772108811012,91.91,5.85214285714286,breakout:sweep:time:14:score70:relvol-1-4,development
0Day,1702933200000,61.013797581109635,1703160000000,15.103548,breakout,13.69319,17.219085,,1703725200000,17.2104754575,target-1.5R,157,1.505351832655,0.011455964889,0.011456341227,0.022912306116,1.48243952654,LINK,13.762,1.134333384614025,13.64,1.2106428571428576,breakout:support:fixed:1.5:score0:relvol-1-4,development
1Day,1702944000000,72.24331379783881,1703160000000,15.103548,breakout,13.5718,,,1704286800000,13.5650141,stop,313,-0.995072296487,0.009358119645,0.009357870877,0.018715990522,-1.013788287009,LINK,13.762,1.2401846295129766,13.64,1.2106428571428576,breakout:sweep:time:14:score70:relvol-1-4,development
0Day,1703152800000,73.54642715364272,1703350800000,2.76848355,breakout,2.2249195,3.583829625,,1703599200000,3.582037710188,target-1.5R,69,1.502545330215,0.005841557458,0.005841933094,0.011683490552,1.490861839663,CAKE,2.2361,3.2467395338173883,2.2089,0.14302857142857142,breakout:support:fixed:1.5:score0:relvol-1-4,development
1Day,1703721600000,81.83998805309378,1703916000000,277.628745,breakout,225.31775,,,1704286800000,225.205091125,stop,103,-0.997347689525,0.004806196442,0.004805947105,0.009612143548,-1.006959833073,BCH,230.24,3.3519342973757844,226.45,10.592142857142871,breakout:sweep:time:14:score70:relvol-1-4,development
0Day,1704736800000,54.73069051411444,1704758400000,0.16186089,breakout,0.1135693,0.234298275,,1705968000000,0.130424755,time-14d,336,-0.647938906133,0.003026258247,0.003026096262,0.006052354509,-0.653991260642,RIF,0.11414,2.4183705429599076,0.1121,0.014410000000000017,breakout:support:fixed:1.5:score0:relvol-1-4,development
0Day,1704740400000,51.80495330241593,1704776400000,0.104422185,breakout,0.10149995,0.1088055375,,1704819600000,0.101449200025,stop,12,-0.982142093295,0.035224987899,0.035224742363,0.070449730262,-1.052591823557,TRX,0.10201,1.0522825772653044,0.10099,0.0034149999999999953,breakout:support:fixed:1.5:score0:relvol-1-4,development
0Day,1706392800000,59.4422022702546,1706421600000,0.2623311,breakout,0.2388,0.29762775,,1706716800000,0.2386806,stop,82,-0.994428649744,0.010645734794,0.010645486186,0.02129122098,-1.015719870724,IOTA,0.24,1.1344438834473576,0.2377,0.016507142857142883,breakout:support:fixed:1.5:score0:relvol-1-4,development
1Day,1706918400000,73.98104279054624,1706950800000,13.332663,breakout,11.558915,,,1708160400000,13.143425,time-14d,336,-0.099224918083,0.007463317224,0.007463292418,0.014926609642,-0.114151527725,ICP,11.75,1.5374896721418974,11.617,0.957571428571428,breakout:sweep:time:14:score70:relvol-1-4,development
1Day,1707350400000,71.51494812427484,1707469200000,9.8219085,breakout,9.07042,,,1708678800000,9.7301325,time-14d,336,-0.109116772911,0.013008875718,0.013008848439,0.026017724157,-0.135134497068,ATOM,9.242,1.1452437819982035,9.116,0.3127142857142861,breakout:sweep:time:14:score70:relvol-1-4,development
1Day,1707350400000,70.29169633693047,1707537600000,0.56178075,breakout,0.4932215,,,1708747200000,0.6514741,time-14d,336,1.317108924033,0.008848221429,0.008848550706,0.017696772135,1.299412151898,STG,0.504,2.383702515017007,0.4957,0.021007142857142745,breakout:sweep:time:14:score70:relvol-1-4,development
1Day,1707523200000,78.38707712339257,1707699600000,0.48154065,breakout,0.4466555,,,1708909200000,0.5149424,time-14d,336,0.971760190224,0.014282338617,0.014282581557,0.028564920174,0.94319527005,MANA,0.4505,1.2565617186771718,0.4489,0.016871428571428693,breakout:sweep:time:14:score70:relvol-1-4,development
1Day,1707523200000,70.35124610888107,1707760800000,0.48013995,breakout,0.449143,,,1708970400000,0.54222875,time-14d,336,2.019553536719,0.016491440287,0.016491945175,0.032983385462,1.986570151257,SAND,0.4599,1.5498552106905399,0.4514,0.016764285714285683,breakout:sweep:time:14:score70:relvol-1-4,development
0Day,1707760800000,38.503080530559934,1707786000000,0.024962475,breakout,0.02293475,0.0280040625,,1708012800000,0.027990060469,target-1.5R,63,1.506152214921,0.013057129411,0.013057505949,0.02611463536,1.480037579561,GALA,0.02305,1.0470917068082228,0.02304,0.001047857142857137,breakout:support:fixed:1.5:score0:relvol-1-4,development
0Day,1707760800000,50.108865698751806,1707786000000,0.4840419,breakout,0.4576005,0.523704,,1707832800000,0.45737169975,stop,13,-0.990851467774,0.017801886431,0.017801638718,0.035603525149,-1.026454992923,SAND,0.4599,1.093870841928736,0.4565,0.016171428571428535,breakout:support:fixed:1.5:score0:relvol-1-4,development
1Day,1707782400000,74.71405698441275,1707818400000,3.0885435,breakout,2.80391,,,1709028000000,3.426286,time-14d,336,1.198031854999,0.011444242333,0.011444541841,0.022888784173,1.175143070826,DYDX,2.846,1.2547174265441983,2.818,0.16235714285714237,breakout:sweep:time:14:score70:relvol-1-4,development
1Day,1707782400000,73.38724110241039,1707818400000,1.20490215,breakout,1.10047,,,1709028000000,1.5604194,time-14d,336,3.417529946477,0.013239799956,0.013240654339,0.026480454295,3.391049492182,SUSHI,1.1155,1.5139825596904826,1.106,0.04620714285714284,breakout:sweep:time:14:score70:relvol-1-4,development
0Day,1707760800000,59.739788218146195,1707901200000,3.6768375,breakout,3.397925,4.09520625,,1708527600000,3.3962260375,stop,174,-0.993411912338,0.012679717721,0.012679469368,0.025359187088,-1.018771099426,SNX,3.415,1.1927896723442897,3.369,0.14221428571428565,breakout:support:fixed:1.5:score0:relvol-1-4,development
0Day,1707778800000,60.727609383400896,1707904800000,8.134065,breakout,7.66548,8.8369425,,1708070400000,8.83252402875,target-1.5R,46,1.508675053619,0.018104067596,0.018104444765,0.03620851236,1.472466541259,ZEN,7.704,1.7286095559814667,7.604,0.39364285714285696,breakout:support:fixed:1.5:score0:relvol-1-4,development
1Day,1708041600000,71.30839947025869,1708063200000,22.79139,breakout,21.094,,,1709272800000,28.86556,time-14d,336,3.593752761593,0.015216582518,0.015217480956,0.030434063474,3.563318698119,ZEC,21.21,1.6410346845496053,21.2,0.9600000000000077,breakout:sweep:time:14:score70:relvol-1-4,development
1Day,1708041600000,88.05684215936347,1708088400000,113.97696,breakout,104.5944,,,1708444800000,104.5421028,stop,99,-0.99392916219,0.011644959521,0.011644711038,0.023289670559,-1.017218832749,QNT,106.04,1.966735078010061,105.12,3.597857142857127,breakout:sweep:time:14:score70:relvol-1-4,development
0Day,1708185600000,65.80236768066953,1708210800000,0.77448705,breakout,0.689933,0.901318125,,1708322400000,0.900867465937,target-1.5R,31,1.504577545369,0.009907003366,0.009907379511,0.019814382877,1.484763162492,FET,0.6934,1.7602000239898898,0.6876,0.039664285714285666,breakout:support:fixed:1.5:score0:relvol-1-4,development
0Day,1708117200000,23.33955740194063,1708243200000,0.086153055,breakout,0.0816895,0.0928483875,,1708311600000,0.092801963306,target-1.5R,19,1.509645898841,0.020046243219,0.020046620631,0.04009286385,1.46955303499,HBAR,0.0821,1.0464509647266962,0.08207,0.0037585714285714345,breakout:support:fixed:1.5:score0:relvol-1-4,development
1Day,1708214400000,73.22018691177868,1708254000000,38.827404,breakout,33.371305,,,1708660800000,33.3546193475,stop,113,-0.996443612918,0.006614801468,0.006614552357,0.013229353825,-1.009672966743,INJ,34.036,1.7243538366827929,33.539,2.32092857142857,breakout:sweep:time:14:score70:relvol-1-4,development
1Day,1708214400000,85.62794734370047,1708272000000,0.8458227,breakout,0.684162,,,1709481600000,1.8262864,time-14d,336,6.07321383614,0.00826455997,0.008266078274,0.016530638244,6.056683197895,FET,0.6934,3.1789100642652373,0.6876,0.039664285714285666,breakout:sweep:time:14:score70:relvol-1-4,development
1Day,1710979200000,70.47911975556501,1711033200000,18.7443675,breakout,16.185665,,,1712242800000,18.058966,time-14d,336,-0.260678996484,0.007191796135,0.007191730965,0.0143835271,-0.275062523584,LINK,16.351,1.1167686456728545,16.267,1.6949285714285718,breakout:sweep:time:14:score70:relvol-1-4,development
1Day,1712880000000,75.59804244004346,1712916000000,7.135566,breakout,6.567,,,1712944800000,6.5637165,stop,8,-0.993728080821,0.01204722275,0.012046974318,0.024094197068,-1.017822277889,GAS,6.633,3.351392913996887,6.6,0.4310714285714288,breakout:sweep:time:14:score70:relvol-1-4,development
0Day,1713135600000,67.09943861825197,1713160800000,0.045134556,breakout,0.037611,0.05641989,,1713369600000,0.0375921945,stop,58,-0.99700194961,0.005497849056,0.005497599805,0.010995448861,-1.007997398471,VET,0.0378,1.6327312104471905,0.037566,0.004754500000000004,breakout:support:fixed:1.5:score0:relvol-1-4,development
1Day,1713225600000,73.27199559705353,1713294000000,0.999725613,breakout,0.993273675,,,1714503600000,0.999777861,time-14d,336,0.163051783821,0.154953711117,0.15495375188,0.309907462998,-0.146855679177,USDC,0.99907,1.729355630159357,0.998265,0.0007738571428571436,breakout:sweep:time:14:score70:relvol-1-4,development
1Day,1715817600000,71.22379298576607,1715839200000,23.63181,breakout,21.7706,,,1717048800000,26.9865,time-14d,336,1.816022909827,0.013598226423,0.013598680428,0.027196906851,1.788826002977,ZEC,22.21,1.0156670081834571,21.88,1.1078571428571504,breakout:sweep:time:14:score70:relvol-1-4,development
1Day,1715817600000,85.00085494705442,1715842800000,0.86093025,breakout,0.7254545,,,1717052400000,1.1260367,time-14d,336,1.964189163005,0.007333293781,0.007333784829,0.01466707861,1.949522084395,ONDO,0.7351,1.0912496357713943,0.7291,0.059507142857142946,breakout:sweep:time:14:score70:relvol-1-4,development
1Day,1715817600000,74.91131507891033,1715846400000,2.623311,breakout,2.31437,,,1717056000000,2.760619,time-14d,336,0.453160959536,0.008713524589,0.008713637879,0.017427162468,0.435733797068,SNX,2.356,1.314581516440823,2.326,0.15178571428571427,breakout:sweep:time:14:score70:relvol-1-4,development
1Day,1715817600000,83.15545967195926,1715853600000,1.1857926,breakout,0.9935075,,,1717063200000,1.10274835,time-14d,336,-0.425930038261,0.005950905582,0.0059507991,0.011901704682,-0.437831742943,JUP,1.0076,1.0573207826783755,0.9985,0.08852857142857141,breakout:sweep:time:14:score70:relvol-1-4,development
1Day,1715817600000,74.51975976167371,1715860800000,0.020624307,breakout,0.0173528,,,1717070400000,0.0250264805,time-14d,336,1.352587660671,0.00697702733,0.006977365477,0.013954392807,1.338633267864,JASMY,0.017551,1.4697655032821157,0.01744,0.0014780714285714278,breakout:sweep:time:14:score70:relvol-1-4,development
1Day,1715817600000,73.24310172649453,1715929200000,35.905944,breakout,31.176335,,,1717138800000,36.089946,time-14d,336,0.046515473055,0.007611188367,0.007611199996,0.015222388362,0.031293084693,AVAX,31.887,1.0180055980873102,31.333,2.1154999999999995,breakout:sweep:time:14:score70:relvol-1-4,development
1Day,1715817600000,71.4031427406424,1715961600000,1.14067005,breakout,0.9845525,,,1717171200000,1.15612165,time-14d,336,0.106330133928,0.007355968948,0.00735599553,0.014711964478,0.09161816945,SUSHI,0.9947,1.0824825553770752,0.9895,0.07833571428571427,breakout:sweep:time:14:score70:relvol-1-4,development
1Day,1715990400000,71.80336831358386,1716015600000,13.2676305,breakout,11.962885,,,1716498000000,11.9569035575,stop,134,-0.994918166033,0.00966645758,0.009666208851,0.019332666431,-1.014250832464,ICP,12.153,1.1980796347838918,12.023,0.7187857142857134,breakout:sweep:time:14:score70:relvol-1-4,development
0Day,1716044400000,42.370364115631,1716098400000,16.62831,breakout,16.185665,17.2922775,,1716246000000,17.28363136125,target-1.5R,41,1.518773509246,0.038306025552,0.038306405246,0.076612430798,1.442161078447,LINK,16.267,1.12573624522528,16.033,0.8192142857142876,breakout:support:fixed:1.5:score0:relvol-1-4,development
1Day,1716249600000,72.82975270506574,1716274800000,41.830905,breakout,37.00405,,,1716498000000,36.985547975,stop,62,-0.995669022583,0.00816436924,0.008164120323,0.016328489563,-1.011997512146,EGLD,37.25,1.4614289613627294,37.19,2.083571428571427,breakout:sweep:time:14:score70:relvol-1-4,development
1Day,1716249600000,77.66018947870312,1716285600000,1.16868405,breakout,1.001169,,,1717495200000,1.59949985,time-14d,336,2.580066686545,0.008262493131,0.008263138148,0.016525631279,2.563541055266,AGLD,1.0152,1.0419874444635315,1.0062,0.07139285714285733,breakout:sweep:time:14:score70:relvol-1-4,development
1Day,1716249600000,82.66002449107626,1716289200000,9.2376165,breakout,7.966965,,,1717498800000,8.8905525,time-14d,336,-0.266005273673,0.007133415024,0.007133348522,0.014266763546,-0.280272037219,APT,8.115,1.3038090247206915,8.007,0.48135714285714476,breakout:sweep:time:14:score70:relvol-1-4,development
1Day,1716249600000,78.6089225046468,1716292800000,1.21010475,breakout,0.942066,,,1717502400000,1.08055945,time-14d,336,-0.479035214125,0.004273009406,0.004272889647,0.008545899054,-0.487581113179,ARB,0.965,2.14951246554916,0.9468,0.05583571428571431,breakout:sweep:time:14:score70:relvol-1-4,development
1Day,1716249600000,71.46571178156634,1716303600000,1.3228611,breakout,1.16415,,,1717513200000,1.30864535,time-14d,336,-0.081279759261,0.008290240727,0.008290220407,0.016580461133,-0.097860220394,APE,1.19,1.1242102272494978,1.17,0.07148571428571478,breakout:sweep:time:14:score70:relvol-1-4,development
1Day,1716249600000,82.98690539555683,1716314400000,0.79229595,breakout,0.656899,,,1717524000000,0.91983985,time-14d,336,0.948322691168,0.006322652763,0.006322889844,0.012645542606,0.935677148562,MAGIC,0.6696,1.56491436814193,0.6602,0.04629999999999984,breakout:sweep:time:14:score70:relvol-1-4,development
1Day,1717286400000,79.34162780435916,1717405200000,1.51965945,breakout,1.325141,,,1718384400000,1.3244784295,stop,272,-0.996095743103,0.007310714946,0.007310465922,0.014621180869,-1.010716923972,AGLD,1.342,1.1534662143333205,1.3318,0.09648571428571442,breakout:sweep:time:14:score70:relvol-1-4,development
1Day,1717545600000,86.52843341177774,1717603200000,2.3043516,breakout,1.874978,,,1718384400000,1.874040511,stop,217,-0.997317953409,0.004865683534,0.004865434205,0.009731117739,-1.007049071148,STX,1.9054,1.5836284090101782,1.8844,0.1265571428571425,breakout:sweep:time:14:score70:relvol-1-4,development
1Day,1717891200000,89.09429977902914,1717916400000,0.6433215,breakout,0.520783,,,1718157600000,0.5205226085,stop,67,-0.997376334785,0.004748891608,0.004748642263,0.009497533871,-1.006873868656,BICO,0.527,1.944402708428901,0.5234,0.04217857142857141,breakout:sweep:time:14:score70:relvol-1-4,development
0Day,1718305200000,57.037909407822596,1718366400000,79.849905,breakout,77.7891,82.9411125,,1718384400000,77.75020545,stop,5,-0.980636207696,0.038237511664,0.038237266505,0.076474778169,-1.057110985865,LTC,78.18,1.1321781297730984,77.25,2.749999999999993,breakout:support:fixed:1.5:score0:relvol-1-4,development
0Day,1718402400000,66.5718693116111,1718434800000,2.07673785,breakout,1.826422,2.452211625,,1718676000000,1.825508789,stop,67,-0.995853838261,0.007794645523,0.007794396559,0.015589042082,-1.011442880343,LDO,1.8356,1.1132767702157351,1.8172,0.18009285714285655,breakout:support:fixed:1.5:score0:relvol-1-4,development
1Day,1720915200000,76.44279469143424,1720972800000,26.283135,breakout,24.26805,,,1722182400000,26.796595,time-14d,336,0.267978770126,0.0131705933,0.013170660295,0.026341253595,0.241637516532,DASH,24.68,1.3222652654035056,24.39,1.656428571428569,breakout:sweep:time:14:score70:relvol-1-4,development
1Day,1721001600000,72.78217182259095,1721023200000,1.9199595,breakout,1.674585,,,1721858400000,1.6737477075,stop,232,-0.996089650718,0.007322902762,0.007322653739,0.014645556501,-1.010735207219,SNX,1.7,1.0878885599444412,1.683,0.12757142857142856,breakout:sweep:time:14:score70:relvol-1-4,development
1Day,1721088000000,70.15588175618966,1721149200000,14.5442685,breakout,13.328025,,,1721858400000,13.3213609875,stop,197,-0.994023811844,0.011455612913,0.011455364407,0.02291097732,-1.016934789163,LINK,13.44,1.0657101303040497,13.395,0.8618571428571445,breakout:sweep:time:14:score70:relvol-1-4,development
1Day,1721088000000,85.25591162405047,1721149200000,0.2045022,breakout,0.190045,,,1721872800000,0.1899499775,stop,201,-0.992930857981,0.013642066842,0.013641818609,0.027283885452,-1.020214743432,ONT,0.1927,1.106016737441913,0.191,0.012357142857142869,breakout:sweep:time:14:score70:relvol-1-4,development
1Day,1721088000000,78.828501891704,1721152800000,39.385683,breakout,33.02803,,,1722362400000,37.1104355,time-14d,336,-0.351859404721,0.006016065874,0.006015977909,0.012032043783,-0.363891448503,ORDI,33.45,1.0760433804026988,33.194,3.377571428571419,breakout:sweep:time:14:score70:relvol-1-4,development
1Day,1721088000000,72.46783106135905,1721160000000,0.3673836,breakout,0.322977,,,1722369600000,0.3330334,time-14d,336,-0.765651952638,0.007886406525,0.007886215112,0.015772621637,-0.781424574275,SEI,0.3273,1.280393646841016,0.3246,0.03099999999999991,breakout:sweep:time:14:score70:relvol-1-4,development
1Day,1721088000000,73.88085902570646,1721196000000,1.66713315,breakout,1.404741,,,1721840400000,1.4040386295,stop,179,-0.996824790681,0.00585225545,0.005852006243,0.011704261693,-1.008529052374,ARKM,1.433,1.1586350298713026,1.4118,0.15995714285714288,breakout:sweep:time:14:score70:relvol-1-4,development
1Day,1721347200000,70.49676985751915,1721372400000,1.0001988495,breakout,0.994282605,,,1722582000000,0.999809845,time-14d,336,0.103274974521,0.169026879678,0.169026905497,0.338053785176,-0.234778810654,USDC,0.999609,1.1880573589711272,0.999279,0.0004313571428571361,breakout:sweep:time:14:score70:relvol-1-4,development
1Day,1721433600000,72.47174289723387,1721462400000,0.006199098,breakout,0.00419094,,,1722672000000,0.0046046965,time-14d,336,-0.791272399881,0.002689976212,0.002689778394,0.005379754606,-0.796652154487,TURBO,0.004289,2.234239113313047,0.004212,0.0006277142857142859,breakout:sweep:time:14:score70:relvol-1-4,development
0Day,1722970800000,36.99339671972499,1723158000000,0.141300615,breakout,0.1338275,0.1525102875,,1723406400000,0.13376058625,stop,69,-0.990550794414,0.018403383412,0.018403135774,0.036806519186,-1.0273573136,ENJ,0.1345,1.453715246544486,0.13298,0.013872857142857211,breakout:support:fixed:1.5:score0:relvol-1-4,development
1Day,1723161600000,79.36097476770101,1723190400000,0.4752375,breakout,0.408945,,,1724400000000,0.5107445,time-14d,336,0.543047856092,0.007436602934,0.007436738696,0.01487334163,0.528174514462,CELO,0.416,1.072275268172103,0.411,0.04071428571428544,breakout:sweep:time:14:score70:relvol-1-4,development
1Day,1723161600000,84.64606586353082,1723248000000,0.166833375,breakout,0.14707095,,,1724457600000,0.18844573,time-14d,336,1.102597479813,0.008988752772,0.008989028421,0.017977781193,1.08461969862,STEEM,0.14895,1.5205318256731917,0.14781,0.012644999999999993,breakout:sweep:time:14:score70:relvol-1-4,development
1Day,1723852800000,78.79014639750461,1723874400000,0.13482738,breakout,0.12866345,,,1725084000000,0.158270825,time-14d,336,3.827103812016,0.023775270404,0.02377622718,0.047551497584,3.779552314433,TRX,0.13098,1.1170586864654113,0.12931,0.0032950000000000015,breakout:sweep:time:14:score70:relvol-1-4,development
1Day,1724198400000,75.78873707524512,1724259600000,23.91195,breakout,21.23131,,,1725033600000,21.220694345,stop,215,-0.995542109347,0.008418259137,0.008418010251,0.016836269388,-1.012378378735,AR,21.532,1.3991424015799305,21.338,1.9102857142857232,breakout:sweep:time:14:score70:relvol-1-4,development
1Day,1724457600000,77.75815175602693,1724497200000,0.021820905,breakout,0.0184473,,,1724799600000,0.01843807635,stop,84,-0.996767552811,0.005966759794,0.005966510602,0.011933270396,-1.008700823207,GALA,0.0189,1.4160470729066077,0.01854,0.001262142857142852,breakout:sweep:time:14:score70:relvol-1-4,development
1Day,1725926400000,73.46390640129954,1725948000000,0.190095,breakout,0.1786025,,,1727157600000,0.21739125,time-14d,336,2.392864911899,0.017728355449,0.017728953665,0.035457309115,2.357407602784,POWR,0.1812,1.5607032175939064,0.1795,0.011671428571428553,breakout:sweep:time:14:score70:relvol-1-4,development
1Day,1725926400000,74.39034098068511,1725958800000,0.10413204,breakout,0.0951618,,,1727168400000,0.10856569,time-14d,336,0.506118007991,0.011855743548,0.011855870077,0.023711613625,0.482406394366,DOGE,0.09622,1.4877658202870598,0.09564,0.00575785714285716,breakout:sweep:time:14:score70:relvol-1-4,development
0Day,1726171200000,34.174465188990105,1726214400000,0.3125562,breakout,0.300689,0.330357,,1726444800000,0.3005386555,stop,64,-0.986837670217,0.02583148744,0.025831240731,0.051662728171,-1.038500398388,ARK,0.3022,1.1094100299264944,0.3018,0.01884999999999982,breakout:support:fixed:1.5:score0:relvol-1-4,development
1Day,1726617600000,81.24366752425712,1726804800000,0.37368675,breakout,0.311037,,,1728014400000,0.33233375,time-14d,336,-0.654431980974,0.005634663347,0.005634499739,0.011269163085,-0.665701144059,MAGIC,0.3151,1.0055411272578865,0.3126,0.0232857142857141,breakout:sweep:time:14:score70:relvol-1-4,development
1Day,1726963200000,74.31862466429436,1727107200000,2.0212101,breakout,1.8219445,,,1727895600000,1.82103352775,stop,219,-0.994930886214,0.009641010861,0.009640762129,0.01928177299,-1.014212659204,CAKE,1.8568,3.2074318108103523,1.8311,0.08079999999999989,breakout:sweep:time:14:score70:relvol-1-4,development
1Day,1727136000000,81.41242983434071,1727164800000,23.435712,breakout,18.925895,,,1727805600000,18.9164320525,stop,178,-0.997402998836,0.00469555018,0.004695300829,0.009390851009,-1.006793849845,AR,19.2,2.922198525403747,19.021,1.4160000000000097,breakout:sweep:time:14:score70:relvol-1-4,development
1Day,1728691200000,85.12741038678519,1728828000000,0.34987485,breakout,0.26666,,,1730037600000,0.35052465,time-14d,336,0.012017085893,0.004208380475,0.00420838348,0.008416763955,0.003600321938,ENA,0.2721,2.0136950392338164,0.268,0.03994285714285707,breakout:sweep:time:14:score70:relvol-1-4,development
0Day,1729011600000,41.50231596407336,1729036800000,70.885425,breakout,65.26205,79.3204875,,1730246400000,73.94301,time-14d,336,0.556605241514,0.012877358793,0.012877497944,0.025754856736,0.530850384778,LTC,65.59,3.148141405708089,65.25,2.4092857142857054,breakout:support:fixed:1.5:score0:relvol-1-4,development
0Day,1729278000000,56.38742360132667,1729414800000,0.20620305,breakout,0.1929305,0.226111875,,1729702800000,0.19283403475,stop,80,-0.992235855205,0.015032419722,0.015032171663,0.030064591384,-1.022300446589,BICO,0.1939,1.396750596390127,0.1919,0.014964285714285694,breakout:support:fixed:1.5:score0:relvol-1-4,development
1Day,1730246400000,88.99445634984008,1730300400000,0.264132,breakout,0.241785,,,1730552400000,0.2416641075,stop,70,-0.994093166868,0.011316868204,0.01131661968,0.022633487884,-1.016726654752,CRV,0.245,1.1036697897097476,0.243,0.013571428571428535,breakout:sweep:time:14:score70:relvol-1-4,development
1Day,1730851200000,81.04263517385776,1730919600000,25.2636255,breakout,21.940745,,,1732129200000,28.815585,time-14d,336,1.077077553647,0.008137399238,0.008137668508,0.016275067746,1.0608024859,EGLD,22.187,1.2100270286813528,22.051,1.4261428571428583,breakout:sweep:time:14:score70:relvol-1-4,development
1Day,1730937600000,82.31939261889079,1730984400000,0.21500745,breakout,0.1889505,,,1732194000000,0.2542728,time-14d,336,1.515910342538,0.009004896007,0.009005274984,0.018010170991,1.497900171547,POWR,0.1925,1.2872739925336807,0.1899,0.010749999999999985,breakout:sweep:time:14:score70:relvol-1-4,development
1Day,1730937600000,77.62577492788179,1730995200000,0.3887943,breakout,0.331733,,,1732204800000,0.77911025,time-14d,336,6.850527415253,0.010233770962,0.010235483594,0.020469254556,6.830058160697,ADA,0.3391,1.8300965367180155,0.3334,0.019178571428571406,breakout:sweep:time:14:score70:relvol-1-4,development
1Day,1730937600000,91.51148377391385,1730998800000,0.0024162075,breakout,0.001334494,,,1732208400000,0.0020121934,time-14d,336,-0.371447707734,0.002046937983,0.002046845121,0.004093783104,-0.375541490838,NEIRO,0.0013508,3.030473252234002,0.0013412,0.00020994999999999998,breakout:sweep:time:14:score70:relvol-1-4,development
1Day,1730937600000,91.5351922917161,1730998800000,0.175297605,breakout,0.155817,,,1732208400000,0.21463263,time-14d,336,2.029197758489,0.010008165429,0.010008672729,0.020016838158,2.009180920331,STEEM,0.15849,2.7654390057634477,0.1566,0.00888214285714285,breakout:sweep:time:14:score70:relvol-1-4,development
1Day,1730937600000,77.01664462024674,1731006000000,0.10101048,breakout,0.092933,,,1732215600000,0.253603135,time-14d,336,18.913076850701,0.021950757848,0.021955486117,0.043906243965,18.869170606736,XLM,0.09444,1.86129711149073,0.0934,0.002900000000000003,breakout:sweep:time:14:score70:relvol-1-4,development
1Day,1730937600000,81.95243351326643,1731009600000,2.25282585,breakout,1.675978,,,1732219200000,2.1217386,time-14d,336,-0.223455803814,0.003791783613,0.003791727749,0.007583511363,-0.231039315176,ARKM,1.7019,3.260896850043028,1.6844,0.1531857142857144,breakout:sweep:time:14:score70:relvol-1-4,development
1Day,1730937600000,71.27223739227006,1731013200000,1.944972,breakout,1.54225,,,1732222800000,2.5397295,time-14d,336,1.482412185081,0.005567986725,0.005568357328,0.011136344054,1.471275841027,IO,1.578,1.5429203548689439,1.55,0.16021428571428573,breakout:sweep:time:14:score70:relvol-1-4,development
1Day,1730937600000,83.19070760543931,1731016800000,26.921454,breakout,23.35464,,,1732226400000,29.9700075,time-14d,336,0.862674644655,0.007975109089,0.007975324758,0.015950433847,0.846724210808,EGLD,23.743,2.022750396540516,23.472,1.4444285714285725,breakout:sweep:time:14:score70:relvol-1-4,development
1Day,1730937600000,79.42513893035981,1731045600000,12.8434185,breakout,10.73804,,,1732255200000,15.304344,time-14d,336,1.175560593974,0.006684727354,0.006685021244,0.013369748599,1.162190845375,LINK,10.839,1.7750579593748128,10.792,0.7203571428571444,breakout:sweep:time:14:score70:relvol-1-4,development
0Day,1730998800000,40.86813594518013,1731063600000,28.084035,breakout,26.65207,30.2319825,,1731196800000,30.21686650875,target-1.5R,37,1.509801217209,0.020356957575,0.020357335026,0.040714292601,1.469086924608,AVAX,26.786,1.1434067021458736,26.52,1.5327857142857149,breakout:support:fixed:1.5:score0:relvol-1-4,development
1Day,1730937600000,82.93245700342267,1731063600000,0.358609215,breakout,0.3017835,,,1732273200000,0.456941415,time-14d,336,1.737593622887,0.007175894135,0.007176328534,0.014352222669,1.723241400218,POL,0.305,1.7543181749232941,0.3033,0.017220000000000003,breakout:sweep:time:14:score70:relvol-1-4,development
1Day,1730937600000,86.67897955702838,1731070800000,0.1256628,breakout,0.11343,,,1732280400000,0.2424787,time-14d,336,9.56444967628,0.015047311327,0.015049702439,0.030097013766,9.534352662514,ALGO,0.1155,2.5320419294043868,0.114,0.006164285714285757,breakout:sweep:time:14:score70:relvol-1-4,development
1Day,1730937600000,74.37383833082428,1731070800000,0.31145565,breakout,0.271237,,,1732280400000,0.4327835,time-14d,336,3.025959349705,0.00925241337,0.00925316986,0.018505583231,3.007453766474,MANA,0.2733,1.1334747676224817,0.2726,0.017864285714285878,breakout:sweep:time:14:score70:relvol-1-4,development
1Day,1730937600000,82.84947856199732,1731070800000,0.262981425,breakout,0.2353573,,,1732280400000,0.360029895,time-14d,336,3.524455525741,0.011276580163,0.011277461277,0.02255404144,3.5019014843,SAND,0.2393,1.3922329273791219,0.23654,0.014717857142857076,breakout:sweep:time:14:score70:relvol-1-4,development
1Day,1730937600000,91.72459850987464,1731070800000,1.562781,breakout,1.288525,,,1732280400000,1.845077,time-14d,336,1.035528848959,0.006212914212,0.006213173094,0.012426087305,1.023102761653,SNX,1.304,2.069194357312089,1.295,0.09257142857142846,breakout:sweep:time:14:score70:relvol-1-4,development
1Day,1730937600000,89.08657516230673,1731070800000,0.28284135,breakout,0.2520335,,,1732280400000,0.31894045,time-14d,336,1.181517048415,0.009766695826,0.009766991205,0.019533687031,1.161983361384,STG,0.2548,1.9084744350986118,0.2533,0.013228571428571262,breakout:sweep:time:14:score70:relvol-1-4,development
1Day,1730937600000,83.6451806601822,1731081600000,3.8889435,breakout,3.372055,,,1732291200000,4.7006485,time-14d,336,1.57867702609,0.008308940903,0.008309335572,0.016618276475,1.562058749614,FIL,3.42,1.7434500163466622,3.389,0.1896428571428575,breakout:sweep:time:14:score70:relvol-1-4,development
1Day,1730937600000,80.51329821974969,1731081600000,72.546255,breakout,64.9934,,,1732291200000,89.97499,time-14d,336,2.318328632021,0.010758927915,0.010759507497,0.021518435413,2.296810196608,LTC,65.59,1.8751175324625748,65.32,3.0671428571428487,breakout:sweep:time:14:score70:relvol-1-4,development
1Day,1730937600000,78.56616623949571,1731103200000,0.59639805,breakout,0.4878485,,,1732312800000,0.7886055,time-14d,336,1.777068629027,0.006379591394,0.006380035661,0.012759627055,1.764309001972,ARB,0.4972,1.856803478383364,0.4903,0.033664285714285716,breakout:sweep:time:14:score70:relvol-1-4,development
1Day,1730937600000,81.60358639655259,1731106800000,4.6953465,breakout,4.178005,,,1732316400000,7.3533215,time-14d,336,5.149403247178,0.01164479169,0.011646079041,0.02329087073,5.126112376448,ATOM,4.228,1.4782181919637645,4.199,0.2552142857142863,breakout:sweep:time:14:score70:relvol-1-4,development
1Day,1730937600000,80.69206893763572,1731110400000,0.294737295,breakout,0.267058,,,1732320000000,0.363887965,time-14d,336,2.510179540339,0.01189743561,0.011898063155,0.023795498765,2.486384041573,ONG,0.27226,1.750389366704286,0.2684,0.015391428571428676,breakout:sweep:time:14:score70:relvol-1-4,development
1Day,1730937600000,89.87727773050285,1731114000000,0.1364682,breakout,0.1214895,,,1732323600000,0.1829085,time-14d,336,3.111084406524,0.010661028661,0.010661806432,0.021322835092,3.089761571431,ICX,0.1231,1.6766320824901968,0.1221,0.007292857142857158,breakout:sweep:time:14:score70:relvol-1-4,development
1Day,1730937600000,74.01347946830617,1731132000000,0.55797885,breakout,0.4800875,,,1732341600000,0.63958005,time-14d,336,1.055316155131,0.007687367724,0.007687631553,0.015374999278,1.039941155854,BEL,0.485,1.2931255881848729,0.4825,0.04098571428571437,breakout:sweep:time:14:score70:relvol-1-4,development
1Day,1730937600000,90.87985974861334,1731132000000,24.162075,breakout,21.8502,,,1732341600000,30.50474,time-14d,336,2.755339280887,0.01182304731,0.011823736145,0.023646783455,2.731692497432,DASH,22.09,2.1091494305038214,21.96,0.9621428571428545,breakout:sweep:time:14:score70:relvol-1-4,development
1Day,1730937600000,77.29229262039357,1731132000000,0.153406665,breakout,0.13246435,,,1732341600000,0.21685152,time-14d,336,3.038346047225,0.008839953582,0.008840713169,0.017680666751,3.020665380475,ENJ,0.13541,1.444234896809227,0.13313,0.010343571428571502,breakout:sweep:time:14:score70:relvol-1-4,development
1Day,1730937600000,77.19685277780772,1731132000000,1.66153035,breakout,1.2947935,,,1732341600000,1.90514695,time-14d,336,0.669144646904,0.004862720095,0.004862887381,0.009725607476,0.659419039428,ETHFI,1.3167,1.8617494894200546,1.3013,0.12930714285714245,breakout:sweep:time:14:score70:relvol-1-4,development
1Day,1730937600000,77.1660059890943,1731132000000,0.02249124,breakout,0.0188254,,,1732341600000,0.03074462,time-14d,336,2.258691050346,0.007261072496,0.007261637169,0.014522709665,2.24416834068,GALA,0.01923,1.3526967352145938,0.01892,0.0016342857142857097,breakout:sweep:time:14:score70:relvol-1-4,development
1Day,1730937600000,81.47259872689207,1731132000000,0.31661823,breakout,0.28081885,,,1732341600000,0.372663575,time-14d,336,1.575166944232,0.009627007577,0.009627401368,0.019254408945,1.555912535287,GLM,0.286,1.5776447583312474,0.28223,0.018277857142857144,breakout:sweep:time:14:score70:relvol-1-4,development
0Day,1731106800000,49.989107789220775,1731132000000,0.12276135,breakout,0.118007,0.129892875,,1731218400000,0.129827928563,target-1.5R,24,1.512903972152,0.026564018064,0.02656439629,0.053128414353,1.459775557798,IOTA,0.1186,1.1275044034732136,0.117,0.006707142857142892,breakout:support:fixed:1.5:score0:relvol-1-4,development
1Day,1730937600000,81.35744639622169,1731132000000,4.4272125,breakout,3.785975,,,1732341600000,6.27686,time-14d,336,2.892843915086,0.008346418059,0.00834714127,0.016693559329,2.876150355757,NEAR,3.829,1.9141309009246197,3.805,0.289071428571429,breakout:sweep:time:14:score70:relvol-1-4,development
1Day,1730937600000,75.08397178843505,1731132000000,0.18759375,breakout,0.1644735,,,1732341600000,0.25117435,time-14d,336,2.759485732204,0.009488826894,0.009489516766,0.01897834366,2.740507388545,ONT,0.1658,2.045530483351825,0.1653,0.011071428571428583,breakout:sweep:time:14:score70:relvol-1-4,development
1Day,1730937600000,85.07946876397628,1731139200000,38.4622215,breakout,31.088775,,,1732348800000,39.6811495,time-14d,336,0.170612209636,0.005298971858,0.005299014511,0.010597986369,0.160014223267,ORDI,31.608,2.092166342411947,31.245,2.575357142857132,breakout:sweep:time:14:score70:relvol-1-4,development
1Day,1730937600000,72.72351572789928,1731146400000,16.264128,breakout,14.042435,,,1732356000000,17.027482,time-14d,336,0.351083610562,0.007492396564,0.007492484335,0.014984880899,0.336098729662,NMR,14.389,1.718636787106445,14.113,0.9922857142857121,breakout:sweep:time:14:score70:relvol-1-4,development
1Day,1730937600000,88.39002948825336,1731150000000,10.4162055,breakout,9.19579,,,1732359600000,14.5177375,time-14d,336,3.370983079123,0.010215350018,0.010216192764,0.020431542782,3.350551536342,NEO,9.341,1.6918907039426796,9.242,0.4842142857142853,breakout:sweep:time:14:score70:relvol-1-4,development
1Day,1730937600000,74.11223457267323,1731153600000,0.4304151,breakout,0.3453645,,,1732363200000,0.5443277,time-14d,336,1.345081633757,0.005730369921,0.005730706191,0.011461076112,1.333620557645,STRK,0.3472,1.3943580550198886,0.3471,0.026914285714285776,breakout:sweep:time:14:score70:relvol-1-4,development
1Day,1730937600000,86.7682411682299,1731193200000,1.4619306,breakout,1.2470335,,,1731474000000,1.24640998325,stop,78,-0.996600233321,0.006301482391,0.006301233241,0.012602715633,-1.009202948954,FET,1.2645,2.358639869271689,1.2533,0.10049285714285675,breakout:sweep:time:14:score70:relvol-1-4,development
1Day,1730937600000,87.32580271906082,1731196800000,0.76708335,breakout,0.6215765,,,1732406400000,1.05137405,time-14d,336,1.960045180004,0.006248700319,0.00624919033,0.012497890649,1.947547289354,ONDO,0.6268,2.027012309815042,0.6247,0.05320714285714295,breakout:sweep:time:14:score70:relvol-1-4,development
1Day,1730937600000,74.93617204834078,1731196800000,63.67182,breakout,56.40655,,,1732406400000,99.460245,time-14d,336,4.937187468601,0.011226841191,0.011228075488,0.022454916679,4.914732551922,QNT,56.79,1.6309566976915344,56.69,3.0014285714285505,breakout:sweep:time:14:score70:relvol-1-4,development
0Day,1731088800000,63.71684096083171,1731207600000,8.68434,breakout,7.662495,10.2171075,,1732291200000,10.21199894625,target-1.5R,301,1.50424721949,0.009246186528,0.00924656259,0.018492749119,1.485754470372,ICP,7.701,1.5543500795680731,7.634,0.49599999999999916,breakout:support:fixed:1.5:score0:relvol-1-4,development
1Day,1731110400000,81.5353968254863,1731207600000,8.68434,breakout,7.59583,,,1732417200000,11.784105,time-14d,336,2.857116608942,0.009402047294,0.009402761573,0.018804808867,2.838311800075,ICP,7.701,2.5769765781896794,7.634,0.49599999999999916,breakout:sweep:time:14:score70:relvol-1-4,development
0Day,1731225600000,31.27539581402443,1731254400000,0.33860922,breakout,0.31781295,0.369803625,,1731276000000,0.317654043525,stop,6,-0.991862963887,0.015778388709,0.015778140744,0.031556529453,-1.02341949334,GLM,0.31941,1.4931949653668908,0.31846,0.016602142857142854,breakout:support:fixed:1.5:score0:relvol-1-4,development
0Day,1731600000000,65.868536373216,1731621600000,0.999857679,breakout,0.994105495,1.008485955,,1732831200000,0.998666417,time-14d,336,-0.033378626275,0.173718721098,0.173718712753,0.347437433851,-0.380816060126,USDC,0.999101,1.3405984608277526,0.998033,0.0008920714285714186,breakout:support:fixed:1.5:score0:relvol-1-4,development
1Day,1731628800000,74.7778936597256,1731679200000,0.9999987495,breakout,0.993042835,,,1732888800000,0.9985914545,time-14d,336,-0.058655120042,0.143661211189,0.143661196526,0.287322407715,-0.345977527757,USDC,0.999267,2.6093592512766484,0.998033,0.0008920714285714186,breakout:sweep:time:14:score70:relvol-1-4,development
1Day,1732233600000,71.11807646036065,1732320000000,0.16224108,breakout,0.13473295,,,1733529600000,0.248825525,time-14d,336,3.155067247392,0.007471729358,0.007472518125,0.014944247482,3.140122999909,CFX,0.13766,1.3157959419897838,0.13541,0.014770714285714295,breakout:sweep:time:14:score70:relvol-1-4,development
0Day,1732392000000,70.87586706759444,1732413600000,0.99999975,breakout,0.994195045,1.0087068075,,1733623200000,0.998012744,time-14d,336,-0.170206754693,0.172102845364,0.172102802813,0.344205648177,-0.51441240287,USDC,0.999191,2.421695724899211,0.997904,0.001036857142857141,breakout:support:fixed:1.5:score0:relvol-1-4,development
0Day,1732485600000,40.524980356235645,1732730400000,4.85032395,breakout,3.6656795,6.627290625,,1733032800000,6.623976979687,target-1.5R,84,1.502046141355,0.004842930269,0.00484330578,0.009686236049,1.492359905305,ZRO,3.6841,1.1199123146836936,3.6124,0.3518499999999999,breakout:support:fixed:1.5:score0:relvol-1-4,development
0Day,1733166000000,48.73292770599592,1733234400000,1.0004309655,breakout,0.994224895,1.00974007125,,1734444000000,0.9991611695,time-14d,336,-0.043505790016,0.161099695451,0.161099684575,0.322199380026,-0.365705170043,USDC,0.999221,2.045951345389708,0.9985,0.0011589999999999895,breakout:support:fixed:1.5:score0:relvol-1-4,development
0Day,1734717600000,60.409715259460405,1734778800000,1.2074034,breakout,0.84575,1.7498835,,1735988400000,1.19190375,time-14d,336,-0.039540620937,0.003317136172,0.003317126287,0.00663426246,-0.046174883397,ENA,0.85,1.6972267770437979,0.8462,0.1556571428571428,breakout:support:fixed:1.5:score0:relvol-1-4,development
0Day,1735581600000,52.129985555068366,1735779600000,0.67903935,breakout,0.4993905,0.948512625,,1736989200000,0.65057455,time-14d,336,-0.154746328741,0.003700591181,0.003700552494,0.007401143676,-0.162147472416,SYN,0.5019,1.1944052169313293,0.495,0.06455714285714283,breakout:support:fixed:1.5:score0:relvol-1-4,development
0Day,1736344800000,73.65465614779325,1736391600000,6.0920445,breakout,4.685455,8.20192875,,1736780400000,4.6831122725,stop,108,-0.99783554477,0.003830242147,0.003829992688,0.007660234835,-1.005495779605,GAS,4.709,3.619211795902184,4.626,0.31542857142857134,breakout:support:fixed:1.5:score0:relvol-1-4,development
0Day,1736532000000,46.822764445861196,1736629200000,15.5967945,breakout,14.61257,17.07313125,,1736722800000,14.605263715,stop,26,-0.992080566984,0.015343073768,0.015342825748,0.030685899515,-1.0227664665,NEO,14.686,1.2385248740086494,14.411,1.0664285714285728,breakout:support:fixed:1.5:score0:relvol-1-4,development
1Day,1736553600000,75.34859561192731,1736686800000,451.875825,breakout,418.1388,,,1736766000000,417.9297306,stop,22,-0.993306315539,0.012890964091,0.012890715764,0.025781679855,-1.019087995394,BCH,428.58,1.3366026488473532,420.24,23.380714285714316,breakout:sweep:time:14:score70:relvol-1-4,development
0Day,1736715600000,75.83049152020436,1736769600000,1.001130315,breakout,0.995261685,1.00993326,,1737979200000,0.99934008,time-14d,336,-0.134614041096,0.170437597446,0.170437563793,0.340875161239,-0.475489202335,USDC,1.000263,1.1016386006683148,0.999669,0.0007924285714285907,breakout:support:fixed:1.5:score0:relvol-1-4,development
0Day,1736780400000,63.033420860842114,1736823600000,0.00322161,breakout,0.002834755,0.0038018925,,1737288000000,0.002833337623,stop,129,-0.995838233964,0.007825861915,0.007825612956,0.015651474871,-1.011489708835,HMSTR,0.002849,1.5164110113492213,0.002827,0.00023735714285714292,breakout:support:fixed:1.5:score0:relvol-1-4,development
1Day,1736985600000,82.45827156668331,1737010800000,0.238329105,breakout,0.2191985,,,1738220400000,0.246146865,time-14d,336,0.421314433077,0.012662327459,0.012662432788,0.025324760247,0.395989672831,TRX,0.22385,1.2733270507072942,0.2203,0.010567857142857117,breakout:sweep:time:14:score70:relvol-1-4,development
1Day,1736985600000,71.76511692388031,1737032400000,6.775386,breakout,6.11527,,,1737280800000,6.112212365,stop,69,-0.994870598501,0.009761616417,0.009761367699,0.019522984116,-1.014393582617,ATOM,6.164,1.6853096566980255,6.146,0.47271428571428625,breakout:sweep:time:14:score70:relvol-1-4,development
1Day,1736985600000,71.69073337096339,1737032400000,0.41510745,breakout,0.3650655,,,1737280800000,0.36488296725,stop,69,-0.995854478093,0.007793365539,0.007793116575,0.015586482114,-1.011440960207,SEI,0.3713,1.1193376757702052,0.3669,0.03187142857142852,breakout:sweep:time:14:score70:relvol-1-4,development
1Day,1736985600000,76.44594919575067,1737090000000,0.087893925,breakout,0.07927165,,,1737277200000,0.079232014175,stop,52,-0.994905636853,0.009691522201,0.009691273475,0.019382795676,-1.014288432529,CHZ,0.08051,1.1637940432216403,0.07967,0.005630714285714279,breakout:sweep:time:14:score70:relvol-1-4,development
1Day,1736985600000,73.36423377768496,1737097200000,0.988494,breakout,0.830825,,,1737327600000,0.8304095875,stop,64,-0.996866853979,0.005768107832,0.005767858615,0.011535966447,-1.008402820426,CRV,0.84,1.1415797505527305,0.835,0.08907142857142851,breakout:sweep:time:14:score70:relvol-1-4,development
1Day,1736985600000,73.19578761938932,1737097200000,0.21414702,breakout,0.1924927,,,1737226800000,0.19239645365,stop,36,-0.99505779909,0.009387121684,0.00938687292,0.018773994604,-1.013831793694,ENJ,0.19526,1.075546503015799,0.19346,0.017499285714285762,breakout:sweep:time:14:score70:relvol-1-4,development
1Day,1736985600000,72.84062152338497,1737104400000,1.9299645,breakout,1.714385,,,1737277200000,1.7135278075,stop,48,-0.995526012446,0.008450460984,0.008450212103,0.016900673087,-1.012426685532,SNX,1.734,1.1528531384974652,1.723,0.15357142857142866,breakout:sweep:time:14:score70:relvol-1-4,development
0Day,1737050400000,42.32987362222989,1737147600000,15.305649,breakout,13.730005,17.669115,,1737277200000,13.7231399975,stop,36,-0.995145477024,0.009211722,0.009211473213,0.018423195213,-1.013568672237,NMR,13.799,1.1392820672116568,13.789,1.1193571428571396,breakout:support:fixed:1.5:score0:relvol-1-4,development
1Day,1736985600000,73.74767632309852,1737162000000,0.86293125,breakout,0.7736125,,,1737601200000,0.77322569375,stop,122,-0.995171786439,0.009159090022,0.009158841229,0.01831793125,-1.013489717689,JUP,0.7849,1.7535764403568659,0.7775,0.061364285714285684,breakout:sweep:time:14:score70:relvol-1-4,development
0Day,1737187200000,43.22369986275892,1737212400000,1.00037994,breakout,0.99403286,1.00990056,,1738422000000,0.999328086,time-14d,336,-0.00819274375,0.157529763765,0.157529761717,0.315059525483,-0.323252269232,USDC,0.999028,1.068870578521297,0.998983,0.000678428571428564,breakout:support:fixed:1.5:score0:relvol-1-4,development
0Day,1737183600000,49.9071900699557,1737216000000,3.31355595,breakout,2.9677865,3.832210125,,1737327600000,2.96630260675,stop,31,-0.995210826173,0.009080991043,0.00908074224,0.018161733283,-1.013372559457,JTO,2.9827,1.033551230096597,2.9277,0.2459571428571425,breakout:support:fixed:1.5:score0:relvol-1-4,development
0Day,1740513600000,50.3800042068323,1740542400000,1.67353635,breakout,1.4108105,2.067625125,,1741039200000,1.41010509475,stop,138,-0.996816643661,0.00586855356,0.005868304356,0.011736857916,-1.008553501577,EIGEN,1.4179,1.209427341648725,1.3963,0.2255071428571427,breakout:support:fixed:1.5:score0:relvol-1-4,development
0Day,1740520800000,58.951724760416596,1740542400000,0.019639815,breakout,0.01738265,0.0230255625,,1741039200000,0.017373958675,stop,138,-0.995651624937,0.008199173227,0.008198924314,0.016398097542,-1.012049722478,G,0.01747,1.5922838348634931,0.01739,0.0012542857142857186,breakout:support:fixed:1.5:score0:relvol-1-4,development
0Day,1740603600000,47.989184449068915,1740654000000,26.943465,breakout,24.80535,30.1506375,,1740711600000,24.792947325,stop,16,-0.993702396737,0.012098603753,0.012098355327,0.02419695908,-1.017899355817,DASH,24.93,1.240499481587165,24.86,1.7742857142857134,breakout:support:fixed:1.5:score0:relvol-1-4,development
0Day,1740603600000,76.609295827108,1740654000000,0.138069,breakout,0.1210915,0.16353525,,1741032000000,0.12103095425,stop,105,-0.995935797379,0.007630686327,0.007630437344,0.015261123671,-1.01119692105,PORTAL,0.1217,1.0776176599213276,0.1208,0.01379285714285719,breakout:support:fixed:1.5:score0:relvol-1-4,development
0Day,1740733200000,55.393522591962586,1740769200000,0.1598799,breakout,0.139897,0.18985425,,1741978800000,0.1595202,time-14d,336,-0.010008557317,0.007991835519,0.007991833017,0.015983668537,-0.025992225853,CATI,0.1406,1.2158230559857872,0.1393,0.019285714285714264,breakout:support:fixed:1.5:score0:relvol-1-4,development
0Day,1740769200000,53.13376266859641,1740798000000,322.72128,breakout,268.65,403.8282,,1741226400000,403.6262859,target-1.5R,119,1.502982729464,0.006716574547,0.006716950292,0.013433524839,1.489549204625,BCH,270,2.293587641158089,269.3,17.19285714285718,breakout:support:fixed:1.5:score0:relvol-1-4,development
0Day,1740934800000,56.0853254860057,1740956400000,0.237028455,breakout,0.20099,0.2910861375,,1741032000000,0.200889505,stop,21,-0.996713094388,0.006075703856,0.006075454678,0.012151158533,-1.008864252921,DOGE,0.202,1.1105441293582663,0.20158,0.01593714285714288,breakout:support:fixed:1.5:score0:relvol-1-4,development
1Day,1741132800000,72.05934856186315,1741237200000,0.246253065,breakout,0.22531775,,,1741705200000,0.225205091125,stop,130,-0.994121655203,0.011259877296,0.011259628766,0.022519506062,-1.016641161266,TRX,0.22967,1.5288058175210537,0.22645,0.011057857142857124,breakout:sweep:time:14:score70:relvol-1-4,development
0Day,1741741200000,45.72189710894562,1741834800000,0.230485185,breakout,0.20460185,0.2693101875,,1742234400000,0.269175532406,target-1.5R,111,1.504450160692,0.009652170352,0.009652546465,0.019304716817,1.485145443875,ID,0.20563,1.2733776081966741,0.20216,0.0254207142857144,breakout:support:fixed:1.5:score0:relvol-1-4,development
1Day,1742256000000,77.77299558159685,1742396400000,0.045152565,breakout,0.0407353,,,1743267600000,0.04071493235,stop,242,-0.994891635435,0.009719532035,0.009719283312,0.019438815347,-1.014330450782,RIF,0.04165,1.0964119938856998,0.04094,0.0035507142857142725,breakout:sweep:time:14:score70:relvol-1-4,development
0Day,1742425200000,51.81749433812479,1742475600000,2.633316,breakout,2.265615,3.1848675,,1742547600000,3.18327506625,target-1.5R,20,1.50357899489,0.007909403382,0.007909779277,0.01581918266,1.48775981223,ZRO,2.277,1.8083477115652613,2.2685,0.2451428571428564,breakout:support:fixed:1.5:score0:relvol-1-4,development
0Day,1743436800000,42.8552332210979,1743469200000,0.5132565,breakout,0.44974,0.60853125,,1743962400000,0.44951513,stop,137,-0.995961679249,0.007578909653,0.007578660663,0.015157570316,-1.011119249565,CRV,0.452,1.0732092307539947,0.446,0.047928571428571355,breakout:support:fixed:1.5:score0:relvol-1-4,development
0Day,1743433200000,51.43723231042455,1743483600000,307.57371,breakout,289.4256,334.795875,,1743948000000,289.2808872,stop,129,-0.991530247502,0.016443987754,0.016443739872,0.032887727626,-1.024417975128,BCH,290.88,1.4143233177485344,289.43,14.2071428571429,breakout:support:fixed:1.5:score0:relvol-1-4,development
1Day,1743724800000,72.33718316076863,1743746400000,4.8314145,breakout,4.17104,,,1744009200000,4.16895448,stop,73,-0.996343741316,0.006814594582,0.006814345496,0.013628940079,-1.009972681395,ATOM,4.251,1.3646804782146464,4.192,0.28257142857142886,breakout:sweep:time:14:score70:relvol-1-4,development
0Day,1743901200000,54.90375592093788,1743926400000,0.3703851,breakout,0.3027785,0.471795,,1743987600000,0.30262711075,stop,17,-0.997262101629,0.004977415006,0.004977165691,0.009954580697,-1.007216682327,ARK,0.3043,1.2729469111510392,0.3024,0.02443571428571409,breakout:support:fixed:1.5:score0:relvol-1-4,development
0Day,1744066800000,54.934580054764226,1744088400000,3.14157,breakout,2.502425,4.1002875,,1745078400000,4.09823735625,target-1.5R,275,1.502456406606,0.005663665801,0.005664041415,0.011327707215,1.49112869939,RENDER,2.515,2.1941626613981193,2.501,0.34407142857142825,breakout:support:fixed:1.5:score0:relvol-1-4,development
0Day,1744074000000,59.08090894021627,1744243200000,0.37188585,breakout,0.3027785,0.475546875,,1744473600000,0.475309101563,target-1.5R,64,1.502689294265,0.006129557504,0.006129933176,0.012259490681,1.490429803584,ARK,0.3043,1.567923660110996,0.302,0.03228571428571409,breakout:support:fixed:1.5:score0:relvol-1-4,development
0Day,1744221600000,46.55823800521533,1744243200000,0.23857923,breakout,0.22852165,0.2536656,,1744570800000,0.2535387672,target-1.5R,91,1.511854740405,0.024465030216,0.02446540818,0.048930438396,1.462924302009,TRX,0.22967,1.2277395962464355,0.22603,0.006889285714285693,breakout:support:fixed:1.5:score0:relvol-1-4,development
0Day,1744221600000,66.11175528273533,1744344000000,39.33966,breakout,34.6459,46.3803,,1744524000000,34.62857705,stop,50,-0.995811460322,0.007879422579,0.007879173626,0.015758596205,-1.011570056527,ZEC,34.82,2.94308823083866,34.59,3.3028571428571434,breakout:support:fixed:1.5:score0:relvol-1-4,development
1Day,1744416000000,74.0148720614742,1744448400000,0.014423208,breakout,0.01113206,,,1745658000000,0.018072959,time-14d,336,1.11389703532,0.004936904539,0.004937183013,0.009874087552,1.104022947768,JASMY,0.011202,3.007747908543591,0.011188,0.0012561428571428554,breakout:sweep:time:14:score70:relvol-1-4,development
1Day,1744243200000,73.60650605860594,1744484400000,3.5691837,breakout,2.5865025,,,1745694000000,3.44017905,time-14d,336,-0.127711815388,0.003566447974,0.003566416046,0.00713286402,-0.134844679409,PENDLE,2.6298,2.7691964587442364,2.5995,0.3429071428571426,breakout:sweep:time:14:score70:relvol-1-4,development
0Day,1744815600000,31.643366925833025,1744848000000,0.189684795,breakout,0.1790005,0.2057112375,,1745028000000,0.205608381881,target-1.5R,50,1.508872368275,0.018498795516,0.018499172734,0.036997968251,1.471874400024,ONG,0.1799,1.1372030317103248,0.17963,0.015786428571428663,breakout:support:fixed:1.5:score0:relvol-1-4,development
1Day,1744848000000,78.31820870461294,1744869600000,0.09454725,breakout,0.0862665,,,1746079200000,0.1047476,time-14d,336,1.243848685204,0.012033623162,0.012033934124,0.024067557286,1.219781127917,ICX,0.0875,1.5408029564260752,0.0867,0.007407142857142877,breakout:sweep:time:14:score70:relvol-1-4,development
1Day,1745366400000,73.89974182710355,1745395200000,2.94857355,breakout,2.1546725,,,1746604800000,3.40219805,time-14d,336,0.575386567381,0.003999724903,0.003999868749,0.007999593652,0.567386973729,SUI,2.1799,1.5375065744586123,2.1655,0.17037857142857163,breakout:sweep:time:14:score70:relvol-1-4,development
1Day,1745366400000,78.48393580791776,1745424000000,0.223901895,breakout,0.19479115,,,1746633600000,0.218180855,time-14d,336,-0.188933673803,0.007593119826,0.007593072592,0.015186192418,-0.204119866221,POL,0.19719,3.2817512602928463,0.19577,0.010788571428571427,breakout:sweep:time:14:score70:relvol-1-4,development
1Day,1745366400000,70.22953185268508,1745431200000,0.33486735,breakout,0.2906395,,,1746640800000,0.3010494,time-14d,336,-0.757441295473,0.007189098611,0.007188909251,0.014378007862,-0.771819303335,ARB,0.2944,1.0461861010680922,0.2921,0.018578571428571465,breakout:sweep:time:14:score70:relvol-1-4,development
1Day,1745452800000,80.72949525725649,1745542800000,6.0600285,breakout,5.38892,,,1746295200000,5.38622554,stop,209,-0.995487316879,0.008527871454,0.008527622583,0.017055494037,-1.012542810917,VANA,5.501,1.1282261993129687,5.416,0.3939285714285698,breakout:sweep:time:14:score70:relvol-1-4,development
0Day,1745514000000,38.71278841695438,1745564400000,0.2043021,breakout,0.188453,0.22807575,,1745791200000,0.227961712125,target-1.5R,63,1.506442006171,0.013636856734,0.013637233344,0.027274090078,1.479167916092,IOTA,0.1894,1.1714127911023808,0.1857,0.010264285714285814,breakout:support:fixed:1.5:score0:relvol-1-4,development
1Day,1745452800000,70.37759651858084,1745571600000,0.0172876395,breakout,0.01497674,,,1746529200000,0.01496925163,stop,266,-0.996261412493,0.006979293373,0.006979044307,0.01395833768,-1.010219750173,JASMY,0.015142,1.003891298397679,0.015052,0.0018987142857142837,breakout:sweep:time:14:score70:relvol-1-4,development
1Day,1745452800000,77.8019903322033,1745632800000,171.76584,breakout,156.8916,,,1746021600000,156.8131542,stop,108,-0.99422894884,0.011045236402,0.011044987845,0.022090224247,-1.016319173087,AAVE,160.01,1.4230257496866379,157.68,11.002142857142823,breakout:sweep:time:14:score70:relvol-1-4,development
0Day,1746572400000,55.34745350590085,1746640800000,39.09954,breakout,34.6459,45.78,,1747004400000,45.75711,target-1.5R,101,1.504387422423,0.00952666246,0.009527038557,0.019053701018,1.485333721405,ZEC,34.82,1.045917995189862,34.58,2.5242857142857145,breakout:support:fixed:1.5:score0:relvol-1-4,development
0Day,1746572400000,68.3875356056615,1746738000000,94.50723,breakout,80.9532,114.838275,,1747947600000,99.500225,time-14d,336,0.375534066252,0.00715681812,0.007156912003,0.014313730123,0.361220336129,LTC,81.36,1.4660255015450108,80.95,4.337857142857115,breakout:support:fixed:1.5:score0:relvol-1-4,development
1Day,1746576000000,73.1351794882111,1746738000000,94.50723,breakout,80.54525,,,1747947600000,99.500225,time-14d,336,0.364561473373,0.006947705662,0.006947796802,0.013895502465,0.350665970908,LTC,81.36,2.162897486750678,80.95,4.337857142857115,breakout:sweep:time:14:score70:relvol-1-4,development
1Day,1746748800000,79.94641915439796,1746770400000,0.08770383,breakout,0.07190865,,,1747980000000,0.09817089,time-14d,336,0.668558383,0.005883906356,0.005884073496,0.011767979852,0.656790403148,CFX,0.07351,1.156977548517221,0.07227,0.005177857142857158,breakout:sweep:time:14:score70:relvol-1-4,development
1Day,1746748800000,91.729676939476,1746770400000,0.16178085,breakout,0.1393995,,,1747980000000,0.1605197,time-14d,336,-0.049148063008,0.007200203518,0.007200191231,0.014400394748,-0.063548457756,ONT,0.1408,2.068313848055196,0.1401,0.008064285714285723,breakout:sweep:time:14:score70:relvol-1-4,development
1Day,1746748800000,86.90836442063313,1746770400000,0.094477215,breakout,0.0789234,,,1747980000000,0.109315315,time-14d,336,0.960536048551,0.006551207212,0.006551447346,0.013102654558,0.947433393994,W,0.07979,1.0311838927234815,0.07932,0.006383571428571372,breakout:sweep:time:14:score70:relvol-1-4,development
1Day,1746748800000,81.76137345362402,1746774000000,0.3697848,breakout,0.3087485,,,1747983600000,0.42588695,time-14d,336,0.925678653523,0.006518020834,0.006518252253,0.013036273087,0.912642380436,ARB,0.3147,2.2625670922205137,0.3103,0.018664285714285737,breakout:sweep:time:14:score70:relvol-1-4,development
1Day,1746748800000,72.4603263266331,1746774000000,4.670334,breakout,4.130245,,,1747983600000,5.151423,time-14d,336,0.89985169111,0.009092720829,0.009092945792,0.018185666622,0.881666024489,ATOM,4.166,1.2670832564595005,4.151,0.20142857142857182,breakout:sweep:time:14:score70:relvol-1-4,development
1Day,1746748800000,74.52440308298907,1746774000000,2.7883935,breakout,2.33825,,,1747983600000,3.072463,time-14d,336,0.637574462366,0.006509986815,0.006510146209,0.013020133024,0.624554329342,AXS,2.396,1.9145665278058304,2.35,0.15028571428571505,breakout:sweep:time:14:score70:relvol-1-4,development
1Day,1746748800000,79.8645627758112,1746774000000,0.1576788,breakout,0.1378075,,,1747983600000,0.1557221,time-14d,336,-0.090582900968,0.007885767413,0.007885744768,0.015771512181,-0.106354413149,BAT,0.141,1.0117599613818136,0.1385,0.007971428571428605,breakout:sweep:time:14:score70:relvol-1-4,development
1Day,1746748800000,77.88514922093677,1746774000000,0.04516257,breakout,0.0390836,,,1747983600000,0.046406785,time-14d,336,0.212207002173,0.00753165051,0.007531703562,0.015063354071,0.197143648102,CHZ,0.03958,1.3649740077617996,0.03928,0.0022014285714285625,breakout:sweep:time:14:score70:relvol-1-4,development
1Day,1746748800000,78.28618234443806,1746774000000,0.1968984,breakout,0.17393595,,,1747983600000,0.202968465,time-14d,336,0.273054486782,0.008706973015,0.008707041278,0.017414014293,0.255640472489,HBAR,0.1757,1.4099242576962063,0.17481,0.010091428571428595,breakout:sweep:time:14:score70:relvol-1-4,development
1Day,1746748800000,86.64826804031074,1746774000000,0.002755377,breakout,0.00250342,,,1747148400000,0.00250216829,stop,104,-0.994534781729,0.010433417786,0.010433169152,0.020866586937,-1.015401368666,HMSTR,0.002526,1.3529420757871595,0.002516,0.00010500000000000013,breakout:sweep:time:14:score70:relvol-1-4,development
1Day,1746748800000,95.67840196299782,1746774000000,0.9932964,breakout,0.775304,,,1747983600000,0.96421765,time-14d,336,-0.128903576455,0.004489867651,0.004489835425,0.008979703077,-0.137883279532,LDO,0.7883,1.9763396774915174,0.7792,0.053535714285713645,breakout:sweep:time:14:score70:relvol-1-4,development
1Day,1746748800000,87.05944509150906,1746774000000,0.270345105,breakout,0.15652345,,,1747983600000,0.36945518,time-14d,336,0.873559605156,0.002810538491,0.002810756881,0.005621295372,0.867938309784,PNUT,0.15973,2.746906202643089,0.15731,0.019667857142857164,breakout:sweep:time:14:score70:relvol-1-4,development
1Day,1746748800000,86.40338549740814,1746777600000,0.79429695,breakout,0.6663515,,,1747987200000,0.80789585,time-14d,336,0.112547964777,0.006261233987,0.006261262124,0.012522496111,0.100025468667,ADA,0.6808,1.9150381967061283,0.6697,0.039242857142857135,breakout:sweep:time:14:score70:relvol-1-4,development
1Day,1746748800000,92.2769850935905,1746777600000,0.14077035,breakout,0.1159175,,,1747746000000,0.11585954125,stop,269,-0.997169338728,0.005162987167,0.005162737875,0.010325725043,-1.00749506377,BICO,0.1172,1.8856439397248839,0.1165,0.009392857142857125,breakout:sweep:time:14:score70:relvol-1-4,development
1Day,1746748800000,87.41682484738573,1746777600000,4.604301,breakout,3.943185,,,1747987200000,4.91754,time-14d,336,0.481004846351,0.007201339099,0.007201459351,0.01440279845,0.466602047901,DOT,4.007,1.810746261108349,3.963,0.18742857142857092,breakout:sweep:time:14:score70:relvol-1-4,development
1Day,1746748800000,83.7024210380844,1746777600000,0.6673335,breakout,0.560185,,,1747987200000,0.6926535,time-14d,336,0.242653886895,0.006346271763,0.006346332426,0.01269260419,0.229961282706,DYDX,0.571,1.3215870321915366,0.563,0.03771428571428532,breakout:sweep:time:14:score70:relvol-1-4,development
1Day,1746748800000,82.7998720426895,1746777600000,0.10629312,breakout,0.0906445,,,1747987200000,0.11838078,time-14d,336,0.779621461829,0.007178712883,0.007178907789,0.014357620672,0.765263841157,GRT,0.09117,1.3759262334973548,0.0911,0.006309285714285705,breakout:sweep:time:14:score70:relvol-1-4,development
1Day,1746748800000,71.32725585015011,1746777600000,0.10755375,breakout,0.097112,,,1747987200000,0.1141429,time-14d,336,0.641654895013,0.01061587617,0.010616036584,0.021231912754,0.620422982259,ICX,0.0991,1.0963357012446366,0.0976,0.00967857142857145,breakout:sweep:time:14:score70:relvol-1-4,development
1Day,1746748800000,83.12091437477383,1746777600000,16.104048,breakout,13.731,,,1747987200000,16.6566675,time-14d,336,0.239776018016,0.006902666002,0.006902725946,0.013805391947,0.225970626068,LINK,13.813,2.054126826864823,13.8,0.7117857142857175,breakout:sweep:time:14:score70:relvol-1-4,development
1Day,1746748800000,73.59341841220444,1746777600000,0.34127055,breakout,0.2966095,,,1747987200000,0.3356321,time-14d,336,-0.118671638934,0.007578221403,0.007578191735,0.015156413139,-0.133828052072,MANA,0.2996,1.466780519562487,0.2981,0.020014285714285884,breakout:sweep:time:14:score70:relvol-1-4,development
1Day,1746748800000,72.67793487427384,1746777600000,3.85702755,breakout,3.142807,,,1747987200000,4.5571203,time-14d,336,0.986109962812,0.00589044088,0.005890687407,0.011781128287,0.974328834525,PENDLE,3.1774,1.8865186249342425,3.1586,0.23791428571428558,breakout:sweep:time:14:score70:relvol-1-4,development
1Day,1746748800000,74.57619235293872,1746777600000,10.1120535,breakout,8.24457,,,1747987200000,10.258868,time-14d,336,0.084070354571,0.00545411017,0.005454131188,0.010908241358,0.073162113213,ZEN,8.416,1.522278382670851,8.286,0.5563571428571388,breakout:sweep:time:14:score70:relvol-1-4,development
1Day,1746748800000,78.13207547169817,1746828000000,0.00035287635,breakout,0.0002048705,,,1748037600000,0.0005553222,time-14d,336,1.37089175867,0.003068117071,0.003068459794,0.006136576865,1.364755181805,NEIRO,0.000208,2.0472545643056104,0.0002059,0.000029249999999999644,breakout:sweep:time:14:score70:relvol-1-4,development
1Day,1746835200000,85.64939264414488,1746914400000,0.232166025,breakout,0.21168625,,,1747321200000,0.211580406875,stop,113,-0.994334654556,0.010833772145,0.010833523562,0.021667295707,-1.016001950263,ONG,0.21424,1.3085166488238578,0.21275,0.010240714285714379,breakout:sweep:time:14:score70:relvol-1-4,development
0Day,1746914400000,52.177509398680776,1746936000000,7.1685825,breakout,4.88147,10.59925125,,1747501200000,4.879029265,stop,157,-0.998433614437,0.002633803926,0.002633554318,0.005267358244,-1.003700972682,RPL,4.906,1.4488610716897343,4.82,0.3494285714285718,breakout:support:fixed:1.5:score0:relvol-1-4,development
0Day,1746838800000,33.31415327931852,1746939600000,2.14477185,breakout,1.9632345,2.417077875,,1747076400000,1.96225288275,stop,38,-0.994095705374,0.011311789923,0.011311541399,0.022623331322,-1.016719036696,JTO,1.9731,1.0092207926061654,1.9685,0.1302357142857137,breakout:support:fixed:1.5:score0:relvol-1-4,development
0Day,1746986400000,46.34344072941508,1747011600000,0.103101525,breakout,0.07710255,0.1420999875,,1748221200000,0.089205375,time-14d,336,-0.53079015615,0.003698355416,0.003698222718,0.007396578134,-0.538186734285,FIDA,0.07749,3.173674508681409,0.07601,0.0083035714285714,breakout:support:fixed:1.5:score0:relvol-1-4,development
0Day,1746993600000,61.62799070620455,1747026000000,0.0055157565,breakout,0.004856595,0.00650449875,,1748235600000,0.0057141415,time-14d,336,0.309484094566,0.008518320624,0.008518397995,0.017036718619,0.292447375947,BANANAS31,0.004881,1.4978053820613337,0.004841,0.0004522142857142855,breakout:support:fixed:1.5:score0:relvol-1-4,development
1Day,1746921600000,81.12210176832222,1747040400000,0.9194595,breakout,0.79401,,,1747436400000,0.793612995,stop,110,-0.996337171531,0.006827737436,0.006827488352,0.013655225788,-1.009992397319,SNX,0.801,1.3832961036226497,0.798,0.05021428571428576,breakout:sweep:time:14:score70:relvol-1-4,development
0Day,1747324800000,49.5556390546559,1747350000000,3261.619995,breakout,3181.2737,3382.1394375,,1747396800000,3179.68306315,stop,13,-0.979712879107,0.040084630275,0.040084385347,0.080169015623,-1.059881894729,PAXG,3197.26,1.313882228386996,3140.93,62.741428571428614,breakout:support:fixed:1.5:score0:relvol-1-4,development
1Day,1747440000000,76.33873155972458,1747486800000,0.0738369,breakout,0.054725,,,1748566800000,0.0546976375,stop,300,-0.998069265745,0.003362683394,0.003362433876,0.00672511727,-1.004794383015,PORTAL,0.0552,3.2805801812630513,0.055,0.008707142857142906,breakout:sweep:time:14:score70:relvol-1-4,development
0Day,1748710800000,37.936372227160824,1748736000000,6.453225,breakout,5.69339,7.5929775,,1749744000000,5.690543305,stop,280,-0.995755657478,0.007991056154,0.007990807215,0.015981863368,-1.011737520847,VANA,5.722,1.2269317294559683,5.608,0.6903571428571408,breakout:support:fixed:1.5:score0:relvol-1-4,development
0Day,1748725200000,57.294285654220026,1748898000000,0.4132065,breakout,0.379095,0.46437375,,1749556800000,0.464141563125,target-1.5R,183,1.506053676912,0.01286000415,0.012860380663,0.025720384813,1.480333292099,ALICE,0.381,1.1560671445658321,0.377,0.04100000000000064,breakout:support:fixed:1.5:score0:relvol-1-4,development
0Day,1749506400000,49.26239440384272,1749549600000,0.694347,breakout,0.62884,0.7926075,,1749776400000,0.62852558,stop,63,-0.994702856183,0.010097184881,0.010096936205,0.020194121086,-1.01489697727,SNX,0.632,1.0185015857852877,0.63,0.048571428571428606,breakout:support:fixed:1.5:score0:relvol-1-4,development
0Day,1749506400000,57.29640841025736,1749556800000,22.227108,breakout,20.23034,25.22226,,1749762000000,20.22022483,stop,57,-0.994437010208,0.010629009687,0.010628761078,0.021257770765,-1.015694780974,AVAX,20.332,1.0917547622760535,20.2,1.4092857142857151,breakout:support:fixed:1.5:score0:relvol-1-4,development
1Day,1749513600000,72.976637109889,1749556800000,0.1812906,breakout,0.16667245,,,1749729600000,0.166589113775,stop,48,-0.993802225316,0.011898896706,0.011898648256,0.023797544962,-1.017599770278,HBAR,0.1692,1.0171863486382229,0.16751,0.00893857142857145,breakout:sweep:time:14:score70:relvol-1-4,development
1Day,1749600000000,74.10148152396332,1749654000000,0.14717355,breakout,0.1388025,,,1749700800000,0.13873309875,stop,13,-0.991213766493,0.017077107934,0.017076860131,0.034153968066,-1.025367734558,ONT,0.1408,1.0999592562901244,0.1395,0.007278571428571434,breakout:sweep:time:14:score70:relvol-1-4,development
1Day,1749600000000,71.71118211004067,1749654000000,0.20900445,breakout,0.1921345,,,1749715200000,0.19203843275,stop,17,-0.993808517512,0.01188630917,0.011886060717,0.023772369887,-1.017580887399,SEI,0.1951,1.211109359614345,0.1931,0.012814285714285667,breakout:sweep:time:14:score70:relvol-1-4,development
1Day,1749600000000,78.22412809900376,1749657600000,0.41990985,breakout,0.3598915,,,1749776400000,0.35971155425,stop,33,-0.996503569325,0.006494858691,0.006494609565,0.012989468256,-1.009493037581,ARB,0.3638,1.8809330896290277,0.3617,0.03017142857142858,breakout:sweep:time:14:score70:relvol-1-4,development
0Day,1749848400000,54.370830200062976,1749877200000,2.06213055,breakout,1.7865225,2.475542625,,1751086800000,1.97171365,time-14d,336,-0.320745348331,0.007318081239,0.007318001053,0.014636082291,-0.335381430622,JTO,1.7955,1.903983101264265,1.7884,0.17417142857142798,breakout:support:fixed:1.5:score0:relvol-1-4,development
0Day,1750528800000,78.8552412145165,1750564800000,0.006797397,breakout,0.00528345,0.0090683175,,1750719600000,0.009063783341,target-1.5R,43,1.502243803779,0.005238353899,0.00523872946,0.010477083359,1.49176672042,BANANAS31,0.00531,2.7646844287789496,0.00525,0.0003530714285714291,breakout:support:fixed:1.5:score0:relvol-1-4,development
0Day,1750694400000,62.5745889019407,1750716000000,0.2323161,breakout,0.1941245,0.2896035,,1750770000000,0.28945869825,target-1.5R,15,1.503039935483,0.006831015174,0.006831390934,0.013662406108,1.489377529375,SEI,0.1951,1.6356296777993773,0.1933,0.016314285714285663,breakout:support:fixed:1.5:score0:relvol-1-4,development
1Day,1750723200000,72.49364186963805,1750744800000,3.6270126,breakout,3.1341505,,,1751954400000,3.3669157,time-14d,336,-0.520632444653,0.007095218216,0.007095088058,0.014190306274,-0.534822750928,PENDLE,3.1774,1.2841049787488454,3.1499,0.3620499999999999,breakout:sweep:time:14:score70:relvol-1-4,development
1Day,1750723200000,87.05643371528618,1750744800000,0.28064025,breakout,0.1923335,,,1751954400000,0.2504747,time-14d,336,-0.338592463204,0.00300721604,0.003007131391,0.006014347431,-0.344606810635,SEI,0.1951,3.3347052345290646,0.1933,0.016314285714285663,breakout:sweep:time:14:score70:relvol-1-4,development
1Day,1750723200000,78.38349250663347,1750802400000,0.2747373,breakout,0.2617248,,,1752012000000,0.287386235,time-14d,336,0.993659942363,0.021599367339,0.021599615754,0.043198983093,0.95046095927,TRX,0.26546,1.0656032068890728,0.26304,0.009809285714285684,breakout:sweep:time:14:score70:relvol-1-4,development
1Day,1751155200000,72.84720672099732,1751184000000,110.6553,breakout,101.9278,,,1752393600000,114.22286,time-14d,336,0.42165568605,0.01288330908,0.012883414494,0.025766723575,0.395888962475,QNT,102.99,1.1546352216786806,102.44,6.304999999999965,breakout:sweep:time:14:score70:relvol-1-4,development
1Day,1751500800000,72.51726365901547,1751522400000,0.9454725,breakout,0.772916,,,1752732000000,1.08015965,time-14d,336,0.786409089197,0.00586947507,0.005869671673,0.011739146743,0.774669942454,WIF,0.7851,1.4629258121055304,0.7768,0.08728571428571431,breakout:sweep:time:14:score70:relvol-1-4,development
1Day,1751587200000,77.86913406189406,1751623200000,41.510745,breakout,38.2478,,,1751778000000,38.2286761,stop,43,-0.993642246498,0.012218934291,0.01221868588,0.024437620171,-1.01807986667,ZEC,38.94,1.0705038444829689,38.44,2.4635714285714263,breakout:sweep:time:14:score70:relvol-1-4,development
1Day,1752019200000,70.61008782268647,1752044400000,0.11655825,breakout,0.099898,,,1753254000000,0.35852065,time-14d,336,14.537596974835,0.014257856275,0.014261490674,0.028519346949,14.509077627887,HYPER,0.1017,1.3587481091304312,0.1004,0.007450000000000013,breakout:sweep:time:14:score70:relvol-1-4,development
0Day,1751997600000,45.371287728309575,1752091200000,17.612802,breakout,16.299095,19.5833625,,1752631200000,19.57357081875,target-1.5R,150,1.506700124152,0.014153221692,0.014153598367,0.028306820059,1.478393304093,ETC,16.381,1.11227336426114,16.332,0.629428571428571,breakout:support:fixed:1.5:score0:relvol-1-4,development
1Day,1752105600000,73.3401610509678,1752138000000,0.17438715,breakout,0.157608,,,1753347600000,0.2010994,time-14d,336,1.603180137254,0.01118908139,0.011189482185,0.022378563574,1.580801573679,IOTA,0.1614,1.9652769732503457,0.1584,0.008628571428571529,breakout:sweep:time:14:score70:relvol-1-4,development
1Day,1752105600000,80.11566211566193,1752138000000,0.21002496,breakout,0.1904828,,,1753347600000,0.22710639,time-14d,336,0.885265497775,0.011184315091,0.011184536407,0.022368851499,0.862896646277,POL,0.195,2.0739235454212683,0.19144,0.009381428571428565,breakout:sweep:time:14:score70:relvol-1-4,development
1Day,1752105600000,74.76086145211652,1752166800000,5.9279625,breakout,5.44066,,,1753376400000,6.4557705,time-14d,336,1.095828566445,0.012706412341,0.012706686299,0.02541309864,1.070415467805,NEO,5.51,1.306731529956339,5.468,0.28100000000000197,breakout:sweep:time:14:score70:relvol-1-4,development
1Day,1752105600000,71.8224506757125,1752170400000,0.18025008,breakout,0.16814505,,,1753380000000,0.19854068,time-14d,336,1.526638100029,0.01564600666,0.01564638832,0.03129239498,1.49534570505,ONG,0.17083,1.556232637680848,0.16899,0.007594285714285808,breakout:sweep:time:14:score70:relvol-1-4,development
1Day,1752105600000,70.51167708494044,1752170400000,0.13196595,breakout,0.1224845,,,1753380000000,0.1489255,time-14d,336,1.803521613255,0.014812684241,0.014813135122,0.029625819363,1.773895793892,ONT,0.1242,1.2802023396177395,0.1231,0.0061857142857143,breakout:sweep:time:14:score70:relvol-1-4,development
0Day,1752170400000,61.409836398213734,1752199200000,0.170895405,breakout,0.15859305,0.1893489375,,1752818400000,0.189254263031,target-1.5R,172,1.506942166764,0.014637427876,0.014637804611,0.029275232487,1.477666934277,ID,0.15939,1.3699259915494177,0.15907,0.008897142857142997,breakout:support:fixed:1.5:score0:relvol-1-4,development
0Day,1752184800000,54.54280774759664,1752210000000,0.8620308,breakout,0.7716225,0.99764325,,1752771600000,0.997144428375,target-1.5R,156,1.504765049227,0.010282104787,0.010282480978,0.020564585765,1.484200463462,LDO,0.7755,1.7458567712955788,0.7613,0.05048571428571359,breakout:support:fixed:1.5:score0:relvol-1-4,development
0Day,1752188400000,59.911871234199936,1752210000000,0.14259126,breakout,0.1296286,0.16203525,,1752289200000,0.161954232375,target-1.5R,22,1.50549732848,0.011747029251,0.011747405625,0.023494434876,1.482002893605,POLYX,0.13028,1.6227852556345024,0.12908,0.006758571428571473,breakout:support:fixed:1.5:score0:relvol-1-4,development
1Day,1752192000000,78.13019065648831,1752213600000,0.6957477,breakout,0.614114,,,1753423200000,0.7960018,time-14d,336,1.237234132472,0.009136848507,0.009137157816,0.018274006323,1.218960126149,ADA,0.6182,1.726588850420883,0.6172,0.030421428571428568,breakout:sweep:time:14:score70:relvol-1-4,development
1Day,1752192000000,72.40664225821132,1752213600000,2.545272,breakout,2.25666,,,1753423200000,2.4717635,time-14d,336,-0.246005017116,0.008691661296,0.008691599795,0.017383261091,-0.263388278207,AXS,2.276,1.2927870689872167,2.268,0.13064285714285787,breakout:sweep:time:14:score70:relvol-1-4,development
1Day,1752192000000,73.64497041420118,1752213600000,0.067283625,breakout,0.05373995,,,1753423200000,0.059000485,time-14d,336,-0.606925372914,0.004662106481,0.00466195475,0.009324061232,-0.616249434145,BIO,0.055,2.48890826849337,0.05401,0.004415714285714272,breakout:sweep:time:14:score70:relvol-1-4,development
1Day,1752192000000,70.97004604063879,1752213600000,3.979989,breakout,3.57006,,,1753423200000,3.914042,time-14d,336,-0.151245703524,0.009628534454,0.009628496642,0.019257031096,-0.17050273462,DOT,3.659,1.4414647212788396,3.588,0.17721428571428527,breakout:sweep:time:14:score70:relvol-1-4,development
1Day,1752192000000,76.17255436168224,1752213600000,15.601797,breakout,14.026515,,,1753423200000,15.6611655,time-14d,336,0.047610523068,0.009922973315,0.009922985218,0.019845958533,0.027764564535,EGLD,14.262,1.2083105571741157,14.097,0.715142857142858,breakout:sweep:time:14:score70:relvol-1-4,development
1Day,1752192000000,71.12250905091945,1752213600000,2.6383185,breakout,2.4079,,,1753423200000,2.5357315,time-14d,336,-0.433992930255,0.011227505604,0.011227397106,0.02245490271,-0.456447832965,FIL,2.433,1.0759212777538936,2.42,0.12985714285714312,breakout:sweep:time:14:score70:relvol-1-4,development
1Day,1752192000000,76.35644216409246,1752213600000,0.2427213,breakout,0.1951195,,,1753423200000,0.2152923,time-14d,336,-0.571406963602,0.004810885303,0.004810742451,0.009621627754,-0.581028591356,MANTA,0.1989,1.5187029787116697,0.1961,0.013442857142857128,breakout:sweep:time:14:score70:relvol-1-4,development
1Day,1752192000000,72.61319734713425,1752213600000,2.5742865,breakout,2.30641,,,1753423200000,2.644677,time-14d,336,0.272513639681,0.009741361224,0.009741429353,0.019482790577,0.253030849104,NEAR,2.331,1.1964317199780439,2.318,0.1447857142857141,breakout:sweep:time:14:score70:relvol-1-4,development
1Day,1752192000000,78.76877062428562,1752213600000,2.277138,breakout,2.01587,,,1753423200000,2.3398295,time-14d,336,0.248786686468,0.00883569266,0.008835754857,0.017671447517,0.23111523895,ORCA,2.047,1.1580332628738652,2.026,0.12914285714285728,breakout:sweep:time:14:score70:relvol-1-4,development
1Day,1752192000000,76.35102204402278,1752213600000,0.14997495,breakout,0.1198975,,,1753423200000,0.1257371,time-14d,336,-0.801264734876,0.004583368105,0.004583167788,0.009166535893,-0.810431270769,STRK,0.1224,1.3528192373321362,0.1205,0.008042857142857166,breakout:sweep:time:14:score70:relvol-1-4,development
1Day,1752192000000,74.15661153822931,1752213600000,0.0249234555,breakout,0.022042235,,,1753423200000,0.024425781,time-14d,336,-0.16416653984,0.008563946512,0.00856390547,0.017127851981,-0.181294391821,VET,0.022225,1.922376302705679,0.022153,0.0011637857142857224,breakout:sweep:time:14:score70:relvol-1-4,development
1Day,1752192000000,85.61235413498362,1752238800000,10.2040995,breakout,8.930125,,,1753448400000,9.9460245,time-14d,336,-0.19466637676,0.007908370222,0.007908321556,0.015816691778,-0.210483068539,TRUMP,9.043,1.7982097082373407,8.975,0.3324285714285713,breakout:sweep:time:14:score70:relvol-1-4,development
0Day,1752602400000,55.87281083873709,1752624000000,0.6633315,breakout,0.624263,0.72193425,,1752818400000,0.721573282875,target-1.5R,54,1.508485096689,0.017724058805,0.017724435927,0.035448494732,1.473036601957,APE,0.6274,1.1491079098059296,0.6193,0.035992857142857555,breakout:support:fixed:1.5:score0:relvol-1-4,development
0Day,1752602400000,57.8612504721262,1752624000000,0.9076536,breakout,0.824059,1.0330455,,1752775200000,1.03252897725,target-1.5R,42,1.505426187816,0.011604712369,0.011605088726,0.023209801095,1.482216386721,LDO,0.8282,1.2092106958715705,0.8255,0.05839285714285646,breakout:support:fixed:1.5:score0:relvol-1-4,development
0Day,1752602400000,62.487790470687635,1752624000000,0.24342165,breakout,0.216114,0.284383125,,1753336800000,0.216005943,stop,198,-0.995545204366,0.008412067552,0.008411818666,0.016823886219,-1.012369090585,MANTA,0.2172,1.6619826682604286,0.2143,0.016349999999999986,breakout:support:fixed:1.5:score0:relvol-1-4,development
0Day,1752602400000,61.10156796255504,1752627600000,0.7567782,breakout,0.691127,0.855255,,1752814800000,0.8548273725,target-1.5R,52,1.505760747709,0.012273999352,0.012274375792,0.024548375144,1.481212372565,SUSHI,0.6946,1.2059001783586296,0.6848,0.045850000000000043,breakout:support:fixed:1.5:score0:relvol-1-4,development
0Day,1752602400000,57.88103349769966,1752688800000,0.046813395,breakout,0.0413124,0.0550648875,,1753336800000,0.0412917438,stop,180,-0.995747133019,0.008008109333,0.008007860396,0.016015969729,-1.011763102748,ACT,0.04152,1.0508793022918772,0.04098,0.0029442857142857105,breakout:support:fixed:1.5:score0:relvol-1-4,development
0Day,1752685200000,54.263598266194464,1752757200000,0.384192,breakout,0.3467575,0.44034375,,1752966000000,0.440123578125,target-1.5R,58,1.505128958581,0.011010105359,0.011010481641,0.022020587,1.483108371581,ENA,0.3485,1.2192434479970684,0.3461,0.03015000000000006,breakout:support:fixed:1.5:score0:relvol-1-4,development
0Day,1752793200000,50.28768669180751,1752814800000,0.590845275,breakout,0.54725,0.6562381875,,1753740000000,0.546976375,stop,257,-0.993226903604,0.013049827648,0.013049579341,0.026099406988,-1.019326310592,A,0.55,1.13203899836976,0.5437,0.03167785714285714,breakout:support:fixed:1.5:score0:relvol-1-4,development
0Day,1752793200000,50.086354670838716,1752814800000,0.138199065,breakout,0.1217482,0.1628753625,,1753340400000,0.1216873259,stop,146,-0.995801740516,0.007898867047,0.007898618097,0.015797485144,-1.011599225661,PYTH,0.12236,1.2154108643565633,0.1216,0.008499999999999895,breakout:support:fixed:1.5:score0:relvol-1-4,development
0Day,1752843600000,70.8194801475993,1753077600000,3372.64548,breakout,3345.25965,3413.724225,,1753192800000,3412.0173628875,target-1.5R,32,1.561545697173,0.123871776807,0.123872167194,0.247743944001,1.313801753171,PAXG,3362.07,1.1165910852700596,3333.89,28.757857142857056,breakout:support:fixed:1.5:score0:relvol-1-4,development
1Day,1753056000000,71.84353615805593,1753081200000,0.05132565,breakout,0.0447949,,,1753308000000,0.04477250255,stop,63,-0.996072426597,0.00735735961,0.007357110592,0.014714470203,-1.0107868968,ACT,0.04538,1.3622247768259064,0.04502,0.0035399999999999967,breakout:sweep:time:14:score70:relvol-1-4,validation
1Day,1753142400000,71.92177627539698,1753189200000,3409.994145,breakout,3336.0957,,,1753459200000,3334.42765215,stop,75,-0.97693936591,0.045633042733,0.045632798498,0.091265841231,-1.06820520714,PAXG,3362.07,1.2466451960583538,3352.86,30.074285714285647,breakout:sweep:time:14:score70:relvol-1-4,validation
0Day,1753365600000,46.71427118898107,1753455600000,0.999805653,breakout,0.993609985,1.009099155,,1754665200000,0.99884033,time-14d,336,0.005487705281,0.161293825218,0.16129382659,0.322587651808,-0.317099946527,USDC,0.998603,1.080755100815389,0.99851,0.0004974285714285931,breakout:support:fixed:1.5:score0:relvol-1-4,development
0Day,1753480800000,57.42585806761653,1753545600000,4.144071,breakout,3.873535,4.549875,,1753808400000,3.8715982325,stop,73,-0.992344826567,0.01481442254,0.014814174454,0.029628596994,-1.02197342356,DOT,3.893,1.0348268930851527,3.86,0.31042857142857105,breakout:support:fixed:1.5:score0:relvol-1-4,development
0Day,1754240400000,45.82570712986585,1754265600000,0.1838919,breakout,0.1612895,0.2177955,,1754312400000,0.21768660225,target-1.5R,13,1.5040659399,0.008883536754,0.00888391277,0.017767449524,1.486298490376,MAGIC,0.1621,1.6894419339760698,0.1618,0.01981428571428557,breakout:support:fixed:1.5:score0:relvol-1-4,development
1Day,1754092800000,90.36229006461588,1754308800000,3372.375345,breakout,3272.1968,,,1755518400000,3338.56988,time-14d,336,-0.30395729944,0.033494922615,0.033494846626,0.066989769242,-0.370947068681,PAXG,3320,1.5240062309660483,3288.64,33.29928571428569,breakout:sweep:time:14:score70:relvol-1-4,validation
1Day,1754524800000,78.60376491415968,1754560800000,8.6053005,breakout,7.50031,,,1754953200000,7.496559845,stop,109,-0.996108111337,0.007285972298,0.007285723271,0.014571695569,-1.010679806906,DEXE,7.55,1.119746092329752,7.538,0.34921428571428675,breakout:sweep:time:14:score70:relvol-1-4,validation
0Day,1754661600000,56.32525635647654,1754712000000,5.4957465,breakout,5.21778,5.91269625,,1755093600000,5.909739901875,target-1.5R,106,1.509880687061,0.020515936996,0.020516314466,0.041032251462,1.468848435599,ICP,5.244,1.0824755210196126,5.188,0.3070000000000003,breakout:support:fixed:1.5:score0:relvol-1-4,validation
0Day,1755295200000,39.85248805770027,1755446400000,0.24162075,breakout,0.2197159,0.274478025,,1755565200000,0.21960604205,stop,33,-0.99448752217,0.010527960521,0.010527711899,0.021055672421,-1.01554319459,DOGE,0.22082,1.1307107305900141,0.22004,0.01748428571428574,breakout:support:fixed:1.5:score0:relvol-1-4,validation
0Day,1755651600000,31.05700348030648,1755673200000,0.11507751,breakout,0.10719135,0.12690675,,1755831600000,0.126843296625,target-1.5R,44,1.507292522597,0.015338314631,0.015338691454,0.030677006086,1.476615516511,PHA,0.10773,1.2759497072631196,0.10759,0.008312857142857136,breakout:support:fixed:1.5:score0:relvol-1-4,validation
1Day,1755734400000,84.19146350748733,1755784800000,39.85992,breakout,34.2081,,,1756994400000,40.529725,time-14d,336,0.125623250564,0.007111836983,0.007111868389,0.014223705373,0.111399545191,ZEC,34.79,3.1462138001313424,34.38,2.355714285714286,breakout:sweep:time:14:score70:relvol-1-4,validation
1Day,1755734400000,73.57087150744084,1755874800000,24.1050465,breakout,22.109895,,,1757084400000,24.281853,time-14d,336,0.100744229198,0.012126121625,0.012126146811,0.024252268437,0.076491960761,AVAX,22.511,1.0552176207108033,22.221,1.601500000000001,breakout:sweep:time:14:score70:relvol-1-4,validation
1Day,1755734400000,74.67328946388682,1755885600000,0.14037015,breakout,0.1280565,,,1757095200000,0.133933,time-14d,336,-0.511627340391,0.011138173896,0.01113804599,0.022276219886,-0.533903560277,ONT,0.1298,1.6288279481769186,0.1287,0.008264285714285724,breakout:sweep:time:14:score70:relvol-1-4,validation
0Day,1755874800000,62.29980908178005,1755896400000,4.8074025,breakout,4.30636,5.55896625,,1757106000000,4.443777,time-14d,336,-0.716506084813,0.009231930924,0.009231751798,0.018463682722,-0.734969767535,ATOM,4.328,1.072602959402376,4.292,0.2574285714285716,breakout:support:fixed:1.5:score0:relvol-1-4,validation
0Day,1755874800000,66.40039128488121,1755907200000,25.2776325,breakout,22.398445,29.59641375,,1757116800000,24.4527675,time-14d,336,-0.277856166019,0.008636186424,0.00863611696,0.017272303384,-0.295128469403,AVAX,22.511,1.2131773398770267,22.183,1.6004285714285726,breakout:support:fixed:1.5:score0:relvol-1-4,validation
0Day,1755882000000,50.31112215803854,1755910800000,0.14757375,breakout,0.124972,0.181476375,,1756094400000,0.181385636813,target-1.5R,51,1.503263021669,0.007277299032,0.007277674848,0.014554973881,1.488708047788,ONT,0.1256,1.6402614422812347,0.1254,0.008457142857142868,breakout:support:fixed:1.5:score0:relvol-1-4,validation
1Day,1755907200000,77.54916328870368,1755928800000,4.8474225,breakout,4.27054,,,1757138400000,4.4007985,time-14d,336,-0.766187221835,0.008015688637,0.00801549709,0.016031185727,-0.782218407561,ATOM,4.328,1.7943563848871933,4.292,0.2574285714285716,breakout:sweep:time:14:score70:relvol-1-4,validation
1Day,1755907200000,77.33078090338036,1755928800000,25.484736,breakout,22.072085,,,1757138400000,24.2068905,time-14d,336,-0.367163240542,0.00728050224,0.007280410449,0.014560912689,-0.381724153232,AVAX,22.511,2.026246078714824,22.183,1.6004285714285726,breakout:sweep:time:14:score70:relvol-1-4,validation
1Day,1755907200000,70.71989107600952,1755932400000,0.0007901949,breakout,0.0006751075,,,1756155600000,0.000674769946,stop,62,-0.996568694749,0.006364575298,0.006364326156,0.012728901453,-1.009297596202,HMSTR,0.000688,1.1571956185922418,0.0006785,0.00005224285714285722,breakout:sweep:time:14:score70:relvol-1-4,validation
1Day,1755907200000,72.59945379599654,1755975600000,4.5712845,breakout,3.925275,,,1756155600000,3.9233123625,stop,50,-0.996463674296,0.006574668687,0.006574419571,0.013149088258,-1.009612762554,VANA,3.967,1.671305002039724,3.945,0.25814285714285506,breakout:sweep:time:14:score70:relvol-1-4,validation
1Day,1755907200000,75.53102117145954,1756062000000,1.32296115,breakout,1.029626,,,1756742400000,1.029111187,stop,189,-0.997746093504,0.004009189381,0.004008939945,0.008018129326,-1.00576422283,ETHFI,1.0457,1.9067267924635587,1.0348,0.12025714285714229,breakout:sweep:time:14:score70:relvol-1-4,validation
1Day,1755907200000,70.62551669747242,1756062000000,0.1308654,breakout,0.114624,,,1756155600000,0.114566688,stop,26,-0.995973253537,0.007555755292,0.007555506299,0.015111261591,-1.011084515128,TNSR,0.116,1.2342992344013017,0.1152,0.010507142857142812,breakout:sweep:time:14:score70:relvol-1-4,validation
0Day,1756062000000,63.11272019086355,1756083600000,0.1692846,breakout,0.1393,0.2142615,,1756112400000,0.21415436925,target-1.5R,8,1.502821448343,0.006393931706,0.006394307411,0.012788239117,1.490033209227,ONT,0.14,1.1673607880363224,0.1381,0.009500000000000008,breakout:support:fixed:1.5:score0:relvol-1-4,validation
1Day,1756252800000,89.20135452262603,1756274400000,7.479738,breakout,6.93913,,,1757300400000,6.935660435,stop,285,-0.993085562922,0.013332579646,0.013332331375,0.026664911021,-1.019750473943,DEXE,7.047,1.7921514639361564,6.974,0.36000000000000115,breakout:sweep:time:14:score70:relvol-1-4,validation
0Day,1756238400000,67.8008999704866,1756425600000,0.13478736,breakout,0.12518095,0.149196975,,1757635200000,0.13511241,time-14d,336,0.047884693658,0.014047899788,0.014047911759,0.028095811547,0.019788882111,STEEM,0.12581,1.3925230147192702,0.12481,0.007932857142857125,breakout:support:fixed:1.5:score0:relvol-1-4,validation
0Day,1756936800000,60.813931289958575,1756972800000,0.0042651315,breakout,0.00375911,0.00502416375,,1757347200000,0.005021651668,target-1.5R,104,1.504212271613,0.009176273309,0.009176649362,0.01835292267,1.485859348943,PUMP,0.003778,1.0264452154719732,0.003723,0.00039928571428571254,breakout:support:fixed:1.5:score0:relvol-1-4,validation
1Day,1757116800000,70.21044108987051,1757206800000,4.188093,breakout,3.75115,,,1758416400000,4.3308335,time-14d,336,0.336428321314,0.009748327013,0.00974841112,0.019496738133,0.316931583181,VANA,3.822,1.9805568786157441,3.77,0.3027857142857124,breakout:sweep:time:14:score70:relvol-1-4,validation
1Day,1757116800000,88.67707541258638,1757214000000,1.39359645,breakout,1.184249,,,1758423600000,1.86976465,time-14d,336,2.282330164518,0.007794126702,0.007794697284,0.015588823986,2.266741340532,EIGEN,1.2012,2.5525014856177997,1.1902,0.10457857142857109,breakout:sweep:time:14:score70:relvol-1-4,validation
1Day,1757116800000,73.72053292982007,1757224800000,0.00035007495,breakout,0.000324967,,,1758434400000,0.00035192395,time-14d,336,0.087621649717,0.013979614027,0.013979635932,0.027959249959,0.059662399758,NEIRO,0.0003288,1.0561708469420714,0.0003266,0.00003232142857142828,breakout:sweep:time:14:score70:relvol-1-4,validation
1Day,1757289600000,71.60821546207679,1757498400000,0.4536267,breakout,0.40795,,,1758006000000,0.407746025,stop,141,-0.995036856866,0.009429016599,0.00942876784,0.018857784439,-1.013894641305,HEI,0.414,1.6714819763935453,0.41,0.03138571428571426,breakout:sweep:time:14:score70:relvol-1-4,validation
1Day,1757548800000,73.81767981796531,1757638800000,102.49122,breakout,96.62445,,,1758466800000,96.576137775,stop,230,-0.991269471958,0.016965669165,0.016965421348,0.033931090513,-1.025200562471,QNT,98.16,1.202973602737953,97.11,3.4607142857142534,breakout:sweep:time:14:score70:relvol-1-4,validation
0Day,1757631600000,53.091211194517314,1757703600000,1.8459225,breakout,1.730504,2.01905025,,1757923200000,1.729638748,stop,61,-0.992007347176,0.015489549977,0.015489301975,0.030978851952,-1.022986199128,TIA,1.7392,1.0078873834877564,1.7297,0.1057714285714298,breakout:support:fixed:1.5:score0:relvol-1-4,validation
1Day,1757635200000,84.0332628807331,1757725200000,0.27423705,breakout,0.2404915,,,1757952000000,0.24037125425,stop,63,-0.995938723772,0.007624832078,0.007624583093,0.015249415171,-1.011188138944,SAGA,0.2437,2.502921771187718,0.2417,0.014792857142857104,breakout:sweep:time:14:score70:relvol-1-4,validation
0Day,1757696400000,44.32901770235331,1757728800000,0.042571275,breakout,0.0380289,0.0493848375,,1757926800000,0.03800988555,stop,55,-0.995316326811,0.008869937043,0.008869688214,0.017739625257,-1.013055952068,ACT,0.03822,1.0677826794655205,0.03806,0.0026335714285714265,breakout:support:fixed:1.5:score0:relvol-1-4,validation
1Day,1757721600000,71.03408071456951,1757757600000,2.6495241,breakout,2.507599,,,1757862000000,2.5063452005,stop,29,-0.990670431094,0.018164050265,0.018163802597,0.036327852862,-1.026998283956,CAKE,2.5287,1.1583170677161878,2.5202,0.08875714285714251,breakout:sweep:time:14:score70:relvol-1-4,validation
1Day,1757721600000,71.38306138306129,1757768400000,2.0156073,breakout,1.7763735,,,1758510000000,1.77548531325,stop,206,-0.995789474564,0.007923405082,0.007923156134,0.015846561216,-1.01163603578,JTO,1.8,2.5364738441430954,1.7853,0.09476428571428501,breakout:sweep:time:14:score70:relvol-1-4,validation
0Day,1758042000000,57.75582233873003,1758150000000,0.13876935,breakout,0.124375,0.160360875,,1758502800000,0.1243128125,stop,98,-0.995182137436,0.009138382855,0.00913813406,0.018276516915,-1.01345865435,SYN,0.125,1.8881267391811056,0.1243,0.007885714285714251,breakout:support:fixed:1.5:score0:relvol-1-4,validation
0Day,1758146400000,42.3981708571284,1758171600000,0.3231615,breakout,0.299495,0.35866125,,1758326400000,0.2993452525,stop,43,-0.993176008282,0.013151643726,0.013151395432,0.026303039159,-1.01947904744,CELO,0.301,1.0156359450473418,0.295,0.01557142857142836,breakout:support:fixed:1.5:score0:relvol-1-4,validation
0Day,1758150000000,54.36697168784666,1758186000000,24.258123,breakout,22.750675,26.519295,,1758502800000,22.7392996625,stop,88,-0.991957931551,0.015588405923,0.015588157933,0.031176563856,-1.023134495406,LINK,22.865,1.0002388001116833,22.727,1.059785714285717,breakout:support:fixed:1.5:score0:relvol-1-4,validation
0Day,1758150000000,36.088376633527844,1758189600000,2.78529195,breakout,2.5160565,3.189145125,,1759219200000,2.51479847175,stop,286,-0.994829989884,0.009842853944,0.009842605236,0.01968545918,-1.014515449065,CAKE,2.5287,3.4669939141306068,2.5206,0.09019285714285674,breakout:support:fixed:1.5:score0:relvol-1-4,validation
0Day,1758150000000,58.70967320515931,1758189600000,0.014875434,breakout,0.01404741,0.01611747,,1758337200000,0.014040386295,stop,41,-0.991021999362,0.017460738031,0.017460490276,0.034921228307,-1.025943227669,JASMY,0.014118,1.0262971525971119,0.013957,0.0006727142857142833,breakout:support:fixed:1.5:score0:relvol-1-4,validation
0Day,1758150000000,55.304986316127966,1758207600000,4.0770375,breakout,3.803885,4.48676625,,1758520800000,3.8019830575,stop,87,-0.992540796808,0.014422384122,0.014422135986,0.028844520108,-1.021385316915,RENDER,3.823,1.1944699712498188,3.763,0.19442857142857045,breakout:support:fixed:1.5:score0:relvol-1-4,validation
1Day,1758153600000,72.9950557541732,1758207600000,0.2699349,breakout,0.2484515,,,1758297600000,0.24832727425,stop,25,-0.993720733217,0.012061921629,0.012061673199,0.024123594828,-1.017844328045,SAGA,0.252,1.6880347174056762,0.2497,0.016685714285714245,breakout:sweep:time:14:score70:relvol-1-4,validation
0Day,1758139200000,40.412941928938636,1758207600000,0.0043523751,breakout,0.00400786,0.00486914775,,1758474000000,0.00400585607,stop,74,-0.993686488633,0.012130427912,0.01213017949,0.024260607402,-1.017947096034,TURBO,0.004028,1.1422831610750208,0.0040046,0.0002804571428571438,breakout:support:fixed:1.5:score0:relvol-1-4,validation
0Day,1758150000000,52.79373326758776,1758214800000,311.265555,breakout,293.17675,338.3987625,,1758448800000,293.030161625,stop,65,-0.991400482232,0.016703583145,0.016703335295,0.03340691844,-1.024807400672,AAVE,294.65,1.0575071364769495,290.5,13.157857142857116,breakout:support:fixed:1.5:score0:relvol-1-4,validation
0Day,1758150000000,48.10846904080723,1758218400000,4.666332,breakout,4.432725,5.0167425,,1758337200000,4.4305086375,stop,33,-0.990017422423,0.019470393947,0.019470146443,0.038940540389,-1.028957962813,ATOM,4.455,1.0208933358653016,4.448,0.1620714285714289,breakout:support:fixed:1.5:score0:relvol-1-4,validation
0Day,1758150000000,53.23329194970205,1758218400000,21.1515705,breakout,20.298995,22.43043375,,1758294000000,20.2888455025,stop,21,-0.987601684543,0.024303076972,0.024302830072,0.048605907044,-1.036207591587,ETC,20.401,1.1945247055116135,20.085,0.760214285714285,breakout:support:fixed:1.5:score0:relvol-1-4,validation
0Day,1758207600000,35.39553014384378,1758355200000,0.0344422125,breakout,0.032790225,0.03692019375,,1758502800000,0.032773829888,stop,41,-0.9895807323,0.02034399243,0.020343745034,0.040687737464,-1.030268469764,JST,0.032955,1.033977587069426,0.032892,0.0007545714285714286,breakout:support:fixed:1.5:score0:relvol-1-4,validation
1Day,1758672000000,74.55598814443368,1758704400000,0.1868934,breakout,0.158603,,,1759914000000,0.2028985,time-14d,336,0.572632412408,0.006889119631,0.006889262789,0.013778382419,0.558854029989,STG,0.1607,2.1534817857669823,0.1594,0.00947857142857124,breakout:sweep:time:14:score70:relvol-1-4,validation
0Day,1758819600000,66.63401724603165,1758852000000,0.0348043935,breakout,0.03157533,0.03964798875,,1759024800000,0.031559542335,stop,48,-0.994613453715,0.010276034497,0.010275785843,0.02055182034,-1.015165274055,HUMA,0.031734,2.005129129841165,0.031286,0.0027910714285714305,breakout:support:fixed:1.5:score0:relvol-1-4,validation
1Day,1758931200000,76.24333399612595,1759100400000,0.04008003,breakout,0.03772045,,,1760130000000,0.037701589775,stop,286,-0.991511201146,0.016482089985,0.016481842107,0.032963932093,-1.024475133239,CHZ,0.0385,1.1298344991722469,0.03791,0.0021385714285714194,breakout:sweep:time:14:score70:relvol-1-4,validation
0Day,1759201200000,61.00941674545806,1759266000000,7.8769365,breakout,7.097335,9.04633875,,1759309200000,9.041815580625,target-1.5R,12,1.505049374584,0.010850897594,0.010851273856,0.02170217145,1.483347203135,ZEN,7.133,1.0569317798495341,7.033,0.42314285714285305,breakout:support:fixed:1.5:score0:relvol-1-4,validation
0Day,1759266000000,53.74911604257268,1759309200000,0.54657315,breakout,0.5232705,0.581527125,,1759773600000,0.581236361437,target-1.5R,129,1.511721842795,0.02419916858,0.024199546511,0.048398715091,1.463323127704,APE,0.5259,1.056904370333198,0.5206,0.030571428571428992,breakout:support:fixed:1.5:score0:relvol-1-4,validation
1Day,1759363200000,73.71441940831441,1759384800000,0.154077,breakout,0.137907,,,1760133600000,0.1378380465,stop,208,-0.995238095238,0.009026439286,0.009026190476,0.018052629762,-1.013290725,BAT,0.1414,1.276934399033899,0.1386,0.0070428571428571745,breakout:sweep:time:14:score70:relvol-1-4,validation
1Day,1759363200000,72.5243837640103,1759388400000,3.58189005,breakout,3.198129,,,1760130000000,3.1965299355,stop,206,-0.995335508906,0.008831563268,0.008831314434,0.017662877702,-1.012998386607,SUI,3.2649,1.0435956870717413,3.2142,0.1997642857142859,breakout:sweep:time:14:score70:relvol-1-4,validation
1Day,1759363200000,81.50045105313885,1759402800000,0.2951475,breakout,0.239795,,,1760133600000,0.2396751025,stop,203,-0.997335260377,0.00483106095,0.004830811616,0.009661872567,-1.006997132943,CELO,0.242,1.1680053265455166,0.241,0.016428571428571216,breakout:sweep:time:14:score70:relvol-1-4,validation
1Day,1759363200000,83.92740388307426,1759402800000,122.131035,breakout,104.76355,,,1760133600000,104.711168225,stop,203,-0.996485674236,0.006530657813,0.006530408692,0.013061066505,-1.009546740741,LTC,106.3,1.4504686795007642,105.29,4.34928571428569,breakout:sweep:time:14:score70:relvol-1-4,validation
1Day,1759363200000,76.19445281918239,1759410000000,0.026563275,breakout,0.0229646,,,1760133600000,0.0229531177,stop,201,-0.996311142295,0.006879808916,0.006879559838,0.013759368754,-1.010070511049,GUN,0.02337,1.0735317865944938,0.02308,0.0018785714285714263,breakout:sweep:time:14:score70:relvol-1-4,validation
1Day,1759363200000,70.51698900687636,1759428000000,0.28644315,breakout,0.260491,,,1760000400000,0.2603607545,stop,159,-0.994484079354,0.010534847874,0.010534599253,0.021069447127,-1.01555352648,SAND,0.26211,1.0081006631592482,0.2618,0.014237142857142874,breakout:sweep:time:14:score70:relvol-1-4,validation
1Day,1759363200000,74.61817150457735,1759435200000,0.56738355,breakout,0.524962,,,1760130000000,0.524699519,stop,193,-0.993315897227,0.012871795927,0.012871547598,0.025743343525,-1.019059240751,APE,0.5357,1.0432198548252265,0.5276,0.03029285714285757,breakout:sweep:time:14:score70:relvol-1-4,validation
0Day,1759428000000,51.99856626287904,1759510800000,6.1900935,breakout,5.8506,6.69933375,,1759572000000,5.8476747,stop,17,-0.990887896234,0.017729011307,0.017728763585,0.035457774891,-1.026345671125,AR,5.88,1.1344888150267023,5.87,0.39964285714286324,breakout:support:fixed:1.5:score0:relvol-1-4,validation
1Day,1759449600000,79.91081240334694,1759525200000,0.7515756,breakout,0.697495,,,1760000400000,0.6971462525,stop,132,-0.993054810782,0.013394099293,0.01339385103,0.026787950323,-1.019842761106,OP,0.7088,1.3923233300890336,0.701,0.04323571428571492,breakout:sweep:time:14:score70:relvol-1-4,validation
0Day,1759525200000,44.85075607594569,1759777200000,0.58359165,breakout,0.5491405,0.635268375,,1759852800000,0.54886592975,stop,21,-0.991534389999,0.016435700691,0.016435452808,0.032871153499,-1.024405543498,APE,0.5519,1.2463809417079226,0.5513,0.030707142857143287,breakout:support:fixed:1.5:score0:relvol-1-4,validation
0Day,1760007600000,59.41076544831355,1760036400000,0.16518255,breakout,0.1477575,0.191320125,,1760133600000,0.14768362125,stop,27,-0.995262567396,0.00897748274,0.008977233925,0.017954716665,-1.013217284061,BAT,0.1485,1.694288347919613,0.146,0.007707142857142886,breakout:support:fixed:1.5:score0:relvol-1-4,validation
1Day,1760313600000,81.81825484534697,1760342400000,0.20020005,breakout,0.1342255,,,1761552000000,0.18240875,time-14d,336,-0.266769534616,0.002899669645,0.002899602953,0.005799272598,-0.272568807214,BAT,0.1361,3.076678058105485,0.1349,0.013921428571428602,breakout:sweep:time:14:score70:relvol-1-4,validation
1Day,1760313600000,77.4891058407984,1760342400000,420.199995,breakout,285.07745,,,1761552000000,406.11684,time-14d,336,-0.101167425466,0.003057657162,0.00305763187,0.006115289033,-0.107282714498,TAO,289.44,2.9490937570512767,286.51,39.84785714285719,breakout:sweep:time:14:score70:relvol-1-4,validation
0Day,1760770800000,58.412683032823445,1760932800000,0.35967975,breakout,0.2993955,0.450106125,,1761832800000,0.29924580225,stop,250,-0.997018292506,0.005465155096,0.005464905842,0.010930060938,-1.007948353444,PUNDIX,0.3009,1.1661314506607199,0.2995,0.03380714285714283,breakout:support:fixed:1.5:score0:relvol-1-4,validation
1Day,1761264000000,78.02805754743127,1761296400000,0.08868432,breakout,0.07131165,,,1762142400000,0.071275994175,stop,235,-0.997448866524,0.00460379188,0.004603542518,0.009207334399,-1.006656200923,CATI,0.073,1.6890750312214673,0.07167,0.015710714285714283,breakout:sweep:time:14:score70:relvol-1-4,validation
0Day,1761361200000,65.25411978176025,1761382800000,1.1681838,breakout,0.9795775,1.45109325,,1761519600000,1.450367703375,target-1.5R,38,1.503095336688,0.006941845271,0.006942221045,0.013884066315,1.489211270373,VIRTUAL,0.9845,1.1352188327800075,0.9702,0.10114285714285688,breakout:support:fixed:1.5:score0:relvol-1-4,validation
0Day,1761660000000,57.98039426983548,1761721200000,7.7728845,breakout,6.68242,9.40858125,,1762804800000,9.403876959375,target-1.5R,301,1.503562243429,0.00787589209,0.00787626798,0.01575216007,1.487810083359,TRUMP,6.716,2.1424903889873446,6.7,0.42028571428571443,breakout:support:fixed:1.5:score0:relvol-1-4,validation
0Day,1762297200000,30.922940930430133,1762329600000,2.8584285,breakout,2.651675,3.16855875,,1762552800000,3.166974470625,target-1.5R,62,1.506909193798,0.014571465466,0.014571842194,0.02914330766,1.477765886138,VANA,2.665,1.015606585814643,2.629,0.27178571428571224,breakout:support:fixed:1.5:score0:relvol-1-4,validation
0Day,1762282800000,51.020494940312346,1762491600000,0.07909953,breakout,0.07218725,0.08946795,,1763701200000,0.078790585,time-14d,336,-0.033274115053,0.011420986635,0.011420978317,0.022841964952,-0.056116080005,SAHARA,0.07255,3.1351951683030843,0.0718,0.003414285714285707,breakout:support:fixed:1.5:score0:relvol-1-4,validation
0Day,1762527600000,36.30217371815865,1762552800000,0.0486243,breakout,0.0390836,0.06293535,,1763056800000,0.0390640582,stop,140,-0.997453017074,0.004595488706,0.004595239343,0.009190728049,-1.006643745124,ENJ,0.03928,1.571312771974294,0.03927,0.003578571428571453,breakout:support:fixed:1.5:score0:relvol-1-4,validation
1Day,1762819200000,70.80751672835504,1762848000000,0.24544266,breakout,0.2082535,,,1763398800000,0.20814937325,stop,153,-0.996701727062,0.006098444187,0.006098195012,0.012196639199,-1.008898366261,GLM,0.21027,2.2496551154818274,0.2093,0.016750714285714317,breakout:sweep:time:14:score70:relvol-1-4,validation
0Day,1762848000000,41.780865420351475,1763035200000,0.2571285,breakout,0.2327106,0.29375535,,1763038800000,0.2325942447,stop,1,-0.994737467186,0.010027945579,0.010027696894,0.020055642473,-1.014793109659,GLM,0.23388,2.1619369239895265,0.23327,0.018761428571428602,breakout:support:fixed:1.5:score0:relvol-1-4,validation
0Day,1763139600000,51.38297108071127,1763287200000,0.299379615,breakout,0.2905201,0.3126688875,,1763312400000,0.29037483995,stop,7,-0.983112506723,0.033283676079,0.033283430301,0.066567106379,-1.049679613102,TRX,0.29198,1.2119174152854062,0.288,0.00782499999999998,breakout:support:fixed:1.5:score0:relvol-1-4,validation
1Day,1764201600000,74.47788736984528,1764241200000,2.7799893,breakout,2.426805,,,1764568800000,2.4255915975,stop,91,-0.996066359688,0.00736949646,0.007369247444,0.014738743904,-1.010805103593,PENDLE,2.4445,1.4172227562168034,2.439,0.2508642857142855,breakout:sweep:time:14:score70:relvol-1-4,validation
1Day,1764115200000,76.04248741845342,1764342000000,91.06551,breakout,78.15725,,,1765551600000,82.948505,time-14d,336,-0.622082294593,0.006740413309,0.006740257788,0.013480671097,-0.63556296569,QNT,79.06,1.2736182776904266,78.55,6.7942857142856825,breakout:sweep:time:14:score70:relvol-1-4,validation
1Day,1764720000000,79.00506147466568,1764745200000,0.44492235,breakout,0.3825775,,,1765814400000,0.38238621125,stop,297,-0.996433546636,0.006634939063,0.006634689954,0.013269629017,-1.009703175653,ADA,0.3875,1.1412739647986736,0.3845,0.027864285714285713,breakout:sweep:time:14:score70:relvol-1-4,validation
1Day,1765065600000,72.2342806908982,1765227600000,0.032166075,breakout,0.029253,,,1765990800000,0.0292383735,stop,212,-0.99448177613,0.010539455472,0.010539206852,0.021078662324,-1.015560438454,CHZ,0.02951,3.108246329312891,0.0294,0.0014642857142857034,breakout:sweep:time:14:score70:relvol-1-4,validation
0Day,1765033200000,39.1470344281769,1765242000000,0.0326163,breakout,0.02936245,0.037497075,,1765990800000,0.029347768775,stop,208,-0.994990549657,0.00952165416,0.009521405412,0.019043059572,-1.014033609228,CHZ,0.02951,1.9138967078913363,0.0294,0.0014642857142857034,breakout:support:fixed:1.5:score0:relvol-1-4,validation
1Day,1765238400000,71.49489113125433,1765296000000,0.624312,breakout,0.5594885,,,1765749600000,0.55920875575,stop,126,-0.995186930666,0.009128794,0.009128545204,0.018257339204,-1.013444269869,WLD,0.5627,1.198065377614232,0.5623,0.04122142857142958,breakout:sweep:time:14:score70:relvol-1-4,validation
1Day,1766275200000,81.12496341820295,1766296800000,6.381189,breakout,5.220765,,,1767506400000,5.9180395,time-14d,336,-0.393821568668,0.005299454553,0.005299356097,0.01059881065,-0.404420379318,UNI,5.304,2.858961364181588,5.247,0.38864285714285823,breakout:sweep:time:14:score70:relvol-1-4,validation
0Day,1766498400000,43.87270019004067,1766523600000,0.7787892,breakout,0.7258525,0.85819425,,1766541600000,0.72548957375,stop,5,-0.992647822777,0.014208278697,0.014208030535,0.028416309231,-1.021064132008,EPIC,0.7295,2.3074462706138656,0.7158,0.06120714285714283,breakout:support:fixed:1.5:score0:relvol-1-4,validation
0Day,1766538000000,73.76317863363894,1766559600000,0.36848415,breakout,0.31641,0.446595375,,1767769200000,0.33893045,time-14d,336,-0.560738869477,0.006792377792,0.006792237607,0.013584615399,-0.574323484877,AVNT,0.318,1.2577999999546892,0.3148,0.028542857142857116,breakout:support:fixed:1.5:score0:relvol-1-4,validation
0Day,1766764800000,71.67456927044549,1766790000000,0.3817908,breakout,0.3218825,0.47165325,,1767830400000,0.32172155875,stop,289,-0.996815132461,0.005871576716,0.005871327512,0.011742904228,-1.008558036689,AVNT,0.3235,1.7032193829495397,0.3203,0.03450714285714283,breakout:support:fixed:1.5:score0:relvol-1-4,validation
1Day,1767139200000,80.54516302007758,1767265200000,0.23541765,breakout,0.2261635,,,1768474800000,0.243878,time-14d,336,0.94011875753,0.025896254653,0.025896489683,0.051792744336,0.888326013194,PUNDIX,0.2284,2.8019111375586943,0.2273,0.00949999999999998,breakout:sweep:time:14:score70:relvol-1-4,validation
0Day,1767088800000,40.33755606117104,1767283200000,0.2363181,breakout,0.227258,0.24990825,,1767643200000,0.249783295875,target-1.5R,100,1.513035176212,0.026826491754,0.026826870012,0.053653361766,1.459381814446,PUNDIX,0.2284,1.9106303867859165,0.2273,0.00949999999999998,breakout:support:fixed:1.5:score0:relvol-1-4,validation
1Day,1767312000000,76.3627105416098,1767373200000,0.12010002,breakout,0.10776845,,,1768582800000,0.119750095,time-14d,336,-0.018651315283,0.009725043729,0.009725039066,0.019450082796,-0.038101398078,SAND,0.10964,1.1121359775625639,0.10831,0.006199285714285741,breakout:sweep:time:14:score70:relvol-1-4,validation
1Day,1767312000000,76.32888428592746,1767384000000,1.8859425,breakout,1.6432425,,,1768593600000,1.7693149,time-14d,336,-0.473011948908,0.007530402555,0.007530284302,0.015060686856,-0.488072635764,APT,1.6523,1.2043367822441395,1.6515,0.11447857142857197,breakout:sweep:time:14:score70:relvol-1-4,validation
1Day,1767312000000,73.56656677662096,1767402000000,13.8939435,breakout,12.157905,,,1768611600000,13.5782075,time-14d,336,-0.173959275673,0.007912310412,0.007912266923,0.015824577335,-0.189783853008,AVAX,12.25,1.2815878876136086,12.219,0.5794285714285715,breakout:sweep:time:14:score70:relvol-1-4,validation
0Day,1767373200000,59.59667690839624,1767412800000,0.1950975,breakout,0.182085,0.21461625,,1768053600000,0.214508941875,target-1.5R,178,1.507492795389,0.015738960303,0.015739337176,0.031478297478,1.476014497911,DYDX,0.183,1.004203131011613,0.18,0.009714285714285276,breakout:support:fixed:1.5:score0:relvol-1-4,validation
1Day,1767312000000,81.29043810460378,1767459600000,0.00013796895,breakout,0.0001013905,,,1768669200000,0.00013183405,time-14d,336,-0.164031007328,0.003688004823,0.003687963815,0.007375968637,-0.171406975965,NEIRO,0.0001021,3.3700865202007857,0.0001019,0.000006449999999999715,breakout:sweep:time:14:score70:relvol-1-4,validation
0Day,1767459600000,40.05875096819506,1767481200000,0.17678835,breakout,0.1577075,0.205409625,,1767877200000,0.15762864625,stop,110,-0.995369703132,0.008763157728,0.008762908885,0.017526066613,-1.012895769744,IO,0.1585,1.1598561036925756,0.1584,0.011750000000000049,breakout:support:fixed:1.5:score0:relvol-1-4,validation
1Day,1767398400000,77.48307382878187,1767484800000,0.01148574,breakout,0.009268425,,,1768694400000,0.0118070935,time-14d,336,0.150181638603,0.00525248634,0.005252523886,0.010505010226,0.139676628377,PENGU,0.009334,2.3834027637414508,0.009315,0.0006120714285714251,breakout:sweep:time:14:score70:relvol-1-4,validation
0Day,1767394800000,42.11530611737362,1767546000000,1.95527715,breakout,1.800552,2.187364875,,1767870000000,1.799651724,stop,90,-0.993684607835,0.012134190447,0.012133942026,0.024268132472,-1.017952740308,APT,1.8096,1.0948033718116519,1.808,0.11923571428571485,breakout:support:fixed:1.5:score0:relvol-1-4,validation
1Day,1767398400000,74.31064703271397,1767628800000,0.0974487,breakout,0.0879978,,,1767855600000,0.0879538011,stop,63,-0.994847051604,0.009808721979,0.009808473267,0.019617195246,-1.01446424685,FF,0.09005,1.90736774519778,0.08844,0.005084285714285713,breakout:sweep:time:14:score70:relvol-1-4,validation
1Day,1767571200000,74.77881368476785,1767636000000,0.10495245,breakout,0.093331,,,1768579200000,0.0932843345,stop,262,-0.995486793817,0.008528917842,0.00852866897,0.017057586811,-1.012544380628,IOTA,0.0944,1.997354132895517,0.0938,0.004664285714285818,breakout:sweep:time:14:score70:relvol-1-4,validation
0Day,1767459600000,68.01403316525963,1767639600000,5.5837905,breakout,4.92923,6.56563125,,1768784400000,4.926765385,stop,318,-0.995736834105,0.008028712308,0.008028463374,0.016057175681,-1.011794009786,TRUMP,4.954,2.1555487239932636,4.946,0.1544999999999997,breakout:support:fixed:1.5:score0:relvol-1-4,validation
0Day,1767625200000,33.37545499867678,1767672000000,10.597296,breakout,10.092285,11.3548125,,1767726000000,10.0872388575,stop,15,-0.989513099715,0.020479291399,0.020479044021,0.04095833542,-1.030471435135,NMR,10.143,1.7206669342089156,10.082,0.4100714285714269,breakout:support:fixed:1.5:score0:relvol-1-4,validation
0Day,1767632400000,38.796788419383454,1767704400000,0.2327163,breakout,0.2184025,0.254187,,1767722400000,0.21829329875,stop,5,-0.991874973802,0.015754362879,0.01575411491,0.031508477789,-1.02338345159,APE,0.2195,1.0855944294700688,0.2168,0.010728571428571863,breakout:support:fixed:1.5:score0:relvol-1-4,validation
0Day,1767639600000,59.87935894608084,1767736800000,0.22961475,breakout,0.2108405,0.257776125,,1767798000000,0.21073507975,stop,17,-0.993887904976,0.011727494567,0.011727246095,0.023454740662,-1.017342645638,ARKM,0.2119,1.9142794971181456,0.2095,0.01137142857142869,breakout:support:fixed:1.5:score0:relvol-1-4,validation
0Day,1767852000000,28.65237792510498,1767884400000,0.005180589,breakout,0.0048158,0.0057277725,,1768093200000,0.0048133921,stop,58,-0.992902746519,0.013698303814,0.013698055588,0.027396359402,-1.020299105922,G,0.00484,2.8438654337600173,0.004825,0.00028678571428571907,breakout:support:fixed:1.5:score0:relvol-1-4,validation
0Day,1768352400000,74.09807703945854,1768384800000,0.756378,breakout,0.590831,1.0046985,,1768705200000,1.00419615075,target-1.5R,89,1.502283339475,0.005317445048,0.005317820619,0.010635265667,1.491648073808,BERA,0.5938,2.7213752550514965,0.5851,0.038521428571428026,breakout:support:fixed:1.5:score0:relvol-1-4,validation
0Day,1768597200000,66.49804391660169,1768629600000,0.007413705,breakout,0.00685555,0.0082509375,,1768665600000,0.008246812031,target-1.5R,10,1.506637941074,0.014028824458,0.014029201118,0.028058025576,1.478579915497,GALA,0.00689,1.010378839031513,0.00684,0.0005085714285714285,breakout:support:fixed:1.5:score0:relvol-1-4,validation
0Day,1768831200000,51.73138862987898,1768953600000,0.04552275,breakout,0.0337305,0.063211125,,1769850000000,0.03371363475,stop,249,-0.998070766817,0.0033596805,0.003359430982,0.006719111482,-1.004789878299,PHA,0.0339,3.794225416177034,0.0337,0.0025435714285714298,breakout:support:fixed:1.5:score0:relvol-1-4,validation
0Day,1769032800000,41.76541929517495,1769061600000,0.03195597,breakout,0.0287754,0.036726825,,1769360400000,0.0287610123,stop,83,-0.994978887432,0.009544984437,0.009544735692,0.019089720129,-1.014068607561,ENJ,0.02892,1.014231631456565,0.02879,0.0025814285714286,breakout:support:fixed:1.5:score0:relvol-1-4,validation
0Day,1769025600000,56.12250565464652,1769072400000,0.346743285,breakout,0.3089475,0.4034369625,,1769371200000,0.30879302625,stop,83,-0.995415229502,0.008672082234,0.00867183338,0.017343915615,-1.012759145117,SYRUP,0.3105,1.329754559434382,0.30928,0.02752999999999994,breakout:support:fixed:1.5:score0:relvol-1-4,validation
0Day,1769443200000,33.25817946226101,1769464800000,1.0795395,breakout,1.023855,1.16306625,,1769702400000,1.0233430725,stop,66,-0.990311487039,0.018882117757,0.018881870179,0.037763987936,-1.028075474975,ORCA,1.029,2.0395784278811675,1.027,0.06364285714285714,breakout:support:fixed:1.5:score0:relvol-1-4,validation
