config_id,lookback,swing_side,support_tolerance,stop_buffer,reward_risk,slippage,commission_per_side,min_body_ratio,close_top_fraction,trend_sma,volume_multiplier
0,10,3,0.0015,0.001,3.0,0.0003,0.0005,0.3,0.2,0,0.0
1,10,3,0.0015,0.0025,3.0,0.0003,0.0005,0.3,0.2,0,0.0
2,10,3,0.0015,0.005,3.0,0.0003,0.0005,0.3,0.2,0,0.0
3,10,3,0.0015,0.001,3.0,0.0003,0.0005,0.3,0.2,0,1.0
4,10,3,0.0015,0.0025,3.0,0.0003,0.0005,0.3,0.2,0,1.0
5,10,3,0.0015,0.005,3.0,0.0003,0.0005,0.3,0.2,0,1.0
6,10,3,0.0015,0.001,3.0,0.0003,0.0005,0.3,0.2,0,1.25
7,10,3,0.0015,0.0025,3.0,0.0003,0.0005,0.3,0.2,0,1.25
8,10,3,0.0015,0.005,3.0,0.0003,0.0005,0.3,0.2,0,1.25
9,10,3,0.0015,0.001,3.0,0.0003,0.0005,0.3,0.2,0,1.5
10,10,3,0.0015,0.0025,3.0,0.0003,0.0005,0.3,0.2,0,1.5
11,10,3,0.0015,0.005,3.0,0.0003,0.0005,0.3,0.2,0,1.5
12,10,3,0.0015,0.001,3.0,0.0003,0.0005,0.3,0.2,100,0.0
13,10,3,0.0015,0.0025,3.0,0.0003,0.0005,0.3,0.2,100,0.0
14,10,3,0.0015,0.005,3.0,0.0003,0.0005,0.3,0.2,100,0.0
15,10,3,0.0015,0.001,3.0,0.0003,0.0005,0.3,0.2,100,1.0
16,10,3,0.0015,0.0025,3.0,0.0003,0.0005,0.3,0.2,100,1.0
17,10,3,0.0015,0.005,3.0,0.0003,0.0005,0.3,0.2,100,1.0
18,10,3,0.0015,0.001,3.0,0.0003,0.0005,0.3,0.2,100,1.25
19,10,3,0.0015,0.0025,3.0,0.0003,0.0005,0.3,0.2,100,1.25
20,10,3,0.0015,0.005,3.0,0.0003,0.0005,0.3,0.2,100,1.25
21,10,3,0.0015,0.001,3.0,0.0003,0.0005,0.3,0.2,100,1.5
22,10,3,0.0015,0.0025,3.0,0.0003,0.0005,0.3,0.2,100,1.5
23,10,3,0.0015,0.005,3.0,0.0003,0.0005,0.3,0.2,100,1.5
24,10,3,0.0015,0.001,3.0,0.0003,0.0005,0.3,0.2,200,0.0
25,10,3,0.0015,0.0025,3.0,0.0003,0.0005,0.3,0.2,200,0.0
26,10,3,0.0015,0.005,3.0,0.0003,0.0005,0.3,0.2,200,0.0
27,10,3,0.0015,0.001,3.0,0.0003,0.0005,0.3,0.2,200,1.0
28,10,3,0.0015,0.0025,3.0,0.0003,0.0005,0.3,0.2,200,1.0
29,10,3,0.0015,0.005,3.0,0.0003,0.0005,0.3,0.2,200,1.0
30,10,3,0.0015,0.001,3.0,0.0003,0.0005,0.3,0.2,200,1.25
31,10,3,0.0015,0.0025,3.0,0.0003,0.0005,0.3,0.2,200,1.25
32,10,3,0.0015,0.005,3.0,0.0003,0.0005,0.3,0.2,200,1.25
33,10,3,0.0015,0.001,3.0,0.0003,0.0005,0.3,0.2,200,1.5
34,10,3,0.0015,0.0025,3.0,0.0003,0.0005,0.3,0.2,200,1.5
35,10,3,0.0015,0.005,3.0,0.0003,0.0005,0.3,0.2,200,1.5
36,10,3,0.0015,0.001,3.0,0.0003,0.0005,0.5,0.2,0,0.0
37,10,3,0.0015,0.0025,3.0,0.0003,0.0005,0.5,0.2,0,0.0
38,10,3,0.0015,0.005,3.0,0.0003,0.0005,0.5,0.2,0,0.0
39,10,3,0.0015,0.001,3.0,0.0003,0.0005,0.5,0.2,0,1.0
40,10,3,0.0015,0.0025,3.0,0.0003,0.0005,0.5,0.2,0,1.0
41,10,3,0.0015,0.005,3.0,0.0003,0.0005,0.5,0.2,0,1.0
42,10,3,0.0015,0.001,3.0,0.0003,0.0005,0.5,0.2,0,1.25
43,10,3,0.0015,0.0025,3.0,0.0003,0.0005,0.5,0.2,0,1.25
44,10,3,0.0015,0.005,3.0,0.0003,0.0005,0.5,0.2,0,1.25
45,10,3,0.0015,0.001,3.0,0.0003,0.0005,0.5,0.2,0,1.5
46,10,3,0.0015,0.0025,3.0,0.0003,0.0005,0.5,0.2,0,1.5
47,10,3,0.0015,0.005,3.0,0.0003,0.0005,0.5,0.2,0,1.5
48,10,3,0.0015,0.001,3.0,0.0003,0.0005,0.5,0.2,100,0.0
49,10,3,0.0015,0.0025,3.0,0.0003,0.0005,0.5,0.2,100,0.0
50,10,3,0.0015,0.005,3.0,0.0003,0.0005,0.5,0.2,100,0.0
51,10,3,0.0015,0.001,3.0,0.0003,0.0005,0.5,0.2,100,1.0
52,10,3,0.0015,0.0025,3.0,0.0003,0.0005,0.5,0.2,100,1.0
53,10,3,0.0015,0.005,3.0,0.0003,0.0005,0.5,0.2,100,1.0
54,10,3,0.0015,0.001,3.0,0.0003,0.0005,0.5,0.2,100,1.25
55,10,3,0.0015,0.0025,3.0,0.0003,0.0005,0.5,0.2,100,1.25
56,10,3,0.0015,0.005,3.0,0.0003,0.0005,0.5,0.2,100,1.25
57,10,3,0.0015,0.001,3.0,0.0003,0.0005,0.5,0.2,100,1.5
58,10,3,0.0015,0.0025,3.0,0.0003,0.0005,0.5,0.2,100,1.5
59,10,3,0.0015,0.005,3.0,0.0003,0.0005,0.5,0.2,100,1.5
60,10,3,0.0015,0.001,3.0,0.0003,0.0005,0.5,0.2,200,0.0
61,10,3,0.0015,0.0025,3.0,0.0003,0.0005,0.5,0.2,200,0.0
62,10,3,0.0015,0.005,3.0,0.0003,0.0005,0.5,0.2,200,0.0
63,10,3,0.0015,0.001,3.0,0.0003,0.0005,0.5,0.2,200,1.0
64,10,3,0.0015,0.0025,3.0,0.0003,0.0005,0.5,0.2,200,1.0
65,10,3,0.0015,0.005,3.0,0.0003,0.0005,0.5,0.2,200,1.0
66,10,3,0.0015,0.001,3.0,0.0003,0.0005,0.5,0.2,200,1.25
67,10,3,0.0015,0.0025,3.0,0.0003,0.0005,0.5,0.2,200,1.25
68,10,3,0.0015,0.005,3.0,0.0003,0.0005,0.5,0.2,200,1.25
69,10,3,0.0015,0.001,3.0,0.0003,0.0005,0.5,0.2,200,1.5
70,10,3,0.0015,0.0025,3.0,0.0003,0.0005,0.5,0.2,200,1.5
71,10,3,0.0015,0.005,3.0,0.0003,0.0005,0.5,0.2,200,1.5
72,10,3,0.0015,0.001,3.0,0.0003,0.0005,0.7,0.2,0,0.0
73,10,3,0.0015,0.0025,3.0,0.0003,0.0005,0.7,0.2,0,0.0
74,10,3,0.0015,0.005,3.0,0.0003,0.0005,0.7,0.2,0,0.0
75,10,3,0.0015,0.001,3.0,0.0003,0.0005,0.7,0.2,0,1.0
76,10,3,0.0015,0.0025,3.0,0.0003,0.0005,0.7,0.2,0,1.0
77,10,3,0.0015,0.005,3.0,0.0003,0.0005,0.7,0.2,0,1.0
78,10,3,0.0015,0.001,3.0,0.0003,0.0005,0.7,0.2,0,1.25
79,10,3,0.0015,0.0025,3.0,0.0003,0.0005,0.7,0.2,0,1.25
80,10,3,0.0015,0.005,3.0,0.0003,0.0005,0.7,0.2,0,1.25
81,10,3,0.0015,0.001,3.0,0.0003,0.0005,0.7,0.2,0,1.5
82,10,3,0.0015,0.0025,3.0,0.0003,0.0005,0.7,0.2,0,1.5
83,10,3,0.0015,0.005,3.0,0.0003,0.0005,0.7,0.2,0,1.5
84,10,3,0.0015,0.001,3.0,0.0003,0.0005,0.7,0.2,100,0.0
85,10,3,0.0015,0.0025,3.0,0.0003,0.0005,0.7,0.2,100,0.0
86,10,3,0.0015,0.005,3.0,0.0003,0.0005,0.7,0.2,100,0.0
87,10,3,0.0015,0.001,3.0,0.0003,0.0005,0.7,0.2,100,1.0
88,10,3,0.0015,0.0025,3.0,0.0003,0.0005,0.7,0.2,100,1.0
89,10,3,0.0015,0.005,3.0,0.0003,0.0005,0.7,0.2,100,1.0
90,10,3,0.0015,0.001,3.0,0.0003,0.0005,0.7,0.2,100,1.25
91,10,3,0.0015,0.0025,3.0,0.0003,0.0005,0.7,0.2,100,1.25
92,10,3,0.0015,0.005,3.0,0.0003,0.0005,0.7,0.2,100,1.25
93,10,3,0.0015,0.001,3.0,0.0003,0.0005,0.7,0.2,100,1.5
94,10,3,0.0015,0.0025,3.0,0.0003,0.0005,0.7,0.2,100,1.5
95,10,3,0.0015,0.005,3.0,0.0003,0.0005,0.7,0.2,100,1.5
96,10,3,0.0015,0.001,3.0,0.0003,0.0005,0.7,0.2,200,0.0
97,10,3,0.0015,0.0025,3.0,0.0003,0.0005,0.7,0.2,200,0.0
98,10,3,0.0015,0.005,3.0,0.0003,0.0005,0.7,0.2,200,0.0
99,10,3,0.0015,0.001,3.0,0.0003,0.0005,0.7,0.2,200,1.0
100,10,3,0.0015,0.0025,3.0,0.0003,0.0005,0.7,0.2,200,1.0
101,10,3,0.0015,0.005,3.0,0.0003,0.0005,0.7,0.2,200,1.0
102,10,3,0.0015,0.001,3.0,0.0003,0.0005,0.7,0.2,200,1.25
103,10,3,0.0015,0.0025,3.0,0.0003,0.0005,0.7,0.2,200,1.25
104,10,3,0.0015,0.005,3.0,0.0003,0.0005,0.7,0.2,200,1.25
105,10,3,0.0015,0.001,3.0,0.0003,0.0005,0.7,0.2,200,1.5
106,10,3,0.0015,0.0025,3.0,0.0003,0.0005,0.7,0.2,200,1.5
107,10,3,0.0015,0.005,3.0,0.0003,0.0005,0.7,0.2,200,1.5
108,10,3,0.0015,0.001,3.0,0.0003,0.0005,0.3,0.3,0,0.0
109,10,3,0.0015,0.0025,3.0,0.0003,0.0005,0.3,0.3,0,0.0
110,10,3,0.0015,0.005,3.0,0.0003,0.0005,0.3,0.3,0,0.0
111,10,3,0.0015,0.001,3.0,0.0003,0.0005,0.3,0.3,0,1.0
112,10,3,0.0015,0.0025,3.0,0.0003,0.0005,0.3,0.3,0,1.0
113,10,3,0.0015,0.005,3.0,0.0003,0.0005,0.3,0.3,0,1.0
114,10,3,0.0015,0.001,3.0,0.0003,0.0005,0.3,0.3,0,1.25
115,10,3,0.0015,0.0025,3.0,0.0003,0.0005,0.3,0.3,0,1.25
116,10,3,0.0015,0.005,3.0,0.0003,0.0005,0.3,0.3,0,1.25
117,10,3,0.0015,0.001,3.0,0.0003,0.0005,0.3,0.3,0,1.5
118,10,3,0.0015,0.0025,3.0,0.0003,0.0005,0.3,0.3,0,1.5
119,10,3,0.0015,0.005,3.0,0.0003,0.0005,0.3,0.3,0,1.5
120,10,3,0.0015,0.001,3.0,0.0003,0.0005,0.3,0.3,100,0.0
121,10,3,0.0015,0.0025,3.0,0.0003,0.0005,0.3,0.3,100,0.0
122,10,3,0.0015,0.005,3.0,0.0003,0.0005,0.3,0.3,100,0.0
123,10,3,0.0015,0.001,3.0,0.0003,0.0005,0.3,0.3,100,1.0
124,10,3,0.0015,0.0025,3.0,0.0003,0.0005,0.3,0.3,100,1.0
125,10,3,0.0015,0.005,3.0,0.0003,0.0005,0.3,0.3,100,1.0
126,10,3,0.0015,0.001,3.0,0.0003,0.0005,0.3,0.3,100,1.25
127,10,3,0.0015,0.0025,3.0,0.0003,0.0005,0.3,0.3,100,1.25
128,10,3,0.0015,0.005,3.0,0.0003,0.0005,0.3,0.3,100,1.25
129,10,3,0.0015,0.001,3.0,0.0003,0.0005,0.3,0.3,100,1.5
130,10,3,0.0015,0.0025,3.0,0.0003,0.0005,0.3,0.3,100,1.5
131,10,3,0.0015,0.005,3.0,0.0003,0.0005,0.3,0.3,100,1.5
132,10,3,0.0015,0.001,3.0,0.0003,0.0005,0.3,0.3,200,0.0
133,10,3,0.0015,0.0025,3.0,0.0003,0.0005,0.3,0.3,200,0.0
134,10,3,0.0015,0.005,3.0,0.0003,0.0005,0.3,0.3,200,0.0
135,10,3,0.0015,0.001,3.0,0.0003,0.0005,0.3,0.3,200,1.0
136,10,3,0.0015,0.0025,3.0,0.0003,0.0005,0.3,0.3,200,1.0
137,10,3,0.0015,0.005,3.0,0.0003,0.0005,0.3,0.3,200,1.0
138,10,3,0.0015,0.001,3.0,0.0003,0.0005,0.3,0.3,200,1.25
139,10,3,0.0015,0.0025,3.0,0.0003,0.0005,0.3,0.3,200,1.25
140,10,3,0.0015,0.005,3.0,0.0003,0.0005,0.3,0.3,200,1.25
141,10,3,0.0015,0.001,3.0,0.0003,0.0005,0.3,0.3,200,1.5
142,10,3,0.0015,0.0025,3.0,0.0003,0.0005,0.3,0.3,200,1.5
143,10,3,0.0015,0.005,3.0,0.0003,0.0005,0.3,0.3,200,1.5
144,10,3,0.0015,0.001,3.0,0.0003,0.0005,0.5,0.3,0,0.0
145,10,3,0.0015,0.0025,3.0,0.0003,0.0005,0.5,0.3,0,0.0
146,10,3,0.0015,0.005,3.0,0.0003,0.0005,0.5,0.3,0,0.0
147,10,3,0.0015,0.001,3.0,0.0003,0.0005,0.5,0.3,0,1.0
148,10,3,0.0015,0.0025,3.0,0.0003,0.0005,0.5,0.3,0,1.0
149,10,3,0.0015,0.005,3.0,0.0003,0.0005,0.5,0.3,0,1.0
150,10,3,0.0015,0.001,3.0,0.0003,0.0005,0.5,0.3,0,1.25
151,10,3,0.0015,0.0025,3.0,0.0003,0.0005,0.5,0.3,0,1.25
152,10,3,0.0015,0.005,3.0,0.0003,0.0005,0.5,0.3,0,1.25
153,10,3,0.0015,0.001,3.0,0.0003,0.0005,0.5,0.3,0,1.5
154,10,3,0.0015,0.0025,3.0,0.0003,0.0005,0.5,0.3,0,1.5
155,10,3,0.0015,0.005,3.0,0.0003,0.0005,0.5,0.3,0,1.5
156,10,3,0.0015,0.001,3.0,0.0003,0.0005,0.5,0.3,100,0.0
157,10,3,0.0015,0.0025,3.0,0.0003,0.0005,0.5,0.3,100,0.0
158,10,3,0.0015,0.005,3.0,0.0003,0.0005,0.5,0.3,100,0.0
159,10,3,0.0015,0.001,3.0,0.0003,0.0005,0.5,0.3,100,1.0
160,10,3,0.0015,0.0025,3.0,0.0003,0.0005,0.5,0.3,100,1.0
161,10,3,0.0015,0.005,3.0,0.0003,0.0005,0.5,0.3,100,1.0
162,10,3,0.0015,0.001,3.0,0.0003,0.0005,0.5,0.3,100,1.25
163,10,3,0.0015,0.0025,3.0,0.0003,0.0005,0.5,0.3,100,1.25
164,10,3,0.0015,0.005,3.0,0.0003,0.0005,0.5,0.3,100,1.25
165,10,3,0.0015,0.001,3.0,0.0003,0.0005,0.5,0.3,100,1.5
166,10,3,0.0015,0.0025,3.0,0.0003,0.0005,0.5,0.3,100,1.5
167,10,3,0.0015,0.005,3.0,0.0003,0.0005,0.5,0.3,100,1.5
168,10,3,0.0015,0.001,3.0,0.0003,0.0005,0.5,0.3,200,0.0
169,10,3,0.0015,0.0025,3.0,0.0003,0.0005,0.5,0.3,200,0.0
170,10,3,0.0015,0.005,3.0,0.0003,0.0005,0.5,0.3,200,0.0
171,10,3,0.0015,0.001,3.0,0.0003,0.0005,0.5,0.3,200,1.0
172,10,3,0.0015,0.0025,3.0,0.0003,0.0005,0.5,0.3,200,1.0
173,10,3,0.0015,0.005,3.0,0.0003,0.0005,0.5,0.3,200,1.0
174,10,3,0.0015,0.001,3.0,0.0003,0.0005,0.5,0.3,200,1.25
175,10,3,0.0015,0.0025,3.0,0.0003,0.0005,0.5,0.3,200,1.25
176,10,3,0.0015,0.005,3.0,0.0003,0.0005,0.5,0.3,200,1.25
177,10,3,0.0015,0.001,3.0,0.0003,0.0005,0.5,0.3,200,1.5
178,10,3,0.0015,0.0025,3.0,0.0003,0.0005,0.5,0.3,200,1.5
179,10,3,0.0015,0.005,3.0,0.0003,0.0005,0.5,0.3,200,1.5
180,10,3,0.0015,0.001,3.0,0.0003,0.0005,0.7,0.3,0,0.0
181,10,3,0.0015,0.0025,3.0,0.0003,0.0005,0.7,0.3,0,0.0
182,10,3,0.0015,0.005,3.0,0.0003,0.0005,0.7,0.3,0,0.0
183,10,3,0.0015,0.001,3.0,0.0003,0.0005,0.7,0.3,0,1.0
184,10,3,0.0015,0.0025,3.0,0.0003,0.0005,0.7,0.3,0,1.0
185,10,3,0.0015,0.005,3.0,0.0003,0.0005,0.7,0.3,0,1.0
186,10,3,0.0015,0.001,3.0,0.0003,0.0005,0.7,0.3,0,1.25
187,10,3,0.0015,0.0025,3.0,0.0003,0.0005,0.7,0.3,0,1.25
188,10,3,0.0015,0.005,3.0,0.0003,0.0005,0.7,0.3,0,1.25
189,10,3,0.0015,0.001,3.0,0.0003,0.0005,0.7,0.3,0,1.5
190,10,3,0.0015,0.0025,3.0,0.0003,0.0005,0.7,0.3,0,1.5
191,10,3,0.0015,0.005,3.0,0.0003,0.0005,0.7,0.3,0,1.5
192,10,3,0.0015,0.001,3.0,0.0003,0.0005,0.7,0.3,100,0.0
193,10,3,0.0015,0.0025,3.0,0.0003,0.0005,0.7,0.3,100,0.0
194,10,3,0.0015,0.005,3.0,0.0003,0.0005,0.7,0.3,100,0.0
195,10,3,0.0015,0.001,3.0,0.0003,0.0005,0.7,0.3,100,1.0
196,10,3,0.0015,0.0025,3.0,0.0003,0.0005,0.7,0.3,100,1.0
197,10,3,0.0015,0.005,3.0,0.0003,0.0005,0.7,0.3,100,1.0
198,10,3,0.0015,0.001,3.0,0.0003,0.0005,0.7,0.3,100,1.25
199,10,3,0.0015,0.0025,3.0,0.0003,0.0005,0.7,0.3,100,1.25
200,10,3,0.0015,0.005,3.0,0.0003,0.0005,0.7,0.3,100,1.25
201,10,3,0.0015,0.001,3.0,0.0003,0.0005,0.7,0.3,100,1.5
202,10,3,0.0015,0.0025,3.0,0.0003,0.0005,0.7,0.3,100,1.5
203,10,3,0.0015,0.005,3.0,0.0003,0.0005,0.7,0.3,100,1.5
204,10,3,0.0015,0.001,3.0,0.0003,0.0005,0.7,0.3,200,0.0
205,10,3,0.0015,0.0025,3.0,0.0003,0.0005,0.7,0.3,200,0.0
206,10,3,0.0015,0.005,3.0,0.0003,0.0005,0.7,0.3,200,0.0
207,10,3,0.0015,0.001,3.0,0.0003,0.0005,0.7,0.3,200,1.0
208,10,3,0.0015,0.0025,3.0,0.0003,0.0005,0.7,0.3,200,1.0
209,10,3,0.0015,0.005,3.0,0.0003,0.0005,0.7,0.3,200,1.0
210,10,3,0.0015,0.001,3.0,0.0003,0.0005,0.7,0.3,200,1.25
211,10,3,0.0015,0.0025,3.0,0.0003,0.0005,0.7,0.3,200,1.25
212,10,3,0.0015,0.005,3.0,0.0003,0.0005,0.7,0.3,200,1.25
213,10,3,0.0015,0.001,3.0,0.0003,0.0005,0.7,0.3,200,1.5
214,10,3,0.0015,0.0025,3.0,0.0003,0.0005,0.7,0.3,200,1.5
215,10,3,0.0015,0.005,3.0,0.0003,0.0005,0.7,0.3,200,1.5
216,10,3,0.0015,0.001,3.0,0.0003,0.0005,0.3,0.4,0,0.0
217,10,3,0.0015,0.0025,3.0,0.0003,0.0005,0.3,0.4,0,0.0
218,10,3,0.0015,0.005,3.0,0.0003,0.0005,0.3,0.4,0,0.0
219,10,3,0.0015,0.001,3.0,0.0003,0.0005,0.3,0.4,0,1.0
220,10,3,0.0015,0.0025,3.0,0.0003,0.0005,0.3,0.4,0,1.0
221,10,3,0.0015,0.005,3.0,0.0003,0.0005,0.3,0.4,0,1.0
222,10,3,0.0015,0.001,3.0,0.0003,0.0005,0.3,0.4,0,1.25
223,10,3,0.0015,0.0025,3.0,0.0003,0.0005,0.3,0.4,0,1.25
224,10,3,0.0015,0.005,3.0,0.0003,0.0005,0.3,0.4,0,1.25
225,10,3,0.0015,0.001,3.0,0.0003,0.0005,0.3,0.4,0,1.5
226,10,3,0.0015,0.0025,3.0,0.0003,0.0005,0.3,0.4,0,1.5
227,10,3,0.0015,0.005,3.0,0.0003,0.0005,0.3,0.4,0,1.5
228,10,3,0.0015,0.001,3.0,0.0003,0.0005,0.3,0.4,100,0.0
229,10,3,0.0015,0.0025,3.0,0.0003,0.0005,0.3,0.4,100,0.0
230,10,3,0.0015,0.005,3.0,0.0003,0.0005,0.3,0.4,100,0.0
231,10,3,0.0015,0.001,3.0,0.0003,0.0005,0.3,0.4,100,1.0
232,10,3,0.0015,0.0025,3.0,0.0003,0.0005,0.3,0.4,100,1.0
233,10,3,0.0015,0.005,3.0,0.0003,0.0005,0.3,0.4,100,1.0
234,10,3,0.0015,0.001,3.0,0.0003,0.0005,0.3,0.4,100,1.25
235,10,3,0.0015,0.0025,3.0,0.0003,0.0005,0.3,0.4,100,1.25
236,10,3,0.0015,0.005,3.0,0.0003,0.0005,0.3,0.4,100,1.25
237,10,3,0.0015,0.001,3.0,0.0003,0.0005,0.3,0.4,100,1.5
238,10,3,0.0015,0.0025,3.0,0.0003,0.0005,0.3,0.4,100,1.5
239,10,3,0.0015,0.005,3.0,0.0003,0.0005,0.3,0.4,100,1.5
240,10,3,0.0015,0.001,3.0,0.0003,0.0005,0.3,0.4,200,0.0
241,10,3,0.0015,0.0025,3.0,0.0003,0.0005,0.3,0.4,200,0.0
242,10,3,0.0015,0.005,3.0,0.0003,0.0005,0.3,0.4,200,0.0
243,10,3,0.0015,0.001,3.0,0.0003,0.0005,0.3,0.4,200,1.0
244,10,3,0.0015,0.0025,3.0,0.0003,0.0005,0.3,0.4,200,1.0
245,10,3,0.0015,0.005,3.0,0.0003,0.0005,0.3,0.4,200,1.0
246,10,3,0.0015,0.001,3.0,0.0003,0.0005,0.3,0.4,200,1.25
247,10,3,0.0015,0.0025,3.0,0.0003,0.0005,0.3,0.4,200,1.25
248,10,3,0.0015,0.005,3.0,0.0003,0.0005,0.3,0.4,200,1.25
249,10,3,0.0015,0.001,3.0,0.0003,0.0005,0.3,0.4,200,1.5
250,10,3,0.0015,0.0025,3.0,0.0003,0.0005,0.3,0.4,200,1.5
251,10,3,0.0015,0.005,3.0,0.0003,0.0005,0.3,0.4,200,1.5
252,10,3,0.0015,0.001,3.0,0.0003,0.0005,0.5,0.4,0,0.0
253,10,3,0.0015,0.0025,3.0,0.0003,0.0005,0.5,0.4,0,0.0
254,10,3,0.0015,0.005,3.0,0.0003,0.0005,0.5,0.4,0,0.0
255,10,3,0.0015,0.001,3.0,0.0003,0.0005,0.5,0.4,0,1.0
256,10,3,0.0015,0.0025,3.0,0.0003,0.0005,0.5,0.4,0,1.0
257,10,3,0.0015,0.005,3.0,0.0003,0.0005,0.5,0.4,0,1.0
258,10,3,0.0015,0.001,3.0,0.0003,0.0005,0.5,0.4,0,1.25
259,10,3,0.0015,0.0025,3.0,0.0003,0.0005,0.5,0.4,0,1.25
260,10,3,0.0015,0.005,3.0,0.0003,0.0005,0.5,0.4,0,1.25
261,10,3,0.0015,0.001,3.0,0.0003,0.0005,0.5,0.4,0,1.5
262,10,3,0.0015,0.0025,3.0,0.0003,0.0005,0.5,0.4,0,1.5
263,10,3,0.0015,0.005,3.0,0.0003,0.0005,0.5,0.4,0,1.5
264,10,3,0.0015,0.001,3.0,0.0003,0.0005,0.5,0.4,100,0.0
265,10,3,0.0015,0.0025,3.0,0.0003,0.0005,0.5,0.4,100,0.0
266,10,3,0.0015,0.005,3.0,0.0003,0.0005,0.5,0.4,100,0.0
267,10,3,0.0015,0.001,3.0,0.0003,0.0005,0.5,0.4,100,1.0
268,10,3,0.0015,0.0025,3.0,0.0003,0.0005,0.5,0.4,100,1.0
269,10,3,0.0015,0.005,3.0,0.0003,0.0005,0.5,0.4,100,1.0
270,10,3,0.0015,0.001,3.0,0.0003,0.0005,0.5,0.4,100,1.25
271,10,3,0.0015,0.0025,3.0,0.0003,0.0005,0.5,0.4,100,1.25
272,10,3,0.0015,0.005,3.0,0.0003,0.0005,0.5,0.4,100,1.25
273,10,3,0.0015,0.001,3.0,0.0003,0.0005,0.5,0.4,100,1.5
274,10,3,0.0015,0.0025,3.0,0.0003,0.0005,0.5,0.4,100,1.5
275,10,3,0.0015,0.005,3.0,0.0003,0.0005,0.5,0.4,100,1.5
276,10,3,0.0015,0.001,3.0,0.0003,0.0005,0.5,0.4,200,0.0
277,10,3,0.0015,0.0025,3.0,0.0003,0.0005,0.5,0.4,200,0.0
278,10,3,0.0015,0.005,3.0,0.0003,0.0005,0.5,0.4,200,0.0
279,10,3,0.0015,0.001,3.0,0.0003,0.0005,0.5,0.4,200,1.0
280,10,3,0.0015,0.0025,3.0,0.0003,0.0005,0.5,0.4,200,1.0
281,10,3,0.0015,0.005,3.0,0.0003,0.0005,0.5,0.4,200,1.0
282,10,3,0.0015,0.001,3.0,0.0003,0.0005,0.5,0.4,200,1.25
283,10,3,0.0015,0.0025,3.0,0.0003,0.0005,0.5,0.4,200,1.25
284,10,3,0.0015,0.005,3.0,0.0003,0.0005,0.5,0.4,200,1.25
285,10,3,0.0015,0.001,3.0,0.0003,0.0005,0.5,0.4,200,1.5
286,10,3,0.0015,0.0025,3.0,0.0003,0.0005,0.5,0.4,200,1.5
287,10,3,0.0015,0.005,3.0,0.0003,0.0005,0.5,0.4,200,1.5
288,10,3,0.0015,0.001,3.0,0.0003,0.0005,0.7,0.4,0,0.0
289,10,3,0.0015,0.0025,3.0,0.0003,0.0005,0.7,0.4,0,0.0
290,10,3,0.0015,0.005,3.0,0.0003,0.0005,0.7,0.4,0,0.0
291,10,3,0.0015,0.001,3.0,0.0003,0.0005,0.7,0.4,0,1.0
292,10,3,0.0015,0.0025,3.0,0.0003,0.0005,0.7,0.4,0,1.0
293,10,3,0.0015,0.005,3.0,0.0003,0.0005,0.7,0.4,0,1.0
294,10,3,0.0015,0.001,3.0,0.0003,0.0005,0.7,0.4,0,1.25
295,10,3,0.0015,0.0025,3.0,0.0003,0.0005,0.7,0.4,0,1.25
296,10,3,0.0015,0.005,3.0,0.0003,0.0005,0.7,0.4,0,1.25
297,10,3,0.0015,0.001,3.0,0.0003,0.0005,0.7,0.4,0,1.5
298,10,3,0.0015,0.0025,3.0,0.0003,0.0005,0.7,0.4,0,1.5
299,10,3,0.0015,0.005,3.0,0.0003,0.0005,0.7,0.4,0,1.5
300,10,3,0.0015,0.001,3.0,0.0003,0.0005,0.7,0.4,100,0.0
301,10,3,0.0015,0.0025,3.0,0.0003,0.0005,0.7,0.4,100,0.0
302,10,3,0.0015,0.005,3.0,0.0003,0.0005,0.7,0.4,100,0.0
303,10,3,0.0015,0.001,3.0,0.0003,0.0005,0.7,0.4,100,1.0
304,10,3,0.0015,0.0025,3.0,0.0003,0.0005,0.7,0.4,100,1.0
305,10,3,0.0015,0.005,3.0,0.0003,0.0005,0.7,0.4,100,1.0
306,10,3,0.0015,0.001,3.0,0.0003,0.0005,0.7,0.4,100,1.25
307,10,3,0.0015,0.0025,3.0,0.0003,0.0005,0.7,0.4,100,1.25
308,10,3,0.0015,0.005,3.0,0.0003,0.0005,0.7,0.4,100,1.25
309,10,3,0.0015,0.001,3.0,0.0003,0.0005,0.7,0.4,100,1.5
310,10,3,0.0015,0.0025,3.0,0.0003,0.0005,0.7,0.4,100,1.5
311,10,3,0.0015,0.005,3.0,0.0003,0.0005,0.7,0.4,100,1.5
312,10,3,0.0015,0.001,3.0,0.0003,0.0005,0.7,0.4,200,0.0
313,10,3,0.0015,0.0025,3.0,0.0003,0.0005,0.7,0.4,200,0.0
314,10,3,0.0015,0.005,3.0,0.0003,0.0005,0.7,0.4,200,0.0
315,10,3,0.0015,0.001,3.0,0.0003,0.0005,0.7,0.4,200,1.0
316,10,3,0.0015,0.0025,3.0,0.0003,0.0005,0.7,0.4,200,1.0
317,10,3,0.0015,0.005,3.0,0.0003,0.0005,0.7,0.4,200,1.0
318,10,3,0.0015,0.001,3.0,0.0003,0.0005,0.7,0.4,200,1.25
319,10,3,0.0015,0.0025,3.0,0.0003,0.0005,0.7,0.4,200,1.25
320,10,3,0.0015,0.005,3.0,0.0003,0.0005,0.7,0.4,200,1.25
321,10,3,0.0015,0.001,3.0,0.0003,0.0005,0.7,0.4,200,1.5
322,10,3,0.0015,0.0025,3.0,0.0003,0.0005,0.7,0.4,200,1.5
323,10,3,0.0015,0.005,3.0,0.0003,0.0005,0.7,0.4,200,1.5
324,10,3,0.003,0.001,3.0,0.0003,0.0005,0.3,0.2,0,0.0
325,10,3,0.003,0.0025,3.0,0.0003,0.0005,0.3,0.2,0,0.0
326,10,3,0.003,0.005,3.0,0.0003,0.0005,0.3,0.2,0,0.0
327,10,3,0.003,0.001,3.0,0.0003,0.0005,0.3,0.2,0,1.0
328,10,3,0.003,0.0025,3.0,0.0003,0.0005,0.3,0.2,0,1.0
329,10,3,0.003,0.005,3.0,0.0003,0.0005,0.3,0.2,0,1.0
330,10,3,0.003,0.001,3.0,0.0003,0.0005,0.3,0.2,0,1.25
331,10,3,0.003,0.0025,3.0,0.0003,0.0005,0.3,0.2,0,1.25
332,10,3,0.003,0.005,3.0,0.0003,0.0005,0.3,0.2,0,1.25
333,10,3,0.003,0.001,3.0,0.0003,0.0005,0.3,0.2,0,1.5
334,10,3,0.003,0.0025,3.0,0.0003,0.0005,0.3,0.2,0,1.5
335,10,3,0.003,0.005,3.0,0.0003,0.0005,0.3,0.2,0,1.5
336,10,3,0.003,0.001,3.0,0.0003,0.0005,0.3,0.2,100,0.0
337,10,3,0.003,0.0025,3.0,0.0003,0.0005,0.3,0.2,100,0.0
338,10,3,0.003,0.005,3.0,0.0003,0.0005,0.3,0.2,100,0.0
339,10,3,0.003,0.001,3.0,0.0003,0.0005,0.3,0.2,100,1.0
340,10,3,0.003,0.0025,3.0,0.0003,0.0005,0.3,0.2,100,1.0
341,10,3,0.003,0.005,3.0,0.0003,0.0005,0.3,0.2,100,1.0
342,10,3,0.003,0.001,3.0,0.0003,0.0005,0.3,0.2,100,1.25
343,10,3,0.003,0.0025,3.0,0.0003,0.0005,0.3,0.2,100,1.25
344,10,3,0.003,0.005,3.0,0.0003,0.0005,0.3,0.2,100,1.25
345,10,3,0.003,0.001,3.0,0.0003,0.0005,0.3,0.2,100,1.5
346,10,3,0.003,0.0025,3.0,0.0003,0.0005,0.3,0.2,100,1.5
347,10,3,0.003,0.005,3.0,0.0003,0.0005,0.3,0.2,100,1.5
348,10,3,0.003,0.001,3.0,0.0003,0.0005,0.3,0.2,200,0.0
349,10,3,0.003,0.0025,3.0,0.0003,0.0005,0.3,0.2,200,0.0
350,10,3,0.003,0.005,3.0,0.0003,0.0005,0.3,0.2,200,0.0
351,10,3,0.003,0.001,3.0,0.0003,0.0005,0.3,0.2,200,1.0
352,10,3,0.003,0.0025,3.0,0.0003,0.0005,0.3,0.2,200,1.0
353,10,3,0.003,0.005,3.0,0.0003,0.0005,0.3,0.2,200,1.0
354,10,3,0.003,0.001,3.0,0.0003,0.0005,0.3,0.2,200,1.25
355,10,3,0.003,0.0025,3.0,0.0003,0.0005,0.3,0.2,200,1.25
356,10,3,0.003,0.005,3.0,0.0003,0.0005,0.3,0.2,200,1.25
357,10,3,0.003,0.001,3.0,0.0003,0.0005,0.3,0.2,200,1.5
358,10,3,0.003,0.0025,3.0,0.0003,0.0005,0.3,0.2,200,1.5
359,10,3,0.003,0.005,3.0,0.0003,0.0005,0.3,0.2,200,1.5
360,10,3,0.003,0.001,3.0,0.0003,0.0005,0.5,0.2,0,0.0
361,10,3,0.003,0.0025,3.0,0.0003,0.0005,0.5,0.2,0,0.0
362,10,3,0.003,0.005,3.0,0.0003,0.0005,0.5,0.2,0,0.0
363,10,3,0.003,0.001,3.0,0.0003,0.0005,0.5,0.2,0,1.0
364,10,3,0.003,0.0025,3.0,0.0003,0.0005,0.5,0.2,0,1.0
365,10,3,0.003,0.005,3.0,0.0003,0.0005,0.5,0.2,0,1.0
366,10,3,0.003,0.001,3.0,0.0003,0.0005,0.5,0.2,0,1.25
367,10,3,0.003,0.0025,3.0,0.0003,0.0005,0.5,0.2,0,1.25
368,10,3,0.003,0.005,3.0,0.0003,0.0005,0.5,0.2,0,1.25
369,10,3,0.003,0.001,3.0,0.0003,0.0005,0.5,0.2,0,1.5
370,10,3,0.003,0.0025,3.0,0.0003,0.0005,0.5,0.2,0,1.5
371,10,3,0.003,0.005,3.0,0.0003,0.0005,0.5,0.2,0,1.5
372,10,3,0.003,0.001,3.0,0.0003,0.0005,0.5,0.2,100,0.0
373,10,3,0.003,0.0025,3.0,0.0003,0.0005,0.5,0.2,100,0.0
374,10,3,0.003,0.005,3.0,0.0003,0.0005,0.5,0.2,100,0.0
375,10,3,0.003,0.001,3.0,0.0003,0.0005,0.5,0.2,100,1.0
376,10,3,0.003,0.0025,3.0,0.0003,0.0005,0.5,0.2,100,1.0
377,10,3,0.003,0.005,3.0,0.0003,0.0005,0.5,0.2,100,1.0
378,10,3,0.003,0.001,3.0,0.0003,0.0005,0.5,0.2,100,1.25
379,10,3,0.003,0.0025,3.0,0.0003,0.0005,0.5,0.2,100,1.25
380,10,3,0.003,0.005,3.0,0.0003,0.0005,0.5,0.2,100,1.25
381,10,3,0.003,0.001,3.0,0.0003,0.0005,0.5,0.2,100,1.5
382,10,3,0.003,0.0025,3.0,0.0003,0.0005,0.5,0.2,100,1.5
383,10,3,0.003,0.005,3.0,0.0003,0.0005,0.5,0.2,100,1.5
384,10,3,0.003,0.001,3.0,0.0003,0.0005,0.5,0.2,200,0.0
385,10,3,0.003,0.0025,3.0,0.0003,0.0005,0.5,0.2,200,0.0
386,10,3,0.003,0.005,3.0,0.0003,0.0005,0.5,0.2,200,0.0
387,10,3,0.003,0.001,3.0,0.0003,0.0005,0.5,0.2,200,1.0
388,10,3,0.003,0.0025,3.0,0.0003,0.0005,0.5,0.2,200,1.0
389,10,3,0.003,0.005,3.0,0.0003,0.0005,0.5,0.2,200,1.0
390,10,3,0.003,0.001,3.0,0.0003,0.0005,0.5,0.2,200,1.25
391,10,3,0.003,0.0025,3.0,0.0003,0.0005,0.5,0.2,200,1.25
392,10,3,0.003,0.005,3.0,0.0003,0.0005,0.5,0.2,200,1.25
393,10,3,0.003,0.001,3.0,0.0003,0.0005,0.5,0.2,200,1.5
394,10,3,0.003,0.0025,3.0,0.0003,0.0005,0.5,0.2,200,1.5
395,10,3,0.003,0.005,3.0,0.0003,0.0005,0.5,0.2,200,1.5
396,10,3,0.003,0.001,3.0,0.0003,0.0005,0.7,0.2,0,0.0
397,10,3,0.003,0.0025,3.0,0.0003,0.0005,0.7,0.2,0,0.0
398,10,3,0.003,0.005,3.0,0.0003,0.0005,0.7,0.2,0,0.0
399,10,3,0.003,0.001,3.0,0.0003,0.0005,0.7,0.2,0,1.0
400,10,3,0.003,0.0025,3.0,0.0003,0.0005,0.7,0.2,0,1.0
401,10,3,0.003,0.005,3.0,0.0003,0.0005,0.7,0.2,0,1.0
402,10,3,0.003,0.001,3.0,0.0003,0.0005,0.7,0.2,0,1.25
403,10,3,0.003,0.0025,3.0,0.0003,0.0005,0.7,0.2,0,1.25
404,10,3,0.003,0.005,3.0,0.0003,0.0005,0.7,0.2,0,1.25
405,10,3,0.003,0.001,3.0,0.0003,0.0005,0.7,0.2,0,1.5
406,10,3,0.003,0.0025,3.0,0.0003,0.0005,0.7,0.2,0,1.5
407,10,3,0.003,0.005,3.0,0.0003,0.0005,0.7,0.2,0,1.5
408,10,3,0.003,0.001,3.0,0.0003,0.0005,0.7,0.2,100,0.0
409,10,3,0.003,0.0025,3.0,0.0003,0.0005,0.7,0.2,100,0.0
410,10,3,0.003,0.005,3.0,0.0003,0.0005,0.7,0.2,100,0.0
411,10,3,0.003,0.001,3.0,0.0003,0.0005,0.7,0.2,100,1.0
412,10,3,0.003,0.0025,3.0,0.0003,0.0005,0.7,0.2,100,1.0
413,10,3,0.003,0.005,3.0,0.0003,0.0005,0.7,0.2,100,1.0
414,10,3,0.003,0.001,3.0,0.0003,0.0005,0.7,0.2,100,1.25
415,10,3,0.003,0.0025,3.0,0.0003,0.0005,0.7,0.2,100,1.25
416,10,3,0.003,0.005,3.0,0.0003,0.0005,0.7,0.2,100,1.25
417,10,3,0.003,0.001,3.0,0.0003,0.0005,0.7,0.2,100,1.5
418,10,3,0.003,0.0025,3.0,0.0003,0.0005,0.7,0.2,100,1.5
419,10,3,0.003,0.005,3.0,0.0003,0.0005,0.7,0.2,100,1.5
420,10,3,0.003,0.001,3.0,0.0003,0.0005,0.7,0.2,200,0.0
421,10,3,0.003,0.0025,3.0,0.0003,0.0005,0.7,0.2,200,0.0
422,10,3,0.003,0.005,3.0,0.0003,0.0005,0.7,0.2,200,0.0
423,10,3,0.003,0.001,3.0,0.0003,0.0005,0.7,0.2,200,1.0
424,10,3,0.003,0.0025,3.0,0.0003,0.0005,0.7,0.2,200,1.0
425,10,3,0.003,0.005,3.0,0.0003,0.0005,0.7,0.2,200,1.0
426,10,3,0.003,0.001,3.0,0.0003,0.0005,0.7,0.2,200,1.25
427,10,3,0.003,0.0025,3.0,0.0003,0.0005,0.7,0.2,200,1.25
428,10,3,0.003,0.005,3.0,0.0003,0.0005,0.7,0.2,200,1.25
429,10,3,0.003,0.001,3.0,0.0003,0.0005,0.7,0.2,200,1.5
430,10,3,0.003,0.0025,3.0,0.0003,0.0005,0.7,0.2,200,1.5
431,10,3,0.003,0.005,3.0,0.0003,0.0005,0.7,0.2,200,1.5
432,10,3,0.003,0.001,3.0,0.0003,0.0005,0.3,0.3,0,0.0
433,10,3,0.003,0.0025,3.0,0.0003,0.0005,0.3,0.3,0,0.0
434,10,3,0.003,0.005,3.0,0.0003,0.0005,0.3,0.3,0,0.0
435,10,3,0.003,0.001,3.0,0.0003,0.0005,0.3,0.3,0,1.0
436,10,3,0.003,0.0025,3.0,0.0003,0.0005,0.3,0.3,0,1.0
437,10,3,0.003,0.005,3.0,0.0003,0.0005,0.3,0.3,0,1.0
438,10,3,0.003,0.001,3.0,0.0003,0.0005,0.3,0.3,0,1.25
439,10,3,0.003,0.0025,3.0,0.0003,0.0005,0.3,0.3,0,1.25
440,10,3,0.003,0.005,3.0,0.0003,0.0005,0.3,0.3,0,1.25
441,10,3,0.003,0.001,3.0,0.0003,0.0005,0.3,0.3,0,1.5
442,10,3,0.003,0.0025,3.0,0.0003,0.0005,0.3,0.3,0,1.5
443,10,3,0.003,0.005,3.0,0.0003,0.0005,0.3,0.3,0,1.5
444,10,3,0.003,0.001,3.0,0.0003,0.0005,0.3,0.3,100,0.0
445,10,3,0.003,0.0025,3.0,0.0003,0.0005,0.3,0.3,100,0.0
446,10,3,0.003,0.005,3.0,0.0003,0.0005,0.3,0.3,100,0.0
447,10,3,0.003,0.001,3.0,0.0003,0.0005,0.3,0.3,100,1.0
448,10,3,0.003,0.0025,3.0,0.0003,0.0005,0.3,0.3,100,1.0
449,10,3,0.003,0.005,3.0,0.0003,0.0005,0.3,0.3,100,1.0
450,10,3,0.003,0.001,3.0,0.0003,0.0005,0.3,0.3,100,1.25
451,10,3,0.003,0.0025,3.0,0.0003,0.0005,0.3,0.3,100,1.25
452,10,3,0.003,0.005,3.0,0.0003,0.0005,0.3,0.3,100,1.25
453,10,3,0.003,0.001,3.0,0.0003,0.0005,0.3,0.3,100,1.5
454,10,3,0.003,0.0025,3.0,0.0003,0.0005,0.3,0.3,100,1.5
455,10,3,0.003,0.005,3.0,0.0003,0.0005,0.3,0.3,100,1.5
456,10,3,0.003,0.001,3.0,0.0003,0.0005,0.3,0.3,200,0.0
457,10,3,0.003,0.0025,3.0,0.0003,0.0005,0.3,0.3,200,0.0
458,10,3,0.003,0.005,3.0,0.0003,0.0005,0.3,0.3,200,0.0
459,10,3,0.003,0.001,3.0,0.0003,0.0005,0.3,0.3,200,1.0
460,10,3,0.003,0.0025,3.0,0.0003,0.0005,0.3,0.3,200,1.0
461,10,3,0.003,0.005,3.0,0.0003,0.0005,0.3,0.3,200,1.0
462,10,3,0.003,0.001,3.0,0.0003,0.0005,0.3,0.3,200,1.25
463,10,3,0.003,0.0025,3.0,0.0003,0.0005,0.3,0.3,200,1.25
464,10,3,0.003,0.005,3.0,0.0003,0.0005,0.3,0.3,200,1.25
465,10,3,0.003,0.001,3.0,0.0003,0.0005,0.3,0.3,200,1.5
466,10,3,0.003,0.0025,3.0,0.0003,0.0005,0.3,0.3,200,1.5
467,10,3,0.003,0.005,3.0,0.0003,0.0005,0.3,0.3,200,1.5
468,10,3,0.003,0.001,3.0,0.0003,0.0005,0.5,0.3,0,0.0
469,10,3,0.003,0.0025,3.0,0.0003,0.0005,0.5,0.3,0,0.0
470,10,3,0.003,0.005,3.0,0.0003,0.0005,0.5,0.3,0,0.0
471,10,3,0.003,0.001,3.0,0.0003,0.0005,0.5,0.3,0,1.0
472,10,3,0.003,0.0025,3.0,0.0003,0.0005,0.5,0.3,0,1.0
473,10,3,0.003,0.005,3.0,0.0003,0.0005,0.5,0.3,0,1.0
474,10,3,0.003,0.001,3.0,0.0003,0.0005,0.5,0.3,0,1.25
475,10,3,0.003,0.0025,3.0,0.0003,0.0005,0.5,0.3,0,1.25
476,10,3,0.003,0.005,3.0,0.0003,0.0005,0.5,0.3,0,1.25
477,10,3,0.003,0.001,3.0,0.0003,0.0005,0.5,0.3,0,1.5
478,10,3,0.003,0.0025,3.0,0.0003,0.0005,0.5,0.3,0,1.5
479,10,3,0.003,0.005,3.0,0.0003,0.0005,0.5,0.3,0,1.5
480,10,3,0.003,0.001,3.0,0.0003,0.0005,0.5,0.3,100,0.0
481,10,3,0.003,0.0025,3.0,0.0003,0.0005,0.5,0.3,100,0.0
482,10,3,0.003,0.005,3.0,0.0003,0.0005,0.5,0.3,100,0.0
483,10,3,0.003,0.001,3.0,0.0003,0.0005,0.5,0.3,100,1.0
484,10,3,0.003,0.0025,3.0,0.0003,0.0005,0.5,0.3,100,1.0
485,10,3,0.003,0.005,3.0,0.0003,0.0005,0.5,0.3,100,1.0
486,10,3,0.003,0.001,3.0,0.0003,0.0005,0.5,0.3,100,1.25
487,10,3,0.003,0.0025,3.0,0.0003,0.0005,0.5,0.3,100,1.25
488,10,3,0.003,0.005,3.0,0.0003,0.0005,0.5,0.3,100,1.25
489,10,3,0.003,0.001,3.0,0.0003,0.0005,0.5,0.3,100,1.5
490,10,3,0.003,0.0025,3.0,0.0003,0.0005,0.5,0.3,100,1.5
491,10,3,0.003,0.005,3.0,0.0003,0.0005,0.5,0.3,100,1.5
492,10,3,0.003,0.001,3.0,0.0003,0.0005,0.5,0.3,200,0.0
493,10,3,0.003,0.0025,3.0,0.0003,0.0005,0.5,0.3,200,0.0
494,10,3,0.003,0.005,3.0,0.0003,0.0005,0.5,0.3,200,0.0
495,10,3,0.003,0.001,3.0,0.0003,0.0005,0.5,0.3,200,1.0
496,10,3,0.003,0.0025,3.0,0.0003,0.0005,0.5,0.3,200,1.0
497,10,3,0.003,0.005,3.0,0.0003,0.0005,0.5,0.3,200,1.0
498,10,3,0.003,0.001,3.0,0.0003,0.0005,0.5,0.3,200,1.25
499,10,3,0.003,0.0025,3.0,0.0003,0.0005,0.5,0.3,200,1.25
500,10,3,0.003,0.005,3.0,0.0003,0.0005,0.5,0.3,200,1.25
501,10,3,0.003,0.001,3.0,0.0003,0.0005,0.5,0.3,200,1.5
502,10,3,0.003,0.0025,3.0,0.0003,0.0005,0.5,0.3,200,1.5
503,10,3,0.003,0.005,3.0,0.0003,0.0005,0.5,0.3,200,1.5
504,10,3,0.003,0.001,3.0,0.0003,0.0005,0.7,0.3,0,0.0
505,10,3,0.003,0.0025,3.0,0.0003,0.0005,0.7,0.3,0,0.0
506,10,3,0.003,0.005,3.0,0.0003,0.0005,0.7,0.3,0,0.0
507,10,3,0.003,0.001,3.0,0.0003,0.0005,0.7,0.3,0,1.0
508,10,3,0.003,0.0025,3.0,0.0003,0.0005,0.7,0.3,0,1.0
509,10,3,0.003,0.005,3.0,0.0003,0.0005,0.7,0.3,0,1.0
510,10,3,0.003,0.001,3.0,0.0003,0.0005,0.7,0.3,0,1.25
511,10,3,0.003,0.0025,3.0,0.0003,0.0005,0.7,0.3,0,1.25
512,10,3,0.003,0.005,3.0,0.0003,0.0005,0.7,0.3,0,1.25
513,10,3,0.003,0.001,3.0,0.0003,0.0005,0.7,0.3,0,1.5
514,10,3,0.003,0.0025,3.0,0.0003,0.0005,0.7,0.3,0,1.5
515,10,3,0.003,0.005,3.0,0.0003,0.0005,0.7,0.3,0,1.5
516,10,3,0.003,0.001,3.0,0.0003,0.0005,0.7,0.3,100,0.0
517,10,3,0.003,0.0025,3.0,0.0003,0.0005,0.7,0.3,100,0.0
518,10,3,0.003,0.005,3.0,0.0003,0.0005,0.7,0.3,100,0.0
519,10,3,0.003,0.001,3.0,0.0003,0.0005,0.7,0.3,100,1.0
520,10,3,0.003,0.0025,3.0,0.0003,0.0005,0.7,0.3,100,1.0
521,10,3,0.003,0.005,3.0,0.0003,0.0005,0.7,0.3,100,1.0
522,10,3,0.003,0.001,3.0,0.0003,0.0005,0.7,0.3,100,1.25
523,10,3,0.003,0.0025,3.0,0.0003,0.0005,0.7,0.3,100,1.25
524,10,3,0.003,0.005,3.0,0.0003,0.0005,0.7,0.3,100,1.25
525,10,3,0.003,0.001,3.0,0.0003,0.0005,0.7,0.3,100,1.5
526,10,3,0.003,0.0025,3.0,0.0003,0.0005,0.7,0.3,100,1.5
527,10,3,0.003,0.005,3.0,0.0003,0.0005,0.7,0.3,100,1.5
528,10,3,0.003,0.001,3.0,0.0003,0.0005,0.7,0.3,200,0.0
529,10,3,0.003,0.0025,3.0,0.0003,0.0005,0.7,0.3,200,0.0
530,10,3,0.003,0.005,3.0,0.0003,0.0005,0.7,0.3,200,0.0
531,10,3,0.003,0.001,3.0,0.0003,0.0005,0.7,0.3,200,1.0
532,10,3,0.003,0.0025,3.0,0.0003,0.0005,0.7,0.3,200,1.0
533,10,3,0.003,0.005,3.0,0.0003,0.0005,0.7,0.3,200,1.0
534,10,3,0.003,0.001,3.0,0.0003,0.0005,0.7,0.3,200,1.25
535,10,3,0.003,0.0025,3.0,0.0003,0.0005,0.7,0.3,200,1.25
536,10,3,0.003,0.005,3.0,0.0003,0.0005,0.7,0.3,200,1.25
537,10,3,0.003,0.001,3.0,0.0003,0.0005,0.7,0.3,200,1.5
538,10,3,0.003,0.0025,3.0,0.0003,0.0005,0.7,0.3,200,1.5
539,10,3,0.003,0.005,3.0,0.0003,0.0005,0.7,0.3,200,1.5
540,10,3,0.003,0.001,3.0,0.0003,0.0005,0.3,0.4,0,0.0
541,10,3,0.003,0.0025,3.0,0.0003,0.0005,0.3,0.4,0,0.0
542,10,3,0.003,0.005,3.0,0.0003,0.0005,0.3,0.4,0,0.0
543,10,3,0.003,0.001,3.0,0.0003,0.0005,0.3,0.4,0,1.0
544,10,3,0.003,0.0025,3.0,0.0003,0.0005,0.3,0.4,0,1.0
545,10,3,0.003,0.005,3.0,0.0003,0.0005,0.3,0.4,0,1.0
546,10,3,0.003,0.001,3.0,0.0003,0.0005,0.3,0.4,0,1.25
547,10,3,0.003,0.0025,3.0,0.0003,0.0005,0.3,0.4,0,1.25
548,10,3,0.003,0.005,3.0,0.0003,0.0005,0.3,0.4,0,1.25
549,10,3,0.003,0.001,3.0,0.0003,0.0005,0.3,0.4,0,1.5
550,10,3,0.003,0.0025,3.0,0.0003,0.0005,0.3,0.4,0,1.5
551,10,3,0.003,0.005,3.0,0.0003,0.0005,0.3,0.4,0,1.5
552,10,3,0.003,0.001,3.0,0.0003,0.0005,0.3,0.4,100,0.0
553,10,3,0.003,0.0025,3.0,0.0003,0.0005,0.3,0.4,100,0.0
554,10,3,0.003,0.005,3.0,0.0003,0.0005,0.3,0.4,100,0.0
555,10,3,0.003,0.001,3.0,0.0003,0.0005,0.3,0.4,100,1.0
556,10,3,0.003,0.0025,3.0,0.0003,0.0005,0.3,0.4,100,1.0
557,10,3,0.003,0.005,3.0,0.0003,0.0005,0.3,0.4,100,1.0
558,10,3,0.003,0.001,3.0,0.0003,0.0005,0.3,0.4,100,1.25
559,10,3,0.003,0.0025,3.0,0.0003,0.0005,0.3,0.4,100,1.25
560,10,3,0.003,0.005,3.0,0.0003,0.0005,0.3,0.4,100,1.25
561,10,3,0.003,0.001,3.0,0.0003,0.0005,0.3,0.4,100,1.5
562,10,3,0.003,0.0025,3.0,0.0003,0.0005,0.3,0.4,100,1.5
563,10,3,0.003,0.005,3.0,0.0003,0.0005,0.3,0.4,100,1.5
564,10,3,0.003,0.001,3.0,0.0003,0.0005,0.3,0.4,200,0.0
565,10,3,0.003,0.0025,3.0,0.0003,0.0005,0.3,0.4,200,0.0
566,10,3,0.003,0.005,3.0,0.0003,0.0005,0.3,0.4,200,0.0
567,10,3,0.003,0.001,3.0,0.0003,0.0005,0.3,0.4,200,1.0
568,10,3,0.003,0.0025,3.0,0.0003,0.0005,0.3,0.4,200,1.0
569,10,3,0.003,0.005,3.0,0.0003,0.0005,0.3,0.4,200,1.0
570,10,3,0.003,0.001,3.0,0.0003,0.0005,0.3,0.4,200,1.25
571,10,3,0.003,0.0025,3.0,0.0003,0.0005,0.3,0.4,200,1.25
572,10,3,0.003,0.005,3.0,0.0003,0.0005,0.3,0.4,200,1.25
573,10,3,0.003,0.001,3.0,0.0003,0.0005,0.3,0.4,200,1.5
574,10,3,0.003,0.0025,3.0,0.0003,0.0005,0.3,0.4,200,1.5
575,10,3,0.003,0.005,3.0,0.0003,0.0005,0.3,0.4,200,1.5
576,10,3,0.003,0.001,3.0,0.0003,0.0005,0.5,0.4,0,0.0
577,10,3,0.003,0.0025,3.0,0.0003,0.0005,0.5,0.4,0,0.0
578,10,3,0.003,0.005,3.0,0.0003,0.0005,0.5,0.4,0,0.0
579,10,3,0.003,0.001,3.0,0.0003,0.0005,0.5,0.4,0,1.0
580,10,3,0.003,0.0025,3.0,0.0003,0.0005,0.5,0.4,0,1.0
581,10,3,0.003,0.005,3.0,0.0003,0.0005,0.5,0.4,0,1.0
582,10,3,0.003,0.001,3.0,0.0003,0.0005,0.5,0.4,0,1.25
583,10,3,0.003,0.0025,3.0,0.0003,0.0005,0.5,0.4,0,1.25
584,10,3,0.003,0.005,3.0,0.0003,0.0005,0.5,0.4,0,1.25
585,10,3,0.003,0.001,3.0,0.0003,0.0005,0.5,0.4,0,1.5
586,10,3,0.003,0.0025,3.0,0.0003,0.0005,0.5,0.4,0,1.5
587,10,3,0.003,0.005,3.0,0.0003,0.0005,0.5,0.4,0,1.5
588,10,3,0.003,0.001,3.0,0.0003,0.0005,0.5,0.4,100,0.0
589,10,3,0.003,0.0025,3.0,0.0003,0.0005,0.5,0.4,100,0.0
590,10,3,0.003,0.005,3.0,0.0003,0.0005,0.5,0.4,100,0.0
591,10,3,0.003,0.001,3.0,0.0003,0.0005,0.5,0.4,100,1.0
592,10,3,0.003,0.0025,3.0,0.0003,0.0005,0.5,0.4,100,1.0
593,10,3,0.003,0.005,3.0,0.0003,0.0005,0.5,0.4,100,1.0
594,10,3,0.003,0.001,3.0,0.0003,0.0005,0.5,0.4,100,1.25
595,10,3,0.003,0.0025,3.0,0.0003,0.0005,0.5,0.4,100,1.25
596,10,3,0.003,0.005,3.0,0.0003,0.0005,0.5,0.4,100,1.25
597,10,3,0.003,0.001,3.0,0.0003,0.0005,0.5,0.4,100,1.5
598,10,3,0.003,0.0025,3.0,0.0003,0.0005,0.5,0.4,100,1.5
599,10,3,0.003,0.005,3.0,0.0003,0.0005,0.5,0.4,100,1.5
600,10,3,0.003,0.001,3.0,0.0003,0.0005,0.5,0.4,200,0.0
601,10,3,0.003,0.0025,3.0,0.0003,0.0005,0.5,0.4,200,0.0
602,10,3,0.003,0.005,3.0,0.0003,0.0005,0.5,0.4,200,0.0
603,10,3,0.003,0.001,3.0,0.0003,0.0005,0.5,0.4,200,1.0
604,10,3,0.003,0.0025,3.0,0.0003,0.0005,0.5,0.4,200,1.0
605,10,3,0.003,0.005,3.0,0.0003,0.0005,0.5,0.4,200,1.0
606,10,3,0.003,0.001,3.0,0.0003,0.0005,0.5,0.4,200,1.25
607,10,3,0.003,0.0025,3.0,0.0003,0.0005,0.5,0.4,200,1.25
608,10,3,0.003,0.005,3.0,0.0003,0.0005,0.5,0.4,200,1.25
609,10,3,0.003,0.001,3.0,0.0003,0.0005,0.5,0.4,200,1.5
610,10,3,0.003,0.0025,3.0,0.0003,0.0005,0.5,0.4,200,1.5
611,10,3,0.003,0.005,3.0,0.0003,0.0005,0.5,0.4,200,1.5
612,10,3,0.003,0.001,3.0,0.0003,0.0005,0.7,0.4,0,0.0
613,10,3,0.003,0.0025,3.0,0.0003,0.0005,0.7,0.4,0,0.0
614,10,3,0.003,0.005,3.0,0.0003,0.0005,0.7,0.4,0,0.0
615,10,3,0.003,0.001,3.0,0.0003,0.0005,0.7,0.4,0,1.0
616,10,3,0.003,0.0025,3.0,0.0003,0.0005,0.7,0.4,0,1.0
617,10,3,0.003,0.005,3.0,0.0003,0.0005,0.7,0.4,0,1.0
618,10,3,0.003,0.001,3.0,0.0003,0.0005,0.7,0.4,0,1.25
619,10,3,0.003,0.0025,3.0,0.0003,0.0005,0.7,0.4,0,1.25
620,10,3,0.003,0.005,3.0,0.0003,0.0005,0.7,0.4,0,1.25
621,10,3,0.003,0.001,3.0,0.0003,0.0005,0.7,0.4,0,1.5
622,10,3,0.003,0.0025,3.0,0.0003,0.0005,0.7,0.4,0,1.5
623,10,3,0.003,0.005,3.0,0.0003,0.0005,0.7,0.4,0,1.5
624,10,3,0.003,0.001,3.0,0.0003,0.0005,0.7,0.4,100,0.0
625,10,3,0.003,0.0025,3.0,0.0003,0.0005,0.7,0.4,100,0.0
626,10,3,0.003,0.005,3.0,0.0003,0.0005,0.7,0.4,100,0.0
627,10,3,0.003,0.001,3.0,0.0003,0.0005,0.7,0.4,100,1.0
628,10,3,0.003,0.0025,3.0,0.0003,0.0005,0.7,0.4,100,1.0
629,10,3,0.003,0.005,3.0,0.0003,0.0005,0.7,0.4,100,1.0
630,10,3,0.003,0.001,3.0,0.0003,0.0005,0.7,0.4,100,1.25
631,10,3,0.003,0.0025,3.0,0.0003,0.0005,0.7,0.4,100,1.25
632,10,3,0.003,0.005,3.0,0.0003,0.0005,0.7,0.4,100,1.25
633,10,3,0.003,0.001,3.0,0.0003,0.0005,0.7,0.4,100,1.5
634,10,3,0.003,0.0025,3.0,0.0003,0.0005,0.7,0.4,100,1.5
635,10,3,0.003,0.005,3.0,0.0003,0.0005,0.7,0.4,100,1.5
636,10,3,0.003,0.001,3.0,0.0003,0.0005,0.7,0.4,200,0.0
637,10,3,0.003,0.0025,3.0,0.0003,0.0005,0.7,0.4,200,0.0
638,10,3,0.003,0.005,3.0,0.0003,0.0005,0.7,0.4,200,0.0
639,10,3,0.003,0.001,3.0,0.0003,0.0005,0.7,0.4,200,1.0
640,10,3,0.003,0.0025,3.0,0.0003,0.0005,0.7,0.4,200,1.0
641,10,3,0.003,0.005,3.0,0.0003,0.0005,0.7,0.4,200,1.0
642,10,3,0.003,0.001,3.0,0.0003,0.0005,0.7,0.4,200,1.25
643,10,3,0.003,0.0025,3.0,0.0003,0.0005,0.7,0.4,200,1.25
644,10,3,0.003,0.005,3.0,0.0003,0.0005,0.7,0.4,200,1.25
645,10,3,0.003,0.001,3.0,0.0003,0.0005,0.7,0.4,200,1.5
646,10,3,0.003,0.0025,3.0,0.0003,0.0005,0.7,0.4,200,1.5
647,10,3,0.003,0.005,3.0,0.0003,0.0005,0.7,0.4,200,1.5
648,10,3,0.005,0.001,3.0,0.0003,0.0005,0.3,0.2,0,0.0
649,10,3,0.005,0.0025,3.0,0.0003,0.0005,0.3,0.2,0,0.0
650,10,3,0.005,0.005,3.0,0.0003,0.0005,0.3,0.2,0,0.0
651,10,3,0.005,0.001,3.0,0.0003,0.0005,0.3,0.2,0,1.0
652,10,3,0.005,0.0025,3.0,0.0003,0.0005,0.3,0.2,0,1.0
653,10,3,0.005,0.005,3.0,0.0003,0.0005,0.3,0.2,0,1.0
654,10,3,0.005,0.001,3.0,0.0003,0.0005,0.3,0.2,0,1.25
655,10,3,0.005,0.0025,3.0,0.0003,0.0005,0.3,0.2,0,1.25
656,10,3,0.005,0.005,3.0,0.0003,0.0005,0.3,0.2,0,1.25
657,10,3,0.005,0.001,3.0,0.0003,0.0005,0.3,0.2,0,1.5
658,10,3,0.005,0.0025,3.0,0.0003,0.0005,0.3,0.2,0,1.5
659,10,3,0.005,0.005,3.0,0.0003,0.0005,0.3,0.2,0,1.5
660,10,3,0.005,0.001,3.0,0.0003,0.0005,0.3,0.2,100,0.0
661,10,3,0.005,0.0025,3.0,0.0003,0.0005,0.3,0.2,100,0.0
662,10,3,0.005,0.005,3.0,0.0003,0.0005,0.3,0.2,100,0.0
663,10,3,0.005,0.001,3.0,0.0003,0.0005,0.3,0.2,100,1.0
664,10,3,0.005,0.0025,3.0,0.0003,0.0005,0.3,0.2,100,1.0
665,10,3,0.005,0.005,3.0,0.0003,0.0005,0.3,0.2,100,1.0
666,10,3,0.005,0.001,3.0,0.0003,0.0005,0.3,0.2,100,1.25
667,10,3,0.005,0.0025,3.0,0.0003,0.0005,0.3,0.2,100,1.25
668,10,3,0.005,0.005,3.0,0.0003,0.0005,0.3,0.2,100,1.25
669,10,3,0.005,0.001,3.0,0.0003,0.0005,0.3,0.2,100,1.5
670,10,3,0.005,0.0025,3.0,0.0003,0.0005,0.3,0.2,100,1.5
671,10,3,0.005,0.005,3.0,0.0003,0.0005,0.3,0.2,100,1.5
672,10,3,0.005,0.001,3.0,0.0003,0.0005,0.3,0.2,200,0.0
673,10,3,0.005,0.0025,3.0,0.0003,0.0005,0.3,0.2,200,0.0
674,10,3,0.005,0.005,3.0,0.0003,0.0005,0.3,0.2,200,0.0
675,10,3,0.005,0.001,3.0,0.0003,0.0005,0.3,0.2,200,1.0
676,10,3,0.005,0.0025,3.0,0.0003,0.0005,0.3,0.2,200,1.0
677,10,3,0.005,0.005,3.0,0.0003,0.0005,0.3,0.2,200,1.0
678,10,3,0.005,0.001,3.0,0.0003,0.0005,0.3,0.2,200,1.25
679,10,3,0.005,0.0025,3.0,0.0003,0.0005,0.3,0.2,200,1.25
680,10,3,0.005,0.005,3.0,0.0003,0.0005,0.3,0.2,200,1.25
681,10,3,0.005,0.001,3.0,0.0003,0.0005,0.3,0.2,200,1.5
682,10,3,0.005,0.0025,3.0,0.0003,0.0005,0.3,0.2,200,1.5
683,10,3,0.005,0.005,3.0,0.0003,0.0005,0.3,0.2,200,1.5
684,10,3,0.005,0.001,3.0,0.0003,0.0005,0.5,0.2,0,0.0
685,10,3,0.005,0.0025,3.0,0.0003,0.0005,0.5,0.2,0,0.0
686,10,3,0.005,0.005,3.0,0.0003,0.0005,0.5,0.2,0,0.0
687,10,3,0.005,0.001,3.0,0.0003,0.0005,0.5,0.2,0,1.0
688,10,3,0.005,0.0025,3.0,0.0003,0.0005,0.5,0.2,0,1.0
689,10,3,0.005,0.005,3.0,0.0003,0.0005,0.5,0.2,0,1.0
690,10,3,0.005,0.001,3.0,0.0003,0.0005,0.5,0.2,0,1.25
691,10,3,0.005,0.0025,3.0,0.0003,0.0005,0.5,0.2,0,1.25
692,10,3,0.005,0.005,3.0,0.0003,0.0005,0.5,0.2,0,1.25
693,10,3,0.005,0.001,3.0,0.0003,0.0005,0.5,0.2,0,1.5
694,10,3,0.005,0.0025,3.0,0.0003,0.0005,0.5,0.2,0,1.5
695,10,3,0.005,0.005,3.0,0.0003,0.0005,0.5,0.2,0,1.5
696,10,3,0.005,0.001,3.0,0.0003,0.0005,0.5,0.2,100,0.0
697,10,3,0.005,0.0025,3.0,0.0003,0.0005,0.5,0.2,100,0.0
698,10,3,0.005,0.005,3.0,0.0003,0.0005,0.5,0.2,100,0.0
699,10,3,0.005,0.001,3.0,0.0003,0.0005,0.5,0.2,100,1.0
700,10,3,0.005,0.0025,3.0,0.0003,0.0005,0.5,0.2,100,1.0
701,10,3,0.005,0.005,3.0,0.0003,0.0005,0.5,0.2,100,1.0
702,10,3,0.005,0.001,3.0,0.0003,0.0005,0.5,0.2,100,1.25
703,10,3,0.005,0.0025,3.0,0.0003,0.0005,0.5,0.2,100,1.25
704,10,3,0.005,0.005,3.0,0.0003,0.0005,0.5,0.2,100,1.25
705,10,3,0.005,0.001,3.0,0.0003,0.0005,0.5,0.2,100,1.5
706,10,3,0.005,0.0025,3.0,0.0003,0.0005,0.5,0.2,100,1.5
707,10,3,0.005,0.005,3.0,0.0003,0.0005,0.5,0.2,100,1.5
708,10,3,0.005,0.001,3.0,0.0003,0.0005,0.5,0.2,200,0.0
709,10,3,0.005,0.0025,3.0,0.0003,0.0005,0.5,0.2,200,0.0
710,10,3,0.005,0.005,3.0,0.0003,0.0005,0.5,0.2,200,0.0
711,10,3,0.005,0.001,3.0,0.0003,0.0005,0.5,0.2,200,1.0
712,10,3,0.005,0.0025,3.0,0.0003,0.0005,0.5,0.2,200,1.0
713,10,3,0.005,0.005,3.0,0.0003,0.0005,0.5,0.2,200,1.0
714,10,3,0.005,0.001,3.0,0.0003,0.0005,0.5,0.2,200,1.25
715,10,3,0.005,0.0025,3.0,0.0003,0.0005,0.5,0.2,200,1.25
716,10,3,0.005,0.005,3.0,0.0003,0.0005,0.5,0.2,200,1.25
717,10,3,0.005,0.001,3.0,0.0003,0.0005,0.5,0.2,200,1.5
718,10,3,0.005,0.0025,3.0,0.0003,0.0005,0.5,0.2,200,1.5
719,10,3,0.005,0.005,3.0,0.0003,0.0005,0.5,0.2,200,1.5
720,10,3,0.005,0.001,3.0,0.0003,0.0005,0.7,0.2,0,0.0
721,10,3,0.005,0.0025,3.0,0.0003,0.0005,0.7,0.2,0,0.0
722,10,3,0.005,0.005,3.0,0.0003,0.0005,0.7,0.2,0,0.0
723,10,3,0.005,0.001,3.0,0.0003,0.0005,0.7,0.2,0,1.0
724,10,3,0.005,0.0025,3.0,0.0003,0.0005,0.7,0.2,0,1.0
725,10,3,0.005,0.005,3.0,0.0003,0.0005,0.7,0.2,0,1.0
726,10,3,0.005,0.001,3.0,0.0003,0.0005,0.7,0.2,0,1.25
727,10,3,0.005,0.0025,3.0,0.0003,0.0005,0.7,0.2,0,1.25
728,10,3,0.005,0.005,3.0,0.0003,0.0005,0.7,0.2,0,1.25
729,10,3,0.005,0.001,3.0,0.0003,0.0005,0.7,0.2,0,1.5
730,10,3,0.005,0.0025,3.0,0.0003,0.0005,0.7,0.2,0,1.5
731,10,3,0.005,0.005,3.0,0.0003,0.0005,0.7,0.2,0,1.5
732,10,3,0.005,0.001,3.0,0.0003,0.0005,0.7,0.2,100,0.0
733,10,3,0.005,0.0025,3.0,0.0003,0.0005,0.7,0.2,100,0.0
734,10,3,0.005,0.005,3.0,0.0003,0.0005,0.7,0.2,100,0.0
735,10,3,0.005,0.001,3.0,0.0003,0.0005,0.7,0.2,100,1.0
736,10,3,0.005,0.0025,3.0,0.0003,0.0005,0.7,0.2,100,1.0
737,10,3,0.005,0.005,3.0,0.0003,0.0005,0.7,0.2,100,1.0
738,10,3,0.005,0.001,3.0,0.0003,0.0005,0.7,0.2,100,1.25
739,10,3,0.005,0.0025,3.0,0.0003,0.0005,0.7,0.2,100,1.25
740,10,3,0.005,0.005,3.0,0.0003,0.0005,0.7,0.2,100,1.25
741,10,3,0.005,0.001,3.0,0.0003,0.0005,0.7,0.2,100,1.5
742,10,3,0.005,0.0025,3.0,0.0003,0.0005,0.7,0.2,100,1.5
743,10,3,0.005,0.005,3.0,0.0003,0.0005,0.7,0.2,100,1.5
744,10,3,0.005,0.001,3.0,0.0003,0.0005,0.7,0.2,200,0.0
745,10,3,0.005,0.0025,3.0,0.0003,0.0005,0.7,0.2,200,0.0
746,10,3,0.005,0.005,3.0,0.0003,0.0005,0.7,0.2,200,0.0
747,10,3,0.005,0.001,3.0,0.0003,0.0005,0.7,0.2,200,1.0
748,10,3,0.005,0.0025,3.0,0.0003,0.0005,0.7,0.2,200,1.0
749,10,3,0.005,0.005,3.0,0.0003,0.0005,0.7,0.2,200,1.0
750,10,3,0.005,0.001,3.0,0.0003,0.0005,0.7,0.2,200,1.25
751,10,3,0.005,0.0025,3.0,0.0003,0.0005,0.7,0.2,200,1.25
752,10,3,0.005,0.005,3.0,0.0003,0.0005,0.7,0.2,200,1.25
753,10,3,0.005,0.001,3.0,0.0003,0.0005,0.7,0.2,200,1.5
754,10,3,0.005,0.0025,3.0,0.0003,0.0005,0.7,0.2,200,1.5
755,10,3,0.005,0.005,3.0,0.0003,0.0005,0.7,0.2,200,1.5
756,10,3,0.005,0.001,3.0,0.0003,0.0005,0.3,0.3,0,0.0
757,10,3,0.005,0.0025,3.0,0.0003,0.0005,0.3,0.3,0,0.0
758,10,3,0.005,0.005,3.0,0.0003,0.0005,0.3,0.3,0,0.0
759,10,3,0.005,0.001,3.0,0.0003,0.0005,0.3,0.3,0,1.0
760,10,3,0.005,0.0025,3.0,0.0003,0.0005,0.3,0.3,0,1.0
761,10,3,0.005,0.005,3.0,0.0003,0.0005,0.3,0.3,0,1.0
762,10,3,0.005,0.001,3.0,0.0003,0.0005,0.3,0.3,0,1.25
763,10,3,0.005,0.0025,3.0,0.0003,0.0005,0.3,0.3,0,1.25
764,10,3,0.005,0.005,3.0,0.0003,0.0005,0.3,0.3,0,1.25
765,10,3,0.005,0.001,3.0,0.0003,0.0005,0.3,0.3,0,1.5
766,10,3,0.005,0.0025,3.0,0.0003,0.0005,0.3,0.3,0,1.5
767,10,3,0.005,0.005,3.0,0.0003,0.0005,0.3,0.3,0,1.5
768,10,3,0.005,0.001,3.0,0.0003,0.0005,0.3,0.3,100,0.0
769,10,3,0.005,0.0025,3.0,0.0003,0.0005,0.3,0.3,100,0.0
770,10,3,0.005,0.005,3.0,0.0003,0.0005,0.3,0.3,100,0.0
771,10,3,0.005,0.001,3.0,0.0003,0.0005,0.3,0.3,100,1.0
772,10,3,0.005,0.0025,3.0,0.0003,0.0005,0.3,0.3,100,1.0
773,10,3,0.005,0.005,3.0,0.0003,0.0005,0.3,0.3,100,1.0
774,10,3,0.005,0.001,3.0,0.0003,0.0005,0.3,0.3,100,1.25
775,10,3,0.005,0.0025,3.0,0.0003,0.0005,0.3,0.3,100,1.25
776,10,3,0.005,0.005,3.0,0.0003,0.0005,0.3,0.3,100,1.25
777,10,3,0.005,0.001,3.0,0.0003,0.0005,0.3,0.3,100,1.5
778,10,3,0.005,0.0025,3.0,0.0003,0.0005,0.3,0.3,100,1.5
779,10,3,0.005,0.005,3.0,0.0003,0.0005,0.3,0.3,100,1.5
780,10,3,0.005,0.001,3.0,0.0003,0.0005,0.3,0.3,200,0.0
781,10,3,0.005,0.0025,3.0,0.0003,0.0005,0.3,0.3,200,0.0
782,10,3,0.005,0.005,3.0,0.0003,0.0005,0.3,0.3,200,0.0
783,10,3,0.005,0.001,3.0,0.0003,0.0005,0.3,0.3,200,1.0
784,10,3,0.005,0.0025,3.0,0.0003,0.0005,0.3,0.3,200,1.0
785,10,3,0.005,0.005,3.0,0.0003,0.0005,0.3,0.3,200,1.0
786,10,3,0.005,0.001,3.0,0.0003,0.0005,0.3,0.3,200,1.25
787,10,3,0.005,0.0025,3.0,0.0003,0.0005,0.3,0.3,200,1.25
788,10,3,0.005,0.005,3.0,0.0003,0.0005,0.3,0.3,200,1.25
789,10,3,0.005,0.001,3.0,0.0003,0.0005,0.3,0.3,200,1.5
790,10,3,0.005,0.0025,3.0,0.0003,0.0005,0.3,0.3,200,1.5
791,10,3,0.005,0.005,3.0,0.0003,0.0005,0.3,0.3,200,1.5
792,10,3,0.005,0.001,3.0,0.0003,0.0005,0.5,0.3,0,0.0
793,10,3,0.005,0.0025,3.0,0.0003,0.0005,0.5,0.3,0,0.0
794,10,3,0.005,0.005,3.0,0.0003,0.0005,0.5,0.3,0,0.0
795,10,3,0.005,0.001,3.0,0.0003,0.0005,0.5,0.3,0,1.0
796,10,3,0.005,0.0025,3.0,0.0003,0.0005,0.5,0.3,0,1.0
797,10,3,0.005,0.005,3.0,0.0003,0.0005,0.5,0.3,0,1.0
798,10,3,0.005,0.001,3.0,0.0003,0.0005,0.5,0.3,0,1.25
799,10,3,0.005,0.0025,3.0,0.0003,0.0005,0.5,0.3,0,1.25
800,10,3,0.005,0.005,3.0,0.0003,0.0005,0.5,0.3,0,1.25
801,10,3,0.005,0.001,3.0,0.0003,0.0005,0.5,0.3,0,1.5
802,10,3,0.005,0.0025,3.0,0.0003,0.0005,0.5,0.3,0,1.5
803,10,3,0.005,0.005,3.0,0.0003,0.0005,0.5,0.3,0,1.5
804,10,3,0.005,0.001,3.0,0.0003,0.0005,0.5,0.3,100,0.0
805,10,3,0.005,0.0025,3.0,0.0003,0.0005,0.5,0.3,100,0.0
806,10,3,0.005,0.005,3.0,0.0003,0.0005,0.5,0.3,100,0.0
807,10,3,0.005,0.001,3.0,0.0003,0.0005,0.5,0.3,100,1.0
808,10,3,0.005,0.0025,3.0,0.0003,0.0005,0.5,0.3,100,1.0
809,10,3,0.005,0.005,3.0,0.0003,0.0005,0.5,0.3,100,1.0
810,10,3,0.005,0.001,3.0,0.0003,0.0005,0.5,0.3,100,1.25
811,10,3,0.005,0.0025,3.0,0.0003,0.0005,0.5,0.3,100,1.25
812,10,3,0.005,0.005,3.0,0.0003,0.0005,0.5,0.3,100,1.25
813,10,3,0.005,0.001,3.0,0.0003,0.0005,0.5,0.3,100,1.5
814,10,3,0.005,0.0025,3.0,0.0003,0.0005,0.5,0.3,100,1.5
815,10,3,0.005,0.005,3.0,0.0003,0.0005,0.5,0.3,100,1.5
816,10,3,0.005,0.001,3.0,0.0003,0.0005,0.5,0.3,200,0.0
817,10,3,0.005,0.0025,3.0,0.0003,0.0005,0.5,0.3,200,0.0
818,10,3,0.005,0.005,3.0,0.0003,0.0005,0.5,0.3,200,0.0
819,10,3,0.005,0.001,3.0,0.0003,0.0005,0.5,0.3,200,1.0
820,10,3,0.005,0.0025,3.0,0.0003,0.0005,0.5,0.3,200,1.0
821,10,3,0.005,0.005,3.0,0.0003,0.0005,0.5,0.3,200,1.0
822,10,3,0.005,0.001,3.0,0.0003,0.0005,0.5,0.3,200,1.25
823,10,3,0.005,0.0025,3.0,0.0003,0.0005,0.5,0.3,200,1.25
824,10,3,0.005,0.005,3.0,0.0003,0.0005,0.5,0.3,200,1.25
825,10,3,0.005,0.001,3.0,0.0003,0.0005,0.5,0.3,200,1.5
826,10,3,0.005,0.0025,3.0,0.0003,0.0005,0.5,0.3,200,1.5
827,10,3,0.005,0.005,3.0,0.0003,0.0005,0.5,0.3,200,1.5
828,10,3,0.005,0.001,3.0,0.0003,0.0005,0.7,0.3,0,0.0
829,10,3,0.005,0.0025,3.0,0.0003,0.0005,0.7,0.3,0,0.0
830,10,3,0.005,0.005,3.0,0.0003,0.0005,0.7,0.3,0,0.0
831,10,3,0.005,0.001,3.0,0.0003,0.0005,0.7,0.3,0,1.0
832,10,3,0.005,0.0025,3.0,0.0003,0.0005,0.7,0.3,0,1.0
833,10,3,0.005,0.005,3.0,0.0003,0.0005,0.7,0.3,0,1.0
834,10,3,0.005,0.001,3.0,0.0003,0.0005,0.7,0.3,0,1.25
835,10,3,0.005,0.0025,3.0,0.0003,0.0005,0.7,0.3,0,1.25
836,10,3,0.005,0.005,3.0,0.0003,0.0005,0.7,0.3,0,1.25
837,10,3,0.005,0.001,3.0,0.0003,0.0005,0.7,0.3,0,1.5
838,10,3,0.005,0.0025,3.0,0.0003,0.0005,0.7,0.3,0,1.5
839,10,3,0.005,0.005,3.0,0.0003,0.0005,0.7,0.3,0,1.5
840,10,3,0.005,0.001,3.0,0.0003,0.0005,0.7,0.3,100,0.0
841,10,3,0.005,0.0025,3.0,0.0003,0.0005,0.7,0.3,100,0.0
842,10,3,0.005,0.005,3.0,0.0003,0.0005,0.7,0.3,100,0.0
843,10,3,0.005,0.001,3.0,0.0003,0.0005,0.7,0.3,100,1.0
844,10,3,0.005,0.0025,3.0,0.0003,0.0005,0.7,0.3,100,1.0
845,10,3,0.005,0.005,3.0,0.0003,0.0005,0.7,0.3,100,1.0
846,10,3,0.005,0.001,3.0,0.0003,0.0005,0.7,0.3,100,1.25
847,10,3,0.005,0.0025,3.0,0.0003,0.0005,0.7,0.3,100,1.25
848,10,3,0.005,0.005,3.0,0.0003,0.0005,0.7,0.3,100,1.25
849,10,3,0.005,0.001,3.0,0.0003,0.0005,0.7,0.3,100,1.5
850,10,3,0.005,0.0025,3.0,0.0003,0.0005,0.7,0.3,100,1.5
851,10,3,0.005,0.005,3.0,0.0003,0.0005,0.7,0.3,100,1.5
852,10,3,0.005,0.001,3.0,0.0003,0.0005,0.7,0.3,200,0.0
853,10,3,0.005,0.0025,3.0,0.0003,0.0005,0.7,0.3,200,0.0
854,10,3,0.005,0.005,3.0,0.0003,0.0005,0.7,0.3,200,0.0
855,10,3,0.005,0.001,3.0,0.0003,0.0005,0.7,0.3,200,1.0
856,10,3,0.005,0.0025,3.0,0.0003,0.0005,0.7,0.3,200,1.0
857,10,3,0.005,0.005,3.0,0.0003,0.0005,0.7,0.3,200,1.0
858,10,3,0.005,0.001,3.0,0.0003,0.0005,0.7,0.3,200,1.25
859,10,3,0.005,0.0025,3.0,0.0003,0.0005,0.7,0.3,200,1.25
860,10,3,0.005,0.005,3.0,0.0003,0.0005,0.7,0.3,200,1.25
861,10,3,0.005,0.001,3.0,0.0003,0.0005,0.7,0.3,200,1.5
862,10,3,0.005,0.0025,3.0,0.0003,0.0005,0.7,0.3,200,1.5
863,10,3,0.005,0.005,3.0,0.0003,0.0005,0.7,0.3,200,1.5
864,10,3,0.005,0.001,3.0,0.0003,0.0005,0.3,0.4,0,0.0
865,10,3,0.005,0.0025,3.0,0.0003,0.0005,0.3,0.4,0,0.0
866,10,3,0.005,0.005,3.0,0.0003,0.0005,0.3,0.4,0,0.0
867,10,3,0.005,0.001,3.0,0.0003,0.0005,0.3,0.4,0,1.0
868,10,3,0.005,0.0025,3.0,0.0003,0.0005,0.3,0.4,0,1.0
869,10,3,0.005,0.005,3.0,0.0003,0.0005,0.3,0.4,0,1.0
870,10,3,0.005,0.001,3.0,0.0003,0.0005,0.3,0.4,0,1.25
871,10,3,0.005,0.0025,3.0,0.0003,0.0005,0.3,0.4,0,1.25
872,10,3,0.005,0.005,3.0,0.0003,0.0005,0.3,0.4,0,1.25
873,10,3,0.005,0.001,3.0,0.0003,0.0005,0.3,0.4,0,1.5
874,10,3,0.005,0.0025,3.0,0.0003,0.0005,0.3,0.4,0,1.5
875,10,3,0.005,0.005,3.0,0.0003,0.0005,0.3,0.4,0,1.5
876,10,3,0.005,0.001,3.0,0.0003,0.0005,0.3,0.4,100,0.0
877,10,3,0.005,0.0025,3.0,0.0003,0.0005,0.3,0.4,100,0.0
878,10,3,0.005,0.005,3.0,0.0003,0.0005,0.3,0.4,100,0.0
879,10,3,0.005,0.001,3.0,0.0003,0.0005,0.3,0.4,100,1.0
880,10,3,0.005,0.0025,3.0,0.0003,0.0005,0.3,0.4,100,1.0
881,10,3,0.005,0.005,3.0,0.0003,0.0005,0.3,0.4,100,1.0
882,10,3,0.005,0.001,3.0,0.0003,0.0005,0.3,0.4,100,1.25
883,10,3,0.005,0.0025,3.0,0.0003,0.0005,0.3,0.4,100,1.25
884,10,3,0.005,0.005,3.0,0.0003,0.0005,0.3,0.4,100,1.25
885,10,3,0.005,0.001,3.0,0.0003,0.0005,0.3,0.4,100,1.5
886,10,3,0.005,0.0025,3.0,0.0003,0.0005,0.3,0.4,100,1.5
887,10,3,0.005,0.005,3.0,0.0003,0.0005,0.3,0.4,100,1.5
888,10,3,0.005,0.001,3.0,0.0003,0.0005,0.3,0.4,200,0.0
889,10,3,0.005,0.0025,3.0,0.0003,0.0005,0.3,0.4,200,0.0
890,10,3,0.005,0.005,3.0,0.0003,0.0005,0.3,0.4,200,0.0
891,10,3,0.005,0.001,3.0,0.0003,0.0005,0.3,0.4,200,1.0
892,10,3,0.005,0.0025,3.0,0.0003,0.0005,0.3,0.4,200,1.0
893,10,3,0.005,0.005,3.0,0.0003,0.0005,0.3,0.4,200,1.0
894,10,3,0.005,0.001,3.0,0.0003,0.0005,0.3,0.4,200,1.25
895,10,3,0.005,0.0025,3.0,0.0003,0.0005,0.3,0.4,200,1.25
896,10,3,0.005,0.005,3.0,0.0003,0.0005,0.3,0.4,200,1.25
897,10,3,0.005,0.001,3.0,0.0003,0.0005,0.3,0.4,200,1.5
898,10,3,0.005,0.0025,3.0,0.0003,0.0005,0.3,0.4,200,1.5
899,10,3,0.005,0.005,3.0,0.0003,0.0005,0.3,0.4,200,1.5
900,10,3,0.005,0.001,3.0,0.0003,0.0005,0.5,0.4,0,0.0
901,10,3,0.005,0.0025,3.0,0.0003,0.0005,0.5,0.4,0,0.0
902,10,3,0.005,0.005,3.0,0.0003,0.0005,0.5,0.4,0,0.0
903,10,3,0.005,0.001,3.0,0.0003,0.0005,0.5,0.4,0,1.0
904,10,3,0.005,0.0025,3.0,0.0003,0.0005,0.5,0.4,0,1.0
905,10,3,0.005,0.005,3.0,0.0003,0.0005,0.5,0.4,0,1.0
906,10,3,0.005,0.001,3.0,0.0003,0.0005,0.5,0.4,0,1.25
907,10,3,0.005,0.0025,3.0,0.0003,0.0005,0.5,0.4,0,1.25
908,10,3,0.005,0.005,3.0,0.0003,0.0005,0.5,0.4,0,1.25
909,10,3,0.005,0.001,3.0,0.0003,0.0005,0.5,0.4,0,1.5
910,10,3,0.005,0.0025,3.0,0.0003,0.0005,0.5,0.4,0,1.5
911,10,3,0.005,0.005,3.0,0.0003,0.0005,0.5,0.4,0,1.5
912,10,3,0.005,0.001,3.0,0.0003,0.0005,0.5,0.4,100,0.0
913,10,3,0.005,0.0025,3.0,0.0003,0.0005,0.5,0.4,100,0.0
914,10,3,0.005,0.005,3.0,0.0003,0.0005,0.5,0.4,100,0.0
915,10,3,0.005,0.001,3.0,0.0003,0.0005,0.5,0.4,100,1.0
916,10,3,0.005,0.0025,3.0,0.0003,0.0005,0.5,0.4,100,1.0
917,10,3,0.005,0.005,3.0,0.0003,0.0005,0.5,0.4,100,1.0
918,10,3,0.005,0.001,3.0,0.0003,0.0005,0.5,0.4,100,1.25
919,10,3,0.005,0.0025,3.0,0.0003,0.0005,0.5,0.4,100,1.25
920,10,3,0.005,0.005,3.0,0.0003,0.0005,0.5,0.4,100,1.25
921,10,3,0.005,0.001,3.0,0.0003,0.0005,0.5,0.4,100,1.5
922,10,3,0.005,0.0025,3.0,0.0003,0.0005,0.5,0.4,100,1.5
923,10,3,0.005,0.005,3.0,0.0003,0.0005,0.5,0.4,100,1.5
924,10,3,0.005,0.001,3.0,0.0003,0.0005,0.5,0.4,200,0.0
925,10,3,0.005,0.0025,3.0,0.0003,0.0005,0.5,0.4,200,0.0
926,10,3,0.005,0.005,3.0,0.0003,0.0005,0.5,0.4,200,0.0
927,10,3,0.005,0.001,3.0,0.0003,0.0005,0.5,0.4,200,1.0
928,10,3,0.005,0.0025,3.0,0.0003,0.0005,0.5,0.4,200,1.0
929,10,3,0.005,0.005,3.0,0.0003,0.0005,0.5,0.4,200,1.0
930,10,3,0.005,0.001,3.0,0.0003,0.0005,0.5,0.4,200,1.25
931,10,3,0.005,0.0025,3.0,0.0003,0.0005,0.5,0.4,200,1.25
932,10,3,0.005,0.005,3.0,0.0003,0.0005,0.5,0.4,200,1.25
933,10,3,0.005,0.001,3.0,0.0003,0.0005,0.5,0.4,200,1.5
934,10,3,0.005,0.0025,3.0,0.0003,0.0005,0.5,0.4,200,1.5
935,10,3,0.005,0.005,3.0,0.0003,0.0005,0.5,0.4,200,1.5
936,10,3,0.005,0.001,3.0,0.0003,0.0005,0.7,0.4,0,0.0
937,10,3,0.005,0.0025,3.0,0.0003,0.0005,0.7,0.4,0,0.0
938,10,3,0.005,0.005,3.0,0.0003,0.0005,0.7,0.4,0,0.0
939,10,3,0.005,0.001,3.0,0.0003,0.0005,0.7,0.4,0,1.0
940,10,3,0.005,0.0025,3.0,0.0003,0.0005,0.7,0.4,0,1.0
941,10,3,0.005,0.005,3.0,0.0003,0.0005,0.7,0.4,0,1.0
942,10,3,0.005,0.001,3.0,0.0003,0.0005,0.7,0.4,0,1.25
943,10,3,0.005,0.0025,3.0,0.0003,0.0005,0.7,0.4,0,1.25
944,10,3,0.005,0.005,3.0,0.0003,0.0005,0.7,0.4,0,1.25
945,10,3,0.005,0.001,3.0,0.0003,0.0005,0.7,0.4,0,1.5
946,10,3,0.005,0.0025,3.0,0.0003,0.0005,0.7,0.4,0,1.5
947,10,3,0.005,0.005,3.0,0.0003,0.0005,0.7,0.4,0,1.5
948,10,3,0.005,0.001,3.0,0.0003,0.0005,0.7,0.4,100,0.0
949,10,3,0.005,0.0025,3.0,0.0003,0.0005,0.7,0.4,100,0.0
950,10,3,0.005,0.005,3.0,0.0003,0.0005,0.7,0.4,100,0.0
951,10,3,0.005,0.001,3.0,0.0003,0.0005,0.7,0.4,100,1.0
952,10,3,0.005,0.0025,3.0,0.0003,0.0005,0.7,0.4,100,1.0
953,10,3,0.005,0.005,3.0,0.0003,0.0005,0.7,0.4,100,1.0
954,10,3,0.005,0.001,3.0,0.0003,0.0005,0.7,0.4,100,1.25
955,10,3,0.005,0.0025,3.0,0.0003,0.0005,0.7,0.4,100,1.25
956,10,3,0.005,0.005,3.0,0.0003,0.0005,0.7,0.4,100,1.25
957,10,3,0.005,0.001,3.0,0.0003,0.0005,0.7,0.4,100,1.5
958,10,3,0.005,0.0025,3.0,0.0003,0.0005,0.7,0.4,100,1.5
959,10,3,0.005,0.005,3.0,0.0003,0.0005,0.7,0.4,100,1.5
960,10,3,0.005,0.001,3.0,0.0003,0.0005,0.7,0.4,200,0.0
961,10,3,0.005,0.0025,3.0,0.0003,0.0005,0.7,0.4,200,0.0
962,10,3,0.005,0.005,3.0,0.0003,0.0005,0.7,0.4,200,0.0
963,10,3,0.005,0.001,3.0,0.0003,0.0005,0.7,0.4,200,1.0
964,10,3,0.005,0.0025,3.0,0.0003,0.0005,0.7,0.4,200,1.0
965,10,3,0.005,0.005,3.0,0.0003,0.0005,0.7,0.4,200,1.0
966,10,3,0.005,0.001,3.0,0.0003,0.0005,0.7,0.4,200,1.25
967,10,3,0.005,0.0025,3.0,0.0003,0.0005,0.7,0.4,200,1.25
968,10,3,0.005,0.005,3.0,0.0003,0.0005,0.7,0.4,200,1.25
969,10,3,0.005,0.001,3.0,0.0003,0.0005,0.7,0.4,200,1.5
970,10,3,0.005,0.0025,3.0,0.0003,0.0005,0.7,0.4,200,1.5
971,10,3,0.005,0.005,3.0,0.0003,0.0005,0.7,0.4,200,1.5
972,10,3,0.0075,0.001,3.0,0.0003,0.0005,0.3,0.2,0,0.0
973,10,3,0.0075,0.0025,3.0,0.0003,0.0005,0.3,0.2,0,0.0
974,10,3,0.0075,0.005,3.0,0.0003,0.0005,0.3,0.2,0,0.0
975,10,3,0.0075,0.001,3.0,0.0003,0.0005,0.3,0.2,0,1.0
976,10,3,0.0075,0.0025,3.0,0.0003,0.0005,0.3,0.2,0,1.0
977,10,3,0.0075,0.005,3.0,0.0003,0.0005,0.3,0.2,0,1.0
978,10,3,0.0075,0.001,3.0,0.0003,0.0005,0.3,0.2,0,1.25
979,10,3,0.0075,0.0025,3.0,0.0003,0.0005,0.3,0.2,0,1.25
980,10,3,0.0075,0.005,3.0,0.0003,0.0005,0.3,0.2,0,1.25
981,10,3,0.0075,0.001,3.0,0.0003,0.0005,0.3,0.2,0,1.5
982,10,3,0.0075,0.0025,3.0,0.0003,0.0005,0.3,0.2,0,1.5
983,10,3,0.0075,0.005,3.0,0.0003,0.0005,0.3,0.2,0,1.5
984,10,3,0.0075,0.001,3.0,0.0003,0.0005,0.3,0.2,100,0.0
985,10,3,0.0075,0.0025,3.0,0.0003,0.0005,0.3,0.2,100,0.0
986,10,3,0.0075,0.005,3.0,0.0003,0.0005,0.3,0.2,100,0.0
987,10,3,0.0075,0.001,3.0,0.0003,0.0005,0.3,0.2,100,1.0
988,10,3,0.0075,0.0025,3.0,0.0003,0.0005,0.3,0.2,100,1.0
989,10,3,0.0075,0.005,3.0,0.0003,0.0005,0.3,0.2,100,1.0
990,10,3,0.0075,0.001,3.0,0.0003,0.0005,0.3,0.2,100,1.25
991,10,3,0.0075,0.0025,3.0,0.0003,0.0005,0.3,0.2,100,1.25
992,10,3,0.0075,0.005,3.0,0.0003,0.0005,0.3,0.2,100,1.25
993,10,3,0.0075,0.001,3.0,0.0003,0.0005,0.3,0.2,100,1.5
994,10,3,0.0075,0.0025,3.0,0.0003,0.0005,0.3,0.2,100,1.5
995,10,3,0.0075,0.005,3.0,0.0003,0.0005,0.3,0.2,100,1.5
996,10,3,0.0075,0.001,3.0,0.0003,0.0005,0.3,0.2,200,0.0
997,10,3,0.0075,0.0025,3.0,0.0003,0.0005,0.3,0.2,200,0.0
998,10,3,0.0075,0.005,3.0,0.0003,0.0005,0.3,0.2,200,0.0
999,10,3,0.0075,0.001,3.0,0.0003,0.0005,0.3,0.2,200,1.0
1000,10,3,0.0075,0.0025,3.0,0.0003,0.0005,0.3,0.2,200,1.0
1001,10,3,0.0075,0.005,3.0,0.0003,0.0005,0.3,0.2,200,1.0
1002,10,3,0.0075,0.001,3.0,0.0003,0.0005,0.3,0.2,200,1.25
1003,10,3,0.0075,0.0025,3.0,0.0003,0.0005,0.3,0.2,200,1.25
1004,10,3,0.0075,0.005,3.0,0.0003,0.0005,0.3,0.2,200,1.25
1005,10,3,0.0075,0.001,3.0,0.0003,0.0005,0.3,0.2,200,1.5
1006,10,3,0.0075,0.0025,3.0,0.0003,0.0005,0.3,0.2,200,1.5
1007,10,3,0.0075,0.005,3.0,0.0003,0.0005,0.3,0.2,200,1.5
1008,10,3,0.0075,0.001,3.0,0.0003,0.0005,0.5,0.2,0,0.0
1009,10,3,0.0075,0.0025,3.0,0.0003,0.0005,0.5,0.2,0,0.0
1010,10,3,0.0075,0.005,3.0,0.0003,0.0005,0.5,0.2,0,0.0
1011,10,3,0.0075,0.001,3.0,0.0003,0.0005,0.5,0.2,0,1.0
1012,10,3,0.0075,0.0025,3.0,0.0003,0.0005,0.5,0.2,0,1.0
1013,10,3,0.0075,0.005,3.0,0.0003,0.0005,0.5,0.2,0,1.0
1014,10,3,0.0075,0.001,3.0,0.0003,0.0005,0.5,0.2,0,1.25
1015,10,3,0.0075,0.0025,3.0,0.0003,0.0005,0.5,0.2,0,1.25
1016,10,3,0.0075,0.005,3.0,0.0003,0.0005,0.5,0.2,0,1.25
1017,10,3,0.0075,0.001,3.0,0.0003,0.0005,0.5,0.2,0,1.5
1018,10,3,0.0075,0.0025,3.0,0.0003,0.0005,0.5,0.2,0,1.5
1019,10,3,0.0075,0.005,3.0,0.0003,0.0005,0.5,0.2,0,1.5
1020,10,3,0.0075,0.001,3.0,0.0003,0.0005,0.5,0.2,100,0.0
1021,10,3,0.0075,0.0025,3.0,0.0003,0.0005,0.5,0.2,100,0.0
1022,10,3,0.0075,0.005,3.0,0.0003,0.0005,0.5,0.2,100,0.0
1023,10,3,0.0075,0.001,3.0,0.0003,0.0005,0.5,0.2,100,1.0
1024,10,3,0.0075,0.0025,3.0,0.0003,0.0005,0.5,0.2,100,1.0
1025,10,3,0.0075,0.005,3.0,0.0003,0.0005,0.5,0.2,100,1.0
1026,10,3,0.0075,0.001,3.0,0.0003,0.0005,0.5,0.2,100,1.25
1027,10,3,0.0075,0.0025,3.0,0.0003,0.0005,0.5,0.2,100,1.25
1028,10,3,0.0075,0.005,3.0,0.0003,0.0005,0.5,0.2,100,1.25
1029,10,3,0.0075,0.001,3.0,0.0003,0.0005,0.5,0.2,100,1.5
1030,10,3,0.0075,0.0025,3.0,0.0003,0.0005,0.5,0.2,100,1.5
1031,10,3,0.0075,0.005,3.0,0.0003,0.0005,0.5,0.2,100,1.5
1032,10,3,0.0075,0.001,3.0,0.0003,0.0005,0.5,0.2,200,0.0
1033,10,3,0.0075,0.0025,3.0,0.0003,0.0005,0.5,0.2,200,0.0
1034,10,3,0.0075,0.005,3.0,0.0003,0.0005,0.5,0.2,200,0.0
1035,10,3,0.0075,0.001,3.0,0.0003,0.0005,0.5,0.2,200,1.0
1036,10,3,0.0075,0.0025,3.0,0.0003,0.0005,0.5,0.2,200,1.0
1037,10,3,0.0075,0.005,3.0,0.0003,0.0005,0.5,0.2,200,1.0
1038,10,3,0.0075,0.001,3.0,0.0003,0.0005,0.5,0.2,200,1.25
1039,10,3,0.0075,0.0025,3.0,0.0003,0.0005,0.5,0.2,200,1.25
1040,10,3,0.0075,0.005,3.0,0.0003,0.0005,0.5,0.2,200,1.25
1041,10,3,0.0075,0.001,3.0,0.0003,0.0005,0.5,0.2,200,1.5
1042,10,3,0.0075,0.0025,3.0,0.0003,0.0005,0.5,0.2,200,1.5
1043,10,3,0.0075,0.005,3.0,0.0003,0.0005,0.5,0.2,200,1.5
1044,10,3,0.0075,0.001,3.0,0.0003,0.0005,0.7,0.2,0,0.0
1045,10,3,0.0075,0.0025,3.0,0.0003,0.0005,0.7,0.2,0,0.0
1046,10,3,0.0075,0.005,3.0,0.0003,0.0005,0.7,0.2,0,0.0
1047,10,3,0.0075,0.001,3.0,0.0003,0.0005,0.7,0.2,0,1.0
1048,10,3,0.0075,0.0025,3.0,0.0003,0.0005,0.7,0.2,0,1.0
1049,10,3,0.0075,0.005,3.0,0.0003,0.0005,0.7,0.2,0,1.0
1050,10,3,0.0075,0.001,3.0,0.0003,0.0005,0.7,0.2,0,1.25
1051,10,3,0.0075,0.0025,3.0,0.0003,0.0005,0.7,0.2,0,1.25
1052,10,3,0.0075,0.005,3.0,0.0003,0.0005,0.7,0.2,0,1.25
1053,10,3,0.0075,0.001,3.0,0.0003,0.0005,0.7,0.2,0,1.5
1054,10,3,0.0075,0.0025,3.0,0.0003,0.0005,0.7,0.2,0,1.5
1055,10,3,0.0075,0.005,3.0,0.0003,0.0005,0.7,0.2,0,1.5
1056,10,3,0.0075,0.001,3.0,0.0003,0.0005,0.7,0.2,100,0.0
1057,10,3,0.0075,0.0025,3.0,0.0003,0.0005,0.7,0.2,100,0.0
1058,10,3,0.0075,0.005,3.0,0.0003,0.0005,0.7,0.2,100,0.0
1059,10,3,0.0075,0.001,3.0,0.0003,0.0005,0.7,0.2,100,1.0
1060,10,3,0.0075,0.0025,3.0,0.0003,0.0005,0.7,0.2,100,1.0
1061,10,3,0.0075,0.005,3.0,0.0003,0.0005,0.7,0.2,100,1.0
1062,10,3,0.0075,0.001,3.0,0.0003,0.0005,0.7,0.2,100,1.25
1063,10,3,0.0075,0.0025,3.0,0.0003,0.0005,0.7,0.2,100,1.25
1064,10,3,0.0075,0.005,3.0,0.0003,0.0005,0.7,0.2,100,1.25
1065,10,3,0.0075,0.001,3.0,0.0003,0.0005,0.7,0.2,100,1.5
1066,10,3,0.0075,0.0025,3.0,0.0003,0.0005,0.7,0.2,100,1.5
1067,10,3,0.0075,0.005,3.0,0.0003,0.0005,0.7,0.2,100,1.5
1068,10,3,0.0075,0.001,3.0,0.0003,0.0005,0.7,0.2,200,0.0
1069,10,3,0.0075,0.0025,3.0,0.0003,0.0005,0.7,0.2,200,0.0
1070,10,3,0.0075,0.005,3.0,0.0003,0.0005,0.7,0.2,200,0.0
1071,10,3,0.0075,0.001,3.0,0.0003,0.0005,0.7,0.2,200,1.0
1072,10,3,0.0075,0.0025,3.0,0.0003,0.0005,0.7,0.2,200,1.0
1073,10,3,0.0075,0.005,3.0,0.0003,0.0005,0.7,0.2,200,1.0
1074,10,3,0.0075,0.001,3.0,0.0003,0.0005,0.7,0.2,200,1.25
1075,10,3,0.0075,0.0025,3.0,0.0003,0.0005,0.7,0.2,200,1.25
1076,10,3,0.0075,0.005,3.0,0.0003,0.0005,0.7,0.2,200,1.25
1077,10,3,0.0075,0.001,3.0,0.0003,0.0005,0.7,0.2,200,1.5
1078,10,3,0.0075,0.0025,3.0,0.0003,0.0005,0.7,0.2,200,1.5
1079,10,3,0.0075,0.005,3.0,0.0003,0.0005,0.7,0.2,200,1.5
1080,10,3,0.0075,0.001,3.0,0.0003,0.0005,0.3,0.3,0,0.0
1081,10,3,0.0075,0.0025,3.0,0.0003,0.0005,0.3,0.3,0,0.0
1082,10,3,0.0075,0.005,3.0,0.0003,0.0005,0.3,0.3,0,0.0
1083,10,3,0.0075,0.001,3.0,0.0003,0.0005,0.3,0.3,0,1.0
1084,10,3,0.0075,0.0025,3.0,0.0003,0.0005,0.3,0.3,0,1.0
1085,10,3,0.0075,0.005,3.0,0.0003,0.0005,0.3,0.3,0,1.0
1086,10,3,0.0075,0.001,3.0,0.0003,0.0005,0.3,0.3,0,1.25
1087,10,3,0.0075,0.0025,3.0,0.0003,0.0005,0.3,0.3,0,1.25
1088,10,3,0.0075,0.005,3.0,0.0003,0.0005,0.3,0.3,0,1.25
1089,10,3,0.0075,0.001,3.0,0.0003,0.0005,0.3,0.3,0,1.5
1090,10,3,0.0075,0.0025,3.0,0.0003,0.0005,0.3,0.3,0,1.5
1091,10,3,0.0075,0.005,3.0,0.0003,0.0005,0.3,0.3,0,1.5
1092,10,3,0.0075,0.001,3.0,0.0003,0.0005,0.3,0.3,100,0.0
1093,10,3,0.0075,0.0025,3.0,0.0003,0.0005,0.3,0.3,100,0.0
1094,10,3,0.0075,0.005,3.0,0.0003,0.0005,0.3,0.3,100,0.0
1095,10,3,0.0075,0.001,3.0,0.0003,0.0005,0.3,0.3,100,1.0
1096,10,3,0.0075,0.0025,3.0,0.0003,0.0005,0.3,0.3,100,1.0
1097,10,3,0.0075,0.005,3.0,0.0003,0.0005,0.3,0.3,100,1.0
1098,10,3,0.0075,0.001,3.0,0.0003,0.0005,0.3,0.3,100,1.25
1099,10,3,0.0075,0.0025,3.0,0.0003,0.0005,0.3,0.3,100,1.25
1100,10,3,0.0075,0.005,3.0,0.0003,0.0005,0.3,0.3,100,1.25
1101,10,3,0.0075,0.001,3.0,0.0003,0.0005,0.3,0.3,100,1.5
1102,10,3,0.0075,0.0025,3.0,0.0003,0.0005,0.3,0.3,100,1.5
1103,10,3,0.0075,0.005,3.0,0.0003,0.0005,0.3,0.3,100,1.5
1104,10,3,0.0075,0.001,3.0,0.0003,0.0005,0.3,0.3,200,0.0
1105,10,3,0.0075,0.0025,3.0,0.0003,0.0005,0.3,0.3,200,0.0
1106,10,3,0.0075,0.005,3.0,0.0003,0.0005,0.3,0.3,200,0.0
1107,10,3,0.0075,0.001,3.0,0.0003,0.0005,0.3,0.3,200,1.0
1108,10,3,0.0075,0.0025,3.0,0.0003,0.0005,0.3,0.3,200,1.0
1109,10,3,0.0075,0.005,3.0,0.0003,0.0005,0.3,0.3,200,1.0
1110,10,3,0.0075,0.001,3.0,0.0003,0.0005,0.3,0.3,200,1.25
1111,10,3,0.0075,0.0025,3.0,0.0003,0.0005,0.3,0.3,200,1.25
1112,10,3,0.0075,0.005,3.0,0.0003,0.0005,0.3,0.3,200,1.25
1113,10,3,0.0075,0.001,3.0,0.0003,0.0005,0.3,0.3,200,1.5
1114,10,3,0.0075,0.0025,3.0,0.0003,0.0005,0.3,0.3,200,1.5
1115,10,3,0.0075,0.005,3.0,0.0003,0.0005,0.3,0.3,200,1.5
1116,10,3,0.0075,0.001,3.0,0.0003,0.0005,0.5,0.3,0,0.0
1117,10,3,0.0075,0.0025,3.0,0.0003,0.0005,0.5,0.3,0,0.0
1118,10,3,0.0075,0.005,3.0,0.0003,0.0005,0.5,0.3,0,0.0
1119,10,3,0.0075,0.001,3.0,0.0003,0.0005,0.5,0.3,0,1.0
1120,10,3,0.0075,0.0025,3.0,0.0003,0.0005,0.5,0.3,0,1.0
1121,10,3,0.0075,0.005,3.0,0.0003,0.0005,0.5,0.3,0,1.0
1122,10,3,0.0075,0.001,3.0,0.0003,0.0005,0.5,0.3,0,1.25
1123,10,3,0.0075,0.0025,3.0,0.0003,0.0005,0.5,0.3,0,1.25
1124,10,3,0.0075,0.005,3.0,0.0003,0.0005,0.5,0.3,0,1.25
1125,10,3,0.0075,0.001,3.0,0.0003,0.0005,0.5,0.3,0,1.5
1126,10,3,0.0075,0.0025,3.0,0.0003,0.0005,0.5,0.3,0,1.5
1127,10,3,0.0075,0.005,3.0,0.0003,0.0005,0.5,0.3,0,1.5
1128,10,3,0.0075,0.001,3.0,0.0003,0.0005,0.5,0.3,100,0.0
1129,10,3,0.0075,0.0025,3.0,0.0003,0.0005,0.5,0.3,100,0.0
1130,10,3,0.0075,0.005,3.0,0.0003,0.0005,0.5,0.3,100,0.0
1131,10,3,0.0075,0.001,3.0,0.0003,0.0005,0.5,0.3,100,1.0
1132,10,3,0.0075,0.0025,3.0,0.0003,0.0005,0.5,0.3,100,1.0
1133,10,3,0.0075,0.005,3.0,0.0003,0.0005,0.5,0.3,100,1.0
1134,10,3,0.0075,0.001,3.0,0.0003,0.0005,0.5,0.3,100,1.25
1135,10,3,0.0075,0.0025,3.0,0.0003,0.0005,0.5,0.3,100,1.25
1136,10,3,0.0075,0.005,3.0,0.0003,0.0005,0.5,0.3,100,1.25
1137,10,3,0.0075,0.001,3.0,0.0003,0.0005,0.5,0.3,100,1.5
1138,10,3,0.0075,0.0025,3.0,0.0003,0.0005,0.5,0.3,100,1.5
1139,10,3,0.0075,0.005,3.0,0.0003,0.0005,0.5,0.3,100,1.5
1140,10,3,0.0075,0.001,3.0,0.0003,0.0005,0.5,0.3,200,0.0
1141,10,3,0.0075,0.0025,3.0,0.0003,0.0005,0.5,0.3,200,0.0
1142,10,3,0.0075,0.005,3.0,0.0003,0.0005,0.5,0.3,200,0.0
1143,10,3,0.0075,0.001,3.0,0.0003,0.0005,0.5,0.3,200,1.0
1144,10,3,0.0075,0.0025,3.0,0.0003,0.0005,0.5,0.3,200,1.0
1145,10,3,0.0075,0.005,3.0,0.0003,0.0005,0.5,0.3,200,1.0
1146,10,3,0.0075,0.001,3.0,0.0003,0.0005,0.5,0.3,200,1.25
1147,10,3,0.0075,0.0025,3.0,0.0003,0.0005,0.5,0.3,200,1.25
1148,10,3,0.0075,0.005,3.0,0.0003,0.0005,0.5,0.3,200,1.25
1149,10,3,0.0075,0.001,3.0,0.0003,0.0005,0.5,0.3,200,1.5
1150,10,3,0.0075,0.0025,3.0,0.0003,0.0005,0.5,0.3,200,1.5
1151,10,3,0.0075,0.005,3.0,0.0003,0.0005,0.5,0.3,200,1.5
1152,10,3,0.0075,0.001,3.0,0.0003,0.0005,0.7,0.3,0,0.0
1153,10,3,0.0075,0.0025,3.0,0.0003,0.0005,0.7,0.3,0,0.0
1154,10,3,0.0075,0.005,3.0,0.0003,0.0005,0.7,0.3,0,0.0
1155,10,3,0.0075,0.001,3.0,0.0003,0.0005,0.7,0.3,0,1.0
1156,10,3,0.0075,0.0025,3.0,0.0003,0.0005,0.7,0.3,0,1.0
1157,10,3,0.0075,0.005,3.0,0.0003,0.0005,0.7,0.3,0,1.0
1158,10,3,0.0075,0.001,3.0,0.0003,0.0005,0.7,0.3,0,1.25
1159,10,3,0.0075,0.0025,3.0,0.0003,0.0005,0.7,0.3,0,1.25
1160,10,3,0.0075,0.005,3.0,0.0003,0.0005,0.7,0.3,0,1.25
1161,10,3,0.0075,0.001,3.0,0.0003,0.0005,0.7,0.3,0,1.5
1162,10,3,0.0075,0.0025,3.0,0.0003,0.0005,0.7,0.3,0,1.5
1163,10,3,0.0075,0.005,3.0,0.0003,0.0005,0.7,0.3,0,1.5
1164,10,3,0.0075,0.001,3.0,0.0003,0.0005,0.7,0.3,100,0.0
1165,10,3,0.0075,0.0025,3.0,0.0003,0.0005,0.7,0.3,100,0.0
1166,10,3,0.0075,0.005,3.0,0.0003,0.0005,0.7,0.3,100,0.0
1167,10,3,0.0075,0.001,3.0,0.0003,0.0005,0.7,0.3,100,1.0
1168,10,3,0.0075,0.0025,3.0,0.0003,0.0005,0.7,0.3,100,1.0
1169,10,3,0.0075,0.005,3.0,0.0003,0.0005,0.7,0.3,100,1.0
1170,10,3,0.0075,0.001,3.0,0.0003,0.0005,0.7,0.3,100,1.25
1171,10,3,0.0075,0.0025,3.0,0.0003,0.0005,0.7,0.3,100,1.25
1172,10,3,0.0075,0.005,3.0,0.0003,0.0005,0.7,0.3,100,1.25
1173,10,3,0.0075,0.001,3.0,0.0003,0.0005,0.7,0.3,100,1.5
1174,10,3,0.0075,0.0025,3.0,0.0003,0.0005,0.7,0.3,100,1.5
1175,10,3,0.0075,0.005,3.0,0.0003,0.0005,0.7,0.3,100,1.5
1176,10,3,0.0075,0.001,3.0,0.0003,0.0005,0.7,0.3,200,0.0
1177,10,3,0.0075,0.0025,3.0,0.0003,0.0005,0.7,0.3,200,0.0
1178,10,3,0.0075,0.005,3.0,0.0003,0.0005,0.7,0.3,200,0.0
1179,10,3,0.0075,0.001,3.0,0.0003,0.0005,0.7,0.3,200,1.0
1180,10,3,0.0075,0.0025,3.0,0.0003,0.0005,0.7,0.3,200,1.0
1181,10,3,0.0075,0.005,3.0,0.0003,0.0005,0.7,0.3,200,1.0
1182,10,3,0.0075,0.001,3.0,0.0003,0.0005,0.7,0.3,200,1.25
1183,10,3,0.0075,0.0025,3.0,0.0003,0.0005,0.7,0.3,200,1.25
1184,10,3,0.0075,0.005,3.0,0.0003,0.0005,0.7,0.3,200,1.25
1185,10,3,0.0075,0.001,3.0,0.0003,0.0005,0.7,0.3,200,1.5
1186,10,3,0.0075,0.0025,3.0,0.0003,0.0005,0.7,0.3,200,1.5
1187,10,3,0.0075,0.005,3.0,0.0003,0.0005,0.7,0.3,200,1.5
1188,10,3,0.0075,0.001,3.0,0.0003,0.0005,0.3,0.4,0,0.0
1189,10,3,0.0075,0.0025,3.0,0.0003,0.0005,0.3,0.4,0,0.0
1190,10,3,0.0075,0.005,3.0,0.0003,0.0005,0.3,0.4,0,0.0
1191,10,3,0.0075,0.001,3.0,0.0003,0.0005,0.3,0.4,0,1.0
1192,10,3,0.0075,0.0025,3.0,0.0003,0.0005,0.3,0.4,0,1.0
1193,10,3,0.0075,0.005,3.0,0.0003,0.0005,0.3,0.4,0,1.0
1194,10,3,0.0075,0.001,3.0,0.0003,0.0005,0.3,0.4,0,1.25
1195,10,3,0.0075,0.0025,3.0,0.0003,0.0005,0.3,0.4,0,1.25
1196,10,3,0.0075,0.005,3.0,0.0003,0.0005,0.3,0.4,0,1.25
1197,10,3,0.0075,0.001,3.0,0.0003,0.0005,0.3,0.4,0,1.5
1198,10,3,0.0075,0.0025,3.0,0.0003,0.0005,0.3,0.4,0,1.5
1199,10,3,0.0075,0.005,3.0,0.0003,0.0005,0.3,0.4,0,1.5
1200,10,3,0.0075,0.001,3.0,0.0003,0.0005,0.3,0.4,100,0.0
1201,10,3,0.0075,0.0025,3.0,0.0003,0.0005,0.3,0.4,100,0.0
1202,10,3,0.0075,0.005,3.0,0.0003,0.0005,0.3,0.4,100,0.0
1203,10,3,0.0075,0.001,3.0,0.0003,0.0005,0.3,0.4,100,1.0
1204,10,3,0.0075,0.0025,3.0,0.0003,0.0005,0.3,0.4,100,1.0
1205,10,3,0.0075,0.005,3.0,0.0003,0.0005,0.3,0.4,100,1.0
1206,10,3,0.0075,0.001,3.0,0.0003,0.0005,0.3,0.4,100,1.25
1207,10,3,0.0075,0.0025,3.0,0.0003,0.0005,0.3,0.4,100,1.25
1208,10,3,0.0075,0.005,3.0,0.0003,0.0005,0.3,0.4,100,1.25
1209,10,3,0.0075,0.001,3.0,0.0003,0.0005,0.3,0.4,100,1.5
1210,10,3,0.0075,0.0025,3.0,0.0003,0.0005,0.3,0.4,100,1.5
1211,10,3,0.0075,0.005,3.0,0.0003,0.0005,0.3,0.4,100,1.5
1212,10,3,0.0075,0.001,3.0,0.0003,0.0005,0.3,0.4,200,0.0
1213,10,3,0.0075,0.0025,3.0,0.0003,0.0005,0.3,0.4,200,0.0
1214,10,3,0.0075,0.005,3.0,0.0003,0.0005,0.3,0.4,200,0.0
1215,10,3,0.0075,0.001,3.0,0.0003,0.0005,0.3,0.4,200,1.0
1216,10,3,0.0075,0.0025,3.0,0.0003,0.0005,0.3,0.4,200,1.0
1217,10,3,0.0075,0.005,3.0,0.0003,0.0005,0.3,0.4,200,1.0
1218,10,3,0.0075,0.001,3.0,0.0003,0.0005,0.3,0.4,200,1.25
1219,10,3,0.0075,0.0025,3.0,0.0003,0.0005,0.3,0.4,200,1.25
1220,10,3,0.0075,0.005,3.0,0.0003,0.0005,0.3,0.4,200,1.25
1221,10,3,0.0075,0.001,3.0,0.0003,0.0005,0.3,0.4,200,1.5
1222,10,3,0.0075,0.0025,3.0,0.0003,0.0005,0.3,0.4,200,1.5
1223,10,3,0.0075,0.005,3.0,0.0003,0.0005,0.3,0.4,200,1.5
1224,10,3,0.0075,0.001,3.0,0.0003,0.0005,0.5,0.4,0,0.0
1225,10,3,0.0075,0.0025,3.0,0.0003,0.0005,0.5,0.4,0,0.0
1226,10,3,0.0075,0.005,3.0,0.0003,0.0005,0.5,0.4,0,0.0
1227,10,3,0.0075,0.001,3.0,0.0003,0.0005,0.5,0.4,0,1.0
1228,10,3,0.0075,0.0025,3.0,0.0003,0.0005,0.5,0.4,0,1.0
1229,10,3,0.0075,0.005,3.0,0.0003,0.0005,0.5,0.4,0,1.0
1230,10,3,0.0075,0.001,3.0,0.0003,0.0005,0.5,0.4,0,1.25
1231,10,3,0.0075,0.0025,3.0,0.0003,0.0005,0.5,0.4,0,1.25
1232,10,3,0.0075,0.005,3.0,0.0003,0.0005,0.5,0.4,0,1.25
1233,10,3,0.0075,0.001,3.0,0.0003,0.0005,0.5,0.4,0,1.5
1234,10,3,0.0075,0.0025,3.0,0.0003,0.0005,0.5,0.4,0,1.5
1235,10,3,0.0075,0.005,3.0,0.0003,0.0005,0.5,0.4,0,1.5
1236,10,3,0.0075,0.001,3.0,0.0003,0.0005,0.5,0.4,100,0.0
1237,10,3,0.0075,0.0025,3.0,0.0003,0.0005,0.5,0.4,100,0.0
1238,10,3,0.0075,0.005,3.0,0.0003,0.0005,0.5,0.4,100,0.0
1239,10,3,0.0075,0.001,3.0,0.0003,0.0005,0.5,0.4,100,1.0
1240,10,3,0.0075,0.0025,3.0,0.0003,0.0005,0.5,0.4,100,1.0
1241,10,3,0.0075,0.005,3.0,0.0003,0.0005,0.5,0.4,100,1.0
1242,10,3,0.0075,0.001,3.0,0.0003,0.0005,0.5,0.4,100,1.25
1243,10,3,0.0075,0.0025,3.0,0.0003,0.0005,0.5,0.4,100,1.25
1244,10,3,0.0075,0.005,3.0,0.0003,0.0005,0.5,0.4,100,1.25
1245,10,3,0.0075,0.001,3.0,0.0003,0.0005,0.5,0.4,100,1.5
1246,10,3,0.0075,0.0025,3.0,0.0003,0.0005,0.5,0.4,100,1.5
1247,10,3,0.0075,0.005,3.0,0.0003,0.0005,0.5,0.4,100,1.5
1248,10,3,0.0075,0.001,3.0,0.0003,0.0005,0.5,0.4,200,0.0
1249,10,3,0.0075,0.0025,3.0,0.0003,0.0005,0.5,0.4,200,0.0
1250,10,3,0.0075,0.005,3.0,0.0003,0.0005,0.5,0.4,200,0.0
1251,10,3,0.0075,0.001,3.0,0.0003,0.0005,0.5,0.4,200,1.0
1252,10,3,0.0075,0.0025,3.0,0.0003,0.0005,0.5,0.4,200,1.0
1253,10,3,0.0075,0.005,3.0,0.0003,0.0005,0.5,0.4,200,1.0
1254,10,3,0.0075,0.001,3.0,0.0003,0.0005,0.5,0.4,200,1.25
1255,10,3,0.0075,0.0025,3.0,0.0003,0.0005,0.5,0.4,200,1.25
1256,10,3,0.0075,0.005,3.0,0.0003,0.0005,0.5,0.4,200,1.25
1257,10,3,0.0075,0.001,3.0,0.0003,0.0005,0.5,0.4,200,1.5
1258,10,3,0.0075,0.0025,3.0,0.0003,0.0005,0.5,0.4,200,1.5
1259,10,3,0.0075,0.005,3.0,0.0003,0.0005,0.5,0.4,200,1.5
1260,10,3,0.0075,0.001,3.0,0.0003,0.0005,0.7,0.4,0,0.0
1261,10,3,0.0075,0.0025,3.0,0.0003,0.0005,0.7,0.4,0,0.0
1262,10,3,0.0075,0.005,3.0,0.0003,0.0005,0.7,0.4,0,0.0
1263,10,3,0.0075,0.001,3.0,0.0003,0.0005,0.7,0.4,0,1.0
1264,10,3,0.0075,0.0025,3.0,0.0003,0.0005,0.7,0.4,0,1.0
1265,10,3,0.0075,0.005,3.0,0.0003,0.0005,0.7,0.4,0,1.0
1266,10,3,0.0075,0.001,3.0,0.0003,0.0005,0.7,0.4,0,1.25
1267,10,3,0.0075,0.0025,3.0,0.0003,0.0005,0.7,0.4,0,1.25
1268,10,3,0.0075,0.005,3.0,0.0003,0.0005,0.7,0.4,0,1.25
1269,10,3,0.0075,0.001,3.0,0.0003,0.0005,0.7,0.4,0,1.5
1270,10,3,0.0075,0.0025,3.0,0.0003,0.0005,0.7,0.4,0,1.5
1271,10,3,0.0075,0.005,3.0,0.0003,0.0005,0.7,0.4,0,1.5
1272,10,3,0.0075,0.001,3.0,0.0003,0.0005,0.7,0.4,100,0.0
1273,10,3,0.0075,0.0025,3.0,0.0003,0.0005,0.7,0.4,100,0.0
1274,10,3,0.0075,0.005,3.0,0.0003,0.0005,0.7,0.4,100,0.0
1275,10,3,0.0075,0.001,3.0,0.0003,0.0005,0.7,0.4,100,1.0
1276,10,3,0.0075,0.0025,3.0,0.0003,0.0005,0.7,0.4,100,1.0
1277,10,3,0.0075,0.005,3.0,0.0003,0.0005,0.7,0.4,100,1.0
1278,10,3,0.0075,0.001,3.0,0.0003,0.0005,0.7,0.4,100,1.25
1279,10,3,0.0075,0.0025,3.0,0.0003,0.0005,0.7,0.4,100,1.25
1280,10,3,0.0075,0.005,3.0,0.0003,0.0005,0.7,0.4,100,1.25
1281,10,3,0.0075,0.001,3.0,0.0003,0.0005,0.7,0.4,100,1.5
1282,10,3,0.0075,0.0025,3.0,0.0003,0.0005,0.7,0.4,100,1.5
1283,10,3,0.0075,0.005,3.0,0.0003,0.0005,0.7,0.4,100,1.5
1284,10,3,0.0075,0.001,3.0,0.0003,0.0005,0.7,0.4,200,0.0
1285,10,3,0.0075,0.0025,3.0,0.0003,0.0005,0.7,0.4,200,0.0
1286,10,3,0.0075,0.005,3.0,0.0003,0.0005,0.7,0.4,200,0.0
1287,10,3,0.0075,0.001,3.0,0.0003,0.0005,0.7,0.4,200,1.0
1288,10,3,0.0075,0.0025,3.0,0.0003,0.0005,0.7,0.4,200,1.0
1289,10,3,0.0075,0.005,3.0,0.0003,0.0005,0.7,0.4,200,1.0
1290,10,3,0.0075,0.001,3.0,0.0003,0.0005,0.7,0.4,200,1.25
1291,10,3,0.0075,0.0025,3.0,0.0003,0.0005,0.7,0.4,200,1.25
1292,10,3,0.0075,0.005,3.0,0.0003,0.0005,0.7,0.4,200,1.25
1293,10,3,0.0075,0.001,3.0,0.0003,0.0005,0.7,0.4,200,1.5
1294,10,3,0.0075,0.0025,3.0,0.0003,0.0005,0.7,0.4,200,1.5
1295,10,3,0.0075,0.005,3.0,0.0003,0.0005,0.7,0.4,200,1.5
1296,20,3,0.0015,0.001,3.0,0.0003,0.0005,0.3,0.2,0,0.0
1297,20,3,0.0015,0.0025,3.0,0.0003,0.0005,0.3,0.2,0,0.0
1298,20,3,0.0015,0.005,3.0,0.0003,0.0005,0.3,0.2,0,0.0
1299,20,3,0.0015,0.001,3.0,0.0003,0.0005,0.3,0.2,0,1.0
1300,20,3,0.0015,0.0025,3.0,0.0003,0.0005,0.3,0.2,0,1.0
1301,20,3,0.0015,0.005,3.0,0.0003,0.0005,0.3,0.2,0,1.0
1302,20,3,0.0015,0.001,3.0,0.0003,0.0005,0.3,0.2,0,1.25
1303,20,3,0.0015,0.0025,3.0,0.0003,0.0005,0.3,0.2,0,1.25
1304,20,3,0.0015,0.005,3.0,0.0003,0.0005,0.3,0.2,0,1.25
1305,20,3,0.0015,0.001,3.0,0.0003,0.0005,0.3,0.2,0,1.5
1306,20,3,0.0015,0.0025,3.0,0.0003,0.0005,0.3,0.2,0,1.5
1307,20,3,0.0015,0.005,3.0,0.0003,0.0005,0.3,0.2,0,1.5
1308,20,3,0.0015,0.001,3.0,0.0003,0.0005,0.3,0.2,100,0.0
1309,20,3,0.0015,0.0025,3.0,0.0003,0.0005,0.3,0.2,100,0.0
1310,20,3,0.0015,0.005,3.0,0.0003,0.0005,0.3,0.2,100,0.0
1311,20,3,0.0015,0.001,3.0,0.0003,0.0005,0.3,0.2,100,1.0
1312,20,3,0.0015,0.0025,3.0,0.0003,0.0005,0.3,0.2,100,1.0
1313,20,3,0.0015,0.005,3.0,0.0003,0.0005,0.3,0.2,100,1.0
1314,20,3,0.0015,0.001,3.0,0.0003,0.0005,0.3,0.2,100,1.25
1315,20,3,0.0015,0.0025,3.0,0.0003,0.0005,0.3,0.2,100,1.25
1316,20,3,0.0015,0.005,3.0,0.0003,0.0005,0.3,0.2,100,1.25
1317,20,3,0.0015,0.001,3.0,0.0003,0.0005,0.3,0.2,100,1.5
1318,20,3,0.0015,0.0025,3.0,0.0003,0.0005,0.3,0.2,100,1.5
1319,20,3,0.0015,0.005,3.0,0.0003,0.0005,0.3,0.2,100,1.5
1320,20,3,0.0015,0.001,3.0,0.0003,0.0005,0.3,0.2,200,0.0
1321,20,3,0.0015,0.0025,3.0,0.0003,0.0005,0.3,0.2,200,0.0
1322,20,3,0.0015,0.005,3.0,0.0003,0.0005,0.3,0.2,200,0.0
1323,20,3,0.0015,0.001,3.0,0.0003,0.0005,0.3,0.2,200,1.0
1324,20,3,0.0015,0.0025,3.0,0.0003,0.0005,0.3,0.2,200,1.0
1325,20,3,0.0015,0.005,3.0,0.0003,0.0005,0.3,0.2,200,1.0
1326,20,3,0.0015,0.001,3.0,0.0003,0.0005,0.3,0.2,200,1.25
1327,20,3,0.0015,0.0025,3.0,0.0003,0.0005,0.3,0.2,200,1.25
1328,20,3,0.0015,0.005,3.0,0.0003,0.0005,0.3,0.2,200,1.25
1329,20,3,0.0015,0.001,3.0,0.0003,0.0005,0.3,0.2,200,1.5
1330,20,3,0.0015,0.0025,3.0,0.0003,0.0005,0.3,0.2,200,1.5
1331,20,3,0.0015,0.005,3.0,0.0003,0.0005,0.3,0.2,200,1.5
1332,20,3,0.0015,0.001,3.0,0.0003,0.0005,0.5,0.2,0,0.0
1333,20,3,0.0015,0.0025,3.0,0.0003,0.0005,0.5,0.2,0,0.0
1334,20,3,0.0015,0.005,3.0,0.0003,0.0005,0.5,0.2,0,0.0
1335,20,3,0.0015,0.001,3.0,0.0003,0.0005,0.5,0.2,0,1.0
1336,20,3,0.0015,0.0025,3.0,0.0003,0.0005,0.5,0.2,0,1.0
1337,20,3,0.0015,0.005,3.0,0.0003,0.0005,0.5,0.2,0,1.0
1338,20,3,0.0015,0.001,3.0,0.0003,0.0005,0.5,0.2,0,1.25
1339,20,3,0.0015,0.0025,3.0,0.0003,0.0005,0.5,0.2,0,1.25
1340,20,3,0.0015,0.005,3.0,0.0003,0.0005,0.5,0.2,0,1.25
1341,20,3,0.0015,0.001,3.0,0.0003,0.0005,0.5,0.2,0,1.5
1342,20,3,0.0015,0.0025,3.0,0.0003,0.0005,0.5,0.2,0,1.5
1343,20,3,0.0015,0.005,3.0,0.0003,0.0005,0.5,0.2,0,1.5
1344,20,3,0.0015,0.001,3.0,0.0003,0.0005,0.5,0.2,100,0.0
1345,20,3,0.0015,0.0025,3.0,0.0003,0.0005,0.5,0.2,100,0.0
1346,20,3,0.0015,0.005,3.0,0.0003,0.0005,0.5,0.2,100,0.0
1347,20,3,0.0015,0.001,3.0,0.0003,0.0005,0.5,0.2,100,1.0
1348,20,3,0.0015,0.0025,3.0,0.0003,0.0005,0.5,0.2,100,1.0
1349,20,3,0.0015,0.005,3.0,0.0003,0.0005,0.5,0.2,100,1.0
1350,20,3,0.0015,0.001,3.0,0.0003,0.0005,0.5,0.2,100,1.25
1351,20,3,0.0015,0.0025,3.0,0.0003,0.0005,0.5,0.2,100,1.25
1352,20,3,0.0015,0.005,3.0,0.0003,0.0005,0.5,0.2,100,1.25
1353,20,3,0.0015,0.001,3.0,0.0003,0.0005,0.5,0.2,100,1.5
1354,20,3,0.0015,0.0025,3.0,0.0003,0.0005,0.5,0.2,100,1.5
1355,20,3,0.0015,0.005,3.0,0.0003,0.0005,0.5,0.2,100,1.5
1356,20,3,0.0015,0.001,3.0,0.0003,0.0005,0.5,0.2,200,0.0
1357,20,3,0.0015,0.0025,3.0,0.0003,0.0005,0.5,0.2,200,0.0
1358,20,3,0.0015,0.005,3.0,0.0003,0.0005,0.5,0.2,200,0.0
1359,20,3,0.0015,0.001,3.0,0.0003,0.0005,0.5,0.2,200,1.0
1360,20,3,0.0015,0.0025,3.0,0.0003,0.0005,0.5,0.2,200,1.0
1361,20,3,0.0015,0.005,3.0,0.0003,0.0005,0.5,0.2,200,1.0
1362,20,3,0.0015,0.001,3.0,0.0003,0.0005,0.5,0.2,200,1.25
1363,20,3,0.0015,0.0025,3.0,0.0003,0.0005,0.5,0.2,200,1.25
1364,20,3,0.0015,0.005,3.0,0.0003,0.0005,0.5,0.2,200,1.25
1365,20,3,0.0015,0.001,3.0,0.0003,0.0005,0.5,0.2,200,1.5
1366,20,3,0.0015,0.0025,3.0,0.0003,0.0005,0.5,0.2,200,1.5
1367,20,3,0.0015,0.005,3.0,0.0003,0.0005,0.5,0.2,200,1.5
1368,20,3,0.0015,0.001,3.0,0.0003,0.0005,0.7,0.2,0,0.0
1369,20,3,0.0015,0.0025,3.0,0.0003,0.0005,0.7,0.2,0,0.0
1370,20,3,0.0015,0.005,3.0,0.0003,0.0005,0.7,0.2,0,0.0
1371,20,3,0.0015,0.001,3.0,0.0003,0.0005,0.7,0.2,0,1.0
1372,20,3,0.0015,0.0025,3.0,0.0003,0.0005,0.7,0.2,0,1.0
1373,20,3,0.0015,0.005,3.0,0.0003,0.0005,0.7,0.2,0,1.0
1374,20,3,0.0015,0.001,3.0,0.0003,0.0005,0.7,0.2,0,1.25
1375,20,3,0.0015,0.0025,3.0,0.0003,0.0005,0.7,0.2,0,1.25
1376,20,3,0.0015,0.005,3.0,0.0003,0.0005,0.7,0.2,0,1.25
1377,20,3,0.0015,0.001,3.0,0.0003,0.0005,0.7,0.2,0,1.5
1378,20,3,0.0015,0.0025,3.0,0.0003,0.0005,0.7,0.2,0,1.5
1379,20,3,0.0015,0.005,3.0,0.0003,0.0005,0.7,0.2,0,1.5
1380,20,3,0.0015,0.001,3.0,0.0003,0.0005,0.7,0.2,100,0.0
1381,20,3,0.0015,0.0025,3.0,0.0003,0.0005,0.7,0.2,100,0.0
1382,20,3,0.0015,0.005,3.0,0.0003,0.0005,0.7,0.2,100,0.0
1383,20,3,0.0015,0.001,3.0,0.0003,0.0005,0.7,0.2,100,1.0
1384,20,3,0.0015,0.0025,3.0,0.0003,0.0005,0.7,0.2,100,1.0
1385,20,3,0.0015,0.005,3.0,0.0003,0.0005,0.7,0.2,100,1.0
1386,20,3,0.0015,0.001,3.0,0.0003,0.0005,0.7,0.2,100,1.25
1387,20,3,0.0015,0.0025,3.0,0.0003,0.0005,0.7,0.2,100,1.25
1388,20,3,0.0015,0.005,3.0,0.0003,0.0005,0.7,0.2,100,1.25
1389,20,3,0.0015,0.001,3.0,0.0003,0.0005,0.7,0.2,100,1.5
1390,20,3,0.0015,0.0025,3.0,0.0003,0.0005,0.7,0.2,100,1.5
1391,20,3,0.0015,0.005,3.0,0.0003,0.0005,0.7,0.2,100,1.5
1392,20,3,0.0015,0.001,3.0,0.0003,0.0005,0.7,0.2,200,0.0
1393,20,3,0.0015,0.0025,3.0,0.0003,0.0005,0.7,0.2,200,0.0
1394,20,3,0.0015,0.005,3.0,0.0003,0.0005,0.7,0.2,200,0.0
1395,20,3,0.0015,0.001,3.0,0.0003,0.0005,0.7,0.2,200,1.0
1396,20,3,0.0015,0.0025,3.0,0.0003,0.0005,0.7,0.2,200,1.0
1397,20,3,0.0015,0.005,3.0,0.0003,0.0005,0.7,0.2,200,1.0
1398,20,3,0.0015,0.001,3.0,0.0003,0.0005,0.7,0.2,200,1.25
1399,20,3,0.0015,0.0025,3.0,0.0003,0.0005,0.7,0.2,200,1.25
1400,20,3,0.0015,0.005,3.0,0.0003,0.0005,0.7,0.2,200,1.25
1401,20,3,0.0015,0.001,3.0,0.0003,0.0005,0.7,0.2,200,1.5
1402,20,3,0.0015,0.0025,3.0,0.0003,0.0005,0.7,0.2,200,1.5
1403,20,3,0.0015,0.005,3.0,0.0003,0.0005,0.7,0.2,200,1.5
1404,20,3,0.0015,0.001,3.0,0.0003,0.0005,0.3,0.3,0,0.0
1405,20,3,0.0015,0.0025,3.0,0.0003,0.0005,0.3,0.3,0,0.0
1406,20,3,0.0015,0.005,3.0,0.0003,0.0005,0.3,0.3,0,0.0
1407,20,3,0.0015,0.001,3.0,0.0003,0.0005,0.3,0.3,0,1.0
1408,20,3,0.0015,0.0025,3.0,0.0003,0.0005,0.3,0.3,0,1.0
1409,20,3,0.0015,0.005,3.0,0.0003,0.0005,0.3,0.3,0,1.0
1410,20,3,0.0015,0.001,3.0,0.0003,0.0005,0.3,0.3,0,1.25
1411,20,3,0.0015,0.0025,3.0,0.0003,0.0005,0.3,0.3,0,1.25
1412,20,3,0.0015,0.005,3.0,0.0003,0.0005,0.3,0.3,0,1.25
1413,20,3,0.0015,0.001,3.0,0.0003,0.0005,0.3,0.3,0,1.5
1414,20,3,0.0015,0.0025,3.0,0.0003,0.0005,0.3,0.3,0,1.5
1415,20,3,0.0015,0.005,3.0,0.0003,0.0005,0.3,0.3,0,1.5
1416,20,3,0.0015,0.001,3.0,0.0003,0.0005,0.3,0.3,100,0.0
1417,20,3,0.0015,0.0025,3.0,0.0003,0.0005,0.3,0.3,100,0.0
1418,20,3,0.0015,0.005,3.0,0.0003,0.0005,0.3,0.3,100,0.0
1419,20,3,0.0015,0.001,3.0,0.0003,0.0005,0.3,0.3,100,1.0
1420,20,3,0.0015,0.0025,3.0,0.0003,0.0005,0.3,0.3,100,1.0
1421,20,3,0.0015,0.005,3.0,0.0003,0.0005,0.3,0.3,100,1.0
1422,20,3,0.0015,0.001,3.0,0.0003,0.0005,0.3,0.3,100,1.25
1423,20,3,0.0015,0.0025,3.0,0.0003,0.0005,0.3,0.3,100,1.25
1424,20,3,0.0015,0.005,3.0,0.0003,0.0005,0.3,0.3,100,1.25
1425,20,3,0.0015,0.001,3.0,0.0003,0.0005,0.3,0.3,100,1.5
1426,20,3,0.0015,0.0025,3.0,0.0003,0.0005,0.3,0.3,100,1.5
1427,20,3,0.0015,0.005,3.0,0.0003,0.0005,0.3,0.3,100,1.5
1428,20,3,0.0015,0.001,3.0,0.0003,0.0005,0.3,0.3,200,0.0
1429,20,3,0.0015,0.0025,3.0,0.0003,0.0005,0.3,0.3,200,0.0
1430,20,3,0.0015,0.005,3.0,0.0003,0.0005,0.3,0.3,200,0.0
1431,20,3,0.0015,0.001,3.0,0.0003,0.0005,0.3,0.3,200,1.0
1432,20,3,0.0015,0.0025,3.0,0.0003,0.0005,0.3,0.3,200,1.0
1433,20,3,0.0015,0.005,3.0,0.0003,0.0005,0.3,0.3,200,1.0
1434,20,3,0.0015,0.001,3.0,0.0003,0.0005,0.3,0.3,200,1.25
1435,20,3,0.0015,0.0025,3.0,0.0003,0.0005,0.3,0.3,200,1.25
1436,20,3,0.0015,0.005,3.0,0.0003,0.0005,0.3,0.3,200,1.25
1437,20,3,0.0015,0.001,3.0,0.0003,0.0005,0.3,0.3,200,1.5
1438,20,3,0.0015,0.0025,3.0,0.0003,0.0005,0.3,0.3,200,1.5
1439,20,3,0.0015,0.005,3.0,0.0003,0.0005,0.3,0.3,200,1.5
1440,20,3,0.0015,0.001,3.0,0.0003,0.0005,0.5,0.3,0,0.0
1441,20,3,0.0015,0.0025,3.0,0.0003,0.0005,0.5,0.3,0,0.0
1442,20,3,0.0015,0.005,3.0,0.0003,0.0005,0.5,0.3,0,0.0
1443,20,3,0.0015,0.001,3.0,0.0003,0.0005,0.5,0.3,0,1.0
1444,20,3,0.0015,0.0025,3.0,0.0003,0.0005,0.5,0.3,0,1.0
1445,20,3,0.0015,0.005,3.0,0.0003,0.0005,0.5,0.3,0,1.0
1446,20,3,0.0015,0.001,3.0,0.0003,0.0005,0.5,0.3,0,1.25
1447,20,3,0.0015,0.0025,3.0,0.0003,0.0005,0.5,0.3,0,1.25
1448,20,3,0.0015,0.005,3.0,0.0003,0.0005,0.5,0.3,0,1.25
1449,20,3,0.0015,0.001,3.0,0.0003,0.0005,0.5,0.3,0,1.5
1450,20,3,0.0015,0.0025,3.0,0.0003,0.0005,0.5,0.3,0,1.5
1451,20,3,0.0015,0.005,3.0,0.0003,0.0005,0.5,0.3,0,1.5
1452,20,3,0.0015,0.001,3.0,0.0003,0.0005,0.5,0.3,100,0.0
1453,20,3,0.0015,0.0025,3.0,0.0003,0.0005,0.5,0.3,100,0.0
1454,20,3,0.0015,0.005,3.0,0.0003,0.0005,0.5,0.3,100,0.0
1455,20,3,0.0015,0.001,3.0,0.0003,0.0005,0.5,0.3,100,1.0
1456,20,3,0.0015,0.0025,3.0,0.0003,0.0005,0.5,0.3,100,1.0
1457,20,3,0.0015,0.005,3.0,0.0003,0.0005,0.5,0.3,100,1.0
1458,20,3,0.0015,0.001,3.0,0.0003,0.0005,0.5,0.3,100,1.25
1459,20,3,0.0015,0.0025,3.0,0.0003,0.0005,0.5,0.3,100,1.25
1460,20,3,0.0015,0.005,3.0,0.0003,0.0005,0.5,0.3,100,1.25
1461,20,3,0.0015,0.001,3.0,0.0003,0.0005,0.5,0.3,100,1.5
1462,20,3,0.0015,0.0025,3.0,0.0003,0.0005,0.5,0.3,100,1.5
1463,20,3,0.0015,0.005,3.0,0.0003,0.0005,0.5,0.3,100,1.5
1464,20,3,0.0015,0.001,3.0,0.0003,0.0005,0.5,0.3,200,0.0
1465,20,3,0.0015,0.0025,3.0,0.0003,0.0005,0.5,0.3,200,0.0
1466,20,3,0.0015,0.005,3.0,0.0003,0.0005,0.5,0.3,200,0.0
1467,20,3,0.0015,0.001,3.0,0.0003,0.0005,0.5,0.3,200,1.0
1468,20,3,0.0015,0.0025,3.0,0.0003,0.0005,0.5,0.3,200,1.0
1469,20,3,0.0015,0.005,3.0,0.0003,0.0005,0.5,0.3,200,1.0
1470,20,3,0.0015,0.001,3.0,0.0003,0.0005,0.5,0.3,200,1.25
1471,20,3,0.0015,0.0025,3.0,0.0003,0.0005,0.5,0.3,200,1.25
1472,20,3,0.0015,0.005,3.0,0.0003,0.0005,0.5,0.3,200,1.25
1473,20,3,0.0015,0.001,3.0,0.0003,0.0005,0.5,0.3,200,1.5
1474,20,3,0.0015,0.0025,3.0,0.0003,0.0005,0.5,0.3,200,1.5
1475,20,3,0.0015,0.005,3.0,0.0003,0.0005,0.5,0.3,200,1.5
1476,20,3,0.0015,0.001,3.0,0.0003,0.0005,0.7,0.3,0,0.0
1477,20,3,0.0015,0.0025,3.0,0.0003,0.0005,0.7,0.3,0,0.0
1478,20,3,0.0015,0.005,3.0,0.0003,0.0005,0.7,0.3,0,0.0
1479,20,3,0.0015,0.001,3.0,0.0003,0.0005,0.7,0.3,0,1.0
1480,20,3,0.0015,0.0025,3.0,0.0003,0.0005,0.7,0.3,0,1.0
1481,20,3,0.0015,0.005,3.0,0.0003,0.0005,0.7,0.3,0,1.0
1482,20,3,0.0015,0.001,3.0,0.0003,0.0005,0.7,0.3,0,1.25
1483,20,3,0.0015,0.0025,3.0,0.0003,0.0005,0.7,0.3,0,1.25
1484,20,3,0.0015,0.005,3.0,0.0003,0.0005,0.7,0.3,0,1.25
1485,20,3,0.0015,0.001,3.0,0.0003,0.0005,0.7,0.3,0,1.5
1486,20,3,0.0015,0.0025,3.0,0.0003,0.0005,0.7,0.3,0,1.5
1487,20,3,0.0015,0.005,3.0,0.0003,0.0005,0.7,0.3,0,1.5
1488,20,3,0.0015,0.001,3.0,0.0003,0.0005,0.7,0.3,100,0.0
1489,20,3,0.0015,0.0025,3.0,0.0003,0.0005,0.7,0.3,100,0.0
1490,20,3,0.0015,0.005,3.0,0.0003,0.0005,0.7,0.3,100,0.0
1491,20,3,0.0015,0.001,3.0,0.0003,0.0005,0.7,0.3,100,1.0
1492,20,3,0.0015,0.0025,3.0,0.0003,0.0005,0.7,0.3,100,1.0
1493,20,3,0.0015,0.005,3.0,0.0003,0.0005,0.7,0.3,100,1.0
1494,20,3,0.0015,0.001,3.0,0.0003,0.0005,0.7,0.3,100,1.25
1495,20,3,0.0015,0.0025,3.0,0.0003,0.0005,0.7,0.3,100,1.25
1496,20,3,0.0015,0.005,3.0,0.0003,0.0005,0.7,0.3,100,1.25
1497,20,3,0.0015,0.001,3.0,0.0003,0.0005,0.7,0.3,100,1.5
1498,20,3,0.0015,0.0025,3.0,0.0003,0.0005,0.7,0.3,100,1.5
1499,20,3,0.0015,0.005,3.0,0.0003,0.0005,0.7,0.3,100,1.5
1500,20,3,0.0015,0.001,3.0,0.0003,0.0005,0.7,0.3,200,0.0
1501,20,3,0.0015,0.0025,3.0,0.0003,0.0005,0.7,0.3,200,0.0
1502,20,3,0.0015,0.005,3.0,0.0003,0.0005,0.7,0.3,200,0.0
1503,20,3,0.0015,0.001,3.0,0.0003,0.0005,0.7,0.3,200,1.0
1504,20,3,0.0015,0.0025,3.0,0.0003,0.0005,0.7,0.3,200,1.0
1505,20,3,0.0015,0.005,3.0,0.0003,0.0005,0.7,0.3,200,1.0
1506,20,3,0.0015,0.001,3.0,0.0003,0.0005,0.7,0.3,200,1.25
1507,20,3,0.0015,0.0025,3.0,0.0003,0.0005,0.7,0.3,200,1.25
1508,20,3,0.0015,0.005,3.0,0.0003,0.0005,0.7,0.3,200,1.25
1509,20,3,0.0015,0.001,3.0,0.0003,0.0005,0.7,0.3,200,1.5
1510,20,3,0.0015,0.0025,3.0,0.0003,0.0005,0.7,0.3,200,1.5
1511,20,3,0.0015,0.005,3.0,0.0003,0.0005,0.7,0.3,200,1.5
1512,20,3,0.0015,0.001,3.0,0.0003,0.0005,0.3,0.4,0,0.0
1513,20,3,0.0015,0.0025,3.0,0.0003,0.0005,0.3,0.4,0,0.0
1514,20,3,0.0015,0.005,3.0,0.0003,0.0005,0.3,0.4,0,0.0
1515,20,3,0.0015,0.001,3.0,0.0003,0.0005,0.3,0.4,0,1.0
1516,20,3,0.0015,0.0025,3.0,0.0003,0.0005,0.3,0.4,0,1.0
1517,20,3,0.0015,0.005,3.0,0.0003,0.0005,0.3,0.4,0,1.0
1518,20,3,0.0015,0.001,3.0,0.0003,0.0005,0.3,0.4,0,1.25
1519,20,3,0.0015,0.0025,3.0,0.0003,0.0005,0.3,0.4,0,1.25
1520,20,3,0.0015,0.005,3.0,0.0003,0.0005,0.3,0.4,0,1.25
1521,20,3,0.0015,0.001,3.0,0.0003,0.0005,0.3,0.4,0,1.5
1522,20,3,0.0015,0.0025,3.0,0.0003,0.0005,0.3,0.4,0,1.5
1523,20,3,0.0015,0.005,3.0,0.0003,0.0005,0.3,0.4,0,1.5
1524,20,3,0.0015,0.001,3.0,0.0003,0.0005,0.3,0.4,100,0.0
1525,20,3,0.0015,0.0025,3.0,0.0003,0.0005,0.3,0.4,100,0.0
1526,20,3,0.0015,0.005,3.0,0.0003,0.0005,0.3,0.4,100,0.0
1527,20,3,0.0015,0.001,3.0,0.0003,0.0005,0.3,0.4,100,1.0
1528,20,3,0.0015,0.0025,3.0,0.0003,0.0005,0.3,0.4,100,1.0
1529,20,3,0.0015,0.005,3.0,0.0003,0.0005,0.3,0.4,100,1.0
1530,20,3,0.0015,0.001,3.0,0.0003,0.0005,0.3,0.4,100,1.25
1531,20,3,0.0015,0.0025,3.0,0.0003,0.0005,0.3,0.4,100,1.25
1532,20,3,0.0015,0.005,3.0,0.0003,0.0005,0.3,0.4,100,1.25
1533,20,3,0.0015,0.001,3.0,0.0003,0.0005,0.3,0.4,100,1.5
1534,20,3,0.0015,0.0025,3.0,0.0003,0.0005,0.3,0.4,100,1.5
1535,20,3,0.0015,0.005,3.0,0.0003,0.0005,0.3,0.4,100,1.5
1536,20,3,0.0015,0.001,3.0,0.0003,0.0005,0.3,0.4,200,0.0
1537,20,3,0.0015,0.0025,3.0,0.0003,0.0005,0.3,0.4,200,0.0
1538,20,3,0.0015,0.005,3.0,0.0003,0.0005,0.3,0.4,200,0.0
1539,20,3,0.0015,0.001,3.0,0.0003,0.0005,0.3,0.4,200,1.0
1540,20,3,0.0015,0.0025,3.0,0.0003,0.0005,0.3,0.4,200,1.0
1541,20,3,0.0015,0.005,3.0,0.0003,0.0005,0.3,0.4,200,1.0
1542,20,3,0.0015,0.001,3.0,0.0003,0.0005,0.3,0.4,200,1.25
1543,20,3,0.0015,0.0025,3.0,0.0003,0.0005,0.3,0.4,200,1.25
1544,20,3,0.0015,0.005,3.0,0.0003,0.0005,0.3,0.4,200,1.25
1545,20,3,0.0015,0.001,3.0,0.0003,0.0005,0.3,0.4,200,1.5
1546,20,3,0.0015,0.0025,3.0,0.0003,0.0005,0.3,0.4,200,1.5
1547,20,3,0.0015,0.005,3.0,0.0003,0.0005,0.3,0.4,200,1.5
1548,20,3,0.0015,0.001,3.0,0.0003,0.0005,0.5,0.4,0,0.0
1549,20,3,0.0015,0.0025,3.0,0.0003,0.0005,0.5,0.4,0,0.0
1550,20,3,0.0015,0.005,3.0,0.0003,0.0005,0.5,0.4,0,0.0
1551,20,3,0.0015,0.001,3.0,0.0003,0.0005,0.5,0.4,0,1.0
1552,20,3,0.0015,0.0025,3.0,0.0003,0.0005,0.5,0.4,0,1.0
1553,20,3,0.0015,0.005,3.0,0.0003,0.0005,0.5,0.4,0,1.0
1554,20,3,0.0015,0.001,3.0,0.0003,0.0005,0.5,0.4,0,1.25
1555,20,3,0.0015,0.0025,3.0,0.0003,0.0005,0.5,0.4,0,1.25
1556,20,3,0.0015,0.005,3.0,0.0003,0.0005,0.5,0.4,0,1.25
1557,20,3,0.0015,0.001,3.0,0.0003,0.0005,0.5,0.4,0,1.5
1558,20,3,0.0015,0.0025,3.0,0.0003,0.0005,0.5,0.4,0,1.5
1559,20,3,0.0015,0.005,3.0,0.0003,0.0005,0.5,0.4,0,1.5
1560,20,3,0.0015,0.001,3.0,0.0003,0.0005,0.5,0.4,100,0.0
1561,20,3,0.0015,0.0025,3.0,0.0003,0.0005,0.5,0.4,100,0.0
1562,20,3,0.0015,0.005,3.0,0.0003,0.0005,0.5,0.4,100,0.0
1563,20,3,0.0015,0.001,3.0,0.0003,0.0005,0.5,0.4,100,1.0
1564,20,3,0.0015,0.0025,3.0,0.0003,0.0005,0.5,0.4,100,1.0
1565,20,3,0.0015,0.005,3.0,0.0003,0.0005,0.5,0.4,100,1.0
1566,20,3,0.0015,0.001,3.0,0.0003,0.0005,0.5,0.4,100,1.25
1567,20,3,0.0015,0.0025,3.0,0.0003,0.0005,0.5,0.4,100,1.25
1568,20,3,0.0015,0.005,3.0,0.0003,0.0005,0.5,0.4,100,1.25
1569,20,3,0.0015,0.001,3.0,0.0003,0.0005,0.5,0.4,100,1.5
1570,20,3,0.0015,0.0025,3.0,0.0003,0.0005,0.5,0.4,100,1.5
1571,20,3,0.0015,0.005,3.0,0.0003,0.0005,0.5,0.4,100,1.5
1572,20,3,0.0015,0.001,3.0,0.0003,0.0005,0.5,0.4,200,0.0
1573,20,3,0.0015,0.0025,3.0,0.0003,0.0005,0.5,0.4,200,0.0
1574,20,3,0.0015,0.005,3.0,0.0003,0.0005,0.5,0.4,200,0.0
1575,20,3,0.0015,0.001,3.0,0.0003,0.0005,0.5,0.4,200,1.0
1576,20,3,0.0015,0.0025,3.0,0.0003,0.0005,0.5,0.4,200,1.0
1577,20,3,0.0015,0.005,3.0,0.0003,0.0005,0.5,0.4,200,1.0
1578,20,3,0.0015,0.001,3.0,0.0003,0.0005,0.5,0.4,200,1.25
1579,20,3,0.0015,0.0025,3.0,0.0003,0.0005,0.5,0.4,200,1.25
1580,20,3,0.0015,0.005,3.0,0.0003,0.0005,0.5,0.4,200,1.25
1581,20,3,0.0015,0.001,3.0,0.0003,0.0005,0.5,0.4,200,1.5
1582,20,3,0.0015,0.0025,3.0,0.0003,0.0005,0.5,0.4,200,1.5
1583,20,3,0.0015,0.005,3.0,0.0003,0.0005,0.5,0.4,200,1.5
1584,20,3,0.0015,0.001,3.0,0.0003,0.0005,0.7,0.4,0,0.0
1585,20,3,0.0015,0.0025,3.0,0.0003,0.0005,0.7,0.4,0,0.0
1586,20,3,0.0015,0.005,3.0,0.0003,0.0005,0.7,0.4,0,0.0
1587,20,3,0.0015,0.001,3.0,0.0003,0.0005,0.7,0.4,0,1.0
1588,20,3,0.0015,0.0025,3.0,0.0003,0.0005,0.7,0.4,0,1.0
1589,20,3,0.0015,0.005,3.0,0.0003,0.0005,0.7,0.4,0,1.0
1590,20,3,0.0015,0.001,3.0,0.0003,0.0005,0.7,0.4,0,1.25
1591,20,3,0.0015,0.0025,3.0,0.0003,0.0005,0.7,0.4,0,1.25
1592,20,3,0.0015,0.005,3.0,0.0003,0.0005,0.7,0.4,0,1.25
1593,20,3,0.0015,0.001,3.0,0.0003,0.0005,0.7,0.4,0,1.5
1594,20,3,0.0015,0.0025,3.0,0.0003,0.0005,0.7,0.4,0,1.5
1595,20,3,0.0015,0.005,3.0,0.0003,0.0005,0.7,0.4,0,1.5
1596,20,3,0.0015,0.001,3.0,0.0003,0.0005,0.7,0.4,100,0.0
1597,20,3,0.0015,0.0025,3.0,0.0003,0.0005,0.7,0.4,100,0.0
1598,20,3,0.0015,0.005,3.0,0.0003,0.0005,0.7,0.4,100,0.0
1599,20,3,0.0015,0.001,3.0,0.0003,0.0005,0.7,0.4,100,1.0
1600,20,3,0.0015,0.0025,3.0,0.0003,0.0005,0.7,0.4,100,1.0
1601,20,3,0.0015,0.005,3.0,0.0003,0.0005,0.7,0.4,100,1.0
1602,20,3,0.0015,0.001,3.0,0.0003,0.0005,0.7,0.4,100,1.25
1603,20,3,0.0015,0.0025,3.0,0.0003,0.0005,0.7,0.4,100,1.25
1604,20,3,0.0015,0.005,3.0,0.0003,0.0005,0.7,0.4,100,1.25
1605,20,3,0.0015,0.001,3.0,0.0003,0.0005,0.7,0.4,100,1.5
1606,20,3,0.0015,0.0025,3.0,0.0003,0.0005,0.7,0.4,100,1.5
1607,20,3,0.0015,0.005,3.0,0.0003,0.0005,0.7,0.4,100,1.5
1608,20,3,0.0015,0.001,3.0,0.0003,0.0005,0.7,0.4,200,0.0
1609,20,3,0.0015,0.0025,3.0,0.0003,0.0005,0.7,0.4,200,0.0
1610,20,3,0.0015,0.005,3.0,0.0003,0.0005,0.7,0.4,200,0.0
1611,20,3,0.0015,0.001,3.0,0.0003,0.0005,0.7,0.4,200,1.0
1612,20,3,0.0015,0.0025,3.0,0.0003,0.0005,0.7,0.4,200,1.0
1613,20,3,0.0015,0.005,3.0,0.0003,0.0005,0.7,0.4,200,1.0
1614,20,3,0.0015,0.001,3.0,0.0003,0.0005,0.7,0.4,200,1.25
1615,20,3,0.0015,0.0025,3.0,0.0003,0.0005,0.7,0.4,200,1.25
1616,20,3,0.0015,0.005,3.0,0.0003,0.0005,0.7,0.4,200,1.25
1617,20,3,0.0015,0.001,3.0,0.0003,0.0005,0.7,0.4,200,1.5
1618,20,3,0.0015,0.0025,3.0,0.0003,0.0005,0.7,0.4,200,1.5
1619,20,3,0.0015,0.005,3.0,0.0003,0.0005,0.7,0.4,200,1.5
1620,20,3,0.003,0.001,3.0,0.0003,0.0005,0.3,0.2,0,0.0
1621,20,3,0.003,0.0025,3.0,0.0003,0.0005,0.3,0.2,0,0.0
1622,20,3,0.003,0.005,3.0,0.0003,0.0005,0.3,0.2,0,0.0
1623,20,3,0.003,0.001,3.0,0.0003,0.0005,0.3,0.2,0,1.0
1624,20,3,0.003,0.0025,3.0,0.0003,0.0005,0.3,0.2,0,1.0
1625,20,3,0.003,0.005,3.0,0.0003,0.0005,0.3,0.2,0,1.0
1626,20,3,0.003,0.001,3.0,0.0003,0.0005,0.3,0.2,0,1.25
1627,20,3,0.003,0.0025,3.0,0.0003,0.0005,0.3,0.2,0,1.25
1628,20,3,0.003,0.005,3.0,0.0003,0.0005,0.3,0.2,0,1.25
1629,20,3,0.003,0.001,3.0,0.0003,0.0005,0.3,0.2,0,1.5
1630,20,3,0.003,0.0025,3.0,0.0003,0.0005,0.3,0.2,0,1.5
1631,20,3,0.003,0.005,3.0,0.0003,0.0005,0.3,0.2,0,1.5
1632,20,3,0.003,0.001,3.0,0.0003,0.0005,0.3,0.2,100,0.0
1633,20,3,0.003,0.0025,3.0,0.0003,0.0005,0.3,0.2,100,0.0
1634,20,3,0.003,0.005,3.0,0.0003,0.0005,0.3,0.2,100,0.0
1635,20,3,0.003,0.001,3.0,0.0003,0.0005,0.3,0.2,100,1.0
1636,20,3,0.003,0.0025,3.0,0.0003,0.0005,0.3,0.2,100,1.0
1637,20,3,0.003,0.005,3.0,0.0003,0.0005,0.3,0.2,100,1.0
1638,20,3,0.003,0.001,3.0,0.0003,0.0005,0.3,0.2,100,1.25
1639,20,3,0.003,0.0025,3.0,0.0003,0.0005,0.3,0.2,100,1.25
1640,20,3,0.003,0.005,3.0,0.0003,0.0005,0.3,0.2,100,1.25
1641,20,3,0.003,0.001,3.0,0.0003,0.0005,0.3,0.2,100,1.5
1642,20,3,0.003,0.0025,3.0,0.0003,0.0005,0.3,0.2,100,1.5
1643,20,3,0.003,0.005,3.0,0.0003,0.0005,0.3,0.2,100,1.5
1644,20,3,0.003,0.001,3.0,0.0003,0.0005,0.3,0.2,200,0.0
1645,20,3,0.003,0.0025,3.0,0.0003,0.0005,0.3,0.2,200,0.0
1646,20,3,0.003,0.005,3.0,0.0003,0.0005,0.3,0.2,200,0.0
1647,20,3,0.003,0.001,3.0,0.0003,0.0005,0.3,0.2,200,1.0
1648,20,3,0.003,0.0025,3.0,0.0003,0.0005,0.3,0.2,200,1.0
1649,20,3,0.003,0.005,3.0,0.0003,0.0005,0.3,0.2,200,1.0
1650,20,3,0.003,0.001,3.0,0.0003,0.0005,0.3,0.2,200,1.25
1651,20,3,0.003,0.0025,3.0,0.0003,0.0005,0.3,0.2,200,1.25
1652,20,3,0.003,0.005,3.0,0.0003,0.0005,0.3,0.2,200,1.25
1653,20,3,0.003,0.001,3.0,0.0003,0.0005,0.3,0.2,200,1.5
1654,20,3,0.003,0.0025,3.0,0.0003,0.0005,0.3,0.2,200,1.5
1655,20,3,0.003,0.005,3.0,0.0003,0.0005,0.3,0.2,200,1.5
1656,20,3,0.003,0.001,3.0,0.0003,0.0005,0.5,0.2,0,0.0
1657,20,3,0.003,0.0025,3.0,0.0003,0.0005,0.5,0.2,0,0.0
1658,20,3,0.003,0.005,3.0,0.0003,0.0005,0.5,0.2,0,0.0
1659,20,3,0.003,0.001,3.0,0.0003,0.0005,0.5,0.2,0,1.0
1660,20,3,0.003,0.0025,3.0,0.0003,0.0005,0.5,0.2,0,1.0
1661,20,3,0.003,0.005,3.0,0.0003,0.0005,0.5,0.2,0,1.0
1662,20,3,0.003,0.001,3.0,0.0003,0.0005,0.5,0.2,0,1.25
1663,20,3,0.003,0.0025,3.0,0.0003,0.0005,0.5,0.2,0,1.25
1664,20,3,0.003,0.005,3.0,0.0003,0.0005,0.5,0.2,0,1.25
1665,20,3,0.003,0.001,3.0,0.0003,0.0005,0.5,0.2,0,1.5
1666,20,3,0.003,0.0025,3.0,0.0003,0.0005,0.5,0.2,0,1.5
1667,20,3,0.003,0.005,3.0,0.0003,0.0005,0.5,0.2,0,1.5
1668,20,3,0.003,0.001,3.0,0.0003,0.0005,0.5,0.2,100,0.0
1669,20,3,0.003,0.0025,3.0,0.0003,0.0005,0.5,0.2,100,0.0
1670,20,3,0.003,0.005,3.0,0.0003,0.0005,0.5,0.2,100,0.0
1671,20,3,0.003,0.001,3.0,0.0003,0.0005,0.5,0.2,100,1.0
1672,20,3,0.003,0.0025,3.0,0.0003,0.0005,0.5,0.2,100,1.0
1673,20,3,0.003,0.005,3.0,0.0003,0.0005,0.5,0.2,100,1.0
1674,20,3,0.003,0.001,3.0,0.0003,0.0005,0.5,0.2,100,1.25
1675,20,3,0.003,0.0025,3.0,0.0003,0.0005,0.5,0.2,100,1.25
1676,20,3,0.003,0.005,3.0,0.0003,0.0005,0.5,0.2,100,1.25
1677,20,3,0.003,0.001,3.0,0.0003,0.0005,0.5,0.2,100,1.5
1678,20,3,0.003,0.0025,3.0,0.0003,0.0005,0.5,0.2,100,1.5
1679,20,3,0.003,0.005,3.0,0.0003,0.0005,0.5,0.2,100,1.5
1680,20,3,0.003,0.001,3.0,0.0003,0.0005,0.5,0.2,200,0.0
1681,20,3,0.003,0.0025,3.0,0.0003,0.0005,0.5,0.2,200,0.0
1682,20,3,0.003,0.005,3.0,0.0003,0.0005,0.5,0.2,200,0.0
1683,20,3,0.003,0.001,3.0,0.0003,0.0005,0.5,0.2,200,1.0
1684,20,3,0.003,0.0025,3.0,0.0003,0.0005,0.5,0.2,200,1.0
1685,20,3,0.003,0.005,3.0,0.0003,0.0005,0.5,0.2,200,1.0
1686,20,3,0.003,0.001,3.0,0.0003,0.0005,0.5,0.2,200,1.25
1687,20,3,0.003,0.0025,3.0,0.0003,0.0005,0.5,0.2,200,1.25
1688,20,3,0.003,0.005,3.0,0.0003,0.0005,0.5,0.2,200,1.25
1689,20,3,0.003,0.001,3.0,0.0003,0.0005,0.5,0.2,200,1.5
1690,20,3,0.003,0.0025,3.0,0.0003,0.0005,0.5,0.2,200,1.5
1691,20,3,0.003,0.005,3.0,0.0003,0.0005,0.5,0.2,200,1.5
1692,20,3,0.003,0.001,3.0,0.0003,0.0005,0.7,0.2,0,0.0
1693,20,3,0.003,0.0025,3.0,0.0003,0.0005,0.7,0.2,0,0.0
1694,20,3,0.003,0.005,3.0,0.0003,0.0005,0.7,0.2,0,0.0
1695,20,3,0.003,0.001,3.0,0.0003,0.0005,0.7,0.2,0,1.0
1696,20,3,0.003,0.0025,3.0,0.0003,0.0005,0.7,0.2,0,1.0
1697,20,3,0.003,0.005,3.0,0.0003,0.0005,0.7,0.2,0,1.0
1698,20,3,0.003,0.001,3.0,0.0003,0.0005,0.7,0.2,0,1.25
1699,20,3,0.003,0.0025,3.0,0.0003,0.0005,0.7,0.2,0,1.25
1700,20,3,0.003,0.005,3.0,0.0003,0.0005,0.7,0.2,0,1.25
1701,20,3,0.003,0.001,3.0,0.0003,0.0005,0.7,0.2,0,1.5
1702,20,3,0.003,0.0025,3.0,0.0003,0.0005,0.7,0.2,0,1.5
1703,20,3,0.003,0.005,3.0,0.0003,0.0005,0.7,0.2,0,1.5
1704,20,3,0.003,0.001,3.0,0.0003,0.0005,0.7,0.2,100,0.0
1705,20,3,0.003,0.0025,3.0,0.0003,0.0005,0.7,0.2,100,0.0
1706,20,3,0.003,0.005,3.0,0.0003,0.0005,0.7,0.2,100,0.0
1707,20,3,0.003,0.001,3.0,0.0003,0.0005,0.7,0.2,100,1.0
1708,20,3,0.003,0.0025,3.0,0.0003,0.0005,0.7,0.2,100,1.0
1709,20,3,0.003,0.005,3.0,0.0003,0.0005,0.7,0.2,100,1.0
1710,20,3,0.003,0.001,3.0,0.0003,0.0005,0.7,0.2,100,1.25
1711,20,3,0.003,0.0025,3.0,0.0003,0.0005,0.7,0.2,100,1.25
1712,20,3,0.003,0.005,3.0,0.0003,0.0005,0.7,0.2,100,1.25
1713,20,3,0.003,0.001,3.0,0.0003,0.0005,0.7,0.2,100,1.5
1714,20,3,0.003,0.0025,3.0,0.0003,0.0005,0.7,0.2,100,1.5
1715,20,3,0.003,0.005,3.0,0.0003,0.0005,0.7,0.2,100,1.5
1716,20,3,0.003,0.001,3.0,0.0003,0.0005,0.7,0.2,200,0.0
1717,20,3,0.003,0.0025,3.0,0.0003,0.0005,0.7,0.2,200,0.0
1718,20,3,0.003,0.005,3.0,0.0003,0.0005,0.7,0.2,200,0.0
1719,20,3,0.003,0.001,3.0,0.0003,0.0005,0.7,0.2,200,1.0
1720,20,3,0.003,0.0025,3.0,0.0003,0.0005,0.7,0.2,200,1.0
1721,20,3,0.003,0.005,3.0,0.0003,0.0005,0.7,0.2,200,1.0
1722,20,3,0.003,0.001,3.0,0.0003,0.0005,0.7,0.2,200,1.25
1723,20,3,0.003,0.0025,3.0,0.0003,0.0005,0.7,0.2,200,1.25
1724,20,3,0.003,0.005,3.0,0.0003,0.0005,0.7,0.2,200,1.25
1725,20,3,0.003,0.001,3.0,0.0003,0.0005,0.7,0.2,200,1.5
1726,20,3,0.003,0.0025,3.0,0.0003,0.0005,0.7,0.2,200,1.5
1727,20,3,0.003,0.005,3.0,0.0003,0.0005,0.7,0.2,200,1.5
1728,20,3,0.003,0.001,3.0,0.0003,0.0005,0.3,0.3,0,0.0
1729,20,3,0.003,0.0025,3.0,0.0003,0.0005,0.3,0.3,0,0.0
1730,20,3,0.003,0.005,3.0,0.0003,0.0005,0.3,0.3,0,0.0
1731,20,3,0.003,0.001,3.0,0.0003,0.0005,0.3,0.3,0,1.0
1732,20,3,0.003,0.0025,3.0,0.0003,0.0005,0.3,0.3,0,1.0
1733,20,3,0.003,0.005,3.0,0.0003,0.0005,0.3,0.3,0,1.0
1734,20,3,0.003,0.001,3.0,0.0003,0.0005,0.3,0.3,0,1.25
1735,20,3,0.003,0.0025,3.0,0.0003,0.0005,0.3,0.3,0,1.25
1736,20,3,0.003,0.005,3.0,0.0003,0.0005,0.3,0.3,0,1.25
1737,20,3,0.003,0.001,3.0,0.0003,0.0005,0.3,0.3,0,1.5
1738,20,3,0.003,0.0025,3.0,0.0003,0.0005,0.3,0.3,0,1.5
1739,20,3,0.003,0.005,3.0,0.0003,0.0005,0.3,0.3,0,1.5
1740,20,3,0.003,0.001,3.0,0.0003,0.0005,0.3,0.3,100,0.0
1741,20,3,0.003,0.0025,3.0,0.0003,0.0005,0.3,0.3,100,0.0
1742,20,3,0.003,0.005,3.0,0.0003,0.0005,0.3,0.3,100,0.0
1743,20,3,0.003,0.001,3.0,0.0003,0.0005,0.3,0.3,100,1.0
1744,20,3,0.003,0.0025,3.0,0.0003,0.0005,0.3,0.3,100,1.0
1745,20,3,0.003,0.005,3.0,0.0003,0.0005,0.3,0.3,100,1.0
1746,20,3,0.003,0.001,3.0,0.0003,0.0005,0.3,0.3,100,1.25
1747,20,3,0.003,0.0025,3.0,0.0003,0.0005,0.3,0.3,100,1.25
1748,20,3,0.003,0.005,3.0,0.0003,0.0005,0.3,0.3,100,1.25
1749,20,3,0.003,0.001,3.0,0.0003,0.0005,0.3,0.3,100,1.5
1750,20,3,0.003,0.0025,3.0,0.0003,0.0005,0.3,0.3,100,1.5
1751,20,3,0.003,0.005,3.0,0.0003,0.0005,0.3,0.3,100,1.5
1752,20,3,0.003,0.001,3.0,0.0003,0.0005,0.3,0.3,200,0.0
1753,20,3,0.003,0.0025,3.0,0.0003,0.0005,0.3,0.3,200,0.0
1754,20,3,0.003,0.005,3.0,0.0003,0.0005,0.3,0.3,200,0.0
1755,20,3,0.003,0.001,3.0,0.0003,0.0005,0.3,0.3,200,1.0
1756,20,3,0.003,0.0025,3.0,0.0003,0.0005,0.3,0.3,200,1.0
1757,20,3,0.003,0.005,3.0,0.0003,0.0005,0.3,0.3,200,1.0
1758,20,3,0.003,0.001,3.0,0.0003,0.0005,0.3,0.3,200,1.25
1759,20,3,0.003,0.0025,3.0,0.0003,0.0005,0.3,0.3,200,1.25
1760,20,3,0.003,0.005,3.0,0.0003,0.0005,0.3,0.3,200,1.25
1761,20,3,0.003,0.001,3.0,0.0003,0.0005,0.3,0.3,200,1.5
1762,20,3,0.003,0.0025,3.0,0.0003,0.0005,0.3,0.3,200,1.5
1763,20,3,0.003,0.005,3.0,0.0003,0.0005,0.3,0.3,200,1.5
1764,20,3,0.003,0.001,3.0,0.0003,0.0005,0.5,0.3,0,0.0
1765,20,3,0.003,0.0025,3.0,0.0003,0.0005,0.5,0.3,0,0.0
1766,20,3,0.003,0.005,3.0,0.0003,0.0005,0.5,0.3,0,0.0
1767,20,3,0.003,0.001,3.0,0.0003,0.0005,0.5,0.3,0,1.0
1768,20,3,0.003,0.0025,3.0,0.0003,0.0005,0.5,0.3,0,1.0
1769,20,3,0.003,0.005,3.0,0.0003,0.0005,0.5,0.3,0,1.0
1770,20,3,0.003,0.001,3.0,0.0003,0.0005,0.5,0.3,0,1.25
1771,20,3,0.003,0.0025,3.0,0.0003,0.0005,0.5,0.3,0,1.25
1772,20,3,0.003,0.005,3.0,0.0003,0.0005,0.5,0.3,0,1.25
1773,20,3,0.003,0.001,3.0,0.0003,0.0005,0.5,0.3,0,1.5
1774,20,3,0.003,0.0025,3.0,0.0003,0.0005,0.5,0.3,0,1.5
1775,20,3,0.003,0.005,3.0,0.0003,0.0005,0.5,0.3,0,1.5
1776,20,3,0.003,0.001,3.0,0.0003,0.0005,0.5,0.3,100,0.0
1777,20,3,0.003,0.0025,3.0,0.0003,0.0005,0.5,0.3,100,0.0
1778,20,3,0.003,0.005,3.0,0.0003,0.0005,0.5,0.3,100,0.0
1779,20,3,0.003,0.001,3.0,0.0003,0.0005,0.5,0.3,100,1.0
1780,20,3,0.003,0.0025,3.0,0.0003,0.0005,0.5,0.3,100,1.0
1781,20,3,0.003,0.005,3.0,0.0003,0.0005,0.5,0.3,100,1.0
1782,20,3,0.003,0.001,3.0,0.0003,0.0005,0.5,0.3,100,1.25
1783,20,3,0.003,0.0025,3.0,0.0003,0.0005,0.5,0.3,100,1.25
1784,20,3,0.003,0.005,3.0,0.0003,0.0005,0.5,0.3,100,1.25
1785,20,3,0.003,0.001,3.0,0.0003,0.0005,0.5,0.3,100,1.5
1786,20,3,0.003,0.0025,3.0,0.0003,0.0005,0.5,0.3,100,1.5
1787,20,3,0.003,0.005,3.0,0.0003,0.0005,0.5,0.3,100,1.5
1788,20,3,0.003,0.001,3.0,0.0003,0.0005,0.5,0.3,200,0.0
1789,20,3,0.003,0.0025,3.0,0.0003,0.0005,0.5,0.3,200,0.0
1790,20,3,0.003,0.005,3.0,0.0003,0.0005,0.5,0.3,200,0.0
1791,20,3,0.003,0.001,3.0,0.0003,0.0005,0.5,0.3,200,1.0
1792,20,3,0.003,0.0025,3.0,0.0003,0.0005,0.5,0.3,200,1.0
1793,20,3,0.003,0.005,3.0,0.0003,0.0005,0.5,0.3,200,1.0
1794,20,3,0.003,0.001,3.0,0.0003,0.0005,0.5,0.3,200,1.25
1795,20,3,0.003,0.0025,3.0,0.0003,0.0005,0.5,0.3,200,1.25
1796,20,3,0.003,0.005,3.0,0.0003,0.0005,0.5,0.3,200,1.25
1797,20,3,0.003,0.001,3.0,0.0003,0.0005,0.5,0.3,200,1.5
1798,20,3,0.003,0.0025,3.0,0.0003,0.0005,0.5,0.3,200,1.5
1799,20,3,0.003,0.005,3.0,0.0003,0.0005,0.5,0.3,200,1.5
1800,20,3,0.003,0.001,3.0,0.0003,0.0005,0.7,0.3,0,0.0
1801,20,3,0.003,0.0025,3.0,0.0003,0.0005,0.7,0.3,0,0.0
1802,20,3,0.003,0.005,3.0,0.0003,0.0005,0.7,0.3,0,0.0
1803,20,3,0.003,0.001,3.0,0.0003,0.0005,0.7,0.3,0,1.0
1804,20,3,0.003,0.0025,3.0,0.0003,0.0005,0.7,0.3,0,1.0
1805,20,3,0.003,0.005,3.0,0.0003,0.0005,0.7,0.3,0,1.0
1806,20,3,0.003,0.001,3.0,0.0003,0.0005,0.7,0.3,0,1.25
1807,20,3,0.003,0.0025,3.0,0.0003,0.0005,0.7,0.3,0,1.25
1808,20,3,0.003,0.005,3.0,0.0003,0.0005,0.7,0.3,0,1.25
1809,20,3,0.003,0.001,3.0,0.0003,0.0005,0.7,0.3,0,1.5
1810,20,3,0.003,0.0025,3.0,0.0003,0.0005,0.7,0.3,0,1.5
1811,20,3,0.003,0.005,3.0,0.0003,0.0005,0.7,0.3,0,1.5
1812,20,3,0.003,0.001,3.0,0.0003,0.0005,0.7,0.3,100,0.0
1813,20,3,0.003,0.0025,3.0,0.0003,0.0005,0.7,0.3,100,0.0
1814,20,3,0.003,0.005,3.0,0.0003,0.0005,0.7,0.3,100,0.0
1815,20,3,0.003,0.001,3.0,0.0003,0.0005,0.7,0.3,100,1.0
1816,20,3,0.003,0.0025,3.0,0.0003,0.0005,0.7,0.3,100,1.0
1817,20,3,0.003,0.005,3.0,0.0003,0.0005,0.7,0.3,100,1.0
1818,20,3,0.003,0.001,3.0,0.0003,0.0005,0.7,0.3,100,1.25
1819,20,3,0.003,0.0025,3.0,0.0003,0.0005,0.7,0.3,100,1.25
1820,20,3,0.003,0.005,3.0,0.0003,0.0005,0.7,0.3,100,1.25
1821,20,3,0.003,0.001,3.0,0.0003,0.0005,0.7,0.3,100,1.5
1822,20,3,0.003,0.0025,3.0,0.0003,0.0005,0.7,0.3,100,1.5
1823,20,3,0.003,0.005,3.0,0.0003,0.0005,0.7,0.3,100,1.5
1824,20,3,0.003,0.001,3.0,0.0003,0.0005,0.7,0.3,200,0.0
1825,20,3,0.003,0.0025,3.0,0.0003,0.0005,0.7,0.3,200,0.0
1826,20,3,0.003,0.005,3.0,0.0003,0.0005,0.7,0.3,200,0.0
1827,20,3,0.003,0.001,3.0,0.0003,0.0005,0.7,0.3,200,1.0
1828,20,3,0.003,0.0025,3.0,0.0003,0.0005,0.7,0.3,200,1.0
1829,20,3,0.003,0.005,3.0,0.0003,0.0005,0.7,0.3,200,1.0
1830,20,3,0.003,0.001,3.0,0.0003,0.0005,0.7,0.3,200,1.25
1831,20,3,0.003,0.0025,3.0,0.0003,0.0005,0.7,0.3,200,1.25
1832,20,3,0.003,0.005,3.0,0.0003,0.0005,0.7,0.3,200,1.25
1833,20,3,0.003,0.001,3.0,0.0003,0.0005,0.7,0.3,200,1.5
1834,20,3,0.003,0.0025,3.0,0.0003,0.0005,0.7,0.3,200,1.5
1835,20,3,0.003,0.005,3.0,0.0003,0.0005,0.7,0.3,200,1.5
1836,20,3,0.003,0.001,3.0,0.0003,0.0005,0.3,0.4,0,0.0
1837,20,3,0.003,0.0025,3.0,0.0003,0.0005,0.3,0.4,0,0.0
1838,20,3,0.003,0.005,3.0,0.0003,0.0005,0.3,0.4,0,0.0
1839,20,3,0.003,0.001,3.0,0.0003,0.0005,0.3,0.4,0,1.0
1840,20,3,0.003,0.0025,3.0,0.0003,0.0005,0.3,0.4,0,1.0
1841,20,3,0.003,0.005,3.0,0.0003,0.0005,0.3,0.4,0,1.0
1842,20,3,0.003,0.001,3.0,0.0003,0.0005,0.3,0.4,0,1.25
1843,20,3,0.003,0.0025,3.0,0.0003,0.0005,0.3,0.4,0,1.25
1844,20,3,0.003,0.005,3.0,0.0003,0.0005,0.3,0.4,0,1.25
1845,20,3,0.003,0.001,3.0,0.0003,0.0005,0.3,0.4,0,1.5
1846,20,3,0.003,0.0025,3.0,0.0003,0.0005,0.3,0.4,0,1.5
1847,20,3,0.003,0.005,3.0,0.0003,0.0005,0.3,0.4,0,1.5
1848,20,3,0.003,0.001,3.0,0.0003,0.0005,0.3,0.4,100,0.0
1849,20,3,0.003,0.0025,3.0,0.0003,0.0005,0.3,0.4,100,0.0
1850,20,3,0.003,0.005,3.0,0.0003,0.0005,0.3,0.4,100,0.0
1851,20,3,0.003,0.001,3.0,0.0003,0.0005,0.3,0.4,100,1.0
1852,20,3,0.003,0.0025,3.0,0.0003,0.0005,0.3,0.4,100,1.0
1853,20,3,0.003,0.005,3.0,0.0003,0.0005,0.3,0.4,100,1.0
1854,20,3,0.003,0.001,3.0,0.0003,0.0005,0.3,0.4,100,1.25
1855,20,3,0.003,0.0025,3.0,0.0003,0.0005,0.3,0.4,100,1.25
1856,20,3,0.003,0.005,3.0,0.0003,0.0005,0.3,0.4,100,1.25
1857,20,3,0.003,0.001,3.0,0.0003,0.0005,0.3,0.4,100,1.5
1858,20,3,0.003,0.0025,3.0,0.0003,0.0005,0.3,0.4,100,1.5
1859,20,3,0.003,0.005,3.0,0.0003,0.0005,0.3,0.4,100,1.5
1860,20,3,0.003,0.001,3.0,0.0003,0.0005,0.3,0.4,200,0.0
1861,20,3,0.003,0.0025,3.0,0.0003,0.0005,0.3,0.4,200,0.0
1862,20,3,0.003,0.005,3.0,0.0003,0.0005,0.3,0.4,200,0.0
1863,20,3,0.003,0.001,3.0,0.0003,0.0005,0.3,0.4,200,1.0
1864,20,3,0.003,0.0025,3.0,0.0003,0.0005,0.3,0.4,200,1.0
1865,20,3,0.003,0.005,3.0,0.0003,0.0005,0.3,0.4,200,1.0
1866,20,3,0.003,0.001,3.0,0.0003,0.0005,0.3,0.4,200,1.25
1867,20,3,0.003,0.0025,3.0,0.0003,0.0005,0.3,0.4,200,1.25
1868,20,3,0.003,0.005,3.0,0.0003,0.0005,0.3,0.4,200,1.25
1869,20,3,0.003,0.001,3.0,0.0003,0.0005,0.3,0.4,200,1.5
1870,20,3,0.003,0.0025,3.0,0.0003,0.0005,0.3,0.4,200,1.5
1871,20,3,0.003,0.005,3.0,0.0003,0.0005,0.3,0.4,200,1.5
1872,20,3,0.003,0.001,3.0,0.0003,0.0005,0.5,0.4,0,0.0
1873,20,3,0.003,0.0025,3.0,0.0003,0.0005,0.5,0.4,0,0.0
1874,20,3,0.003,0.005,3.0,0.0003,0.0005,0.5,0.4,0,0.0
1875,20,3,0.003,0.001,3.0,0.0003,0.0005,0.5,0.4,0,1.0
1876,20,3,0.003,0.0025,3.0,0.0003,0.0005,0.5,0.4,0,1.0
1877,20,3,0.003,0.005,3.0,0.0003,0.0005,0.5,0.4,0,1.0
1878,20,3,0.003,0.001,3.0,0.0003,0.0005,0.5,0.4,0,1.25
1879,20,3,0.003,0.0025,3.0,0.0003,0.0005,0.5,0.4,0,1.25
1880,20,3,0.003,0.005,3.0,0.0003,0.0005,0.5,0.4,0,1.25
1881,20,3,0.003,0.001,3.0,0.0003,0.0005,0.5,0.4,0,1.5
1882,20,3,0.003,0.0025,3.0,0.0003,0.0005,0.5,0.4,0,1.5
1883,20,3,0.003,0.005,3.0,0.0003,0.0005,0.5,0.4,0,1.5
1884,20,3,0.003,0.001,3.0,0.0003,0.0005,0.5,0.4,100,0.0
1885,20,3,0.003,0.0025,3.0,0.0003,0.0005,0.5,0.4,100,0.0
1886,20,3,0.003,0.005,3.0,0.0003,0.0005,0.5,0.4,100,0.0
1887,20,3,0.003,0.001,3.0,0.0003,0.0005,0.5,0.4,100,1.0
1888,20,3,0.003,0.0025,3.0,0.0003,0.0005,0.5,0.4,100,1.0
1889,20,3,0.003,0.005,3.0,0.0003,0.0005,0.5,0.4,100,1.0
1890,20,3,0.003,0.001,3.0,0.0003,0.0005,0.5,0.4,100,1.25
1891,20,3,0.003,0.0025,3.0,0.0003,0.0005,0.5,0.4,100,1.25
1892,20,3,0.003,0.005,3.0,0.0003,0.0005,0.5,0.4,100,1.25
1893,20,3,0.003,0.001,3.0,0.0003,0.0005,0.5,0.4,100,1.5
1894,20,3,0.003,0.0025,3.0,0.0003,0.0005,0.5,0.4,100,1.5
1895,20,3,0.003,0.005,3.0,0.0003,0.0005,0.5,0.4,100,1.5
1896,20,3,0.003,0.001,3.0,0.0003,0.0005,0.5,0.4,200,0.0
1897,20,3,0.003,0.0025,3.0,0.0003,0.0005,0.5,0.4,200,0.0
1898,20,3,0.003,0.005,3.0,0.0003,0.0005,0.5,0.4,200,0.0
1899,20,3,0.003,0.001,3.0,0.0003,0.0005,0.5,0.4,200,1.0
1900,20,3,0.003,0.0025,3.0,0.0003,0.0005,0.5,0.4,200,1.0
1901,20,3,0.003,0.005,3.0,0.0003,0.0005,0.5,0.4,200,1.0
1902,20,3,0.003,0.001,3.0,0.0003,0.0005,0.5,0.4,200,1.25
1903,20,3,0.003,0.0025,3.0,0.0003,0.0005,0.5,0.4,200,1.25
1904,20,3,0.003,0.005,3.0,0.0003,0.0005,0.5,0.4,200,1.25
1905,20,3,0.003,0.001,3.0,0.0003,0.0005,0.5,0.4,200,1.5
1906,20,3,0.003,0.0025,3.0,0.0003,0.0005,0.5,0.4,200,1.5
1907,20,3,0.003,0.005,3.0,0.0003,0.0005,0.5,0.4,200,1.5
1908,20,3,0.003,0.001,3.0,0.0003,0.0005,0.7,0.4,0,0.0
1909,20,3,0.003,0.0025,3.0,0.0003,0.0005,0.7,0.4,0,0.0
1910,20,3,0.003,0.005,3.0,0.0003,0.0005,0.7,0.4,0,0.0
1911,20,3,0.003,0.001,3.0,0.0003,0.0005,0.7,0.4,0,1.0
1912,20,3,0.003,0.0025,3.0,0.0003,0.0005,0.7,0.4,0,1.0
1913,20,3,0.003,0.005,3.0,0.0003,0.0005,0.7,0.4,0,1.0
1914,20,3,0.003,0.001,3.0,0.0003,0.0005,0.7,0.4,0,1.25
1915,20,3,0.003,0.0025,3.0,0.0003,0.0005,0.7,0.4,0,1.25
1916,20,3,0.003,0.005,3.0,0.0003,0.0005,0.7,0.4,0,1.25
1917,20,3,0.003,0.001,3.0,0.0003,0.0005,0.7,0.4,0,1.5
1918,20,3,0.003,0.0025,3.0,0.0003,0.0005,0.7,0.4,0,1.5
1919,20,3,0.003,0.005,3.0,0.0003,0.0005,0.7,0.4,0,1.5
1920,20,3,0.003,0.001,3.0,0.0003,0.0005,0.7,0.4,100,0.0
1921,20,3,0.003,0.0025,3.0,0.0003,0.0005,0.7,0.4,100,0.0
1922,20,3,0.003,0.005,3.0,0.0003,0.0005,0.7,0.4,100,0.0
1923,20,3,0.003,0.001,3.0,0.0003,0.0005,0.7,0.4,100,1.0
1924,20,3,0.003,0.0025,3.0,0.0003,0.0005,0.7,0.4,100,1.0
1925,20,3,0.003,0.005,3.0,0.0003,0.0005,0.7,0.4,100,1.0
1926,20,3,0.003,0.001,3.0,0.0003,0.0005,0.7,0.4,100,1.25
1927,20,3,0.003,0.0025,3.0,0.0003,0.0005,0.7,0.4,100,1.25
1928,20,3,0.003,0.005,3.0,0.0003,0.0005,0.7,0.4,100,1.25
1929,20,3,0.003,0.001,3.0,0.0003,0.0005,0.7,0.4,100,1.5
1930,20,3,0.003,0.0025,3.0,0.0003,0.0005,0.7,0.4,100,1.5
1931,20,3,0.003,0.005,3.0,0.0003,0.0005,0.7,0.4,100,1.5
1932,20,3,0.003,0.001,3.0,0.0003,0.0005,0.7,0.4,200,0.0
1933,20,3,0.003,0.0025,3.0,0.0003,0.0005,0.7,0.4,200,0.0
1934,20,3,0.003,0.005,3.0,0.0003,0.0005,0.7,0.4,200,0.0
1935,20,3,0.003,0.001,3.0,0.0003,0.0005,0.7,0.4,200,1.0
1936,20,3,0.003,0.0025,3.0,0.0003,0.0005,0.7,0.4,200,1.0
1937,20,3,0.003,0.005,3.0,0.0003,0.0005,0.7,0.4,200,1.0
1938,20,3,0.003,0.001,3.0,0.0003,0.0005,0.7,0.4,200,1.25
1939,20,3,0.003,0.0025,3.0,0.0003,0.0005,0.7,0.4,200,1.25
1940,20,3,0.003,0.005,3.0,0.0003,0.0005,0.7,0.4,200,1.25
1941,20,3,0.003,0.001,3.0,0.0003,0.0005,0.7,0.4,200,1.5
1942,20,3,0.003,0.0025,3.0,0.0003,0.0005,0.7,0.4,200,1.5
1943,20,3,0.003,0.005,3.0,0.0003,0.0005,0.7,0.4,200,1.5
1944,20,3,0.005,0.001,3.0,0.0003,0.0005,0.3,0.2,0,0.0
1945,20,3,0.005,0.0025,3.0,0.0003,0.0005,0.3,0.2,0,0.0
1946,20,3,0.005,0.005,3.0,0.0003,0.0005,0.3,0.2,0,0.0
1947,20,3,0.005,0.001,3.0,0.0003,0.0005,0.3,0.2,0,1.0
1948,20,3,0.005,0.0025,3.0,0.0003,0.0005,0.3,0.2,0,1.0
1949,20,3,0.005,0.005,3.0,0.0003,0.0005,0.3,0.2,0,1.0
1950,20,3,0.005,0.001,3.0,0.0003,0.0005,0.3,0.2,0,1.25
1951,20,3,0.005,0.0025,3.0,0.0003,0.0005,0.3,0.2,0,1.25
1952,20,3,0.005,0.005,3.0,0.0003,0.0005,0.3,0.2,0,1.25
1953,20,3,0.005,0.001,3.0,0.0003,0.0005,0.3,0.2,0,1.5
1954,20,3,0.005,0.0025,3.0,0.0003,0.0005,0.3,0.2,0,1.5
1955,20,3,0.005,0.005,3.0,0.0003,0.0005,0.3,0.2,0,1.5
1956,20,3,0.005,0.001,3.0,0.0003,0.0005,0.3,0.2,100,0.0
1957,20,3,0.005,0.0025,3.0,0.0003,0.0005,0.3,0.2,100,0.0
1958,20,3,0.005,0.005,3.0,0.0003,0.0005,0.3,0.2,100,0.0
1959,20,3,0.005,0.001,3.0,0.0003,0.0005,0.3,0.2,100,1.0
1960,20,3,0.005,0.0025,3.0,0.0003,0.0005,0.3,0.2,100,1.0
1961,20,3,0.005,0.005,3.0,0.0003,0.0005,0.3,0.2,100,1.0
1962,20,3,0.005,0.001,3.0,0.0003,0.0005,0.3,0.2,100,1.25
1963,20,3,0.005,0.0025,3.0,0.0003,0.0005,0.3,0.2,100,1.25
1964,20,3,0.005,0.005,3.0,0.0003,0.0005,0.3,0.2,100,1.25
1965,20,3,0.005,0.001,3.0,0.0003,0.0005,0.3,0.2,100,1.5
1966,20,3,0.005,0.0025,3.0,0.0003,0.0005,0.3,0.2,100,1.5
1967,20,3,0.005,0.005,3.0,0.0003,0.0005,0.3,0.2,100,1.5
1968,20,3,0.005,0.001,3.0,0.0003,0.0005,0.3,0.2,200,0.0
1969,20,3,0.005,0.0025,3.0,0.0003,0.0005,0.3,0.2,200,0.0
1970,20,3,0.005,0.005,3.0,0.0003,0.0005,0.3,0.2,200,0.0
1971,20,3,0.005,0.001,3.0,0.0003,0.0005,0.3,0.2,200,1.0
1972,20,3,0.005,0.0025,3.0,0.0003,0.0005,0.3,0.2,200,1.0
1973,20,3,0.005,0.005,3.0,0.0003,0.0005,0.3,0.2,200,1.0
1974,20,3,0.005,0.001,3.0,0.0003,0.0005,0.3,0.2,200,1.25
1975,20,3,0.005,0.0025,3.0,0.0003,0.0005,0.3,0.2,200,1.25
1976,20,3,0.005,0.005,3.0,0.0003,0.0005,0.3,0.2,200,1.25
1977,20,3,0.005,0.001,3.0,0.0003,0.0005,0.3,0.2,200,1.5
1978,20,3,0.005,0.0025,3.0,0.0003,0.0005,0.3,0.2,200,1.5
1979,20,3,0.005,0.005,3.0,0.0003,0.0005,0.3,0.2,200,1.5
1980,20,3,0.005,0.001,3.0,0.0003,0.0005,0.5,0.2,0,0.0
1981,20,3,0.005,0.0025,3.0,0.0003,0.0005,0.5,0.2,0,0.0
1982,20,3,0.005,0.005,3.0,0.0003,0.0005,0.5,0.2,0,0.0
1983,20,3,0.005,0.001,3.0,0.0003,0.0005,0.5,0.2,0,1.0
1984,20,3,0.005,0.0025,3.0,0.0003,0.0005,0.5,0.2,0,1.0
1985,20,3,0.005,0.005,3.0,0.0003,0.0005,0.5,0.2,0,1.0
1986,20,3,0.005,0.001,3.0,0.0003,0.0005,0.5,0.2,0,1.25
1987,20,3,0.005,0.0025,3.0,0.0003,0.0005,0.5,0.2,0,1.25
1988,20,3,0.005,0.005,3.0,0.0003,0.0005,0.5,0.2,0,1.25
1989,20,3,0.005,0.001,3.0,0.0003,0.0005,0.5,0.2,0,1.5
1990,20,3,0.005,0.0025,3.0,0.0003,0.0005,0.5,0.2,0,1.5
1991,20,3,0.005,0.005,3.0,0.0003,0.0005,0.5,0.2,0,1.5
1992,20,3,0.005,0.001,3.0,0.0003,0.0005,0.5,0.2,100,0.0
1993,20,3,0.005,0.0025,3.0,0.0003,0.0005,0.5,0.2,100,0.0
1994,20,3,0.005,0.005,3.0,0.0003,0.0005,0.5,0.2,100,0.0
1995,20,3,0.005,0.001,3.0,0.0003,0.0005,0.5,0.2,100,1.0
1996,20,3,0.005,0.0025,3.0,0.0003,0.0005,0.5,0.2,100,1.0
1997,20,3,0.005,0.005,3.0,0.0003,0.0005,0.5,0.2,100,1.0
1998,20,3,0.005,0.001,3.0,0.0003,0.0005,0.5,0.2,100,1.25
1999,20,3,0.005,0.0025,3.0,0.0003,0.0005,0.5,0.2,100,1.25
2000,20,3,0.005,0.005,3.0,0.0003,0.0005,0.5,0.2,100,1.25
2001,20,3,0.005,0.001,3.0,0.0003,0.0005,0.5,0.2,100,1.5
2002,20,3,0.005,0.0025,3.0,0.0003,0.0005,0.5,0.2,100,1.5
2003,20,3,0.005,0.005,3.0,0.0003,0.0005,0.5,0.2,100,1.5
2004,20,3,0.005,0.001,3.0,0.0003,0.0005,0.5,0.2,200,0.0
2005,20,3,0.005,0.0025,3.0,0.0003,0.0005,0.5,0.2,200,0.0
2006,20,3,0.005,0.005,3.0,0.0003,0.0005,0.5,0.2,200,0.0
2007,20,3,0.005,0.001,3.0,0.0003,0.0005,0.5,0.2,200,1.0
2008,20,3,0.005,0.0025,3.0,0.0003,0.0005,0.5,0.2,200,1.0
2009,20,3,0.005,0.005,3.0,0.0003,0.0005,0.5,0.2,200,1.0
2010,20,3,0.005,0.001,3.0,0.0003,0.0005,0.5,0.2,200,1.25
2011,20,3,0.005,0.0025,3.0,0.0003,0.0005,0.5,0.2,200,1.25
2012,20,3,0.005,0.005,3.0,0.0003,0.0005,0.5,0.2,200,1.25
2013,20,3,0.005,0.001,3.0,0.0003,0.0005,0.5,0.2,200,1.5
2014,20,3,0.005,0.0025,3.0,0.0003,0.0005,0.5,0.2,200,1.5
2015,20,3,0.005,0.005,3.0,0.0003,0.0005,0.5,0.2,200,1.5
2016,20,3,0.005,0.001,3.0,0.0003,0.0005,0.7,0.2,0,0.0
2017,20,3,0.005,0.0025,3.0,0.0003,0.0005,0.7,0.2,0,0.0
2018,20,3,0.005,0.005,3.0,0.0003,0.0005,0.7,0.2,0,0.0
2019,20,3,0.005,0.001,3.0,0.0003,0.0005,0.7,0.2,0,1.0
2020,20,3,0.005,0.0025,3.0,0.0003,0.0005,0.7,0.2,0,1.0
2021,20,3,0.005,0.005,3.0,0.0003,0.0005,0.7,0.2,0,1.0
2022,20,3,0.005,0.001,3.0,0.0003,0.0005,0.7,0.2,0,1.25
2023,20,3,0.005,0.0025,3.0,0.0003,0.0005,0.7,0.2,0,1.25
2024,20,3,0.005,0.005,3.0,0.0003,0.0005,0.7,0.2,0,1.25
2025,20,3,0.005,0.001,3.0,0.0003,0.0005,0.7,0.2,0,1.5
2026,20,3,0.005,0.0025,3.0,0.0003,0.0005,0.7,0.2,0,1.5
2027,20,3,0.005,0.005,3.0,0.0003,0.0005,0.7,0.2,0,1.5
2028,20,3,0.005,0.001,3.0,0.0003,0.0005,0.7,0.2,100,0.0
2029,20,3,0.005,0.0025,3.0,0.0003,0.0005,0.7,0.2,100,0.0
2030,20,3,0.005,0.005,3.0,0.0003,0.0005,0.7,0.2,100,0.0
2031,20,3,0.005,0.001,3.0,0.0003,0.0005,0.7,0.2,100,1.0
2032,20,3,0.005,0.0025,3.0,0.0003,0.0005,0.7,0.2,100,1.0
2033,20,3,0.005,0.005,3.0,0.0003,0.0005,0.7,0.2,100,1.0
2034,20,3,0.005,0.001,3.0,0.0003,0.0005,0.7,0.2,100,1.25
2035,20,3,0.005,0.0025,3.0,0.0003,0.0005,0.7,0.2,100,1.25
2036,20,3,0.005,0.005,3.0,0.0003,0.0005,0.7,0.2,100,1.25
2037,20,3,0.005,0.001,3.0,0.0003,0.0005,0.7,0.2,100,1.5
2038,20,3,0.005,0.0025,3.0,0.0003,0.0005,0.7,0.2,100,1.5
2039,20,3,0.005,0.005,3.0,0.0003,0.0005,0.7,0.2,100,1.5
2040,20,3,0.005,0.001,3.0,0.0003,0.0005,0.7,0.2,200,0.0
2041,20,3,0.005,0.0025,3.0,0.0003,0.0005,0.7,0.2,200,0.0
2042,20,3,0.005,0.005,3.0,0.0003,0.0005,0.7,0.2,200,0.0
2043,20,3,0.005,0.001,3.0,0.0003,0.0005,0.7,0.2,200,1.0
2044,20,3,0.005,0.0025,3.0,0.0003,0.0005,0.7,0.2,200,1.0
2045,20,3,0.005,0.005,3.0,0.0003,0.0005,0.7,0.2,200,1.0
2046,20,3,0.005,0.001,3.0,0.0003,0.0005,0.7,0.2,200,1.25
2047,20,3,0.005,0.0025,3.0,0.0003,0.0005,0.7,0.2,200,1.25
2048,20,3,0.005,0.005,3.0,0.0003,0.0005,0.7,0.2,200,1.25
2049,20,3,0.005,0.001,3.0,0.0003,0.0005,0.7,0.2,200,1.5
2050,20,3,0.005,0.0025,3.0,0.0003,0.0005,0.7,0.2,200,1.5
2051,20,3,0.005,0.005,3.0,0.0003,0.0005,0.7,0.2,200,1.5
2052,20,3,0.005,0.001,3.0,0.0003,0.0005,0.3,0.3,0,0.0
2053,20,3,0.005,0.0025,3.0,0.0003,0.0005,0.3,0.3,0,0.0
2054,20,3,0.005,0.005,3.0,0.0003,0.0005,0.3,0.3,0,0.0
2055,20,3,0.005,0.001,3.0,0.0003,0.0005,0.3,0.3,0,1.0
2056,20,3,0.005,0.0025,3.0,0.0003,0.0005,0.3,0.3,0,1.0
2057,20,3,0.005,0.005,3.0,0.0003,0.0005,0.3,0.3,0,1.0
2058,20,3,0.005,0.001,3.0,0.0003,0.0005,0.3,0.3,0,1.25
2059,20,3,0.005,0.0025,3.0,0.0003,0.0005,0.3,0.3,0,1.25
2060,20,3,0.005,0.005,3.0,0.0003,0.0005,0.3,0.3,0,1.25
2061,20,3,0.005,0.001,3.0,0.0003,0.0005,0.3,0.3,0,1.5
2062,20,3,0.005,0.0025,3.0,0.0003,0.0005,0.3,0.3,0,1.5
2063,20,3,0.005,0.005,3.0,0.0003,0.0005,0.3,0.3,0,1.5
2064,20,3,0.005,0.001,3.0,0.0003,0.0005,0.3,0.3,100,0.0
2065,20,3,0.005,0.0025,3.0,0.0003,0.0005,0.3,0.3,100,0.0
2066,20,3,0.005,0.005,3.0,0.0003,0.0005,0.3,0.3,100,0.0
2067,20,3,0.005,0.001,3.0,0.0003,0.0005,0.3,0.3,100,1.0
2068,20,3,0.005,0.0025,3.0,0.0003,0.0005,0.3,0.3,100,1.0
2069,20,3,0.005,0.005,3.0,0.0003,0.0005,0.3,0.3,100,1.0
2070,20,3,0.005,0.001,3.0,0.0003,0.0005,0.3,0.3,100,1.25
2071,20,3,0.005,0.0025,3.0,0.0003,0.0005,0.3,0.3,100,1.25
2072,20,3,0.005,0.005,3.0,0.0003,0.0005,0.3,0.3,100,1.25
2073,20,3,0.005,0.001,3.0,0.0003,0.0005,0.3,0.3,100,1.5
2074,20,3,0.005,0.0025,3.0,0.0003,0.0005,0.3,0.3,100,1.5
2075,20,3,0.005,0.005,3.0,0.0003,0.0005,0.3,0.3,100,1.5
2076,20,3,0.005,0.001,3.0,0.0003,0.0005,0.3,0.3,200,0.0
2077,20,3,0.005,0.0025,3.0,0.0003,0.0005,0.3,0.3,200,0.0
2078,20,3,0.005,0.005,3.0,0.0003,0.0005,0.3,0.3,200,0.0
2079,20,3,0.005,0.001,3.0,0.0003,0.0005,0.3,0.3,200,1.0
2080,20,3,0.005,0.0025,3.0,0.0003,0.0005,0.3,0.3,200,1.0
2081,20,3,0.005,0.005,3.0,0.0003,0.0005,0.3,0.3,200,1.0
2082,20,3,0.005,0.001,3.0,0.0003,0.0005,0.3,0.3,200,1.25
2083,20,3,0.005,0.0025,3.0,0.0003,0.0005,0.3,0.3,200,1.25
2084,20,3,0.005,0.005,3.0,0.0003,0.0005,0.3,0.3,200,1.25
2085,20,3,0.005,0.001,3.0,0.0003,0.0005,0.3,0.3,200,1.5
2086,20,3,0.005,0.0025,3.0,0.0003,0.0005,0.3,0.3,200,1.5
2087,20,3,0.005,0.005,3.0,0.0003,0.0005,0.3,0.3,200,1.5
2088,20,3,0.005,0.001,3.0,0.0003,0.0005,0.5,0.3,0,0.0
2089,20,3,0.005,0.0025,3.0,0.0003,0.0005,0.5,0.3,0,0.0
2090,20,3,0.005,0.005,3.0,0.0003,0.0005,0.5,0.3,0,0.0
2091,20,3,0.005,0.001,3.0,0.0003,0.0005,0.5,0.3,0,1.0
2092,20,3,0.005,0.0025,3.0,0.0003,0.0005,0.5,0.3,0,1.0
2093,20,3,0.005,0.005,3.0,0.0003,0.0005,0.5,0.3,0,1.0
2094,20,3,0.005,0.001,3.0,0.0003,0.0005,0.5,0.3,0,1.25
2095,20,3,0.005,0.0025,3.0,0.0003,0.0005,0.5,0.3,0,1.25
2096,20,3,0.005,0.005,3.0,0.0003,0.0005,0.5,0.3,0,1.25
2097,20,3,0.005,0.001,3.0,0.0003,0.0005,0.5,0.3,0,1.5
2098,20,3,0.005,0.0025,3.0,0.0003,0.0005,0.5,0.3,0,1.5
2099,20,3,0.005,0.005,3.0,0.0003,0.0005,0.5,0.3,0,1.5
2100,20,3,0.005,0.001,3.0,0.0003,0.0005,0.5,0.3,100,0.0
2101,20,3,0.005,0.0025,3.0,0.0003,0.0005,0.5,0.3,100,0.0
2102,20,3,0.005,0.005,3.0,0.0003,0.0005,0.5,0.3,100,0.0
2103,20,3,0.005,0.001,3.0,0.0003,0.0005,0.5,0.3,100,1.0
2104,20,3,0.005,0.0025,3.0,0.0003,0.0005,0.5,0.3,100,1.0
2105,20,3,0.005,0.005,3.0,0.0003,0.0005,0.5,0.3,100,1.0
2106,20,3,0.005,0.001,3.0,0.0003,0.0005,0.5,0.3,100,1.25
2107,20,3,0.005,0.0025,3.0,0.0003,0.0005,0.5,0.3,100,1.25
2108,20,3,0.005,0.005,3.0,0.0003,0.0005,0.5,0.3,100,1.25
2109,20,3,0.005,0.001,3.0,0.0003,0.0005,0.5,0.3,100,1.5
2110,20,3,0.005,0.0025,3.0,0.0003,0.0005,0.5,0.3,100,1.5
2111,20,3,0.005,0.005,3.0,0.0003,0.0005,0.5,0.3,100,1.5
2112,20,3,0.005,0.001,3.0,0.0003,0.0005,0.5,0.3,200,0.0
2113,20,3,0.005,0.0025,3.0,0.0003,0.0005,0.5,0.3,200,0.0
2114,20,3,0.005,0.005,3.0,0.0003,0.0005,0.5,0.3,200,0.0
2115,20,3,0.005,0.001,3.0,0.0003,0.0005,0.5,0.3,200,1.0
2116,20,3,0.005,0.0025,3.0,0.0003,0.0005,0.5,0.3,200,1.0
2117,20,3,0.005,0.005,3.0,0.0003,0.0005,0.5,0.3,200,1.0
2118,20,3,0.005,0.001,3.0,0.0003,0.0005,0.5,0.3,200,1.25
2119,20,3,0.005,0.0025,3.0,0.0003,0.0005,0.5,0.3,200,1.25
2120,20,3,0.005,0.005,3.0,0.0003,0.0005,0.5,0.3,200,1.25
2121,20,3,0.005,0.001,3.0,0.0003,0.0005,0.5,0.3,200,1.5
2122,20,3,0.005,0.0025,3.0,0.0003,0.0005,0.5,0.3,200,1.5
2123,20,3,0.005,0.005,3.0,0.0003,0.0005,0.5,0.3,200,1.5
2124,20,3,0.005,0.001,3.0,0.0003,0.0005,0.7,0.3,0,0.0
2125,20,3,0.005,0.0025,3.0,0.0003,0.0005,0.7,0.3,0,0.0
2126,20,3,0.005,0.005,3.0,0.0003,0.0005,0.7,0.3,0,0.0
2127,20,3,0.005,0.001,3.0,0.0003,0.0005,0.7,0.3,0,1.0
2128,20,3,0.005,0.0025,3.0,0.0003,0.0005,0.7,0.3,0,1.0
2129,20,3,0.005,0.005,3.0,0.0003,0.0005,0.7,0.3,0,1.0
2130,20,3,0.005,0.001,3.0,0.0003,0.0005,0.7,0.3,0,1.25
2131,20,3,0.005,0.0025,3.0,0.0003,0.0005,0.7,0.3,0,1.25
2132,20,3,0.005,0.005,3.0,0.0003,0.0005,0.7,0.3,0,1.25
2133,20,3,0.005,0.001,3.0,0.0003,0.0005,0.7,0.3,0,1.5
2134,20,3,0.005,0.0025,3.0,0.0003,0.0005,0.7,0.3,0,1.5
2135,20,3,0.005,0.005,3.0,0.0003,0.0005,0.7,0.3,0,1.5
2136,20,3,0.005,0.001,3.0,0.0003,0.0005,0.7,0.3,100,0.0
2137,20,3,0.005,0.0025,3.0,0.0003,0.0005,0.7,0.3,100,0.0
2138,20,3,0.005,0.005,3.0,0.0003,0.0005,0.7,0.3,100,0.0
2139,20,3,0.005,0.001,3.0,0.0003,0.0005,0.7,0.3,100,1.0
2140,20,3,0.005,0.0025,3.0,0.0003,0.0005,0.7,0.3,100,1.0
2141,20,3,0.005,0.005,3.0,0.0003,0.0005,0.7,0.3,100,1.0
2142,20,3,0.005,0.001,3.0,0.0003,0.0005,0.7,0.3,100,1.25
2143,20,3,0.005,0.0025,3.0,0.0003,0.0005,0.7,0.3,100,1.25
2144,20,3,0.005,0.005,3.0,0.0003,0.0005,0.7,0.3,100,1.25
2145,20,3,0.005,0.001,3.0,0.0003,0.0005,0.7,0.3,100,1.5
2146,20,3,0.005,0.0025,3.0,0.0003,0.0005,0.7,0.3,100,1.5
2147,20,3,0.005,0.005,3.0,0.0003,0.0005,0.7,0.3,100,1.5
2148,20,3,0.005,0.001,3.0,0.0003,0.0005,0.7,0.3,200,0.0
2149,20,3,0.005,0.0025,3.0,0.0003,0.0005,0.7,0.3,200,0.0
2150,20,3,0.005,0.005,3.0,0.0003,0.0005,0.7,0.3,200,0.0
2151,20,3,0.005,0.001,3.0,0.0003,0.0005,0.7,0.3,200,1.0
2152,20,3,0.005,0.0025,3.0,0.0003,0.0005,0.7,0.3,200,1.0
2153,20,3,0.005,0.005,3.0,0.0003,0.0005,0.7,0.3,200,1.0
2154,20,3,0.005,0.001,3.0,0.0003,0.0005,0.7,0.3,200,1.25
2155,20,3,0.005,0.0025,3.0,0.0003,0.0005,0.7,0.3,200,1.25
2156,20,3,0.005,0.005,3.0,0.0003,0.0005,0.7,0.3,200,1.25
2157,20,3,0.005,0.001,3.0,0.0003,0.0005,0.7,0.3,200,1.5
2158,20,3,0.005,0.0025,3.0,0.0003,0.0005,0.7,0.3,200,1.5
2159,20,3,0.005,0.005,3.0,0.0003,0.0005,0.7,0.3,200,1.5
2160,20,3,0.005,0.001,3.0,0.0003,0.0005,0.3,0.4,0,0.0
2161,20,3,0.005,0.0025,3.0,0.0003,0.0005,0.3,0.4,0,0.0
2162,20,3,0.005,0.005,3.0,0.0003,0.0005,0.3,0.4,0,0.0
2163,20,3,0.005,0.001,3.0,0.0003,0.0005,0.3,0.4,0,1.0
2164,20,3,0.005,0.0025,3.0,0.0003,0.0005,0.3,0.4,0,1.0
2165,20,3,0.005,0.005,3.0,0.0003,0.0005,0.3,0.4,0,1.0
2166,20,3,0.005,0.001,3.0,0.0003,0.0005,0.3,0.4,0,1.25
2167,20,3,0.005,0.0025,3.0,0.0003,0.0005,0.3,0.4,0,1.25
2168,20,3,0.005,0.005,3.0,0.0003,0.0005,0.3,0.4,0,1.25
2169,20,3,0.005,0.001,3.0,0.0003,0.0005,0.3,0.4,0,1.5
2170,20,3,0.005,0.0025,3.0,0.0003,0.0005,0.3,0.4,0,1.5
2171,20,3,0.005,0.005,3.0,0.0003,0.0005,0.3,0.4,0,1.5
2172,20,3,0.005,0.001,3.0,0.0003,0.0005,0.3,0.4,100,0.0
2173,20,3,0.005,0.0025,3.0,0.0003,0.0005,0.3,0.4,100,0.0
2174,20,3,0.005,0.005,3.0,0.0003,0.0005,0.3,0.4,100,0.0
2175,20,3,0.005,0.001,3.0,0.0003,0.0005,0.3,0.4,100,1.0
2176,20,3,0.005,0.0025,3.0,0.0003,0.0005,0.3,0.4,100,1.0
2177,20,3,0.005,0.005,3.0,0.0003,0.0005,0.3,0.4,100,1.0
2178,20,3,0.005,0.001,3.0,0.0003,0.0005,0.3,0.4,100,1.25
2179,20,3,0.005,0.0025,3.0,0.0003,0.0005,0.3,0.4,100,1.25
2180,20,3,0.005,0.005,3.0,0.0003,0.0005,0.3,0.4,100,1.25
2181,20,3,0.005,0.001,3.0,0.0003,0.0005,0.3,0.4,100,1.5
2182,20,3,0.005,0.0025,3.0,0.0003,0.0005,0.3,0.4,100,1.5
2183,20,3,0.005,0.005,3.0,0.0003,0.0005,0.3,0.4,100,1.5
2184,20,3,0.005,0.001,3.0,0.0003,0.0005,0.3,0.4,200,0.0
2185,20,3,0.005,0.0025,3.0,0.0003,0.0005,0.3,0.4,200,0.0
2186,20,3,0.005,0.005,3.0,0.0003,0.0005,0.3,0.4,200,0.0
2187,20,3,0.005,0.001,3.0,0.0003,0.0005,0.3,0.4,200,1.0
2188,20,3,0.005,0.0025,3.0,0.0003,0.0005,0.3,0.4,200,1.0
2189,20,3,0.005,0.005,3.0,0.0003,0.0005,0.3,0.4,200,1.0
2190,20,3,0.005,0.001,3.0,0.0003,0.0005,0.3,0.4,200,1.25
2191,20,3,0.005,0.0025,3.0,0.0003,0.0005,0.3,0.4,200,1.25
2192,20,3,0.005,0.005,3.0,0.0003,0.0005,0.3,0.4,200,1.25
2193,20,3,0.005,0.001,3.0,0.0003,0.0005,0.3,0.4,200,1.5
2194,20,3,0.005,0.0025,3.0,0.0003,0.0005,0.3,0.4,200,1.5
2195,20,3,0.005,0.005,3.0,0.0003,0.0005,0.3,0.4,200,1.5
2196,20,3,0.005,0.001,3.0,0.0003,0.0005,0.5,0.4,0,0.0
2197,20,3,0.005,0.0025,3.0,0.0003,0.0005,0.5,0.4,0,0.0
2198,20,3,0.005,0.005,3.0,0.0003,0.0005,0.5,0.4,0,0.0
2199,20,3,0.005,0.001,3.0,0.0003,0.0005,0.5,0.4,0,1.0
2200,20,3,0.005,0.0025,3.0,0.0003,0.0005,0.5,0.4,0,1.0
2201,20,3,0.005,0.005,3.0,0.0003,0.0005,0.5,0.4,0,1.0
2202,20,3,0.005,0.001,3.0,0.0003,0.0005,0.5,0.4,0,1.25
2203,20,3,0.005,0.0025,3.0,0.0003,0.0005,0.5,0.4,0,1.25
2204,20,3,0.005,0.005,3.0,0.0003,0.0005,0.5,0.4,0,1.25
2205,20,3,0.005,0.001,3.0,0.0003,0.0005,0.5,0.4,0,1.5
2206,20,3,0.005,0.0025,3.0,0.0003,0.0005,0.5,0.4,0,1.5
2207,20,3,0.005,0.005,3.0,0.0003,0.0005,0.5,0.4,0,1.5
2208,20,3,0.005,0.001,3.0,0.0003,0.0005,0.5,0.4,100,0.0
2209,20,3,0.005,0.0025,3.0,0.0003,0.0005,0.5,0.4,100,0.0
2210,20,3,0.005,0.005,3.0,0.0003,0.0005,0.5,0.4,100,0.0
2211,20,3,0.005,0.001,3.0,0.0003,0.0005,0.5,0.4,100,1.0
2212,20,3,0.005,0.0025,3.0,0.0003,0.0005,0.5,0.4,100,1.0
2213,20,3,0.005,0.005,3.0,0.0003,0.0005,0.5,0.4,100,1.0
2214,20,3,0.005,0.001,3.0,0.0003,0.0005,0.5,0.4,100,1.25
2215,20,3,0.005,0.0025,3.0,0.0003,0.0005,0.5,0.4,100,1.25
2216,20,3,0.005,0.005,3.0,0.0003,0.0005,0.5,0.4,100,1.25
2217,20,3,0.005,0.001,3.0,0.0003,0.0005,0.5,0.4,100,1.5
2218,20,3,0.005,0.0025,3.0,0.0003,0.0005,0.5,0.4,100,1.5
2219,20,3,0.005,0.005,3.0,0.0003,0.0005,0.5,0.4,100,1.5
2220,20,3,0.005,0.001,3.0,0.0003,0.0005,0.5,0.4,200,0.0
2221,20,3,0.005,0.0025,3.0,0.0003,0.0005,0.5,0.4,200,0.0
2222,20,3,0.005,0.005,3.0,0.0003,0.0005,0.5,0.4,200,0.0
2223,20,3,0.005,0.001,3.0,0.0003,0.0005,0.5,0.4,200,1.0
2224,20,3,0.005,0.0025,3.0,0.0003,0.0005,0.5,0.4,200,1.0
2225,20,3,0.005,0.005,3.0,0.0003,0.0005,0.5,0.4,200,1.0
2226,20,3,0.005,0.001,3.0,0.0003,0.0005,0.5,0.4,200,1.25
2227,20,3,0.005,0.0025,3.0,0.0003,0.0005,0.5,0.4,200,1.25
2228,20,3,0.005,0.005,3.0,0.0003,0.0005,0.5,0.4,200,1.25
2229,20,3,0.005,0.001,3.0,0.0003,0.0005,0.5,0.4,200,1.5
2230,20,3,0.005,0.0025,3.0,0.0003,0.0005,0.5,0.4,200,1.5
2231,20,3,0.005,0.005,3.0,0.0003,0.0005,0.5,0.4,200,1.5
2232,20,3,0.005,0.001,3.0,0.0003,0.0005,0.7,0.4,0,0.0
2233,20,3,0.005,0.0025,3.0,0.0003,0.0005,0.7,0.4,0,0.0
2234,20,3,0.005,0.005,3.0,0.0003,0.0005,0.7,0.4,0,0.0
2235,20,3,0.005,0.001,3.0,0.0003,0.0005,0.7,0.4,0,1.0
2236,20,3,0.005,0.0025,3.0,0.0003,0.0005,0.7,0.4,0,1.0
2237,20,3,0.005,0.005,3.0,0.0003,0.0005,0.7,0.4,0,1.0
2238,20,3,0.005,0.001,3.0,0.0003,0.0005,0.7,0.4,0,1.25
2239,20,3,0.005,0.0025,3.0,0.0003,0.0005,0.7,0.4,0,1.25
2240,20,3,0.005,0.005,3.0,0.0003,0.0005,0.7,0.4,0,1.25
2241,20,3,0.005,0.001,3.0,0.0003,0.0005,0.7,0.4,0,1.5
2242,20,3,0.005,0.0025,3.0,0.0003,0.0005,0.7,0.4,0,1.5
2243,20,3,0.005,0.005,3.0,0.0003,0.0005,0.7,0.4,0,1.5
2244,20,3,0.005,0.001,3.0,0.0003,0.0005,0.7,0.4,100,0.0
2245,20,3,0.005,0.0025,3.0,0.0003,0.0005,0.7,0.4,100,0.0
2246,20,3,0.005,0.005,3.0,0.0003,0.0005,0.7,0.4,100,0.0
2247,20,3,0.005,0.001,3.0,0.0003,0.0005,0.7,0.4,100,1.0
2248,20,3,0.005,0.0025,3.0,0.0003,0.0005,0.7,0.4,100,1.0
2249,20,3,0.005,0.005,3.0,0.0003,0.0005,0.7,0.4,100,1.0
2250,20,3,0.005,0.001,3.0,0.0003,0.0005,0.7,0.4,100,1.25
2251,20,3,0.005,0.0025,3.0,0.0003,0.0005,0.7,0.4,100,1.25
2252,20,3,0.005,0.005,3.0,0.0003,0.0005,0.7,0.4,100,1.25
2253,20,3,0.005,0.001,3.0,0.0003,0.0005,0.7,0.4,100,1.5
2254,20,3,0.005,0.0025,3.0,0.0003,0.0005,0.7,0.4,100,1.5
2255,20,3,0.005,0.005,3.0,0.0003,0.0005,0.7,0.4,100,1.5
2256,20,3,0.005,0.001,3.0,0.0003,0.0005,0.7,0.4,200,0.0
2257,20,3,0.005,0.0025,3.0,0.0003,0.0005,0.7,0.4,200,0.0
2258,20,3,0.005,0.005,3.0,0.0003,0.0005,0.7,0.4,200,0.0
2259,20,3,0.005,0.001,3.0,0.0003,0.0005,0.7,0.4,200,1.0
2260,20,3,0.005,0.0025,3.0,0.0003,0.0005,0.7,0.4,200,1.0
2261,20,3,0.005,0.005,3.0,0.0003,0.0005,0.7,0.4,200,1.0
2262,20,3,0.005,0.001,3.0,0.0003,0.0005,0.7,0.4,200,1.25
2263,20,3,0.005,0.0025,3.0,0.0003,0.0005,0.7,0.4,200,1.25
2264,20,3,0.005,0.005,3.0,0.0003,0.0005,0.7,0.4,200,1.25
2265,20,3,0.005,0.001,3.0,0.0003,0.0005,0.7,0.4,200,1.5
2266,20,3,0.005,0.0025,3.0,0.0003,0.0005,0.7,0.4,200,1.5
2267,20,3,0.005,0.005,3.0,0.0003,0.0005,0.7,0.4,200,1.5
2268,20,3,0.0075,0.001,3.0,0.0003,0.0005,0.3,0.2,0,0.0
2269,20,3,0.0075,0.0025,3.0,0.0003,0.0005,0.3,0.2,0,0.0
2270,20,3,0.0075,0.005,3.0,0.0003,0.0005,0.3,0.2,0,0.0
2271,20,3,0.0075,0.001,3.0,0.0003,0.0005,0.3,0.2,0,1.0
2272,20,3,0.0075,0.0025,3.0,0.0003,0.0005,0.3,0.2,0,1.0
2273,20,3,0.0075,0.005,3.0,0.0003,0.0005,0.3,0.2,0,1.0
2274,20,3,0.0075,0.001,3.0,0.0003,0.0005,0.3,0.2,0,1.25
2275,20,3,0.0075,0.0025,3.0,0.0003,0.0005,0.3,0.2,0,1.25
2276,20,3,0.0075,0.005,3.0,0.0003,0.0005,0.3,0.2,0,1.25
2277,20,3,0.0075,0.001,3.0,0.0003,0.0005,0.3,0.2,0,1.5
2278,20,3,0.0075,0.0025,3.0,0.0003,0.0005,0.3,0.2,0,1.5
2279,20,3,0.0075,0.005,3.0,0.0003,0.0005,0.3,0.2,0,1.5
2280,20,3,0.0075,0.001,3.0,0.0003,0.0005,0.3,0.2,100,0.0
2281,20,3,0.0075,0.0025,3.0,0.0003,0.0005,0.3,0.2,100,0.0
2282,20,3,0.0075,0.005,3.0,0.0003,0.0005,0.3,0.2,100,0.0
2283,20,3,0.0075,0.001,3.0,0.0003,0.0005,0.3,0.2,100,1.0
2284,20,3,0.0075,0.0025,3.0,0.0003,0.0005,0.3,0.2,100,1.0
2285,20,3,0.0075,0.005,3.0,0.0003,0.0005,0.3,0.2,100,1.0
2286,20,3,0.0075,0.001,3.0,0.0003,0.0005,0.3,0.2,100,1.25
2287,20,3,0.0075,0.0025,3.0,0.0003,0.0005,0.3,0.2,100,1.25
2288,20,3,0.0075,0.005,3.0,0.0003,0.0005,0.3,0.2,100,1.25
2289,20,3,0.0075,0.001,3.0,0.0003,0.0005,0.3,0.2,100,1.5
2290,20,3,0.0075,0.0025,3.0,0.0003,0.0005,0.3,0.2,100,1.5
2291,20,3,0.0075,0.005,3.0,0.0003,0.0005,0.3,0.2,100,1.5
2292,20,3,0.0075,0.001,3.0,0.0003,0.0005,0.3,0.2,200,0.0
2293,20,3,0.0075,0.0025,3.0,0.0003,0.0005,0.3,0.2,200,0.0
2294,20,3,0.0075,0.005,3.0,0.0003,0.0005,0.3,0.2,200,0.0
2295,20,3,0.0075,0.001,3.0,0.0003,0.0005,0.3,0.2,200,1.0
2296,20,3,0.0075,0.0025,3.0,0.0003,0.0005,0.3,0.2,200,1.0
2297,20,3,0.0075,0.005,3.0,0.0003,0.0005,0.3,0.2,200,1.0
2298,20,3,0.0075,0.001,3.0,0.0003,0.0005,0.3,0.2,200,1.25
2299,20,3,0.0075,0.0025,3.0,0.0003,0.0005,0.3,0.2,200,1.25
2300,20,3,0.0075,0.005,3.0,0.0003,0.0005,0.3,0.2,200,1.25
2301,20,3,0.0075,0.001,3.0,0.0003,0.0005,0.3,0.2,200,1.5
2302,20,3,0.0075,0.0025,3.0,0.0003,0.0005,0.3,0.2,200,1.5
2303,20,3,0.0075,0.005,3.0,0.0003,0.0005,0.3,0.2,200,1.5
2304,20,3,0.0075,0.001,3.0,0.0003,0.0005,0.5,0.2,0,0.0
2305,20,3,0.0075,0.0025,3.0,0.0003,0.0005,0.5,0.2,0,0.0
2306,20,3,0.0075,0.005,3.0,0.0003,0.0005,0.5,0.2,0,0.0
2307,20,3,0.0075,0.001,3.0,0.0003,0.0005,0.5,0.2,0,1.0
2308,20,3,0.0075,0.0025,3.0,0.0003,0.0005,0.5,0.2,0,1.0
2309,20,3,0.0075,0.005,3.0,0.0003,0.0005,0.5,0.2,0,1.0
2310,20,3,0.0075,0.001,3.0,0.0003,0.0005,0.5,0.2,0,1.25
2311,20,3,0.0075,0.0025,3.0,0.0003,0.0005,0.5,0.2,0,1.25
2312,20,3,0.0075,0.005,3.0,0.0003,0.0005,0.5,0.2,0,1.25
2313,20,3,0.0075,0.001,3.0,0.0003,0.0005,0.5,0.2,0,1.5
2314,20,3,0.0075,0.0025,3.0,0.0003,0.0005,0.5,0.2,0,1.5
2315,20,3,0.0075,0.005,3.0,0.0003,0.0005,0.5,0.2,0,1.5
2316,20,3,0.0075,0.001,3.0,0.0003,0.0005,0.5,0.2,100,0.0
2317,20,3,0.0075,0.0025,3.0,0.0003,0.0005,0.5,0.2,100,0.0
2318,20,3,0.0075,0.005,3.0,0.0003,0.0005,0.5,0.2,100,0.0
2319,20,3,0.0075,0.001,3.0,0.0003,0.0005,0.5,0.2,100,1.0
2320,20,3,0.0075,0.0025,3.0,0.0003,0.0005,0.5,0.2,100,1.0
2321,20,3,0.0075,0.005,3.0,0.0003,0.0005,0.5,0.2,100,1.0
2322,20,3,0.0075,0.001,3.0,0.0003,0.0005,0.5,0.2,100,1.25
2323,20,3,0.0075,0.0025,3.0,0.0003,0.0005,0.5,0.2,100,1.25
2324,20,3,0.0075,0.005,3.0,0.0003,0.0005,0.5,0.2,100,1.25
2325,20,3,0.0075,0.001,3.0,0.0003,0.0005,0.5,0.2,100,1.5
2326,20,3,0.0075,0.0025,3.0,0.0003,0.0005,0.5,0.2,100,1.5
2327,20,3,0.0075,0.005,3.0,0.0003,0.0005,0.5,0.2,100,1.5
2328,20,3,0.0075,0.001,3.0,0.0003,0.0005,0.5,0.2,200,0.0
2329,20,3,0.0075,0.0025,3.0,0.0003,0.0005,0.5,0.2,200,0.0
2330,20,3,0.0075,0.005,3.0,0.0003,0.0005,0.5,0.2,200,0.0
2331,20,3,0.0075,0.001,3.0,0.0003,0.0005,0.5,0.2,200,1.0
2332,20,3,0.0075,0.0025,3.0,0.0003,0.0005,0.5,0.2,200,1.0
2333,20,3,0.0075,0.005,3.0,0.0003,0.0005,0.5,0.2,200,1.0
2334,20,3,0.0075,0.001,3.0,0.0003,0.0005,0.5,0.2,200,1.25
2335,20,3,0.0075,0.0025,3.0,0.0003,0.0005,0.5,0.2,200,1.25
2336,20,3,0.0075,0.005,3.0,0.0003,0.0005,0.5,0.2,200,1.25
2337,20,3,0.0075,0.001,3.0,0.0003,0.0005,0.5,0.2,200,1.5
2338,20,3,0.0075,0.0025,3.0,0.0003,0.0005,0.5,0.2,200,1.5
2339,20,3,0.0075,0.005,3.0,0.0003,0.0005,0.5,0.2,200,1.5
2340,20,3,0.0075,0.001,3.0,0.0003,0.0005,0.7,0.2,0,0.0
2341,20,3,0.0075,0.0025,3.0,0.0003,0.0005,0.7,0.2,0,0.0
2342,20,3,0.0075,0.005,3.0,0.0003,0.0005,0.7,0.2,0,0.0
2343,20,3,0.0075,0.001,3.0,0.0003,0.0005,0.7,0.2,0,1.0
2344,20,3,0.0075,0.0025,3.0,0.0003,0.0005,0.7,0.2,0,1.0
2345,20,3,0.0075,0.005,3.0,0.0003,0.0005,0.7,0.2,0,1.0
2346,20,3,0.0075,0.001,3.0,0.0003,0.0005,0.7,0.2,0,1.25
2347,20,3,0.0075,0.0025,3.0,0.0003,0.0005,0.7,0.2,0,1.25
2348,20,3,0.0075,0.005,3.0,0.0003,0.0005,0.7,0.2,0,1.25
2349,20,3,0.0075,0.001,3.0,0.0003,0.0005,0.7,0.2,0,1.5
2350,20,3,0.0075,0.0025,3.0,0.0003,0.0005,0.7,0.2,0,1.5
2351,20,3,0.0075,0.005,3.0,0.0003,0.0005,0.7,0.2,0,1.5
2352,20,3,0.0075,0.001,3.0,0.0003,0.0005,0.7,0.2,100,0.0
2353,20,3,0.0075,0.0025,3.0,0.0003,0.0005,0.7,0.2,100,0.0
2354,20,3,0.0075,0.005,3.0,0.0003,0.0005,0.7,0.2,100,0.0
2355,20,3,0.0075,0.001,3.0,0.0003,0.0005,0.7,0.2,100,1.0
2356,20,3,0.0075,0.0025,3.0,0.0003,0.0005,0.7,0.2,100,1.0
2357,20,3,0.0075,0.005,3.0,0.0003,0.0005,0.7,0.2,100,1.0
2358,20,3,0.0075,0.001,3.0,0.0003,0.0005,0.7,0.2,100,1.25
2359,20,3,0.0075,0.0025,3.0,0.0003,0.0005,0.7,0.2,100,1.25
2360,20,3,0.0075,0.005,3.0,0.0003,0.0005,0.7,0.2,100,1.25
2361,20,3,0.0075,0.001,3.0,0.0003,0.0005,0.7,0.2,100,1.5
2362,20,3,0.0075,0.0025,3.0,0.0003,0.0005,0.7,0.2,100,1.5
2363,20,3,0.0075,0.005,3.0,0.0003,0.0005,0.7,0.2,100,1.5
2364,20,3,0.0075,0.001,3.0,0.0003,0.0005,0.7,0.2,200,0.0
2365,20,3,0.0075,0.0025,3.0,0.0003,0.0005,0.7,0.2,200,0.0
2366,20,3,0.0075,0.005,3.0,0.0003,0.0005,0.7,0.2,200,0.0
2367,20,3,0.0075,0.001,3.0,0.0003,0.0005,0.7,0.2,200,1.0
2368,20,3,0.0075,0.0025,3.0,0.0003,0.0005,0.7,0.2,200,1.0
2369,20,3,0.0075,0.005,3.0,0.0003,0.0005,0.7,0.2,200,1.0
2370,20,3,0.0075,0.001,3.0,0.0003,0.0005,0.7,0.2,200,1.25
2371,20,3,0.0075,0.0025,3.0,0.0003,0.0005,0.7,0.2,200,1.25
2372,20,3,0.0075,0.005,3.0,0.0003,0.0005,0.7,0.2,200,1.25
2373,20,3,0.0075,0.001,3.0,0.0003,0.0005,0.7,0.2,200,1.5
2374,20,3,0.0075,0.0025,3.0,0.0003,0.0005,0.7,0.2,200,1.5
2375,20,3,0.0075,0.005,3.0,0.0003,0.0005,0.7,0.2,200,1.5
2376,20,3,0.0075,0.001,3.0,0.0003,0.0005,0.3,0.3,0,0.0
2377,20,3,0.0075,0.0025,3.0,0.0003,0.0005,0.3,0.3,0,0.0
2378,20,3,0.0075,0.005,3.0,0.0003,0.0005,0.3,0.3,0,0.0
2379,20,3,0.0075,0.001,3.0,0.0003,0.0005,0.3,0.3,0,1.0
2380,20,3,0.0075,0.0025,3.0,0.0003,0.0005,0.3,0.3,0,1.0
2381,20,3,0.0075,0.005,3.0,0.0003,0.0005,0.3,0.3,0,1.0
2382,20,3,0.0075,0.001,3.0,0.0003,0.0005,0.3,0.3,0,1.25
2383,20,3,0.0075,0.0025,3.0,0.0003,0.0005,0.3,0.3,0,1.25
2384,20,3,0.0075,0.005,3.0,0.0003,0.0005,0.3,0.3,0,1.25
2385,20,3,0.0075,0.001,3.0,0.0003,0.0005,0.3,0.3,0,1.5
2386,20,3,0.0075,0.0025,3.0,0.0003,0.0005,0.3,0.3,0,1.5
2387,20,3,0.0075,0.005,3.0,0.0003,0.0005,0.3,0.3,0,1.5
2388,20,3,0.0075,0.001,3.0,0.0003,0.0005,0.3,0.3,100,0.0
2389,20,3,0.0075,0.0025,3.0,0.0003,0.0005,0.3,0.3,100,0.0
2390,20,3,0.0075,0.005,3.0,0.0003,0.0005,0.3,0.3,100,0.0
2391,20,3,0.0075,0.001,3.0,0.0003,0.0005,0.3,0.3,100,1.0
2392,20,3,0.0075,0.0025,3.0,0.0003,0.0005,0.3,0.3,100,1.0
2393,20,3,0.0075,0.005,3.0,0.0003,0.0005,0.3,0.3,100,1.0
2394,20,3,0.0075,0.001,3.0,0.0003,0.0005,0.3,0.3,100,1.25
2395,20,3,0.0075,0.0025,3.0,0.0003,0.0005,0.3,0.3,100,1.25
2396,20,3,0.0075,0.005,3.0,0.0003,0.0005,0.3,0.3,100,1.25
2397,20,3,0.0075,0.001,3.0,0.0003,0.0005,0.3,0.3,100,1.5
2398,20,3,0.0075,0.0025,3.0,0.0003,0.0005,0.3,0.3,100,1.5
2399,20,3,0.0075,0.005,3.0,0.0003,0.0005,0.3,0.3,100,1.5
2400,20,3,0.0075,0.001,3.0,0.0003,0.0005,0.3,0.3,200,0.0
2401,20,3,0.0075,0.0025,3.0,0.0003,0.0005,0.3,0.3,200,0.0
2402,20,3,0.0075,0.005,3.0,0.0003,0.0005,0.3,0.3,200,0.0
2403,20,3,0.0075,0.001,3.0,0.0003,0.0005,0.3,0.3,200,1.0
2404,20,3,0.0075,0.0025,3.0,0.0003,0.0005,0.3,0.3,200,1.0
2405,20,3,0.0075,0.005,3.0,0.0003,0.0005,0.3,0.3,200,1.0
2406,20,3,0.0075,0.001,3.0,0.0003,0.0005,0.3,0.3,200,1.25
2407,20,3,0.0075,0.0025,3.0,0.0003,0.0005,0.3,0.3,200,1.25
2408,20,3,0.0075,0.005,3.0,0.0003,0.0005,0.3,0.3,200,1.25
2409,20,3,0.0075,0.001,3.0,0.0003,0.0005,0.3,0.3,200,1.5
2410,20,3,0.0075,0.0025,3.0,0.0003,0.0005,0.3,0.3,200,1.5
2411,20,3,0.0075,0.005,3.0,0.0003,0.0005,0.3,0.3,200,1.5
2412,20,3,0.0075,0.001,3.0,0.0003,0.0005,0.5,0.3,0,0.0
2413,20,3,0.0075,0.0025,3.0,0.0003,0.0005,0.5,0.3,0,0.0
2414,20,3,0.0075,0.005,3.0,0.0003,0.0005,0.5,0.3,0,0.0
2415,20,3,0.0075,0.001,3.0,0.0003,0.0005,0.5,0.3,0,1.0
2416,20,3,0.0075,0.0025,3.0,0.0003,0.0005,0.5,0.3,0,1.0
2417,20,3,0.0075,0.005,3.0,0.0003,0.0005,0.5,0.3,0,1.0
2418,20,3,0.0075,0.001,3.0,0.0003,0.0005,0.5,0.3,0,1.25
2419,20,3,0.0075,0.0025,3.0,0.0003,0.0005,0.5,0.3,0,1.25
2420,20,3,0.0075,0.005,3.0,0.0003,0.0005,0.5,0.3,0,1.25
2421,20,3,0.0075,0.001,3.0,0.0003,0.0005,0.5,0.3,0,1.5
2422,20,3,0.0075,0.0025,3.0,0.0003,0.0005,0.5,0.3,0,1.5
2423,20,3,0.0075,0.005,3.0,0.0003,0.0005,0.5,0.3,0,1.5
2424,20,3,0.0075,0.001,3.0,0.0003,0.0005,0.5,0.3,100,0.0
2425,20,3,0.0075,0.0025,3.0,0.0003,0.0005,0.5,0.3,100,0.0
2426,20,3,0.0075,0.005,3.0,0.0003,0.0005,0.5,0.3,100,0.0
2427,20,3,0.0075,0.001,3.0,0.0003,0.0005,0.5,0.3,100,1.0
2428,20,3,0.0075,0.0025,3.0,0.0003,0.0005,0.5,0.3,100,1.0
2429,20,3,0.0075,0.005,3.0,0.0003,0.0005,0.5,0.3,100,1.0
2430,20,3,0.0075,0.001,3.0,0.0003,0.0005,0.5,0.3,100,1.25
2431,20,3,0.0075,0.0025,3.0,0.0003,0.0005,0.5,0.3,100,1.25
2432,20,3,0.0075,0.005,3.0,0.0003,0.0005,0.5,0.3,100,1.25
2433,20,3,0.0075,0.001,3.0,0.0003,0.0005,0.5,0.3,100,1.5
2434,20,3,0.0075,0.0025,3.0,0.0003,0.0005,0.5,0.3,100,1.5
2435,20,3,0.0075,0.005,3.0,0.0003,0.0005,0.5,0.3,100,1.5
2436,20,3,0.0075,0.001,3.0,0.0003,0.0005,0.5,0.3,200,0.0
2437,20,3,0.0075,0.0025,3.0,0.0003,0.0005,0.5,0.3,200,0.0
2438,20,3,0.0075,0.005,3.0,0.0003,0.0005,0.5,0.3,200,0.0
2439,20,3,0.0075,0.001,3.0,0.0003,0.0005,0.5,0.3,200,1.0
2440,20,3,0.0075,0.0025,3.0,0.0003,0.0005,0.5,0.3,200,1.0
2441,20,3,0.0075,0.005,3.0,0.0003,0.0005,0.5,0.3,200,1.0
2442,20,3,0.0075,0.001,3.0,0.0003,0.0005,0.5,0.3,200,1.25
2443,20,3,0.0075,0.0025,3.0,0.0003,0.0005,0.5,0.3,200,1.25
2444,20,3,0.0075,0.005,3.0,0.0003,0.0005,0.5,0.3,200,1.25
2445,20,3,0.0075,0.001,3.0,0.0003,0.0005,0.5,0.3,200,1.5
2446,20,3,0.0075,0.0025,3.0,0.0003,0.0005,0.5,0.3,200,1.5
2447,20,3,0.0075,0.005,3.0,0.0003,0.0005,0.5,0.3,200,1.5
2448,20,3,0.0075,0.001,3.0,0.0003,0.0005,0.7,0.3,0,0.0
2449,20,3,0.0075,0.0025,3.0,0.0003,0.0005,0.7,0.3,0,0.0
2450,20,3,0.0075,0.005,3.0,0.0003,0.0005,0.7,0.3,0,0.0
2451,20,3,0.0075,0.001,3.0,0.0003,0.0005,0.7,0.3,0,1.0
2452,20,3,0.0075,0.0025,3.0,0.0003,0.0005,0.7,0.3,0,1.0
2453,20,3,0.0075,0.005,3.0,0.0003,0.0005,0.7,0.3,0,1.0
2454,20,3,0.0075,0.001,3.0,0.0003,0.0005,0.7,0.3,0,1.25
2455,20,3,0.0075,0.0025,3.0,0.0003,0.0005,0.7,0.3,0,1.25
2456,20,3,0.0075,0.005,3.0,0.0003,0.0005,0.7,0.3,0,1.25
2457,20,3,0.0075,0.001,3.0,0.0003,0.0005,0.7,0.3,0,1.5
2458,20,3,0.0075,0.0025,3.0,0.0003,0.0005,0.7,0.3,0,1.5
2459,20,3,0.0075,0.005,3.0,0.0003,0.0005,0.7,0.3,0,1.5
2460,20,3,0.0075,0.001,3.0,0.0003,0.0005,0.7,0.3,100,0.0
2461,20,3,0.0075,0.0025,3.0,0.0003,0.0005,0.7,0.3,100,0.0
2462,20,3,0.0075,0.005,3.0,0.0003,0.0005,0.7,0.3,100,0.0
2463,20,3,0.0075,0.001,3.0,0.0003,0.0005,0.7,0.3,100,1.0
2464,20,3,0.0075,0.0025,3.0,0.0003,0.0005,0.7,0.3,100,1.0
2465,20,3,0.0075,0.005,3.0,0.0003,0.0005,0.7,0.3,100,1.0
2466,20,3,0.0075,0.001,3.0,0.0003,0.0005,0.7,0.3,100,1.25
2467,20,3,0.0075,0.0025,3.0,0.0003,0.0005,0.7,0.3,100,1.25
2468,20,3,0.0075,0.005,3.0,0.0003,0.0005,0.7,0.3,100,1.25
2469,20,3,0.0075,0.001,3.0,0.0003,0.0005,0.7,0.3,100,1.5
2470,20,3,0.0075,0.0025,3.0,0.0003,0.0005,0.7,0.3,100,1.5
2471,20,3,0.0075,0.005,3.0,0.0003,0.0005,0.7,0.3,100,1.5
2472,20,3,0.0075,0.001,3.0,0.0003,0.0005,0.7,0.3,200,0.0
2473,20,3,0.0075,0.0025,3.0,0.0003,0.0005,0.7,0.3,200,0.0
2474,20,3,0.0075,0.005,3.0,0.0003,0.0005,0.7,0.3,200,0.0
2475,20,3,0.0075,0.001,3.0,0.0003,0.0005,0.7,0.3,200,1.0
2476,20,3,0.0075,0.0025,3.0,0.0003,0.0005,0.7,0.3,200,1.0
2477,20,3,0.0075,0.005,3.0,0.0003,0.0005,0.7,0.3,200,1.0
2478,20,3,0.0075,0.001,3.0,0.0003,0.0005,0.7,0.3,200,1.25
2479,20,3,0.0075,0.0025,3.0,0.0003,0.0005,0.7,0.3,200,1.25
2480,20,3,0.0075,0.005,3.0,0.0003,0.0005,0.7,0.3,200,1.25
2481,20,3,0.0075,0.001,3.0,0.0003,0.0005,0.7,0.3,200,1.5
2482,20,3,0.0075,0.0025,3.0,0.0003,0.0005,0.7,0.3,200,1.5
2483,20,3,0.0075,0.005,3.0,0.0003,0.0005,0.7,0.3,200,1.5
2484,20,3,0.0075,0.001,3.0,0.0003,0.0005,0.3,0.4,0,0.0
2485,20,3,0.0075,0.0025,3.0,0.0003,0.0005,0.3,0.4,0,0.0
2486,20,3,0.0075,0.005,3.0,0.0003,0.0005,0.3,0.4,0,0.0
2487,20,3,0.0075,0.001,3.0,0.0003,0.0005,0.3,0.4,0,1.0
2488,20,3,0.0075,0.0025,3.0,0.0003,0.0005,0.3,0.4,0,1.0
2489,20,3,0.0075,0.005,3.0,0.0003,0.0005,0.3,0.4,0,1.0
2490,20,3,0.0075,0.001,3.0,0.0003,0.0005,0.3,0.4,0,1.25
2491,20,3,0.0075,0.0025,3.0,0.0003,0.0005,0.3,0.4,0,1.25
2492,20,3,0.0075,0.005,3.0,0.0003,0.0005,0.3,0.4,0,1.25
2493,20,3,0.0075,0.001,3.0,0.0003,0.0005,0.3,0.4,0,1.5
2494,20,3,0.0075,0.0025,3.0,0.0003,0.0005,0.3,0.4,0,1.5
2495,20,3,0.0075,0.005,3.0,0.0003,0.0005,0.3,0.4,0,1.5
2496,20,3,0.0075,0.001,3.0,0.0003,0.0005,0.3,0.4,100,0.0
2497,20,3,0.0075,0.0025,3.0,0.0003,0.0005,0.3,0.4,100,0.0
2498,20,3,0.0075,0.005,3.0,0.0003,0.0005,0.3,0.4,100,0.0
2499,20,3,0.0075,0.001,3.0,0.0003,0.0005,0.3,0.4,100,1.0
2500,20,3,0.0075,0.0025,3.0,0.0003,0.0005,0.3,0.4,100,1.0
2501,20,3,0.0075,0.005,3.0,0.0003,0.0005,0.3,0.4,100,1.0
2502,20,3,0.0075,0.001,3.0,0.0003,0.0005,0.3,0.4,100,1.25
2503,20,3,0.0075,0.0025,3.0,0.0003,0.0005,0.3,0.4,100,1.25
2504,20,3,0.0075,0.005,3.0,0.0003,0.0005,0.3,0.4,100,1.25
2505,20,3,0.0075,0.001,3.0,0.0003,0.0005,0.3,0.4,100,1.5
2506,20,3,0.0075,0.0025,3.0,0.0003,0.0005,0.3,0.4,100,1.5
2507,20,3,0.0075,0.005,3.0,0.0003,0.0005,0.3,0.4,100,1.5
2508,20,3,0.0075,0.001,3.0,0.0003,0.0005,0.3,0.4,200,0.0
2509,20,3,0.0075,0.0025,3.0,0.0003,0.0005,0.3,0.4,200,0.0
2510,20,3,0.0075,0.005,3.0,0.0003,0.0005,0.3,0.4,200,0.0
2511,20,3,0.0075,0.001,3.0,0.0003,0.0005,0.3,0.4,200,1.0
2512,20,3,0.0075,0.0025,3.0,0.0003,0.0005,0.3,0.4,200,1.0
2513,20,3,0.0075,0.005,3.0,0.0003,0.0005,0.3,0.4,200,1.0
2514,20,3,0.0075,0.001,3.0,0.0003,0.0005,0.3,0.4,200,1.25
2515,20,3,0.0075,0.0025,3.0,0.0003,0.0005,0.3,0.4,200,1.25
2516,20,3,0.0075,0.005,3.0,0.0003,0.0005,0.3,0.4,200,1.25
2517,20,3,0.0075,0.001,3.0,0.0003,0.0005,0.3,0.4,200,1.5
2518,20,3,0.0075,0.0025,3.0,0.0003,0.0005,0.3,0.4,200,1.5
2519,20,3,0.0075,0.005,3.0,0.0003,0.0005,0.3,0.4,200,1.5
2520,20,3,0.0075,0.001,3.0,0.0003,0.0005,0.5,0.4,0,0.0
2521,20,3,0.0075,0.0025,3.0,0.0003,0.0005,0.5,0.4,0,0.0
2522,20,3,0.0075,0.005,3.0,0.0003,0.0005,0.5,0.4,0,0.0
2523,20,3,0.0075,0.001,3.0,0.0003,0.0005,0.5,0.4,0,1.0
2524,20,3,0.0075,0.0025,3.0,0.0003,0.0005,0.5,0.4,0,1.0
2525,20,3,0.0075,0.005,3.0,0.0003,0.0005,0.5,0.4,0,1.0
2526,20,3,0.0075,0.001,3.0,0.0003,0.0005,0.5,0.4,0,1.25
2527,20,3,0.0075,0.0025,3.0,0.0003,0.0005,0.5,0.4,0,1.25
2528,20,3,0.0075,0.005,3.0,0.0003,0.0005,0.5,0.4,0,1.25
2529,20,3,0.0075,0.001,3.0,0.0003,0.0005,0.5,0.4,0,1.5
2530,20,3,0.0075,0.0025,3.0,0.0003,0.0005,0.5,0.4,0,1.5
2531,20,3,0.0075,0.005,3.0,0.0003,0.0005,0.5,0.4,0,1.5
2532,20,3,0.0075,0.001,3.0,0.0003,0.0005,0.5,0.4,100,0.0
2533,20,3,0.0075,0.0025,3.0,0.0003,0.0005,0.5,0.4,100,0.0
2534,20,3,0.0075,0.005,3.0,0.0003,0.0005,0.5,0.4,100,0.0
2535,20,3,0.0075,0.001,3.0,0.0003,0.0005,0.5,0.4,100,1.0
2536,20,3,0.0075,0.0025,3.0,0.0003,0.0005,0.5,0.4,100,1.0
2537,20,3,0.0075,0.005,3.0,0.0003,0.0005,0.5,0.4,100,1.0
2538,20,3,0.0075,0.001,3.0,0.0003,0.0005,0.5,0.4,100,1.25
2539,20,3,0.0075,0.0025,3.0,0.0003,0.0005,0.5,0.4,100,1.25
2540,20,3,0.0075,0.005,3.0,0.0003,0.0005,0.5,0.4,100,1.25
2541,20,3,0.0075,0.001,3.0,0.0003,0.0005,0.5,0.4,100,1.5
2542,20,3,0.0075,0.0025,3.0,0.0003,0.0005,0.5,0.4,100,1.5
2543,20,3,0.0075,0.005,3.0,0.0003,0.0005,0.5,0.4,100,1.5
2544,20,3,0.0075,0.001,3.0,0.0003,0.0005,0.5,0.4,200,0.0
2545,20,3,0.0075,0.0025,3.0,0.0003,0.0005,0.5,0.4,200,0.0
2546,20,3,0.0075,0.005,3.0,0.0003,0.0005,0.5,0.4,200,0.0
2547,20,3,0.0075,0.001,3.0,0.0003,0.0005,0.5,0.4,200,1.0
2548,20,3,0.0075,0.0025,3.0,0.0003,0.0005,0.5,0.4,200,1.0
2549,20,3,0.0075,0.005,3.0,0.0003,0.0005,0.5,0.4,200,1.0
2550,20,3,0.0075,0.001,3.0,0.0003,0.0005,0.5,0.4,200,1.25
2551,20,3,0.0075,0.0025,3.0,0.0003,0.0005,0.5,0.4,200,1.25
2552,20,3,0.0075,0.005,3.0,0.0003,0.0005,0.5,0.4,200,1.25
2553,20,3,0.0075,0.001,3.0,0.0003,0.0005,0.5,0.4,200,1.5
2554,20,3,0.0075,0.0025,3.0,0.0003,0.0005,0.5,0.4,200,1.5
2555,20,3,0.0075,0.005,3.0,0.0003,0.0005,0.5,0.4,200,1.5
2556,20,3,0.0075,0.001,3.0,0.0003,0.0005,0.7,0.4,0,0.0
2557,20,3,0.0075,0.0025,3.0,0.0003,0.0005,0.7,0.4,0,0.0
2558,20,3,0.0075,0.005,3.0,0.0003,0.0005,0.7,0.4,0,0.0
2559,20,3,0.0075,0.001,3.0,0.0003,0.0005,0.7,0.4,0,1.0
2560,20,3,0.0075,0.0025,3.0,0.0003,0.0005,0.7,0.4,0,1.0
2561,20,3,0.0075,0.005,3.0,0.0003,0.0005,0.7,0.4,0,1.0
2562,20,3,0.0075,0.001,3.0,0.0003,0.0005,0.7,0.4,0,1.25
2563,20,3,0.0075,0.0025,3.0,0.0003,0.0005,0.7,0.4,0,1.25
2564,20,3,0.0075,0.005,3.0,0.0003,0.0005,0.7,0.4,0,1.25
2565,20,3,0.0075,0.001,3.0,0.0003,0.0005,0.7,0.4,0,1.5
2566,20,3,0.0075,0.0025,3.0,0.0003,0.0005,0.7,0.4,0,1.5
2567,20,3,0.0075,0.005,3.0,0.0003,0.0005,0.7,0.4,0,1.5
2568,20,3,0.0075,0.001,3.0,0.0003,0.0005,0.7,0.4,100,0.0
2569,20,3,0.0075,0.0025,3.0,0.0003,0.0005,0.7,0.4,100,0.0
2570,20,3,0.0075,0.005,3.0,0.0003,0.0005,0.7,0.4,100,0.0
2571,20,3,0.0075,0.001,3.0,0.0003,0.0005,0.7,0.4,100,1.0
2572,20,3,0.0075,0.0025,3.0,0.0003,0.0005,0.7,0.4,100,1.0
2573,20,3,0.0075,0.005,3.0,0.0003,0.0005,0.7,0.4,100,1.0
2574,20,3,0.0075,0.001,3.0,0.0003,0.0005,0.7,0.4,100,1.25
2575,20,3,0.0075,0.0025,3.0,0.0003,0.0005,0.7,0.4,100,1.25
2576,20,3,0.0075,0.005,3.0,0.0003,0.0005,0.7,0.4,100,1.25
2577,20,3,0.0075,0.001,3.0,0.0003,0.0005,0.7,0.4,100,1.5
2578,20,3,0.0075,0.0025,3.0,0.0003,0.0005,0.7,0.4,100,1.5
2579,20,3,0.0075,0.005,3.0,0.0003,0.0005,0.7,0.4,100,1.5
2580,20,3,0.0075,0.001,3.0,0.0003,0.0005,0.7,0.4,200,0.0
2581,20,3,0.0075,0.0025,3.0,0.0003,0.0005,0.7,0.4,200,0.0
2582,20,3,0.0075,0.005,3.0,0.0003,0.0005,0.7,0.4,200,0.0
2583,20,3,0.0075,0.001,3.0,0.0003,0.0005,0.7,0.4,200,1.0
2584,20,3,0.0075,0.0025,3.0,0.0003,0.0005,0.7,0.4,200,1.0
2585,20,3,0.0075,0.005,3.0,0.0003,0.0005,0.7,0.4,200,1.0
2586,20,3,0.0075,0.001,3.0,0.0003,0.0005,0.7,0.4,200,1.25
2587,20,3,0.0075,0.0025,3.0,0.0003,0.0005,0.7,0.4,200,1.25
2588,20,3,0.0075,0.005,3.0,0.0003,0.0005,0.7,0.4,200,1.25
2589,20,3,0.0075,0.001,3.0,0.0003,0.0005,0.7,0.4,200,1.5
2590,20,3,0.0075,0.0025,3.0,0.0003,0.0005,0.7,0.4,200,1.5
2591,20,3,0.0075,0.005,3.0,0.0003,0.0005,0.7,0.4,200,1.5
2592,40,3,0.0015,0.001,3.0,0.0003,0.0005,0.3,0.2,0,0.0
2593,40,3,0.0015,0.0025,3.0,0.0003,0.0005,0.3,0.2,0,0.0
2594,40,3,0.0015,0.005,3.0,0.0003,0.0005,0.3,0.2,0,0.0
2595,40,3,0.0015,0.001,3.0,0.0003,0.0005,0.3,0.2,0,1.0
2596,40,3,0.0015,0.0025,3.0,0.0003,0.0005,0.3,0.2,0,1.0
2597,40,3,0.0015,0.005,3.0,0.0003,0.0005,0.3,0.2,0,1.0
2598,40,3,0.0015,0.001,3.0,0.0003,0.0005,0.3,0.2,0,1.25
2599,40,3,0.0015,0.0025,3.0,0.0003,0.0005,0.3,0.2,0,1.25
2600,40,3,0.0015,0.005,3.0,0.0003,0.0005,0.3,0.2,0,1.25
2601,40,3,0.0015,0.001,3.0,0.0003,0.0005,0.3,0.2,0,1.5
2602,40,3,0.0015,0.0025,3.0,0.0003,0.0005,0.3,0.2,0,1.5
2603,40,3,0.0015,0.005,3.0,0.0003,0.0005,0.3,0.2,0,1.5
2604,40,3,0.0015,0.001,3.0,0.0003,0.0005,0.3,0.2,100,0.0
2605,40,3,0.0015,0.0025,3.0,0.0003,0.0005,0.3,0.2,100,0.0
2606,40,3,0.0015,0.005,3.0,0.0003,0.0005,0.3,0.2,100,0.0
2607,40,3,0.0015,0.001,3.0,0.0003,0.0005,0.3,0.2,100,1.0
2608,40,3,0.0015,0.0025,3.0,0.0003,0.0005,0.3,0.2,100,1.0
2609,40,3,0.0015,0.005,3.0,0.0003,0.0005,0.3,0.2,100,1.0
2610,40,3,0.0015,0.001,3.0,0.0003,0.0005,0.3,0.2,100,1.25
2611,40,3,0.0015,0.0025,3.0,0.0003,0.0005,0.3,0.2,100,1.25
2612,40,3,0.0015,0.005,3.0,0.0003,0.0005,0.3,0.2,100,1.25
2613,40,3,0.0015,0.001,3.0,0.0003,0.0005,0.3,0.2,100,1.5
2614,40,3,0.0015,0.0025,3.0,0.0003,0.0005,0.3,0.2,100,1.5
2615,40,3,0.0015,0.005,3.0,0.0003,0.0005,0.3,0.2,100,1.5
2616,40,3,0.0015,0.001,3.0,0.0003,0.0005,0.3,0.2,200,0.0
2617,40,3,0.0015,0.0025,3.0,0.0003,0.0005,0.3,0.2,200,0.0
2618,40,3,0.0015,0.005,3.0,0.0003,0.0005,0.3,0.2,200,0.0
2619,40,3,0.0015,0.001,3.0,0.0003,0.0005,0.3,0.2,200,1.0
2620,40,3,0.0015,0.0025,3.0,0.0003,0.0005,0.3,0.2,200,1.0
2621,40,3,0.0015,0.005,3.0,0.0003,0.0005,0.3,0.2,200,1.0
2622,40,3,0.0015,0.001,3.0,0.0003,0.0005,0.3,0.2,200,1.25
2623,40,3,0.0015,0.0025,3.0,0.0003,0.0005,0.3,0.2,200,1.25
2624,40,3,0.0015,0.005,3.0,0.0003,0.0005,0.3,0.2,200,1.25
2625,40,3,0.0015,0.001,3.0,0.0003,0.0005,0.3,0.2,200,1.5
2626,40,3,0.0015,0.0025,3.0,0.0003,0.0005,0.3,0.2,200,1.5
2627,40,3,0.0015,0.005,3.0,0.0003,0.0005,0.3,0.2,200,1.5
2628,40,3,0.0015,0.001,3.0,0.0003,0.0005,0.5,0.2,0,0.0
2629,40,3,0.0015,0.0025,3.0,0.0003,0.0005,0.5,0.2,0,0.0
2630,40,3,0.0015,0.005,3.0,0.0003,0.0005,0.5,0.2,0,0.0
2631,40,3,0.0015,0.001,3.0,0.0003,0.0005,0.5,0.2,0,1.0
2632,40,3,0.0015,0.0025,3.0,0.0003,0.0005,0.5,0.2,0,1.0
2633,40,3,0.0015,0.005,3.0,0.0003,0.0005,0.5,0.2,0,1.0
2634,40,3,0.0015,0.001,3.0,0.0003,0.0005,0.5,0.2,0,1.25
2635,40,3,0.0015,0.0025,3.0,0.0003,0.0005,0.5,0.2,0,1.25
2636,40,3,0.0015,0.005,3.0,0.0003,0.0005,0.5,0.2,0,1.25
2637,40,3,0.0015,0.001,3.0,0.0003,0.0005,0.5,0.2,0,1.5
2638,40,3,0.0015,0.0025,3.0,0.0003,0.0005,0.5,0.2,0,1.5
2639,40,3,0.0015,0.005,3.0,0.0003,0.0005,0.5,0.2,0,1.5
2640,40,3,0.0015,0.001,3.0,0.0003,0.0005,0.5,0.2,100,0.0
2641,40,3,0.0015,0.0025,3.0,0.0003,0.0005,0.5,0.2,100,0.0
2642,40,3,0.0015,0.005,3.0,0.0003,0.0005,0.5,0.2,100,0.0
2643,40,3,0.0015,0.001,3.0,0.0003,0.0005,0.5,0.2,100,1.0
2644,40,3,0.0015,0.0025,3.0,0.0003,0.0005,0.5,0.2,100,1.0
2645,40,3,0.0015,0.005,3.0,0.0003,0.0005,0.5,0.2,100,1.0
2646,40,3,0.0015,0.001,3.0,0.0003,0.0005,0.5,0.2,100,1.25
2647,40,3,0.0015,0.0025,3.0,0.0003,0.0005,0.5,0.2,100,1.25
2648,40,3,0.0015,0.005,3.0,0.0003,0.0005,0.5,0.2,100,1.25
2649,40,3,0.0015,0.001,3.0,0.0003,0.0005,0.5,0.2,100,1.5
2650,40,3,0.0015,0.0025,3.0,0.0003,0.0005,0.5,0.2,100,1.5
2651,40,3,0.0015,0.005,3.0,0.0003,0.0005,0.5,0.2,100,1.5
2652,40,3,0.0015,0.001,3.0,0.0003,0.0005,0.5,0.2,200,0.0
2653,40,3,0.0015,0.0025,3.0,0.0003,0.0005,0.5,0.2,200,0.0
2654,40,3,0.0015,0.005,3.0,0.0003,0.0005,0.5,0.2,200,0.0
2655,40,3,0.0015,0.001,3.0,0.0003,0.0005,0.5,0.2,200,1.0
2656,40,3,0.0015,0.0025,3.0,0.0003,0.0005,0.5,0.2,200,1.0
2657,40,3,0.0015,0.005,3.0,0.0003,0.0005,0.5,0.2,200,1.0
2658,40,3,0.0015,0.001,3.0,0.0003,0.0005,0.5,0.2,200,1.25
2659,40,3,0.0015,0.0025,3.0,0.0003,0.0005,0.5,0.2,200,1.25
2660,40,3,0.0015,0.005,3.0,0.0003,0.0005,0.5,0.2,200,1.25
2661,40,3,0.0015,0.001,3.0,0.0003,0.0005,0.5,0.2,200,1.5
2662,40,3,0.0015,0.0025,3.0,0.0003,0.0005,0.5,0.2,200,1.5
2663,40,3,0.0015,0.005,3.0,0.0003,0.0005,0.5,0.2,200,1.5
2664,40,3,0.0015,0.001,3.0,0.0003,0.0005,0.7,0.2,0,0.0
2665,40,3,0.0015,0.0025,3.0,0.0003,0.0005,0.7,0.2,0,0.0
2666,40,3,0.0015,0.005,3.0,0.0003,0.0005,0.7,0.2,0,0.0
2667,40,3,0.0015,0.001,3.0,0.0003,0.0005,0.7,0.2,0,1.0
2668,40,3,0.0015,0.0025,3.0,0.0003,0.0005,0.7,0.2,0,1.0
2669,40,3,0.0015,0.005,3.0,0.0003,0.0005,0.7,0.2,0,1.0
2670,40,3,0.0015,0.001,3.0,0.0003,0.0005,0.7,0.2,0,1.25
2671,40,3,0.0015,0.0025,3.0,0.0003,0.0005,0.7,0.2,0,1.25
2672,40,3,0.0015,0.005,3.0,0.0003,0.0005,0.7,0.2,0,1.25
2673,40,3,0.0015,0.001,3.0,0.0003,0.0005,0.7,0.2,0,1.5
2674,40,3,0.0015,0.0025,3.0,0.0003,0.0005,0.7,0.2,0,1.5
2675,40,3,0.0015,0.005,3.0,0.0003,0.0005,0.7,0.2,0,1.5
2676,40,3,0.0015,0.001,3.0,0.0003,0.0005,0.7,0.2,100,0.0
2677,40,3,0.0015,0.0025,3.0,0.0003,0.0005,0.7,0.2,100,0.0
2678,40,3,0.0015,0.005,3.0,0.0003,0.0005,0.7,0.2,100,0.0
2679,40,3,0.0015,0.001,3.0,0.0003,0.0005,0.7,0.2,100,1.0
2680,40,3,0.0015,0.0025,3.0,0.0003,0.0005,0.7,0.2,100,1.0
2681,40,3,0.0015,0.005,3.0,0.0003,0.0005,0.7,0.2,100,1.0
2682,40,3,0.0015,0.001,3.0,0.0003,0.0005,0.7,0.2,100,1.25
2683,40,3,0.0015,0.0025,3.0,0.0003,0.0005,0.7,0.2,100,1.25
2684,40,3,0.0015,0.005,3.0,0.0003,0.0005,0.7,0.2,100,1.25
2685,40,3,0.0015,0.001,3.0,0.0003,0.0005,0.7,0.2,100,1.5
2686,40,3,0.0015,0.0025,3.0,0.0003,0.0005,0.7,0.2,100,1.5
2687,40,3,0.0015,0.005,3.0,0.0003,0.0005,0.7,0.2,100,1.5
2688,40,3,0.0015,0.001,3.0,0.0003,0.0005,0.7,0.2,200,0.0
2689,40,3,0.0015,0.0025,3.0,0.0003,0.0005,0.7,0.2,200,0.0
2690,40,3,0.0015,0.005,3.0,0.0003,0.0005,0.7,0.2,200,0.0
2691,40,3,0.0015,0.001,3.0,0.0003,0.0005,0.7,0.2,200,1.0
2692,40,3,0.0015,0.0025,3.0,0.0003,0.0005,0.7,0.2,200,1.0
2693,40,3,0.0015,0.005,3.0,0.0003,0.0005,0.7,0.2,200,1.0
2694,40,3,0.0015,0.001,3.0,0.0003,0.0005,0.7,0.2,200,1.25
2695,40,3,0.0015,0.0025,3.0,0.0003,0.0005,0.7,0.2,200,1.25
2696,40,3,0.0015,0.005,3.0,0.0003,0.0005,0.7,0.2,200,1.25
2697,40,3,0.0015,0.001,3.0,0.0003,0.0005,0.7,0.2,200,1.5
2698,40,3,0.0015,0.0025,3.0,0.0003,0.0005,0.7,0.2,200,1.5
2699,40,3,0.0015,0.005,3.0,0.0003,0.0005,0.7,0.2,200,1.5
2700,40,3,0.0015,0.001,3.0,0.0003,0.0005,0.3,0.3,0,0.0
2701,40,3,0.0015,0.0025,3.0,0.0003,0.0005,0.3,0.3,0,0.0
2702,40,3,0.0015,0.005,3.0,0.0003,0.0005,0.3,0.3,0,0.0
2703,40,3,0.0015,0.001,3.0,0.0003,0.0005,0.3,0.3,0,1.0
2704,40,3,0.0015,0.0025,3.0,0.0003,0.0005,0.3,0.3,0,1.0
2705,40,3,0.0015,0.005,3.0,0.0003,0.0005,0.3,0.3,0,1.0
2706,40,3,0.0015,0.001,3.0,0.0003,0.0005,0.3,0.3,0,1.25
2707,40,3,0.0015,0.0025,3.0,0.0003,0.0005,0.3,0.3,0,1.25
2708,40,3,0.0015,0.005,3.0,0.0003,0.0005,0.3,0.3,0,1.25
2709,40,3,0.0015,0.001,3.0,0.0003,0.0005,0.3,0.3,0,1.5
2710,40,3,0.0015,0.0025,3.0,0.0003,0.0005,0.3,0.3,0,1.5
2711,40,3,0.0015,0.005,3.0,0.0003,0.0005,0.3,0.3,0,1.5
2712,40,3,0.0015,0.001,3.0,0.0003,0.0005,0.3,0.3,100,0.0
2713,40,3,0.0015,0.0025,3.0,0.0003,0.0005,0.3,0.3,100,0.0
2714,40,3,0.0015,0.005,3.0,0.0003,0.0005,0.3,0.3,100,0.0
2715,40,3,0.0015,0.001,3.0,0.0003,0.0005,0.3,0.3,100,1.0
2716,40,3,0.0015,0.0025,3.0,0.0003,0.0005,0.3,0.3,100,1.0
2717,40,3,0.0015,0.005,3.0,0.0003,0.0005,0.3,0.3,100,1.0
2718,40,3,0.0015,0.001,3.0,0.0003,0.0005,0.3,0.3,100,1.25
2719,40,3,0.0015,0.0025,3.0,0.0003,0.0005,0.3,0.3,100,1.25
2720,40,3,0.0015,0.005,3.0,0.0003,0.0005,0.3,0.3,100,1.25
2721,40,3,0.0015,0.001,3.0,0.0003,0.0005,0.3,0.3,100,1.5
2722,40,3,0.0015,0.0025,3.0,0.0003,0.0005,0.3,0.3,100,1.5
2723,40,3,0.0015,0.005,3.0,0.0003,0.0005,0.3,0.3,100,1.5
2724,40,3,0.0015,0.001,3.0,0.0003,0.0005,0.3,0.3,200,0.0
2725,40,3,0.0015,0.0025,3.0,0.0003,0.0005,0.3,0.3,200,0.0
2726,40,3,0.0015,0.005,3.0,0.0003,0.0005,0.3,0.3,200,0.0
2727,40,3,0.0015,0.001,3.0,0.0003,0.0005,0.3,0.3,200,1.0
2728,40,3,0.0015,0.0025,3.0,0.0003,0.0005,0.3,0.3,200,1.0
2729,40,3,0.0015,0.005,3.0,0.0003,0.0005,0.3,0.3,200,1.0
2730,40,3,0.0015,0.001,3.0,0.0003,0.0005,0.3,0.3,200,1.25
2731,40,3,0.0015,0.0025,3.0,0.0003,0.0005,0.3,0.3,200,1.25
2732,40,3,0.0015,0.005,3.0,0.0003,0.0005,0.3,0.3,200,1.25
2733,40,3,0.0015,0.001,3.0,0.0003,0.0005,0.3,0.3,200,1.5
2734,40,3,0.0015,0.0025,3.0,0.0003,0.0005,0.3,0.3,200,1.5
2735,40,3,0.0015,0.005,3.0,0.0003,0.0005,0.3,0.3,200,1.5
2736,40,3,0.0015,0.001,3.0,0.0003,0.0005,0.5,0.3,0,0.0
2737,40,3,0.0015,0.0025,3.0,0.0003,0.0005,0.5,0.3,0,0.0
2738,40,3,0.0015,0.005,3.0,0.0003,0.0005,0.5,0.3,0,0.0
2739,40,3,0.0015,0.001,3.0,0.0003,0.0005,0.5,0.3,0,1.0
2740,40,3,0.0015,0.0025,3.0,0.0003,0.0005,0.5,0.3,0,1.0
2741,40,3,0.0015,0.005,3.0,0.0003,0.0005,0.5,0.3,0,1.0
2742,40,3,0.0015,0.001,3.0,0.0003,0.0005,0.5,0.3,0,1.25
2743,40,3,0.0015,0.0025,3.0,0.0003,0.0005,0.5,0.3,0,1.25
2744,40,3,0.0015,0.005,3.0,0.0003,0.0005,0.5,0.3,0,1.25
2745,40,3,0.0015,0.001,3.0,0.0003,0.0005,0.5,0.3,0,1.5
2746,40,3,0.0015,0.0025,3.0,0.0003,0.0005,0.5,0.3,0,1.5
2747,40,3,0.0015,0.005,3.0,0.0003,0.0005,0.5,0.3,0,1.5
2748,40,3,0.0015,0.001,3.0,0.0003,0.0005,0.5,0.3,100,0.0
2749,40,3,0.0015,0.0025,3.0,0.0003,0.0005,0.5,0.3,100,0.0
2750,40,3,0.0015,0.005,3.0,0.0003,0.0005,0.5,0.3,100,0.0
2751,40,3,0.0015,0.001,3.0,0.0003,0.0005,0.5,0.3,100,1.0
2752,40,3,0.0015,0.0025,3.0,0.0003,0.0005,0.5,0.3,100,1.0
2753,40,3,0.0015,0.005,3.0,0.0003,0.0005,0.5,0.3,100,1.0
2754,40,3,0.0015,0.001,3.0,0.0003,0.0005,0.5,0.3,100,1.25
2755,40,3,0.0015,0.0025,3.0,0.0003,0.0005,0.5,0.3,100,1.25
2756,40,3,0.0015,0.005,3.0,0.0003,0.0005,0.5,0.3,100,1.25
2757,40,3,0.0015,0.001,3.0,0.0003,0.0005,0.5,0.3,100,1.5
2758,40,3,0.0015,0.0025,3.0,0.0003,0.0005,0.5,0.3,100,1.5
2759,40,3,0.0015,0.005,3.0,0.0003,0.0005,0.5,0.3,100,1.5
2760,40,3,0.0015,0.001,3.0,0.0003,0.0005,0.5,0.3,200,0.0
2761,40,3,0.0015,0.0025,3.0,0.0003,0.0005,0.5,0.3,200,0.0
2762,40,3,0.0015,0.005,3.0,0.0003,0.0005,0.5,0.3,200,0.0
2763,40,3,0.0015,0.001,3.0,0.0003,0.0005,0.5,0.3,200,1.0
2764,40,3,0.0015,0.0025,3.0,0.0003,0.0005,0.5,0.3,200,1.0
2765,40,3,0.0015,0.005,3.0,0.0003,0.0005,0.5,0.3,200,1.0
2766,40,3,0.0015,0.001,3.0,0.0003,0.0005,0.5,0.3,200,1.25
2767,40,3,0.0015,0.0025,3.0,0.0003,0.0005,0.5,0.3,200,1.25
2768,40,3,0.0015,0.005,3.0,0.0003,0.0005,0.5,0.3,200,1.25
2769,40,3,0.0015,0.001,3.0,0.0003,0.0005,0.5,0.3,200,1.5
2770,40,3,0.0015,0.0025,3.0,0.0003,0.0005,0.5,0.3,200,1.5
2771,40,3,0.0015,0.005,3.0,0.0003,0.0005,0.5,0.3,200,1.5
2772,40,3,0.0015,0.001,3.0,0.0003,0.0005,0.7,0.3,0,0.0
2773,40,3,0.0015,0.0025,3.0,0.0003,0.0005,0.7,0.3,0,0.0
2774,40,3,0.0015,0.005,3.0,0.0003,0.0005,0.7,0.3,0,0.0
2775,40,3,0.0015,0.001,3.0,0.0003,0.0005,0.7,0.3,0,1.0
2776,40,3,0.0015,0.0025,3.0,0.0003,0.0005,0.7,0.3,0,1.0
2777,40,3,0.0015,0.005,3.0,0.0003,0.0005,0.7,0.3,0,1.0
2778,40,3,0.0015,0.001,3.0,0.0003,0.0005,0.7,0.3,0,1.25
2779,40,3,0.0015,0.0025,3.0,0.0003,0.0005,0.7,0.3,0,1.25
2780,40,3,0.0015,0.005,3.0,0.0003,0.0005,0.7,0.3,0,1.25
2781,40,3,0.0015,0.001,3.0,0.0003,0.0005,0.7,0.3,0,1.5
2782,40,3,0.0015,0.0025,3.0,0.0003,0.0005,0.7,0.3,0,1.5
2783,40,3,0.0015,0.005,3.0,0.0003,0.0005,0.7,0.3,0,1.5
2784,40,3,0.0015,0.001,3.0,0.0003,0.0005,0.7,0.3,100,0.0
2785,40,3,0.0015,0.0025,3.0,0.0003,0.0005,0.7,0.3,100,0.0
2786,40,3,0.0015,0.005,3.0,0.0003,0.0005,0.7,0.3,100,0.0
2787,40,3,0.0015,0.001,3.0,0.0003,0.0005,0.7,0.3,100,1.0
2788,40,3,0.0015,0.0025,3.0,0.0003,0.0005,0.7,0.3,100,1.0
2789,40,3,0.0015,0.005,3.0,0.0003,0.0005,0.7,0.3,100,1.0
2790,40,3,0.0015,0.001,3.0,0.0003,0.0005,0.7,0.3,100,1.25
2791,40,3,0.0015,0.0025,3.0,0.0003,0.0005,0.7,0.3,100,1.25
2792,40,3,0.0015,0.005,3.0,0.0003,0.0005,0.7,0.3,100,1.25
2793,40,3,0.0015,0.001,3.0,0.0003,0.0005,0.7,0.3,100,1.5
2794,40,3,0.0015,0.0025,3.0,0.0003,0.0005,0.7,0.3,100,1.5
2795,40,3,0.0015,0.005,3.0,0.0003,0.0005,0.7,0.3,100,1.5
2796,40,3,0.0015,0.001,3.0,0.0003,0.0005,0.7,0.3,200,0.0
2797,40,3,0.0015,0.0025,3.0,0.0003,0.0005,0.7,0.3,200,0.0
2798,40,3,0.0015,0.005,3.0,0.0003,0.0005,0.7,0.3,200,0.0
2799,40,3,0.0015,0.001,3.0,0.0003,0.0005,0.7,0.3,200,1.0
2800,40,3,0.0015,0.0025,3.0,0.0003,0.0005,0.7,0.3,200,1.0
2801,40,3,0.0015,0.005,3.0,0.0003,0.0005,0.7,0.3,200,1.0
2802,40,3,0.0015,0.001,3.0,0.0003,0.0005,0.7,0.3,200,1.25
2803,40,3,0.0015,0.0025,3.0,0.0003,0.0005,0.7,0.3,200,1.25
2804,40,3,0.0015,0.005,3.0,0.0003,0.0005,0.7,0.3,200,1.25
2805,40,3,0.0015,0.001,3.0,0.0003,0.0005,0.7,0.3,200,1.5
2806,40,3,0.0015,0.0025,3.0,0.0003,0.0005,0.7,0.3,200,1.5
2807,40,3,0.0015,0.005,3.0,0.0003,0.0005,0.7,0.3,200,1.5
2808,40,3,0.0015,0.001,3.0,0.0003,0.0005,0.3,0.4,0,0.0
2809,40,3,0.0015,0.0025,3.0,0.0003,0.0005,0.3,0.4,0,0.0
2810,40,3,0.0015,0.005,3.0,0.0003,0.0005,0.3,0.4,0,0.0
2811,40,3,0.0015,0.001,3.0,0.0003,0.0005,0.3,0.4,0,1.0
2812,40,3,0.0015,0.0025,3.0,0.0003,0.0005,0.3,0.4,0,1.0
2813,40,3,0.0015,0.005,3.0,0.0003,0.0005,0.3,0.4,0,1.0
2814,40,3,0.0015,0.001,3.0,0.0003,0.0005,0.3,0.4,0,1.25
2815,40,3,0.0015,0.0025,3.0,0.0003,0.0005,0.3,0.4,0,1.25
2816,40,3,0.0015,0.005,3.0,0.0003,0.0005,0.3,0.4,0,1.25
2817,40,3,0.0015,0.001,3.0,0.0003,0.0005,0.3,0.4,0,1.5
2818,40,3,0.0015,0.0025,3.0,0.0003,0.0005,0.3,0.4,0,1.5
2819,40,3,0.0015,0.005,3.0,0.0003,0.0005,0.3,0.4,0,1.5
2820,40,3,0.0015,0.001,3.0,0.0003,0.0005,0.3,0.4,100,0.0
2821,40,3,0.0015,0.0025,3.0,0.0003,0.0005,0.3,0.4,100,0.0
2822,40,3,0.0015,0.005,3.0,0.0003,0.0005,0.3,0.4,100,0.0
2823,40,3,0.0015,0.001,3.0,0.0003,0.0005,0.3,0.4,100,1.0
2824,40,3,0.0015,0.0025,3.0,0.0003,0.0005,0.3,0.4,100,1.0
2825,40,3,0.0015,0.005,3.0,0.0003,0.0005,0.3,0.4,100,1.0
2826,40,3,0.0015,0.001,3.0,0.0003,0.0005,0.3,0.4,100,1.25
2827,40,3,0.0015,0.0025,3.0,0.0003,0.0005,0.3,0.4,100,1.25
2828,40,3,0.0015,0.005,3.0,0.0003,0.0005,0.3,0.4,100,1.25
2829,40,3,0.0015,0.001,3.0,0.0003,0.0005,0.3,0.4,100,1.5
2830,40,3,0.0015,0.0025,3.0,0.0003,0.0005,0.3,0.4,100,1.5
2831,40,3,0.0015,0.005,3.0,0.0003,0.0005,0.3,0.4,100,1.5
2832,40,3,0.0015,0.001,3.0,0.0003,0.0005,0.3,0.4,200,0.0
2833,40,3,0.0015,0.0025,3.0,0.0003,0.0005,0.3,0.4,200,0.0
2834,40,3,0.0015,0.005,3.0,0.0003,0.0005,0.3,0.4,200,0.0
2835,40,3,0.0015,0.001,3.0,0.0003,0.0005,0.3,0.4,200,1.0
2836,40,3,0.0015,0.0025,3.0,0.0003,0.0005,0.3,0.4,200,1.0
2837,40,3,0.0015,0.005,3.0,0.0003,0.0005,0.3,0.4,200,1.0
2838,40,3,0.0015,0.001,3.0,0.0003,0.0005,0.3,0.4,200,1.25
2839,40,3,0.0015,0.0025,3.0,0.0003,0.0005,0.3,0.4,200,1.25
2840,40,3,0.0015,0.005,3.0,0.0003,0.0005,0.3,0.4,200,1.25
2841,40,3,0.0015,0.001,3.0,0.0003,0.0005,0.3,0.4,200,1.5
2842,40,3,0.0015,0.0025,3.0,0.0003,0.0005,0.3,0.4,200,1.5
2843,40,3,0.0015,0.005,3.0,0.0003,0.0005,0.3,0.4,200,1.5
2844,40,3,0.0015,0.001,3.0,0.0003,0.0005,0.5,0.4,0,0.0
2845,40,3,0.0015,0.0025,3.0,0.0003,0.0005,0.5,0.4,0,0.0
2846,40,3,0.0015,0.005,3.0,0.0003,0.0005,0.5,0.4,0,0.0
2847,40,3,0.0015,0.001,3.0,0.0003,0.0005,0.5,0.4,0,1.0
2848,40,3,0.0015,0.0025,3.0,0.0003,0.0005,0.5,0.4,0,1.0
2849,40,3,0.0015,0.005,3.0,0.0003,0.0005,0.5,0.4,0,1.0
2850,40,3,0.0015,0.001,3.0,0.0003,0.0005,0.5,0.4,0,1.25
2851,40,3,0.0015,0.0025,3.0,0.0003,0.0005,0.5,0.4,0,1.25
2852,40,3,0.0015,0.005,3.0,0.0003,0.0005,0.5,0.4,0,1.25
2853,40,3,0.0015,0.001,3.0,0.0003,0.0005,0.5,0.4,0,1.5
2854,40,3,0.0015,0.0025,3.0,0.0003,0.0005,0.5,0.4,0,1.5
2855,40,3,0.0015,0.005,3.0,0.0003,0.0005,0.5,0.4,0,1.5
2856,40,3,0.0015,0.001,3.0,0.0003,0.0005,0.5,0.4,100,0.0
2857,40,3,0.0015,0.0025,3.0,0.0003,0.0005,0.5,0.4,100,0.0
2858,40,3,0.0015,0.005,3.0,0.0003,0.0005,0.5,0.4,100,0.0
2859,40,3,0.0015,0.001,3.0,0.0003,0.0005,0.5,0.4,100,1.0
2860,40,3,0.0015,0.0025,3.0,0.0003,0.0005,0.5,0.4,100,1.0
2861,40,3,0.0015,0.005,3.0,0.0003,0.0005,0.5,0.4,100,1.0
2862,40,3,0.0015,0.001,3.0,0.0003,0.0005,0.5,0.4,100,1.25
2863,40,3,0.0015,0.0025,3.0,0.0003,0.0005,0.5,0.4,100,1.25
2864,40,3,0.0015,0.005,3.0,0.0003,0.0005,0.5,0.4,100,1.25
2865,40,3,0.0015,0.001,3.0,0.0003,0.0005,0.5,0.4,100,1.5
2866,40,3,0.0015,0.0025,3.0,0.0003,0.0005,0.5,0.4,100,1.5
2867,40,3,0.0015,0.005,3.0,0.0003,0.0005,0.5,0.4,100,1.5
2868,40,3,0.0015,0.001,3.0,0.0003,0.0005,0.5,0.4,200,0.0
2869,40,3,0.0015,0.0025,3.0,0.0003,0.0005,0.5,0.4,200,0.0
2870,40,3,0.0015,0.005,3.0,0.0003,0.0005,0.5,0.4,200,0.0
2871,40,3,0.0015,0.001,3.0,0.0003,0.0005,0.5,0.4,200,1.0
2872,40,3,0.0015,0.0025,3.0,0.0003,0.0005,0.5,0.4,200,1.0
2873,40,3,0.0015,0.005,3.0,0.0003,0.0005,0.5,0.4,200,1.0
2874,40,3,0.0015,0.001,3.0,0.0003,0.0005,0.5,0.4,200,1.25
2875,40,3,0.0015,0.0025,3.0,0.0003,0.0005,0.5,0.4,200,1.25
2876,40,3,0.0015,0.005,3.0,0.0003,0.0005,0.5,0.4,200,1.25
2877,40,3,0.0015,0.001,3.0,0.0003,0.0005,0.5,0.4,200,1.5
2878,40,3,0.0015,0.0025,3.0,0.0003,0.0005,0.5,0.4,200,1.5
2879,40,3,0.0015,0.005,3.0,0.0003,0.0005,0.5,0.4,200,1.5
2880,40,3,0.0015,0.001,3.0,0.0003,0.0005,0.7,0.4,0,0.0
2881,40,3,0.0015,0.0025,3.0,0.0003,0.0005,0.7,0.4,0,0.0
2882,40,3,0.0015,0.005,3.0,0.0003,0.0005,0.7,0.4,0,0.0
2883,40,3,0.0015,0.001,3.0,0.0003,0.0005,0.7,0.4,0,1.0
2884,40,3,0.0015,0.0025,3.0,0.0003,0.0005,0.7,0.4,0,1.0
2885,40,3,0.0015,0.005,3.0,0.0003,0.0005,0.7,0.4,0,1.0
2886,40,3,0.0015,0.001,3.0,0.0003,0.0005,0.7,0.4,0,1.25
2887,40,3,0.0015,0.0025,3.0,0.0003,0.0005,0.7,0.4,0,1.25
2888,40,3,0.0015,0.005,3.0,0.0003,0.0005,0.7,0.4,0,1.25
2889,40,3,0.0015,0.001,3.0,0.0003,0.0005,0.7,0.4,0,1.5
2890,40,3,0.0015,0.0025,3.0,0.0003,0.0005,0.7,0.4,0,1.5
2891,40,3,0.0015,0.005,3.0,0.0003,0.0005,0.7,0.4,0,1.5
2892,40,3,0.0015,0.001,3.0,0.0003,0.0005,0.7,0.4,100,0.0
2893,40,3,0.0015,0.0025,3.0,0.0003,0.0005,0.7,0.4,100,0.0
2894,40,3,0.0015,0.005,3.0,0.0003,0.0005,0.7,0.4,100,0.0
2895,40,3,0.0015,0.001,3.0,0.0003,0.0005,0.7,0.4,100,1.0
2896,40,3,0.0015,0.0025,3.0,0.0003,0.0005,0.7,0.4,100,1.0
2897,40,3,0.0015,0.005,3.0,0.0003,0.0005,0.7,0.4,100,1.0
2898,40,3,0.0015,0.001,3.0,0.0003,0.0005,0.7,0.4,100,1.25
2899,40,3,0.0015,0.0025,3.0,0.0003,0.0005,0.7,0.4,100,1.25
2900,40,3,0.0015,0.005,3.0,0.0003,0.0005,0.7,0.4,100,1.25
2901,40,3,0.0015,0.001,3.0,0.0003,0.0005,0.7,0.4,100,1.5
2902,40,3,0.0015,0.0025,3.0,0.0003,0.0005,0.7,0.4,100,1.5
2903,40,3,0.0015,0.005,3.0,0.0003,0.0005,0.7,0.4,100,1.5
2904,40,3,0.0015,0.001,3.0,0.0003,0.0005,0.7,0.4,200,0.0
2905,40,3,0.0015,0.0025,3.0,0.0003,0.0005,0.7,0.4,200,0.0
2906,40,3,0.0015,0.005,3.0,0.0003,0.0005,0.7,0.4,200,0.0
2907,40,3,0.0015,0.001,3.0,0.0003,0.0005,0.7,0.4,200,1.0
2908,40,3,0.0015,0.0025,3.0,0.0003,0.0005,0.7,0.4,200,1.0
2909,40,3,0.0015,0.005,3.0,0.0003,0.0005,0.7,0.4,200,1.0
2910,40,3,0.0015,0.001,3.0,0.0003,0.0005,0.7,0.4,200,1.25
2911,40,3,0.0015,0.0025,3.0,0.0003,0.0005,0.7,0.4,200,1.25
2912,40,3,0.0015,0.005,3.0,0.0003,0.0005,0.7,0.4,200,1.25
2913,40,3,0.0015,0.001,3.0,0.0003,0.0005,0.7,0.4,200,1.5
2914,40,3,0.0015,0.0025,3.0,0.0003,0.0005,0.7,0.4,200,1.5
2915,40,3,0.0015,0.005,3.0,0.0003,0.0005,0.7,0.4,200,1.5
2916,40,3,0.003,0.001,3.0,0.0003,0.0005,0.3,0.2,0,0.0
2917,40,3,0.003,0.0025,3.0,0.0003,0.0005,0.3,0.2,0,0.0
2918,40,3,0.003,0.005,3.0,0.0003,0.0005,0.3,0.2,0,0.0
2919,40,3,0.003,0.001,3.0,0.0003,0.0005,0.3,0.2,0,1.0
2920,40,3,0.003,0.0025,3.0,0.0003,0.0005,0.3,0.2,0,1.0
2921,40,3,0.003,0.005,3.0,0.0003,0.0005,0.3,0.2,0,1.0
2922,40,3,0.003,0.001,3.0,0.0003,0.0005,0.3,0.2,0,1.25
2923,40,3,0.003,0.0025,3.0,0.0003,0.0005,0.3,0.2,0,1.25
2924,40,3,0.003,0.005,3.0,0.0003,0.0005,0.3,0.2,0,1.25
2925,40,3,0.003,0.001,3.0,0.0003,0.0005,0.3,0.2,0,1.5
2926,40,3,0.003,0.0025,3.0,0.0003,0.0005,0.3,0.2,0,1.5
2927,40,3,0.003,0.005,3.0,0.0003,0.0005,0.3,0.2,0,1.5
2928,40,3,0.003,0.001,3.0,0.0003,0.0005,0.3,0.2,100,0.0
2929,40,3,0.003,0.0025,3.0,0.0003,0.0005,0.3,0.2,100,0.0
2930,40,3,0.003,0.005,3.0,0.0003,0.0005,0.3,0.2,100,0.0
2931,40,3,0.003,0.001,3.0,0.0003,0.0005,0.3,0.2,100,1.0
2932,40,3,0.003,0.0025,3.0,0.0003,0.0005,0.3,0.2,100,1.0
2933,40,3,0.003,0.005,3.0,0.0003,0.0005,0.3,0.2,100,1.0
2934,40,3,0.003,0.001,3.0,0.0003,0.0005,0.3,0.2,100,1.25
2935,40,3,0.003,0.0025,3.0,0.0003,0.0005,0.3,0.2,100,1.25
2936,40,3,0.003,0.005,3.0,0.0003,0.0005,0.3,0.2,100,1.25
2937,40,3,0.003,0.001,3.0,0.0003,0.0005,0.3,0.2,100,1.5
2938,40,3,0.003,0.0025,3.0,0.0003,0.0005,0.3,0.2,100,1.5
2939,40,3,0.003,0.005,3.0,0.0003,0.0005,0.3,0.2,100,1.5
2940,40,3,0.003,0.001,3.0,0.0003,0.0005,0.3,0.2,200,0.0
2941,40,3,0.003,0.0025,3.0,0.0003,0.0005,0.3,0.2,200,0.0
2942,40,3,0.003,0.005,3.0,0.0003,0.0005,0.3,0.2,200,0.0
2943,40,3,0.003,0.001,3.0,0.0003,0.0005,0.3,0.2,200,1.0
2944,40,3,0.003,0.0025,3.0,0.0003,0.0005,0.3,0.2,200,1.0
2945,40,3,0.003,0.005,3.0,0.0003,0.0005,0.3,0.2,200,1.0
2946,40,3,0.003,0.001,3.0,0.0003,0.0005,0.3,0.2,200,1.25
2947,40,3,0.003,0.0025,3.0,0.0003,0.0005,0.3,0.2,200,1.25
2948,40,3,0.003,0.005,3.0,0.0003,0.0005,0.3,0.2,200,1.25
2949,40,3,0.003,0.001,3.0,0.0003,0.0005,0.3,0.2,200,1.5
2950,40,3,0.003,0.0025,3.0,0.0003,0.0005,0.3,0.2,200,1.5
2951,40,3,0.003,0.005,3.0,0.0003,0.0005,0.3,0.2,200,1.5
2952,40,3,0.003,0.001,3.0,0.0003,0.0005,0.5,0.2,0,0.0
2953,40,3,0.003,0.0025,3.0,0.0003,0.0005,0.5,0.2,0,0.0
2954,40,3,0.003,0.005,3.0,0.0003,0.0005,0.5,0.2,0,0.0
2955,40,3,0.003,0.001,3.0,0.0003,0.0005,0.5,0.2,0,1.0
2956,40,3,0.003,0.0025,3.0,0.0003,0.0005,0.5,0.2,0,1.0
2957,40,3,0.003,0.005,3.0,0.0003,0.0005,0.5,0.2,0,1.0
2958,40,3,0.003,0.001,3.0,0.0003,0.0005,0.5,0.2,0,1.25
2959,40,3,0.003,0.0025,3.0,0.0003,0.0005,0.5,0.2,0,1.25
2960,40,3,0.003,0.005,3.0,0.0003,0.0005,0.5,0.2,0,1.25
2961,40,3,0.003,0.001,3.0,0.0003,0.0005,0.5,0.2,0,1.5
2962,40,3,0.003,0.0025,3.0,0.0003,0.0005,0.5,0.2,0,1.5
2963,40,3,0.003,0.005,3.0,0.0003,0.0005,0.5,0.2,0,1.5
2964,40,3,0.003,0.001,3.0,0.0003,0.0005,0.5,0.2,100,0.0
2965,40,3,0.003,0.0025,3.0,0.0003,0.0005,0.5,0.2,100,0.0
2966,40,3,0.003,0.005,3.0,0.0003,0.0005,0.5,0.2,100,0.0
2967,40,3,0.003,0.001,3.0,0.0003,0.0005,0.5,0.2,100,1.0
2968,40,3,0.003,0.0025,3.0,0.0003,0.0005,0.5,0.2,100,1.0
2969,40,3,0.003,0.005,3.0,0.0003,0.0005,0.5,0.2,100,1.0
2970,40,3,0.003,0.001,3.0,0.0003,0.0005,0.5,0.2,100,1.25
2971,40,3,0.003,0.0025,3.0,0.0003,0.0005,0.5,0.2,100,1.25
2972,40,3,0.003,0.005,3.0,0.0003,0.0005,0.5,0.2,100,1.25
2973,40,3,0.003,0.001,3.0,0.0003,0.0005,0.5,0.2,100,1.5
2974,40,3,0.003,0.0025,3.0,0.0003,0.0005,0.5,0.2,100,1.5
2975,40,3,0.003,0.005,3.0,0.0003,0.0005,0.5,0.2,100,1.5
2976,40,3,0.003,0.001,3.0,0.0003,0.0005,0.5,0.2,200,0.0
2977,40,3,0.003,0.0025,3.0,0.0003,0.0005,0.5,0.2,200,0.0
2978,40,3,0.003,0.005,3.0,0.0003,0.0005,0.5,0.2,200,0.0
2979,40,3,0.003,0.001,3.0,0.0003,0.0005,0.5,0.2,200,1.0
2980,40,3,0.003,0.0025,3.0,0.0003,0.0005,0.5,0.2,200,1.0
2981,40,3,0.003,0.005,3.0,0.0003,0.0005,0.5,0.2,200,1.0
2982,40,3,0.003,0.001,3.0,0.0003,0.0005,0.5,0.2,200,1.25
2983,40,3,0.003,0.0025,3.0,0.0003,0.0005,0.5,0.2,200,1.25
2984,40,3,0.003,0.005,3.0,0.0003,0.0005,0.5,0.2,200,1.25
2985,40,3,0.003,0.001,3.0,0.0003,0.0005,0.5,0.2,200,1.5
2986,40,3,0.003,0.0025,3.0,0.0003,0.0005,0.5,0.2,200,1.5
2987,40,3,0.003,0.005,3.0,0.0003,0.0005,0.5,0.2,200,1.5
2988,40,3,0.003,0.001,3.0,0.0003,0.0005,0.7,0.2,0,0.0
2989,40,3,0.003,0.0025,3.0,0.0003,0.0005,0.7,0.2,0,0.0
2990,40,3,0.003,0.005,3.0,0.0003,0.0005,0.7,0.2,0,0.0
2991,40,3,0.003,0.001,3.0,0.0003,0.0005,0.7,0.2,0,1.0
2992,40,3,0.003,0.0025,3.0,0.0003,0.0005,0.7,0.2,0,1.0
2993,40,3,0.003,0.005,3.0,0.0003,0.0005,0.7,0.2,0,1.0
2994,40,3,0.003,0.001,3.0,0.0003,0.0005,0.7,0.2,0,1.25
2995,40,3,0.003,0.0025,3.0,0.0003,0.0005,0.7,0.2,0,1.25
2996,40,3,0.003,0.005,3.0,0.0003,0.0005,0.7,0.2,0,1.25
2997,40,3,0.003,0.001,3.0,0.0003,0.0005,0.7,0.2,0,1.5
2998,40,3,0.003,0.0025,3.0,0.0003,0.0005,0.7,0.2,0,1.5
2999,40,3,0.003,0.005,3.0,0.0003,0.0005,0.7,0.2,0,1.5
3000,40,3,0.003,0.001,3.0,0.0003,0.0005,0.7,0.2,100,0.0
3001,40,3,0.003,0.0025,3.0,0.0003,0.0005,0.7,0.2,100,0.0
3002,40,3,0.003,0.005,3.0,0.0003,0.0005,0.7,0.2,100,0.0
3003,40,3,0.003,0.001,3.0,0.0003,0.0005,0.7,0.2,100,1.0
3004,40,3,0.003,0.0025,3.0,0.0003,0.0005,0.7,0.2,100,1.0
3005,40,3,0.003,0.005,3.0,0.0003,0.0005,0.7,0.2,100,1.0
3006,40,3,0.003,0.001,3.0,0.0003,0.0005,0.7,0.2,100,1.25
3007,40,3,0.003,0.0025,3.0,0.0003,0.0005,0.7,0.2,100,1.25
3008,40,3,0.003,0.005,3.0,0.0003,0.0005,0.7,0.2,100,1.25
3009,40,3,0.003,0.001,3.0,0.0003,0.0005,0.7,0.2,100,1.5
3010,40,3,0.003,0.0025,3.0,0.0003,0.0005,0.7,0.2,100,1.5
3011,40,3,0.003,0.005,3.0,0.0003,0.0005,0.7,0.2,100,1.5
3012,40,3,0.003,0.001,3.0,0.0003,0.0005,0.7,0.2,200,0.0
3013,40,3,0.003,0.0025,3.0,0.0003,0.0005,0.7,0.2,200,0.0
3014,40,3,0.003,0.005,3.0,0.0003,0.0005,0.7,0.2,200,0.0
3015,40,3,0.003,0.001,3.0,0.0003,0.0005,0.7,0.2,200,1.0
3016,40,3,0.003,0.0025,3.0,0.0003,0.0005,0.7,0.2,200,1.0
3017,40,3,0.003,0.005,3.0,0.0003,0.0005,0.7,0.2,200,1.0
3018,40,3,0.003,0.001,3.0,0.0003,0.0005,0.7,0.2,200,1.25
3019,40,3,0.003,0.0025,3.0,0.0003,0.0005,0.7,0.2,200,1.25
3020,40,3,0.003,0.005,3.0,0.0003,0.0005,0.7,0.2,200,1.25
3021,40,3,0.003,0.001,3.0,0.0003,0.0005,0.7,0.2,200,1.5
3022,40,3,0.003,0.0025,3.0,0.0003,0.0005,0.7,0.2,200,1.5
3023,40,3,0.003,0.005,3.0,0.0003,0.0005,0.7,0.2,200,1.5
3024,40,3,0.003,0.001,3.0,0.0003,0.0005,0.3,0.3,0,0.0
3025,40,3,0.003,0.0025,3.0,0.0003,0.0005,0.3,0.3,0,0.0
3026,40,3,0.003,0.005,3.0,0.0003,0.0005,0.3,0.3,0,0.0
3027,40,3,0.003,0.001,3.0,0.0003,0.0005,0.3,0.3,0,1.0
3028,40,3,0.003,0.0025,3.0,0.0003,0.0005,0.3,0.3,0,1.0
3029,40,3,0.003,0.005,3.0,0.0003,0.0005,0.3,0.3,0,1.0
3030,40,3,0.003,0.001,3.0,0.0003,0.0005,0.3,0.3,0,1.25
3031,40,3,0.003,0.0025,3.0,0.0003,0.0005,0.3,0.3,0,1.25
3032,40,3,0.003,0.005,3.0,0.0003,0.0005,0.3,0.3,0,1.25
3033,40,3,0.003,0.001,3.0,0.0003,0.0005,0.3,0.3,0,1.5
3034,40,3,0.003,0.0025,3.0,0.0003,0.0005,0.3,0.3,0,1.5
3035,40,3,0.003,0.005,3.0,0.0003,0.0005,0.3,0.3,0,1.5
3036,40,3,0.003,0.001,3.0,0.0003,0.0005,0.3,0.3,100,0.0
3037,40,3,0.003,0.0025,3.0,0.0003,0.0005,0.3,0.3,100,0.0
3038,40,3,0.003,0.005,3.0,0.0003,0.0005,0.3,0.3,100,0.0
3039,40,3,0.003,0.001,3.0,0.0003,0.0005,0.3,0.3,100,1.0
3040,40,3,0.003,0.0025,3.0,0.0003,0.0005,0.3,0.3,100,1.0
3041,40,3,0.003,0.005,3.0,0.0003,0.0005,0.3,0.3,100,1.0
3042,40,3,0.003,0.001,3.0,0.0003,0.0005,0.3,0.3,100,1.25
3043,40,3,0.003,0.0025,3.0,0.0003,0.0005,0.3,0.3,100,1.25
3044,40,3,0.003,0.005,3.0,0.0003,0.0005,0.3,0.3,100,1.25
3045,40,3,0.003,0.001,3.0,0.0003,0.0005,0.3,0.3,100,1.5
3046,40,3,0.003,0.0025,3.0,0.0003,0.0005,0.3,0.3,100,1.5
3047,40,3,0.003,0.005,3.0,0.0003,0.0005,0.3,0.3,100,1.5
3048,40,3,0.003,0.001,3.0,0.0003,0.0005,0.3,0.3,200,0.0
3049,40,3,0.003,0.0025,3.0,0.0003,0.0005,0.3,0.3,200,0.0
3050,40,3,0.003,0.005,3.0,0.0003,0.0005,0.3,0.3,200,0.0
3051,40,3,0.003,0.001,3.0,0.0003,0.0005,0.3,0.3,200,1.0
3052,40,3,0.003,0.0025,3.0,0.0003,0.0005,0.3,0.3,200,1.0
3053,40,3,0.003,0.005,3.0,0.0003,0.0005,0.3,0.3,200,1.0
3054,40,3,0.003,0.001,3.0,0.0003,0.0005,0.3,0.3,200,1.25
3055,40,3,0.003,0.0025,3.0,0.0003,0.0005,0.3,0.3,200,1.25
3056,40,3,0.003,0.005,3.0,0.0003,0.0005,0.3,0.3,200,1.25
3057,40,3,0.003,0.001,3.0,0.0003,0.0005,0.3,0.3,200,1.5
3058,40,3,0.003,0.0025,3.0,0.0003,0.0005,0.3,0.3,200,1.5
3059,40,3,0.003,0.005,3.0,0.0003,0.0005,0.3,0.3,200,1.5
3060,40,3,0.003,0.001,3.0,0.0003,0.0005,0.5,0.3,0,0.0
3061,40,3,0.003,0.0025,3.0,0.0003,0.0005,0.5,0.3,0,0.0
3062,40,3,0.003,0.005,3.0,0.0003,0.0005,0.5,0.3,0,0.0
3063,40,3,0.003,0.001,3.0,0.0003,0.0005,0.5,0.3,0,1.0
3064,40,3,0.003,0.0025,3.0,0.0003,0.0005,0.5,0.3,0,1.0
3065,40,3,0.003,0.005,3.0,0.0003,0.0005,0.5,0.3,0,1.0
3066,40,3,0.003,0.001,3.0,0.0003,0.0005,0.5,0.3,0,1.25
3067,40,3,0.003,0.0025,3.0,0.0003,0.0005,0.5,0.3,0,1.25
3068,40,3,0.003,0.005,3.0,0.0003,0.0005,0.5,0.3,0,1.25
3069,40,3,0.003,0.001,3.0,0.0003,0.0005,0.5,0.3,0,1.5
3070,40,3,0.003,0.0025,3.0,0.0003,0.0005,0.5,0.3,0,1.5
3071,40,3,0.003,0.005,3.0,0.0003,0.0005,0.5,0.3,0,1.5
3072,40,3,0.003,0.001,3.0,0.0003,0.0005,0.5,0.3,100,0.0
3073,40,3,0.003,0.0025,3.0,0.0003,0.0005,0.5,0.3,100,0.0
3074,40,3,0.003,0.005,3.0,0.0003,0.0005,0.5,0.3,100,0.0
3075,40,3,0.003,0.001,3.0,0.0003,0.0005,0.5,0.3,100,1.0
3076,40,3,0.003,0.0025,3.0,0.0003,0.0005,0.5,0.3,100,1.0
3077,40,3,0.003,0.005,3.0,0.0003,0.0005,0.5,0.3,100,1.0
3078,40,3,0.003,0.001,3.0,0.0003,0.0005,0.5,0.3,100,1.25
3079,40,3,0.003,0.0025,3.0,0.0003,0.0005,0.5,0.3,100,1.25
3080,40,3,0.003,0.005,3.0,0.0003,0.0005,0.5,0.3,100,1.25
3081,40,3,0.003,0.001,3.0,0.0003,0.0005,0.5,0.3,100,1.5
3082,40,3,0.003,0.0025,3.0,0.0003,0.0005,0.5,0.3,100,1.5
3083,40,3,0.003,0.005,3.0,0.0003,0.0005,0.5,0.3,100,1.5
3084,40,3,0.003,0.001,3.0,0.0003,0.0005,0.5,0.3,200,0.0
3085,40,3,0.003,0.0025,3.0,0.0003,0.0005,0.5,0.3,200,0.0
3086,40,3,0.003,0.005,3.0,0.0003,0.0005,0.5,0.3,200,0.0
3087,40,3,0.003,0.001,3.0,0.0003,0.0005,0.5,0.3,200,1.0
3088,40,3,0.003,0.0025,3.0,0.0003,0.0005,0.5,0.3,200,1.0
3089,40,3,0.003,0.005,3.0,0.0003,0.0005,0.5,0.3,200,1.0
3090,40,3,0.003,0.001,3.0,0.0003,0.0005,0.5,0.3,200,1.25
3091,40,3,0.003,0.0025,3.0,0.0003,0.0005,0.5,0.3,200,1.25
3092,40,3,0.003,0.005,3.0,0.0003,0.0005,0.5,0.3,200,1.25
3093,40,3,0.003,0.001,3.0,0.0003,0.0005,0.5,0.3,200,1.5
3094,40,3,0.003,0.0025,3.0,0.0003,0.0005,0.5,0.3,200,1.5
3095,40,3,0.003,0.005,3.0,0.0003,0.0005,0.5,0.3,200,1.5
3096,40,3,0.003,0.001,3.0,0.0003,0.0005,0.7,0.3,0,0.0
3097,40,3,0.003,0.0025,3.0,0.0003,0.0005,0.7,0.3,0,0.0
3098,40,3,0.003,0.005,3.0,0.0003,0.0005,0.7,0.3,0,0.0
3099,40,3,0.003,0.001,3.0,0.0003,0.0005,0.7,0.3,0,1.0
3100,40,3,0.003,0.0025,3.0,0.0003,0.0005,0.7,0.3,0,1.0
3101,40,3,0.003,0.005,3.0,0.0003,0.0005,0.7,0.3,0,1.0
3102,40,3,0.003,0.001,3.0,0.0003,0.0005,0.7,0.3,0,1.25
3103,40,3,0.003,0.0025,3.0,0.0003,0.0005,0.7,0.3,0,1.25
3104,40,3,0.003,0.005,3.0,0.0003,0.0005,0.7,0.3,0,1.25
3105,40,3,0.003,0.001,3.0,0.0003,0.0005,0.7,0.3,0,1.5
3106,40,3,0.003,0.0025,3.0,0.0003,0.0005,0.7,0.3,0,1.5
3107,40,3,0.003,0.005,3.0,0.0003,0.0005,0.7,0.3,0,1.5
3108,40,3,0.003,0.001,3.0,0.0003,0.0005,0.7,0.3,100,0.0
3109,40,3,0.003,0.0025,3.0,0.0003,0.0005,0.7,0.3,100,0.0
3110,40,3,0.003,0.005,3.0,0.0003,0.0005,0.7,0.3,100,0.0
3111,40,3,0.003,0.001,3.0,0.0003,0.0005,0.7,0.3,100,1.0
3112,40,3,0.003,0.0025,3.0,0.0003,0.0005,0.7,0.3,100,1.0
3113,40,3,0.003,0.005,3.0,0.0003,0.0005,0.7,0.3,100,1.0
3114,40,3,0.003,0.001,3.0,0.0003,0.0005,0.7,0.3,100,1.25
3115,40,3,0.003,0.0025,3.0,0.0003,0.0005,0.7,0.3,100,1.25
3116,40,3,0.003,0.005,3.0,0.0003,0.0005,0.7,0.3,100,1.25
3117,40,3,0.003,0.001,3.0,0.0003,0.0005,0.7,0.3,100,1.5
3118,40,3,0.003,0.0025,3.0,0.0003,0.0005,0.7,0.3,100,1.5
3119,40,3,0.003,0.005,3.0,0.0003,0.0005,0.7,0.3,100,1.5
3120,40,3,0.003,0.001,3.0,0.0003,0.0005,0.7,0.3,200,0.0
3121,40,3,0.003,0.0025,3.0,0.0003,0.0005,0.7,0.3,200,0.0
3122,40,3,0.003,0.005,3.0,0.0003,0.0005,0.7,0.3,200,0.0
3123,40,3,0.003,0.001,3.0,0.0003,0.0005,0.7,0.3,200,1.0
3124,40,3,0.003,0.0025,3.0,0.0003,0.0005,0.7,0.3,200,1.0
3125,40,3,0.003,0.005,3.0,0.0003,0.0005,0.7,0.3,200,1.0
3126,40,3,0.003,0.001,3.0,0.0003,0.0005,0.7,0.3,200,1.25
3127,40,3,0.003,0.0025,3.0,0.0003,0.0005,0.7,0.3,200,1.25
3128,40,3,0.003,0.005,3.0,0.0003,0.0005,0.7,0.3,200,1.25
3129,40,3,0.003,0.001,3.0,0.0003,0.0005,0.7,0.3,200,1.5
3130,40,3,0.003,0.0025,3.0,0.0003,0.0005,0.7,0.3,200,1.5
3131,40,3,0.003,0.005,3.0,0.0003,0.0005,0.7,0.3,200,1.5
3132,40,3,0.003,0.001,3.0,0.0003,0.0005,0.3,0.4,0,0.0
3133,40,3,0.003,0.0025,3.0,0.0003,0.0005,0.3,0.4,0,0.0
3134,40,3,0.003,0.005,3.0,0.0003,0.0005,0.3,0.4,0,0.0
3135,40,3,0.003,0.001,3.0,0.0003,0.0005,0.3,0.4,0,1.0
3136,40,3,0.003,0.0025,3.0,0.0003,0.0005,0.3,0.4,0,1.0
3137,40,3,0.003,0.005,3.0,0.0003,0.0005,0.3,0.4,0,1.0
3138,40,3,0.003,0.001,3.0,0.0003,0.0005,0.3,0.4,0,1.25
3139,40,3,0.003,0.0025,3.0,0.0003,0.0005,0.3,0.4,0,1.25
3140,40,3,0.003,0.005,3.0,0.0003,0.0005,0.3,0.4,0,1.25
3141,40,3,0.003,0.001,3.0,0.0003,0.0005,0.3,0.4,0,1.5
3142,40,3,0.003,0.0025,3.0,0.0003,0.0005,0.3,0.4,0,1.5
3143,40,3,0.003,0.005,3.0,0.0003,0.0005,0.3,0.4,0,1.5
3144,40,3,0.003,0.001,3.0,0.0003,0.0005,0.3,0.4,100,0.0
3145,40,3,0.003,0.0025,3.0,0.0003,0.0005,0.3,0.4,100,0.0
3146,40,3,0.003,0.005,3.0,0.0003,0.0005,0.3,0.4,100,0.0
3147,40,3,0.003,0.001,3.0,0.0003,0.0005,0.3,0.4,100,1.0
3148,40,3,0.003,0.0025,3.0,0.0003,0.0005,0.3,0.4,100,1.0
3149,40,3,0.003,0.005,3.0,0.0003,0.0005,0.3,0.4,100,1.0
3150,40,3,0.003,0.001,3.0,0.0003,0.0005,0.3,0.4,100,1.25
3151,40,3,0.003,0.0025,3.0,0.0003,0.0005,0.3,0.4,100,1.25
3152,40,3,0.003,0.005,3.0,0.0003,0.0005,0.3,0.4,100,1.25
3153,40,3,0.003,0.001,3.0,0.0003,0.0005,0.3,0.4,100,1.5
3154,40,3,0.003,0.0025,3.0,0.0003,0.0005,0.3,0.4,100,1.5
3155,40,3,0.003,0.005,3.0,0.0003,0.0005,0.3,0.4,100,1.5
3156,40,3,0.003,0.001,3.0,0.0003,0.0005,0.3,0.4,200,0.0
3157,40,3,0.003,0.0025,3.0,0.0003,0.0005,0.3,0.4,200,0.0
3158,40,3,0.003,0.005,3.0,0.0003,0.0005,0.3,0.4,200,0.0
3159,40,3,0.003,0.001,3.0,0.0003,0.0005,0.3,0.4,200,1.0
3160,40,3,0.003,0.0025,3.0,0.0003,0.0005,0.3,0.4,200,1.0
3161,40,3,0.003,0.005,3.0,0.0003,0.0005,0.3,0.4,200,1.0
3162,40,3,0.003,0.001,3.0,0.0003,0.0005,0.3,0.4,200,1.25
3163,40,3,0.003,0.0025,3.0,0.0003,0.0005,0.3,0.4,200,1.25
3164,40,3,0.003,0.005,3.0,0.0003,0.0005,0.3,0.4,200,1.25
3165,40,3,0.003,0.001,3.0,0.0003,0.0005,0.3,0.4,200,1.5
3166,40,3,0.003,0.0025,3.0,0.0003,0.0005,0.3,0.4,200,1.5
3167,40,3,0.003,0.005,3.0,0.0003,0.0005,0.3,0.4,200,1.5
3168,40,3,0.003,0.001,3.0,0.0003,0.0005,0.5,0.4,0,0.0
3169,40,3,0.003,0.0025,3.0,0.0003,0.0005,0.5,0.4,0,0.0
3170,40,3,0.003,0.005,3.0,0.0003,0.0005,0.5,0.4,0,0.0
3171,40,3,0.003,0.001,3.0,0.0003,0.0005,0.5,0.4,0,1.0
3172,40,3,0.003,0.0025,3.0,0.0003,0.0005,0.5,0.4,0,1.0
3173,40,3,0.003,0.005,3.0,0.0003,0.0005,0.5,0.4,0,1.0
3174,40,3,0.003,0.001,3.0,0.0003,0.0005,0.5,0.4,0,1.25
3175,40,3,0.003,0.0025,3.0,0.0003,0.0005,0.5,0.4,0,1.25
3176,40,3,0.003,0.005,3.0,0.0003,0.0005,0.5,0.4,0,1.25
3177,40,3,0.003,0.001,3.0,0.0003,0.0005,0.5,0.4,0,1.5
3178,40,3,0.003,0.0025,3.0,0.0003,0.0005,0.5,0.4,0,1.5
3179,40,3,0.003,0.005,3.0,0.0003,0.0005,0.5,0.4,0,1.5
3180,40,3,0.003,0.001,3.0,0.0003,0.0005,0.5,0.4,100,0.0
3181,40,3,0.003,0.0025,3.0,0.0003,0.0005,0.5,0.4,100,0.0
3182,40,3,0.003,0.005,3.0,0.0003,0.0005,0.5,0.4,100,0.0
3183,40,3,0.003,0.001,3.0,0.0003,0.0005,0.5,0.4,100,1.0
3184,40,3,0.003,0.0025,3.0,0.0003,0.0005,0.5,0.4,100,1.0
3185,40,3,0.003,0.005,3.0,0.0003,0.0005,0.5,0.4,100,1.0
3186,40,3,0.003,0.001,3.0,0.0003,0.0005,0.5,0.4,100,1.25
3187,40,3,0.003,0.0025,3.0,0.0003,0.0005,0.5,0.4,100,1.25
3188,40,3,0.003,0.005,3.0,0.0003,0.0005,0.5,0.4,100,1.25
3189,40,3,0.003,0.001,3.0,0.0003,0.0005,0.5,0.4,100,1.5
3190,40,3,0.003,0.0025,3.0,0.0003,0.0005,0.5,0.4,100,1.5
3191,40,3,0.003,0.005,3.0,0.0003,0.0005,0.5,0.4,100,1.5
3192,40,3,0.003,0.001,3.0,0.0003,0.0005,0.5,0.4,200,0.0
3193,40,3,0.003,0.0025,3.0,0.0003,0.0005,0.5,0.4,200,0.0
3194,40,3,0.003,0.005,3.0,0.0003,0.0005,0.5,0.4,200,0.0
3195,40,3,0.003,0.001,3.0,0.0003,0.0005,0.5,0.4,200,1.0
3196,40,3,0.003,0.0025,3.0,0.0003,0.0005,0.5,0.4,200,1.0
3197,40,3,0.003,0.005,3.0,0.0003,0.0005,0.5,0.4,200,1.0
3198,40,3,0.003,0.001,3.0,0.0003,0.0005,0.5,0.4,200,1.25
3199,40,3,0.003,0.0025,3.0,0.0003,0.0005,0.5,0.4,200,1.25
3200,40,3,0.003,0.005,3.0,0.0003,0.0005,0.5,0.4,200,1.25
3201,40,3,0.003,0.001,3.0,0.0003,0.0005,0.5,0.4,200,1.5
3202,40,3,0.003,0.0025,3.0,0.0003,0.0005,0.5,0.4,200,1.5
3203,40,3,0.003,0.005,3.0,0.0003,0.0005,0.5,0.4,200,1.5
3204,40,3,0.003,0.001,3.0,0.0003,0.0005,0.7,0.4,0,0.0
3205,40,3,0.003,0.0025,3.0,0.0003,0.0005,0.7,0.4,0,0.0
3206,40,3,0.003,0.005,3.0,0.0003,0.0005,0.7,0.4,0,0.0
3207,40,3,0.003,0.001,3.0,0.0003,0.0005,0.7,0.4,0,1.0
3208,40,3,0.003,0.0025,3.0,0.0003,0.0005,0.7,0.4,0,1.0
3209,40,3,0.003,0.005,3.0,0.0003,0.0005,0.7,0.4,0,1.0
3210,40,3,0.003,0.001,3.0,0.0003,0.0005,0.7,0.4,0,1.25
3211,40,3,0.003,0.0025,3.0,0.0003,0.0005,0.7,0.4,0,1.25
3212,40,3,0.003,0.005,3.0,0.0003,0.0005,0.7,0.4,0,1.25
3213,40,3,0.003,0.001,3.0,0.0003,0.0005,0.7,0.4,0,1.5
3214,40,3,0.003,0.0025,3.0,0.0003,0.0005,0.7,0.4,0,1.5
3215,40,3,0.003,0.005,3.0,0.0003,0.0005,0.7,0.4,0,1.5
3216,40,3,0.003,0.001,3.0,0.0003,0.0005,0.7,0.4,100,0.0
3217,40,3,0.003,0.0025,3.0,0.0003,0.0005,0.7,0.4,100,0.0
3218,40,3,0.003,0.005,3.0,0.0003,0.0005,0.7,0.4,100,0.0
3219,40,3,0.003,0.001,3.0,0.0003,0.0005,0.7,0.4,100,1.0
3220,40,3,0.003,0.0025,3.0,0.0003,0.0005,0.7,0.4,100,1.0
3221,40,3,0.003,0.005,3.0,0.0003,0.0005,0.7,0.4,100,1.0
3222,40,3,0.003,0.001,3.0,0.0003,0.0005,0.7,0.4,100,1.25
3223,40,3,0.003,0.0025,3.0,0.0003,0.0005,0.7,0.4,100,1.25
3224,40,3,0.003,0.005,3.0,0.0003,0.0005,0.7,0.4,100,1.25
3225,40,3,0.003,0.001,3.0,0.0003,0.0005,0.7,0.4,100,1.5
3226,40,3,0.003,0.0025,3.0,0.0003,0.0005,0.7,0.4,100,1.5
3227,40,3,0.003,0.005,3.0,0.0003,0.0005,0.7,0.4,100,1.5
3228,40,3,0.003,0.001,3.0,0.0003,0.0005,0.7,0.4,200,0.0
3229,40,3,0.003,0.0025,3.0,0.0003,0.0005,0.7,0.4,200,0.0
3230,40,3,0.003,0.005,3.0,0.0003,0.0005,0.7,0.4,200,0.0
3231,40,3,0.003,0.001,3.0,0.0003,0.0005,0.7,0.4,200,1.0
3232,40,3,0.003,0.0025,3.0,0.0003,0.0005,0.7,0.4,200,1.0
3233,40,3,0.003,0.005,3.0,0.0003,0.0005,0.7,0.4,200,1.0
3234,40,3,0.003,0.001,3.0,0.0003,0.0005,0.7,0.4,200,1.25
3235,40,3,0.003,0.0025,3.0,0.0003,0.0005,0.7,0.4,200,1.25
3236,40,3,0.003,0.005,3.0,0.0003,0.0005,0.7,0.4,200,1.25
3237,40,3,0.003,0.001,3.0,0.0003,0.0005,0.7,0.4,200,1.5
3238,40,3,0.003,0.0025,3.0,0.0003,0.0005,0.7,0.4,200,1.5
3239,40,3,0.003,0.005,3.0,0.0003,0.0005,0.7,0.4,200,1.5
3240,40,3,0.005,0.001,3.0,0.0003,0.0005,0.3,0.2,0,0.0
3241,40,3,0.005,0.0025,3.0,0.0003,0.0005,0.3,0.2,0,0.0
3242,40,3,0.005,0.005,3.0,0.0003,0.0005,0.3,0.2,0,0.0
3243,40,3,0.005,0.001,3.0,0.0003,0.0005,0.3,0.2,0,1.0
3244,40,3,0.005,0.0025,3.0,0.0003,0.0005,0.3,0.2,0,1.0
3245,40,3,0.005,0.005,3.0,0.0003,0.0005,0.3,0.2,0,1.0
3246,40,3,0.005,0.001,3.0,0.0003,0.0005,0.3,0.2,0,1.25
3247,40,3,0.005,0.0025,3.0,0.0003,0.0005,0.3,0.2,0,1.25
3248,40,3,0.005,0.005,3.0,0.0003,0.0005,0.3,0.2,0,1.25
3249,40,3,0.005,0.001,3.0,0.0003,0.0005,0.3,0.2,0,1.5
3250,40,3,0.005,0.0025,3.0,0.0003,0.0005,0.3,0.2,0,1.5
3251,40,3,0.005,0.005,3.0,0.0003,0.0005,0.3,0.2,0,1.5
3252,40,3,0.005,0.001,3.0,0.0003,0.0005,0.3,0.2,100,0.0
3253,40,3,0.005,0.0025,3.0,0.0003,0.0005,0.3,0.2,100,0.0
3254,40,3,0.005,0.005,3.0,0.0003,0.0005,0.3,0.2,100,0.0
3255,40,3,0.005,0.001,3.0,0.0003,0.0005,0.3,0.2,100,1.0
3256,40,3,0.005,0.0025,3.0,0.0003,0.0005,0.3,0.2,100,1.0
3257,40,3,0.005,0.005,3.0,0.0003,0.0005,0.3,0.2,100,1.0
3258,40,3,0.005,0.001,3.0,0.0003,0.0005,0.3,0.2,100,1.25
3259,40,3,0.005,0.0025,3.0,0.0003,0.0005,0.3,0.2,100,1.25
3260,40,3,0.005,0.005,3.0,0.0003,0.0005,0.3,0.2,100,1.25
3261,40,3,0.005,0.001,3.0,0.0003,0.0005,0.3,0.2,100,1.5
3262,40,3,0.005,0.0025,3.0,0.0003,0.0005,0.3,0.2,100,1.5
3263,40,3,0.005,0.005,3.0,0.0003,0.0005,0.3,0.2,100,1.5
3264,40,3,0.005,0.001,3.0,0.0003,0.0005,0.3,0.2,200,0.0
3265,40,3,0.005,0.0025,3.0,0.0003,0.0005,0.3,0.2,200,0.0
3266,40,3,0.005,0.005,3.0,0.0003,0.0005,0.3,0.2,200,0.0
3267,40,3,0.005,0.001,3.0,0.0003,0.0005,0.3,0.2,200,1.0
3268,40,3,0.005,0.0025,3.0,0.0003,0.0005,0.3,0.2,200,1.0
3269,40,3,0.005,0.005,3.0,0.0003,0.0005,0.3,0.2,200,1.0
3270,40,3,0.005,0.001,3.0,0.0003,0.0005,0.3,0.2,200,1.25
3271,40,3,0.005,0.0025,3.0,0.0003,0.0005,0.3,0.2,200,1.25
3272,40,3,0.005,0.005,3.0,0.0003,0.0005,0.3,0.2,200,1.25
3273,40,3,0.005,0.001,3.0,0.0003,0.0005,0.3,0.2,200,1.5
3274,40,3,0.005,0.0025,3.0,0.0003,0.0005,0.3,0.2,200,1.5
3275,40,3,0.005,0.005,3.0,0.0003,0.0005,0.3,0.2,200,1.5
3276,40,3,0.005,0.001,3.0,0.0003,0.0005,0.5,0.2,0,0.0
3277,40,3,0.005,0.0025,3.0,0.0003,0.0005,0.5,0.2,0,0.0
3278,40,3,0.005,0.005,3.0,0.0003,0.0005,0.5,0.2,0,0.0
3279,40,3,0.005,0.001,3.0,0.0003,0.0005,0.5,0.2,0,1.0
3280,40,3,0.005,0.0025,3.0,0.0003,0.0005,0.5,0.2,0,1.0
3281,40,3,0.005,0.005,3.0,0.0003,0.0005,0.5,0.2,0,1.0
3282,40,3,0.005,0.001,3.0,0.0003,0.0005,0.5,0.2,0,1.25
3283,40,3,0.005,0.0025,3.0,0.0003,0.0005,0.5,0.2,0,1.25
3284,40,3,0.005,0.005,3.0,0.0003,0.0005,0.5,0.2,0,1.25
3285,40,3,0.005,0.001,3.0,0.0003,0.0005,0.5,0.2,0,1.5
3286,40,3,0.005,0.0025,3.0,0.0003,0.0005,0.5,0.2,0,1.5
3287,40,3,0.005,0.005,3.0,0.0003,0.0005,0.5,0.2,0,1.5
3288,40,3,0.005,0.001,3.0,0.0003,0.0005,0.5,0.2,100,0.0
3289,40,3,0.005,0.0025,3.0,0.0003,0.0005,0.5,0.2,100,0.0
3290,40,3,0.005,0.005,3.0,0.0003,0.0005,0.5,0.2,100,0.0
3291,40,3,0.005,0.001,3.0,0.0003,0.0005,0.5,0.2,100,1.0
3292,40,3,0.005,0.0025,3.0,0.0003,0.0005,0.5,0.2,100,1.0
3293,40,3,0.005,0.005,3.0,0.0003,0.0005,0.5,0.2,100,1.0
3294,40,3,0.005,0.001,3.0,0.0003,0.0005,0.5,0.2,100,1.25
3295,40,3,0.005,0.0025,3.0,0.0003,0.0005,0.5,0.2,100,1.25
3296,40,3,0.005,0.005,3.0,0.0003,0.0005,0.5,0.2,100,1.25
3297,40,3,0.005,0.001,3.0,0.0003,0.0005,0.5,0.2,100,1.5
3298,40,3,0.005,0.0025,3.0,0.0003,0.0005,0.5,0.2,100,1.5
3299,40,3,0.005,0.005,3.0,0.0003,0.0005,0.5,0.2,100,1.5
3300,40,3,0.005,0.001,3.0,0.0003,0.0005,0.5,0.2,200,0.0
3301,40,3,0.005,0.0025,3.0,0.0003,0.0005,0.5,0.2,200,0.0
3302,40,3,0.005,0.005,3.0,0.0003,0.0005,0.5,0.2,200,0.0
3303,40,3,0.005,0.001,3.0,0.0003,0.0005,0.5,0.2,200,1.0
3304,40,3,0.005,0.0025,3.0,0.0003,0.0005,0.5,0.2,200,1.0
3305,40,3,0.005,0.005,3.0,0.0003,0.0005,0.5,0.2,200,1.0
3306,40,3,0.005,0.001,3.0,0.0003,0.0005,0.5,0.2,200,1.25
3307,40,3,0.005,0.0025,3.0,0.0003,0.0005,0.5,0.2,200,1.25
3308,40,3,0.005,0.005,3.0,0.0003,0.0005,0.5,0.2,200,1.25
3309,40,3,0.005,0.001,3.0,0.0003,0.0005,0.5,0.2,200,1.5
3310,40,3,0.005,0.0025,3.0,0.0003,0.0005,0.5,0.2,200,1.5
3311,40,3,0.005,0.005,3.0,0.0003,0.0005,0.5,0.2,200,1.5
3312,40,3,0.005,0.001,3.0,0.0003,0.0005,0.7,0.2,0,0.0
3313,40,3,0.005,0.0025,3.0,0.0003,0.0005,0.7,0.2,0,0.0
3314,40,3,0.005,0.005,3.0,0.0003,0.0005,0.7,0.2,0,0.0
3315,40,3,0.005,0.001,3.0,0.0003,0.0005,0.7,0.2,0,1.0
3316,40,3,0.005,0.0025,3.0,0.0003,0.0005,0.7,0.2,0,1.0
3317,40,3,0.005,0.005,3.0,0.0003,0.0005,0.7,0.2,0,1.0
3318,40,3,0.005,0.001,3.0,0.0003,0.0005,0.7,0.2,0,1.25
3319,40,3,0.005,0.0025,3.0,0.0003,0.0005,0.7,0.2,0,1.25
3320,40,3,0.005,0.005,3.0,0.0003,0.0005,0.7,0.2,0,1.25
3321,40,3,0.005,0.001,3.0,0.0003,0.0005,0.7,0.2,0,1.5
3322,40,3,0.005,0.0025,3.0,0.0003,0.0005,0.7,0.2,0,1.5
3323,40,3,0.005,0.005,3.0,0.0003,0.0005,0.7,0.2,0,1.5
3324,40,3,0.005,0.001,3.0,0.0003,0.0005,0.7,0.2,100,0.0
3325,40,3,0.005,0.0025,3.0,0.0003,0.0005,0.7,0.2,100,0.0
3326,40,3,0.005,0.005,3.0,0.0003,0.0005,0.7,0.2,100,0.0
3327,40,3,0.005,0.001,3.0,0.0003,0.0005,0.7,0.2,100,1.0
3328,40,3,0.005,0.0025,3.0,0.0003,0.0005,0.7,0.2,100,1.0
3329,40,3,0.005,0.005,3.0,0.0003,0.0005,0.7,0.2,100,1.0
3330,40,3,0.005,0.001,3.0,0.0003,0.0005,0.7,0.2,100,1.25
3331,40,3,0.005,0.0025,3.0,0.0003,0.0005,0.7,0.2,100,1.25
3332,40,3,0.005,0.005,3.0,0.0003,0.0005,0.7,0.2,100,1.25
3333,40,3,0.005,0.001,3.0,0.0003,0.0005,0.7,0.2,100,1.5
3334,40,3,0.005,0.0025,3.0,0.0003,0.0005,0.7,0.2,100,1.5
3335,40,3,0.005,0.005,3.0,0.0003,0.0005,0.7,0.2,100,1.5
3336,40,3,0.005,0.001,3.0,0.0003,0.0005,0.7,0.2,200,0.0
3337,40,3,0.005,0.0025,3.0,0.0003,0.0005,0.7,0.2,200,0.0
3338,40,3,0.005,0.005,3.0,0.0003,0.0005,0.7,0.2,200,0.0
3339,40,3,0.005,0.001,3.0,0.0003,0.0005,0.7,0.2,200,1.0
3340,40,3,0.005,0.0025,3.0,0.0003,0.0005,0.7,0.2,200,1.0
3341,40,3,0.005,0.005,3.0,0.0003,0.0005,0.7,0.2,200,1.0
3342,40,3,0.005,0.001,3.0,0.0003,0.0005,0.7,0.2,200,1.25
3343,40,3,0.005,0.0025,3.0,0.0003,0.0005,0.7,0.2,200,1.25
3344,40,3,0.005,0.005,3.0,0.0003,0.0005,0.7,0.2,200,1.25
3345,40,3,0.005,0.001,3.0,0.0003,0.0005,0.7,0.2,200,1.5
3346,40,3,0.005,0.0025,3.0,0.0003,0.0005,0.7,0.2,200,1.5
3347,40,3,0.005,0.005,3.0,0.0003,0.0005,0.7,0.2,200,1.5
3348,40,3,0.005,0.001,3.0,0.0003,0.0005,0.3,0.3,0,0.0
3349,40,3,0.005,0.0025,3.0,0.0003,0.0005,0.3,0.3,0,0.0
3350,40,3,0.005,0.005,3.0,0.0003,0.0005,0.3,0.3,0,0.0
3351,40,3,0.005,0.001,3.0,0.0003,0.0005,0.3,0.3,0,1.0
3352,40,3,0.005,0.0025,3.0,0.0003,0.0005,0.3,0.3,0,1.0
3353,40,3,0.005,0.005,3.0,0.0003,0.0005,0.3,0.3,0,1.0
3354,40,3,0.005,0.001,3.0,0.0003,0.0005,0.3,0.3,0,1.25
3355,40,3,0.005,0.0025,3.0,0.0003,0.0005,0.3,0.3,0,1.25
3356,40,3,0.005,0.005,3.0,0.0003,0.0005,0.3,0.3,0,1.25
3357,40,3,0.005,0.001,3.0,0.0003,0.0005,0.3,0.3,0,1.5
3358,40,3,0.005,0.0025,3.0,0.0003,0.0005,0.3,0.3,0,1.5
3359,40,3,0.005,0.005,3.0,0.0003,0.0005,0.3,0.3,0,1.5
3360,40,3,0.005,0.001,3.0,0.0003,0.0005,0.3,0.3,100,0.0
3361,40,3,0.005,0.0025,3.0,0.0003,0.0005,0.3,0.3,100,0.0
3362,40,3,0.005,0.005,3.0,0.0003,0.0005,0.3,0.3,100,0.0
3363,40,3,0.005,0.001,3.0,0.0003,0.0005,0.3,0.3,100,1.0
3364,40,3,0.005,0.0025,3.0,0.0003,0.0005,0.3,0.3,100,1.0
3365,40,3,0.005,0.005,3.0,0.0003,0.0005,0.3,0.3,100,1.0
3366,40,3,0.005,0.001,3.0,0.0003,0.0005,0.3,0.3,100,1.25
3367,40,3,0.005,0.0025,3.0,0.0003,0.0005,0.3,0.3,100,1.25
3368,40,3,0.005,0.005,3.0,0.0003,0.0005,0.3,0.3,100,1.25
3369,40,3,0.005,0.001,3.0,0.0003,0.0005,0.3,0.3,100,1.5
3370,40,3,0.005,0.0025,3.0,0.0003,0.0005,0.3,0.3,100,1.5
3371,40,3,0.005,0.005,3.0,0.0003,0.0005,0.3,0.3,100,1.5
3372,40,3,0.005,0.001,3.0,0.0003,0.0005,0.3,0.3,200,0.0
3373,40,3,0.005,0.0025,3.0,0.0003,0.0005,0.3,0.3,200,0.0
3374,40,3,0.005,0.005,3.0,0.0003,0.0005,0.3,0.3,200,0.0
3375,40,3,0.005,0.001,3.0,0.0003,0.0005,0.3,0.3,200,1.0
3376,40,3,0.005,0.0025,3.0,0.0003,0.0005,0.3,0.3,200,1.0
3377,40,3,0.005,0.005,3.0,0.0003,0.0005,0.3,0.3,200,1.0
3378,40,3,0.005,0.001,3.0,0.0003,0.0005,0.3,0.3,200,1.25
3379,40,3,0.005,0.0025,3.0,0.0003,0.0005,0.3,0.3,200,1.25
3380,40,3,0.005,0.005,3.0,0.0003,0.0005,0.3,0.3,200,1.25
3381,40,3,0.005,0.001,3.0,0.0003,0.0005,0.3,0.3,200,1.5
3382,40,3,0.005,0.0025,3.0,0.0003,0.0005,0.3,0.3,200,1.5
3383,40,3,0.005,0.005,3.0,0.0003,0.0005,0.3,0.3,200,1.5
3384,40,3,0.005,0.001,3.0,0.0003,0.0005,0.5,0.3,0,0.0
3385,40,3,0.005,0.0025,3.0,0.0003,0.0005,0.5,0.3,0,0.0
3386,40,3,0.005,0.005,3.0,0.0003,0.0005,0.5,0.3,0,0.0
3387,40,3,0.005,0.001,3.0,0.0003,0.0005,0.5,0.3,0,1.0
3388,40,3,0.005,0.0025,3.0,0.0003,0.0005,0.5,0.3,0,1.0
3389,40,3,0.005,0.005,3.0,0.0003,0.0005,0.5,0.3,0,1.0
3390,40,3,0.005,0.001,3.0,0.0003,0.0005,0.5,0.3,0,1.25
3391,40,3,0.005,0.0025,3.0,0.0003,0.0005,0.5,0.3,0,1.25
3392,40,3,0.005,0.005,3.0,0.0003,0.0005,0.5,0.3,0,1.25
3393,40,3,0.005,0.001,3.0,0.0003,0.0005,0.5,0.3,0,1.5
3394,40,3,0.005,0.0025,3.0,0.0003,0.0005,0.5,0.3,0,1.5
3395,40,3,0.005,0.005,3.0,0.0003,0.0005,0.5,0.3,0,1.5
3396,40,3,0.005,0.001,3.0,0.0003,0.0005,0.5,0.3,100,0.0
3397,40,3,0.005,0.0025,3.0,0.0003,0.0005,0.5,0.3,100,0.0
3398,40,3,0.005,0.005,3.0,0.0003,0.0005,0.5,0.3,100,0.0
3399,40,3,0.005,0.001,3.0,0.0003,0.0005,0.5,0.3,100,1.0
3400,40,3,0.005,0.0025,3.0,0.0003,0.0005,0.5,0.3,100,1.0
3401,40,3,0.005,0.005,3.0,0.0003,0.0005,0.5,0.3,100,1.0
3402,40,3,0.005,0.001,3.0,0.0003,0.0005,0.5,0.3,100,1.25
3403,40,3,0.005,0.0025,3.0,0.0003,0.0005,0.5,0.3,100,1.25
3404,40,3,0.005,0.005,3.0,0.0003,0.0005,0.5,0.3,100,1.25
3405,40,3,0.005,0.001,3.0,0.0003,0.0005,0.5,0.3,100,1.5
3406,40,3,0.005,0.0025,3.0,0.0003,0.0005,0.5,0.3,100,1.5
3407,40,3,0.005,0.005,3.0,0.0003,0.0005,0.5,0.3,100,1.5
3408,40,3,0.005,0.001,3.0,0.0003,0.0005,0.5,0.3,200,0.0
3409,40,3,0.005,0.0025,3.0,0.0003,0.0005,0.5,0.3,200,0.0
3410,40,3,0.005,0.005,3.0,0.0003,0.0005,0.5,0.3,200,0.0
3411,40,3,0.005,0.001,3.0,0.0003,0.0005,0.5,0.3,200,1.0
3412,40,3,0.005,0.0025,3.0,0.0003,0.0005,0.5,0.3,200,1.0
3413,40,3,0.005,0.005,3.0,0.0003,0.0005,0.5,0.3,200,1.0
3414,40,3,0.005,0.001,3.0,0.0003,0.0005,0.5,0.3,200,1.25
3415,40,3,0.005,0.0025,3.0,0.0003,0.0005,0.5,0.3,200,1.25
3416,40,3,0.005,0.005,3.0,0.0003,0.0005,0.5,0.3,200,1.25
3417,40,3,0.005,0.001,3.0,0.0003,0.0005,0.5,0.3,200,1.5
3418,40,3,0.005,0.0025,3.0,0.0003,0.0005,0.5,0.3,200,1.5
3419,40,3,0.005,0.005,3.0,0.0003,0.0005,0.5,0.3,200,1.5
3420,40,3,0.005,0.001,3.0,0.0003,0.0005,0.7,0.3,0,0.0
3421,40,3,0.005,0.0025,3.0,0.0003,0.0005,0.7,0.3,0,0.0
3422,40,3,0.005,0.005,3.0,0.0003,0.0005,0.7,0.3,0,0.0
3423,40,3,0.005,0.001,3.0,0.0003,0.0005,0.7,0.3,0,1.0
3424,40,3,0.005,0.0025,3.0,0.0003,0.0005,0.7,0.3,0,1.0
3425,40,3,0.005,0.005,3.0,0.0003,0.0005,0.7,0.3,0,1.0
3426,40,3,0.005,0.001,3.0,0.0003,0.0005,0.7,0.3,0,1.25
3427,40,3,0.005,0.0025,3.0,0.0003,0.0005,0.7,0.3,0,1.25
3428,40,3,0.005,0.005,3.0,0.0003,0.0005,0.7,0.3,0,1.25
3429,40,3,0.005,0.001,3.0,0.0003,0.0005,0.7,0.3,0,1.5
3430,40,3,0.005,0.0025,3.0,0.0003,0.0005,0.7,0.3,0,1.5
3431,40,3,0.005,0.005,3.0,0.0003,0.0005,0.7,0.3,0,1.5
3432,40,3,0.005,0.001,3.0,0.0003,0.0005,0.7,0.3,100,0.0
3433,40,3,0.005,0.0025,3.0,0.0003,0.0005,0.7,0.3,100,0.0
3434,40,3,0.005,0.005,3.0,0.0003,0.0005,0.7,0.3,100,0.0
3435,40,3,0.005,0.001,3.0,0.0003,0.0005,0.7,0.3,100,1.0
3436,40,3,0.005,0.0025,3.0,0.0003,0.0005,0.7,0.3,100,1.0
3437,40,3,0.005,0.005,3.0,0.0003,0.0005,0.7,0.3,100,1.0
3438,40,3,0.005,0.001,3.0,0.0003,0.0005,0.7,0.3,100,1.25
3439,40,3,0.005,0.0025,3.0,0.0003,0.0005,0.7,0.3,100,1.25
3440,40,3,0.005,0.005,3.0,0.0003,0.0005,0.7,0.3,100,1.25
3441,40,3,0.005,0.001,3.0,0.0003,0.0005,0.7,0.3,100,1.5
3442,40,3,0.005,0.0025,3.0,0.0003,0.0005,0.7,0.3,100,1.5
3443,40,3,0.005,0.005,3.0,0.0003,0.0005,0.7,0.3,100,1.5
3444,40,3,0.005,0.001,3.0,0.0003,0.0005,0.7,0.3,200,0.0
3445,40,3,0.005,0.0025,3.0,0.0003,0.0005,0.7,0.3,200,0.0
3446,40,3,0.005,0.005,3.0,0.0003,0.0005,0.7,0.3,200,0.0
3447,40,3,0.005,0.001,3.0,0.0003,0.0005,0.7,0.3,200,1.0
3448,40,3,0.005,0.0025,3.0,0.0003,0.0005,0.7,0.3,200,1.0
3449,40,3,0.005,0.005,3.0,0.0003,0.0005,0.7,0.3,200,1.0
3450,40,3,0.005,0.001,3.0,0.0003,0.0005,0.7,0.3,200,1.25
3451,40,3,0.005,0.0025,3.0,0.0003,0.0005,0.7,0.3,200,1.25
3452,40,3,0.005,0.005,3.0,0.0003,0.0005,0.7,0.3,200,1.25
3453,40,3,0.005,0.001,3.0,0.0003,0.0005,0.7,0.3,200,1.5
3454,40,3,0.005,0.0025,3.0,0.0003,0.0005,0.7,0.3,200,1.5
3455,40,3,0.005,0.005,3.0,0.0003,0.0005,0.7,0.3,200,1.5
3456,40,3,0.005,0.001,3.0,0.0003,0.0005,0.3,0.4,0,0.0
3457,40,3,0.005,0.0025,3.0,0.0003,0.0005,0.3,0.4,0,0.0
3458,40,3,0.005,0.005,3.0,0.0003,0.0005,0.3,0.4,0,0.0
3459,40,3,0.005,0.001,3.0,0.0003,0.0005,0.3,0.4,0,1.0
3460,40,3,0.005,0.0025,3.0,0.0003,0.0005,0.3,0.4,0,1.0
3461,40,3,0.005,0.005,3.0,0.0003,0.0005,0.3,0.4,0,1.0
3462,40,3,0.005,0.001,3.0,0.0003,0.0005,0.3,0.4,0,1.25
3463,40,3,0.005,0.0025,3.0,0.0003,0.0005,0.3,0.4,0,1.25
3464,40,3,0.005,0.005,3.0,0.0003,0.0005,0.3,0.4,0,1.25
3465,40,3,0.005,0.001,3.0,0.0003,0.0005,0.3,0.4,0,1.5
3466,40,3,0.005,0.0025,3.0,0.0003,0.0005,0.3,0.4,0,1.5
3467,40,3,0.005,0.005,3.0,0.0003,0.0005,0.3,0.4,0,1.5
3468,40,3,0.005,0.001,3.0,0.0003,0.0005,0.3,0.4,100,0.0
3469,40,3,0.005,0.0025,3.0,0.0003,0.0005,0.3,0.4,100,0.0
3470,40,3,0.005,0.005,3.0,0.0003,0.0005,0.3,0.4,100,0.0
3471,40,3,0.005,0.001,3.0,0.0003,0.0005,0.3,0.4,100,1.0
3472,40,3,0.005,0.0025,3.0,0.0003,0.0005,0.3,0.4,100,1.0
3473,40,3,0.005,0.005,3.0,0.0003,0.0005,0.3,0.4,100,1.0
3474,40,3,0.005,0.001,3.0,0.0003,0.0005,0.3,0.4,100,1.25
3475,40,3,0.005,0.0025,3.0,0.0003,0.0005,0.3,0.4,100,1.25
3476,40,3,0.005,0.005,3.0,0.0003,0.0005,0.3,0.4,100,1.25
3477,40,3,0.005,0.001,3.0,0.0003,0.0005,0.3,0.4,100,1.5
3478,40,3,0.005,0.0025,3.0,0.0003,0.0005,0.3,0.4,100,1.5
3479,40,3,0.005,0.005,3.0,0.0003,0.0005,0.3,0.4,100,1.5
3480,40,3,0.005,0.001,3.0,0.0003,0.0005,0.3,0.4,200,0.0
3481,40,3,0.005,0.0025,3.0,0.0003,0.0005,0.3,0.4,200,0.0
3482,40,3,0.005,0.005,3.0,0.0003,0.0005,0.3,0.4,200,0.0
3483,40,3,0.005,0.001,3.0,0.0003,0.0005,0.3,0.4,200,1.0
3484,40,3,0.005,0.0025,3.0,0.0003,0.0005,0.3,0.4,200,1.0
3485,40,3,0.005,0.005,3.0,0.0003,0.0005,0.3,0.4,200,1.0
3486,40,3,0.005,0.001,3.0,0.0003,0.0005,0.3,0.4,200,1.25
3487,40,3,0.005,0.0025,3.0,0.0003,0.0005,0.3,0.4,200,1.25
3488,40,3,0.005,0.005,3.0,0.0003,0.0005,0.3,0.4,200,1.25
3489,40,3,0.005,0.001,3.0,0.0003,0.0005,0.3,0.4,200,1.5
3490,40,3,0.005,0.0025,3.0,0.0003,0.0005,0.3,0.4,200,1.5
3491,40,3,0.005,0.005,3.0,0.0003,0.0005,0.3,0.4,200,1.5
3492,40,3,0.005,0.001,3.0,0.0003,0.0005,0.5,0.4,0,0.0
3493,40,3,0.005,0.0025,3.0,0.0003,0.0005,0.5,0.4,0,0.0
3494,40,3,0.005,0.005,3.0,0.0003,0.0005,0.5,0.4,0,0.0
3495,40,3,0.005,0.001,3.0,0.0003,0.0005,0.5,0.4,0,1.0
3496,40,3,0.005,0.0025,3.0,0.0003,0.0005,0.5,0.4,0,1.0
3497,40,3,0.005,0.005,3.0,0.0003,0.0005,0.5,0.4,0,1.0
3498,40,3,0.005,0.001,3.0,0.0003,0.0005,0.5,0.4,0,1.25
3499,40,3,0.005,0.0025,3.0,0.0003,0.0005,0.5,0.4,0,1.25
3500,40,3,0.005,0.005,3.0,0.0003,0.0005,0.5,0.4,0,1.25
3501,40,3,0.005,0.001,3.0,0.0003,0.0005,0.5,0.4,0,1.5
3502,40,3,0.005,0.0025,3.0,0.0003,0.0005,0.5,0.4,0,1.5
3503,40,3,0.005,0.005,3.0,0.0003,0.0005,0.5,0.4,0,1.5
3504,40,3,0.005,0.001,3.0,0.0003,0.0005,0.5,0.4,100,0.0
3505,40,3,0.005,0.0025,3.0,0.0003,0.0005,0.5,0.4,100,0.0
3506,40,3,0.005,0.005,3.0,0.0003,0.0005,0.5,0.4,100,0.0
3507,40,3,0.005,0.001,3.0,0.0003,0.0005,0.5,0.4,100,1.0
3508,40,3,0.005,0.0025,3.0,0.0003,0.0005,0.5,0.4,100,1.0
3509,40,3,0.005,0.005,3.0,0.0003,0.0005,0.5,0.4,100,1.0
3510,40,3,0.005,0.001,3.0,0.0003,0.0005,0.5,0.4,100,1.25
3511,40,3,0.005,0.0025,3.0,0.0003,0.0005,0.5,0.4,100,1.25
3512,40,3,0.005,0.005,3.0,0.0003,0.0005,0.5,0.4,100,1.25
3513,40,3,0.005,0.001,3.0,0.0003,0.0005,0.5,0.4,100,1.5
3514,40,3,0.005,0.0025,3.0,0.0003,0.0005,0.5,0.4,100,1.5
3515,40,3,0.005,0.005,3.0,0.0003,0.0005,0.5,0.4,100,1.5
3516,40,3,0.005,0.001,3.0,0.0003,0.0005,0.5,0.4,200,0.0
3517,40,3,0.005,0.0025,3.0,0.0003,0.0005,0.5,0.4,200,0.0
3518,40,3,0.005,0.005,3.0,0.0003,0.0005,0.5,0.4,200,0.0
3519,40,3,0.005,0.001,3.0,0.0003,0.0005,0.5,0.4,200,1.0
3520,40,3,0.005,0.0025,3.0,0.0003,0.0005,0.5,0.4,200,1.0
3521,40,3,0.005,0.005,3.0,0.0003,0.0005,0.5,0.4,200,1.0
3522,40,3,0.005,0.001,3.0,0.0003,0.0005,0.5,0.4,200,1.25
3523,40,3,0.005,0.0025,3.0,0.0003,0.0005,0.5,0.4,200,1.25
3524,40,3,0.005,0.005,3.0,0.0003,0.0005,0.5,0.4,200,1.25
3525,40,3,0.005,0.001,3.0,0.0003,0.0005,0.5,0.4,200,1.5
3526,40,3,0.005,0.0025,3.0,0.0003,0.0005,0.5,0.4,200,1.5
3527,40,3,0.005,0.005,3.0,0.0003,0.0005,0.5,0.4,200,1.5
3528,40,3,0.005,0.001,3.0,0.0003,0.0005,0.7,0.4,0,0.0
3529,40,3,0.005,0.0025,3.0,0.0003,0.0005,0.7,0.4,0,0.0
3530,40,3,0.005,0.005,3.0,0.0003,0.0005,0.7,0.4,0,0.0
3531,40,3,0.005,0.001,3.0,0.0003,0.0005,0.7,0.4,0,1.0
3532,40,3,0.005,0.0025,3.0,0.0003,0.0005,0.7,0.4,0,1.0
3533,40,3,0.005,0.005,3.0,0.0003,0.0005,0.7,0.4,0,1.0
3534,40,3,0.005,0.001,3.0,0.0003,0.0005,0.7,0.4,0,1.25
3535,40,3,0.005,0.0025,3.0,0.0003,0.0005,0.7,0.4,0,1.25
3536,40,3,0.005,0.005,3.0,0.0003,0.0005,0.7,0.4,0,1.25
3537,40,3,0.005,0.001,3.0,0.0003,0.0005,0.7,0.4,0,1.5
3538,40,3,0.005,0.0025,3.0,0.0003,0.0005,0.7,0.4,0,1.5
3539,40,3,0.005,0.005,3.0,0.0003,0.0005,0.7,0.4,0,1.5
3540,40,3,0.005,0.001,3.0,0.0003,0.0005,0.7,0.4,100,0.0
3541,40,3,0.005,0.0025,3.0,0.0003,0.0005,0.7,0.4,100,0.0
3542,40,3,0.005,0.005,3.0,0.0003,0.0005,0.7,0.4,100,0.0
3543,40,3,0.005,0.001,3.0,0.0003,0.0005,0.7,0.4,100,1.0
3544,40,3,0.005,0.0025,3.0,0.0003,0.0005,0.7,0.4,100,1.0
3545,40,3,0.005,0.005,3.0,0.0003,0.0005,0.7,0.4,100,1.0
3546,40,3,0.005,0.001,3.0,0.0003,0.0005,0.7,0.4,100,1.25
3547,40,3,0.005,0.0025,3.0,0.0003,0.0005,0.7,0.4,100,1.25
3548,40,3,0.005,0.005,3.0,0.0003,0.0005,0.7,0.4,100,1.25
3549,40,3,0.005,0.001,3.0,0.0003,0.0005,0.7,0.4,100,1.5
3550,40,3,0.005,0.0025,3.0,0.0003,0.0005,0.7,0.4,100,1.5
3551,40,3,0.005,0.005,3.0,0.0003,0.0005,0.7,0.4,100,1.5
3552,40,3,0.005,0.001,3.0,0.0003,0.0005,0.7,0.4,200,0.0
3553,40,3,0.005,0.0025,3.0,0.0003,0.0005,0.7,0.4,200,0.0
3554,40,3,0.005,0.005,3.0,0.0003,0.0005,0.7,0.4,200,0.0
3555,40,3,0.005,0.001,3.0,0.0003,0.0005,0.7,0.4,200,1.0
3556,40,3,0.005,0.0025,3.0,0.0003,0.0005,0.7,0.4,200,1.0
3557,40,3,0.005,0.005,3.0,0.0003,0.0005,0.7,0.4,200,1.0
3558,40,3,0.005,0.001,3.0,0.0003,0.0005,0.7,0.4,200,1.25
3559,40,3,0.005,0.0025,3.0,0.0003,0.0005,0.7,0.4,200,1.25
3560,40,3,0.005,0.005,3.0,0.0003,0.0005,0.7,0.4,200,1.25
3561,40,3,0.005,0.001,3.0,0.0003,0.0005,0.7,0.4,200,1.5
3562,40,3,0.005,0.0025,3.0,0.0003,0.0005,0.7,0.4,200,1.5
3563,40,3,0.005,0.005,3.0,0.0003,0.0005,0.7,0.4,200,1.5
3564,40,3,0.0075,0.001,3.0,0.0003,0.0005,0.3,0.2,0,0.0
3565,40,3,0.0075,0.0025,3.0,0.0003,0.0005,0.3,0.2,0,0.0
3566,40,3,0.0075,0.005,3.0,0.0003,0.0005,0.3,0.2,0,0.0
3567,40,3,0.0075,0.001,3.0,0.0003,0.0005,0.3,0.2,0,1.0
3568,40,3,0.0075,0.0025,3.0,0.0003,0.0005,0.3,0.2,0,1.0
3569,40,3,0.0075,0.005,3.0,0.0003,0.0005,0.3,0.2,0,1.0
3570,40,3,0.0075,0.001,3.0,0.0003,0.0005,0.3,0.2,0,1.25
3571,40,3,0.0075,0.0025,3.0,0.0003,0.0005,0.3,0.2,0,1.25
3572,40,3,0.0075,0.005,3.0,0.0003,0.0005,0.3,0.2,0,1.25
3573,40,3,0.0075,0.001,3.0,0.0003,0.0005,0.3,0.2,0,1.5
3574,40,3,0.0075,0.0025,3.0,0.0003,0.0005,0.3,0.2,0,1.5
3575,40,3,0.0075,0.005,3.0,0.0003,0.0005,0.3,0.2,0,1.5
3576,40,3,0.0075,0.001,3.0,0.0003,0.0005,0.3,0.2,100,0.0
3577,40,3,0.0075,0.0025,3.0,0.0003,0.0005,0.3,0.2,100,0.0
3578,40,3,0.0075,0.005,3.0,0.0003,0.0005,0.3,0.2,100,0.0
3579,40,3,0.0075,0.001,3.0,0.0003,0.0005,0.3,0.2,100,1.0
3580,40,3,0.0075,0.0025,3.0,0.0003,0.0005,0.3,0.2,100,1.0
3581,40,3,0.0075,0.005,3.0,0.0003,0.0005,0.3,0.2,100,1.0
3582,40,3,0.0075,0.001,3.0,0.0003,0.0005,0.3,0.2,100,1.25
3583,40,3,0.0075,0.0025,3.0,0.0003,0.0005,0.3,0.2,100,1.25
3584,40,3,0.0075,0.005,3.0,0.0003,0.0005,0.3,0.2,100,1.25
3585,40,3,0.0075,0.001,3.0,0.0003,0.0005,0.3,0.2,100,1.5
3586,40,3,0.0075,0.0025,3.0,0.0003,0.0005,0.3,0.2,100,1.5
3587,40,3,0.0075,0.005,3.0,0.0003,0.0005,0.3,0.2,100,1.5
3588,40,3,0.0075,0.001,3.0,0.0003,0.0005,0.3,0.2,200,0.0
3589,40,3,0.0075,0.0025,3.0,0.0003,0.0005,0.3,0.2,200,0.0
3590,40,3,0.0075,0.005,3.0,0.0003,0.0005,0.3,0.2,200,0.0
3591,40,3,0.0075,0.001,3.0,0.0003,0.0005,0.3,0.2,200,1.0
3592,40,3,0.0075,0.0025,3.0,0.0003,0.0005,0.3,0.2,200,1.0
3593,40,3,0.0075,0.005,3.0,0.0003,0.0005,0.3,0.2,200,1.0
3594,40,3,0.0075,0.001,3.0,0.0003,0.0005,0.3,0.2,200,1.25
3595,40,3,0.0075,0.0025,3.0,0.0003,0.0005,0.3,0.2,200,1.25
3596,40,3,0.0075,0.005,3.0,0.0003,0.0005,0.3,0.2,200,1.25
3597,40,3,0.0075,0.001,3.0,0.0003,0.0005,0.3,0.2,200,1.5
3598,40,3,0.0075,0.0025,3.0,0.0003,0.0005,0.3,0.2,200,1.5
3599,40,3,0.0075,0.005,3.0,0.0003,0.0005,0.3,0.2,200,1.5
3600,40,3,0.0075,0.001,3.0,0.0003,0.0005,0.5,0.2,0,0.0
3601,40,3,0.0075,0.0025,3.0,0.0003,0.0005,0.5,0.2,0,0.0
3602,40,3,0.0075,0.005,3.0,0.0003,0.0005,0.5,0.2,0,0.0
3603,40,3,0.0075,0.001,3.0,0.0003,0.0005,0.5,0.2,0,1.0
3604,40,3,0.0075,0.0025,3.0,0.0003,0.0005,0.5,0.2,0,1.0
3605,40,3,0.0075,0.005,3.0,0.0003,0.0005,0.5,0.2,0,1.0
3606,40,3,0.0075,0.001,3.0,0.0003,0.0005,0.5,0.2,0,1.25
3607,40,3,0.0075,0.0025,3.0,0.0003,0.0005,0.5,0.2,0,1.25
3608,40,3,0.0075,0.005,3.0,0.0003,0.0005,0.5,0.2,0,1.25
3609,40,3,0.0075,0.001,3.0,0.0003,0.0005,0.5,0.2,0,1.5
3610,40,3,0.0075,0.0025,3.0,0.0003,0.0005,0.5,0.2,0,1.5
3611,40,3,0.0075,0.005,3.0,0.0003,0.0005,0.5,0.2,0,1.5
3612,40,3,0.0075,0.001,3.0,0.0003,0.0005,0.5,0.2,100,0.0
3613,40,3,0.0075,0.0025,3.0,0.0003,0.0005,0.5,0.2,100,0.0
3614,40,3,0.0075,0.005,3.0,0.0003,0.0005,0.5,0.2,100,0.0
3615,40,3,0.0075,0.001,3.0,0.0003,0.0005,0.5,0.2,100,1.0
3616,40,3,0.0075,0.0025,3.0,0.0003,0.0005,0.5,0.2,100,1.0
3617,40,3,0.0075,0.005,3.0,0.0003,0.0005,0.5,0.2,100,1.0
3618,40,3,0.0075,0.001,3.0,0.0003,0.0005,0.5,0.2,100,1.25
3619,40,3,0.0075,0.0025,3.0,0.0003,0.0005,0.5,0.2,100,1.25
3620,40,3,0.0075,0.005,3.0,0.0003,0.0005,0.5,0.2,100,1.25
3621,40,3,0.0075,0.001,3.0,0.0003,0.0005,0.5,0.2,100,1.5
3622,40,3,0.0075,0.0025,3.0,0.0003,0.0005,0.5,0.2,100,1.5
3623,40,3,0.0075,0.005,3.0,0.0003,0.0005,0.5,0.2,100,1.5
3624,40,3,0.0075,0.001,3.0,0.0003,0.0005,0.5,0.2,200,0.0
3625,40,3,0.0075,0.0025,3.0,0.0003,0.0005,0.5,0.2,200,0.0
3626,40,3,0.0075,0.005,3.0,0.0003,0.0005,0.5,0.2,200,0.0
3627,40,3,0.0075,0.001,3.0,0.0003,0.0005,0.5,0.2,200,1.0
3628,40,3,0.0075,0.0025,3.0,0.0003,0.0005,0.5,0.2,200,1.0
3629,40,3,0.0075,0.005,3.0,0.0003,0.0005,0.5,0.2,200,1.0
3630,40,3,0.0075,0.001,3.0,0.0003,0.0005,0.5,0.2,200,1.25
3631,40,3,0.0075,0.0025,3.0,0.0003,0.0005,0.5,0.2,200,1.25
3632,40,3,0.0075,0.005,3.0,0.0003,0.0005,0.5,0.2,200,1.25
3633,40,3,0.0075,0.001,3.0,0.0003,0.0005,0.5,0.2,200,1.5
3634,40,3,0.0075,0.0025,3.0,0.0003,0.0005,0.5,0.2,200,1.5
3635,40,3,0.0075,0.005,3.0,0.0003,0.0005,0.5,0.2,200,1.5
3636,40,3,0.0075,0.001,3.0,0.0003,0.0005,0.7,0.2,0,0.0
3637,40,3,0.0075,0.0025,3.0,0.0003,0.0005,0.7,0.2,0,0.0
3638,40,3,0.0075,0.005,3.0,0.0003,0.0005,0.7,0.2,0,0.0
3639,40,3,0.0075,0.001,3.0,0.0003,0.0005,0.7,0.2,0,1.0
3640,40,3,0.0075,0.0025,3.0,0.0003,0.0005,0.7,0.2,0,1.0
3641,40,3,0.0075,0.005,3.0,0.0003,0.0005,0.7,0.2,0,1.0
3642,40,3,0.0075,0.001,3.0,0.0003,0.0005,0.7,0.2,0,1.25
3643,40,3,0.0075,0.0025,3.0,0.0003,0.0005,0.7,0.2,0,1.25
3644,40,3,0.0075,0.005,3.0,0.0003,0.0005,0.7,0.2,0,1.25
3645,40,3,0.0075,0.001,3.0,0.0003,0.0005,0.7,0.2,0,1.5
3646,40,3,0.0075,0.0025,3.0,0.0003,0.0005,0.7,0.2,0,1.5
3647,40,3,0.0075,0.005,3.0,0.0003,0.0005,0.7,0.2,0,1.5
3648,40,3,0.0075,0.001,3.0,0.0003,0.0005,0.7,0.2,100,0.0
3649,40,3,0.0075,0.0025,3.0,0.0003,0.0005,0.7,0.2,100,0.0
3650,40,3,0.0075,0.005,3.0,0.0003,0.0005,0.7,0.2,100,0.0
3651,40,3,0.0075,0.001,3.0,0.0003,0.0005,0.7,0.2,100,1.0
3652,40,3,0.0075,0.0025,3.0,0.0003,0.0005,0.7,0.2,100,1.0
3653,40,3,0.0075,0.005,3.0,0.0003,0.0005,0.7,0.2,100,1.0
3654,40,3,0.0075,0.001,3.0,0.0003,0.0005,0.7,0.2,100,1.25
3655,40,3,0.0075,0.0025,3.0,0.0003,0.0005,0.7,0.2,100,1.25
3656,40,3,0.0075,0.005,3.0,0.0003,0.0005,0.7,0.2,100,1.25
3657,40,3,0.0075,0.001,3.0,0.0003,0.0005,0.7,0.2,100,1.5
3658,40,3,0.0075,0.0025,3.0,0.0003,0.0005,0.7,0.2,100,1.5
3659,40,3,0.0075,0.005,3.0,0.0003,0.0005,0.7,0.2,100,1.5
3660,40,3,0.0075,0.001,3.0,0.0003,0.0005,0.7,0.2,200,0.0
3661,40,3,0.0075,0.0025,3.0,0.0003,0.0005,0.7,0.2,200,0.0
3662,40,3,0.0075,0.005,3.0,0.0003,0.0005,0.7,0.2,200,0.0
3663,40,3,0.0075,0.001,3.0,0.0003,0.0005,0.7,0.2,200,1.0
3664,40,3,0.0075,0.0025,3.0,0.0003,0.0005,0.7,0.2,200,1.0
3665,40,3,0.0075,0.005,3.0,0.0003,0.0005,0.7,0.2,200,1.0
3666,40,3,0.0075,0.001,3.0,0.0003,0.0005,0.7,0.2,200,1.25
3667,40,3,0.0075,0.0025,3.0,0.0003,0.0005,0.7,0.2,200,1.25
3668,40,3,0.0075,0.005,3.0,0.0003,0.0005,0.7,0.2,200,1.25
3669,40,3,0.0075,0.001,3.0,0.0003,0.0005,0.7,0.2,200,1.5
3670,40,3,0.0075,0.0025,3.0,0.0003,0.0005,0.7,0.2,200,1.5
3671,40,3,0.0075,0.005,3.0,0.0003,0.0005,0.7,0.2,200,1.5
3672,40,3,0.0075,0.001,3.0,0.0003,0.0005,0.3,0.3,0,0.0
3673,40,3,0.0075,0.0025,3.0,0.0003,0.0005,0.3,0.3,0,0.0
3674,40,3,0.0075,0.005,3.0,0.0003,0.0005,0.3,0.3,0,0.0
3675,40,3,0.0075,0.001,3.0,0.0003,0.0005,0.3,0.3,0,1.0
3676,40,3,0.0075,0.0025,3.0,0.0003,0.0005,0.3,0.3,0,1.0
3677,40,3,0.0075,0.005,3.0,0.0003,0.0005,0.3,0.3,0,1.0
3678,40,3,0.0075,0.001,3.0,0.0003,0.0005,0.3,0.3,0,1.25
3679,40,3,0.0075,0.0025,3.0,0.0003,0.0005,0.3,0.3,0,1.25
3680,40,3,0.0075,0.005,3.0,0.0003,0.0005,0.3,0.3,0,1.25
3681,40,3,0.0075,0.001,3.0,0.0003,0.0005,0.3,0.3,0,1.5
3682,40,3,0.0075,0.0025,3.0,0.0003,0.0005,0.3,0.3,0,1.5
3683,40,3,0.0075,0.005,3.0,0.0003,0.0005,0.3,0.3,0,1.5
3684,40,3,0.0075,0.001,3.0,0.0003,0.0005,0.3,0.3,100,0.0
3685,40,3,0.0075,0.0025,3.0,0.0003,0.0005,0.3,0.3,100,0.0
3686,40,3,0.0075,0.005,3.0,0.0003,0.0005,0.3,0.3,100,0.0
3687,40,3,0.0075,0.001,3.0,0.0003,0.0005,0.3,0.3,100,1.0
3688,40,3,0.0075,0.0025,3.0,0.0003,0.0005,0.3,0.3,100,1.0
3689,40,3,0.0075,0.005,3.0,0.0003,0.0005,0.3,0.3,100,1.0
3690,40,3,0.0075,0.001,3.0,0.0003,0.0005,0.3,0.3,100,1.25
3691,40,3,0.0075,0.0025,3.0,0.0003,0.0005,0.3,0.3,100,1.25
3692,40,3,0.0075,0.005,3.0,0.0003,0.0005,0.3,0.3,100,1.25
3693,40,3,0.0075,0.001,3.0,0.0003,0.0005,0.3,0.3,100,1.5
3694,40,3,0.0075,0.0025,3.0,0.0003,0.0005,0.3,0.3,100,1.5
3695,40,3,0.0075,0.005,3.0,0.0003,0.0005,0.3,0.3,100,1.5
3696,40,3,0.0075,0.001,3.0,0.0003,0.0005,0.3,0.3,200,0.0
3697,40,3,0.0075,0.0025,3.0,0.0003,0.0005,0.3,0.3,200,0.0
3698,40,3,0.0075,0.005,3.0,0.0003,0.0005,0.3,0.3,200,0.0
3699,40,3,0.0075,0.001,3.0,0.0003,0.0005,0.3,0.3,200,1.0
3700,40,3,0.0075,0.0025,3.0,0.0003,0.0005,0.3,0.3,200,1.0
3701,40,3,0.0075,0.005,3.0,0.0003,0.0005,0.3,0.3,200,1.0
3702,40,3,0.0075,0.001,3.0,0.0003,0.0005,0.3,0.3,200,1.25
3703,40,3,0.0075,0.0025,3.0,0.0003,0.0005,0.3,0.3,200,1.25
3704,40,3,0.0075,0.005,3.0,0.0003,0.0005,0.3,0.3,200,1.25
3705,40,3,0.0075,0.001,3.0,0.0003,0.0005,0.3,0.3,200,1.5
3706,40,3,0.0075,0.0025,3.0,0.0003,0.0005,0.3,0.3,200,1.5
3707,40,3,0.0075,0.005,3.0,0.0003,0.0005,0.3,0.3,200,1.5
3708,40,3,0.0075,0.001,3.0,0.0003,0.0005,0.5,0.3,0,0.0
3709,40,3,0.0075,0.0025,3.0,0.0003,0.0005,0.5,0.3,0,0.0
3710,40,3,0.0075,0.005,3.0,0.0003,0.0005,0.5,0.3,0,0.0
3711,40,3,0.0075,0.001,3.0,0.0003,0.0005,0.5,0.3,0,1.0
3712,40,3,0.0075,0.0025,3.0,0.0003,0.0005,0.5,0.3,0,1.0
3713,40,3,0.0075,0.005,3.0,0.0003,0.0005,0.5,0.3,0,1.0
3714,40,3,0.0075,0.001,3.0,0.0003,0.0005,0.5,0.3,0,1.25
3715,40,3,0.0075,0.0025,3.0,0.0003,0.0005,0.5,0.3,0,1.25
3716,40,3,0.0075,0.005,3.0,0.0003,0.0005,0.5,0.3,0,1.25
3717,40,3,0.0075,0.001,3.0,0.0003,0.0005,0.5,0.3,0,1.5
3718,40,3,0.0075,0.0025,3.0,0.0003,0.0005,0.5,0.3,0,1.5
3719,40,3,0.0075,0.005,3.0,0.0003,0.0005,0.5,0.3,0,1.5
3720,40,3,0.0075,0.001,3.0,0.0003,0.0005,0.5,0.3,100,0.0
3721,40,3,0.0075,0.0025,3.0,0.0003,0.0005,0.5,0.3,100,0.0
3722,40,3,0.0075,0.005,3.0,0.0003,0.0005,0.5,0.3,100,0.0
3723,40,3,0.0075,0.001,3.0,0.0003,0.0005,0.5,0.3,100,1.0
3724,40,3,0.0075,0.0025,3.0,0.0003,0.0005,0.5,0.3,100,1.0
3725,40,3,0.0075,0.005,3.0,0.0003,0.0005,0.5,0.3,100,1.0
3726,40,3,0.0075,0.001,3.0,0.0003,0.0005,0.5,0.3,100,1.25
3727,40,3,0.0075,0.0025,3.0,0.0003,0.0005,0.5,0.3,100,1.25
3728,40,3,0.0075,0.005,3.0,0.0003,0.0005,0.5,0.3,100,1.25
3729,40,3,0.0075,0.001,3.0,0.0003,0.0005,0.5,0.3,100,1.5
3730,40,3,0.0075,0.0025,3.0,0.0003,0.0005,0.5,0.3,100,1.5
3731,40,3,0.0075,0.005,3.0,0.0003,0.0005,0.5,0.3,100,1.5
3732,40,3,0.0075,0.001,3.0,0.0003,0.0005,0.5,0.3,200,0.0
3733,40,3,0.0075,0.0025,3.0,0.0003,0.0005,0.5,0.3,200,0.0
3734,40,3,0.0075,0.005,3.0,0.0003,0.0005,0.5,0.3,200,0.0
3735,40,3,0.0075,0.001,3.0,0.0003,0.0005,0.5,0.3,200,1.0
3736,40,3,0.0075,0.0025,3.0,0.0003,0.0005,0.5,0.3,200,1.0
3737,40,3,0.0075,0.005,3.0,0.0003,0.0005,0.5,0.3,200,1.0
3738,40,3,0.0075,0.001,3.0,0.0003,0.0005,0.5,0.3,200,1.25
3739,40,3,0.0075,0.0025,3.0,0.0003,0.0005,0.5,0.3,200,1.25
3740,40,3,0.0075,0.005,3.0,0.0003,0.0005,0.5,0.3,200,1.25
3741,40,3,0.0075,0.001,3.0,0.0003,0.0005,0.5,0.3,200,1.5
3742,40,3,0.0075,0.0025,3.0,0.0003,0.0005,0.5,0.3,200,1.5
3743,40,3,0.0075,0.005,3.0,0.0003,0.0005,0.5,0.3,200,1.5
3744,40,3,0.0075,0.001,3.0,0.0003,0.0005,0.7,0.3,0,0.0
3745,40,3,0.0075,0.0025,3.0,0.0003,0.0005,0.7,0.3,0,0.0
3746,40,3,0.0075,0.005,3.0,0.0003,0.0005,0.7,0.3,0,0.0
3747,40,3,0.0075,0.001,3.0,0.0003,0.0005,0.7,0.3,0,1.0
3748,40,3,0.0075,0.0025,3.0,0.0003,0.0005,0.7,0.3,0,1.0
3749,40,3,0.0075,0.005,3.0,0.0003,0.0005,0.7,0.3,0,1.0
3750,40,3,0.0075,0.001,3.0,0.0003,0.0005,0.7,0.3,0,1.25
3751,40,3,0.0075,0.0025,3.0,0.0003,0.0005,0.7,0.3,0,1.25
3752,40,3,0.0075,0.005,3.0,0.0003,0.0005,0.7,0.3,0,1.25
3753,40,3,0.0075,0.001,3.0,0.0003,0.0005,0.7,0.3,0,1.5
3754,40,3,0.0075,0.0025,3.0,0.0003,0.0005,0.7,0.3,0,1.5
3755,40,3,0.0075,0.005,3.0,0.0003,0.0005,0.7,0.3,0,1.5
3756,40,3,0.0075,0.001,3.0,0.0003,0.0005,0.7,0.3,100,0.0
3757,40,3,0.0075,0.0025,3.0,0.0003,0.0005,0.7,0.3,100,0.0
3758,40,3,0.0075,0.005,3.0,0.0003,0.0005,0.7,0.3,100,0.0
3759,40,3,0.0075,0.001,3.0,0.0003,0.0005,0.7,0.3,100,1.0
3760,40,3,0.0075,0.0025,3.0,0.0003,0.0005,0.7,0.3,100,1.0
3761,40,3,0.0075,0.005,3.0,0.0003,0.0005,0.7,0.3,100,1.0
3762,40,3,0.0075,0.001,3.0,0.0003,0.0005,0.7,0.3,100,1.25
3763,40,3,0.0075,0.0025,3.0,0.0003,0.0005,0.7,0.3,100,1.25
3764,40,3,0.0075,0.005,3.0,0.0003,0.0005,0.7,0.3,100,1.25
3765,40,3,0.0075,0.001,3.0,0.0003,0.0005,0.7,0.3,100,1.5
3766,40,3,0.0075,0.0025,3.0,0.0003,0.0005,0.7,0.3,100,1.5
3767,40,3,0.0075,0.005,3.0,0.0003,0.0005,0.7,0.3,100,1.5
3768,40,3,0.0075,0.001,3.0,0.0003,0.0005,0.7,0.3,200,0.0
3769,40,3,0.0075,0.0025,3.0,0.0003,0.0005,0.7,0.3,200,0.0
3770,40,3,0.0075,0.005,3.0,0.0003,0.0005,0.7,0.3,200,0.0
3771,40,3,0.0075,0.001,3.0,0.0003,0.0005,0.7,0.3,200,1.0
3772,40,3,0.0075,0.0025,3.0,0.0003,0.0005,0.7,0.3,200,1.0
3773,40,3,0.0075,0.005,3.0,0.0003,0.0005,0.7,0.3,200,1.0
3774,40,3,0.0075,0.001,3.0,0.0003,0.0005,0.7,0.3,200,1.25
3775,40,3,0.0075,0.0025,3.0,0.0003,0.0005,0.7,0.3,200,1.25
3776,40,3,0.0075,0.005,3.0,0.0003,0.0005,0.7,0.3,200,1.25
3777,40,3,0.0075,0.001,3.0,0.0003,0.0005,0.7,0.3,200,1.5
3778,40,3,0.0075,0.0025,3.0,0.0003,0.0005,0.7,0.3,200,1.5
3779,40,3,0.0075,0.005,3.0,0.0003,0.0005,0.7,0.3,200,1.5
3780,40,3,0.0075,0.001,3.0,0.0003,0.0005,0.3,0.4,0,0.0
3781,40,3,0.0075,0.0025,3.0,0.0003,0.0005,0.3,0.4,0,0.0
3782,40,3,0.0075,0.005,3.0,0.0003,0.0005,0.3,0.4,0,0.0
3783,40,3,0.0075,0.001,3.0,0.0003,0.0005,0.3,0.4,0,1.0
3784,40,3,0.0075,0.0025,3.0,0.0003,0.0005,0.3,0.4,0,1.0
3785,40,3,0.0075,0.005,3.0,0.0003,0.0005,0.3,0.4,0,1.0
3786,40,3,0.0075,0.001,3.0,0.0003,0.0005,0.3,0.4,0,1.25
3787,40,3,0.0075,0.0025,3.0,0.0003,0.0005,0.3,0.4,0,1.25
3788,40,3,0.0075,0.005,3.0,0.0003,0.0005,0.3,0.4,0,1.25
3789,40,3,0.0075,0.001,3.0,0.0003,0.0005,0.3,0.4,0,1.5
3790,40,3,0.0075,0.0025,3.0,0.0003,0.0005,0.3,0.4,0,1.5
3791,40,3,0.0075,0.005,3.0,0.0003,0.0005,0.3,0.4,0,1.5
3792,40,3,0.0075,0.001,3.0,0.0003,0.0005,0.3,0.4,100,0.0
3793,40,3,0.0075,0.0025,3.0,0.0003,0.0005,0.3,0.4,100,0.0
3794,40,3,0.0075,0.005,3.0,0.0003,0.0005,0.3,0.4,100,0.0
3795,40,3,0.0075,0.001,3.0,0.0003,0.0005,0.3,0.4,100,1.0
3796,40,3,0.0075,0.0025,3.0,0.0003,0.0005,0.3,0.4,100,1.0
3797,40,3,0.0075,0.005,3.0,0.0003,0.0005,0.3,0.4,100,1.0
3798,40,3,0.0075,0.001,3.0,0.0003,0.0005,0.3,0.4,100,1.25
3799,40,3,0.0075,0.0025,3.0,0.0003,0.0005,0.3,0.4,100,1.25
3800,40,3,0.0075,0.005,3.0,0.0003,0.0005,0.3,0.4,100,1.25
3801,40,3,0.0075,0.001,3.0,0.0003,0.0005,0.3,0.4,100,1.5
3802,40,3,0.0075,0.0025,3.0,0.0003,0.0005,0.3,0.4,100,1.5
3803,40,3,0.0075,0.005,3.0,0.0003,0.0005,0.3,0.4,100,1.5
3804,40,3,0.0075,0.001,3.0,0.0003,0.0005,0.3,0.4,200,0.0
3805,40,3,0.0075,0.0025,3.0,0.0003,0.0005,0.3,0.4,200,0.0
3806,40,3,0.0075,0.005,3.0,0.0003,0.0005,0.3,0.4,200,0.0
3807,40,3,0.0075,0.001,3.0,0.0003,0.0005,0.3,0.4,200,1.0
3808,40,3,0.0075,0.0025,3.0,0.0003,0.0005,0.3,0.4,200,1.0
3809,40,3,0.0075,0.005,3.0,0.0003,0.0005,0.3,0.4,200,1.0
3810,40,3,0.0075,0.001,3.0,0.0003,0.0005,0.3,0.4,200,1.25
3811,40,3,0.0075,0.0025,3.0,0.0003,0.0005,0.3,0.4,200,1.25
3812,40,3,0.0075,0.005,3.0,0.0003,0.0005,0.3,0.4,200,1.25
3813,40,3,0.0075,0.001,3.0,0.0003,0.0005,0.3,0.4,200,1.5
3814,40,3,0.0075,0.0025,3.0,0.0003,0.0005,0.3,0.4,200,1.5
3815,40,3,0.0075,0.005,3.0,0.0003,0.0005,0.3,0.4,200,1.5
3816,40,3,0.0075,0.001,3.0,0.0003,0.0005,0.5,0.4,0,0.0
3817,40,3,0.0075,0.0025,3.0,0.0003,0.0005,0.5,0.4,0,0.0
3818,40,3,0.0075,0.005,3.0,0.0003,0.0005,0.5,0.4,0,0.0
3819,40,3,0.0075,0.001,3.0,0.0003,0.0005,0.5,0.4,0,1.0
3820,40,3,0.0075,0.0025,3.0,0.0003,0.0005,0.5,0.4,0,1.0
3821,40,3,0.0075,0.005,3.0,0.0003,0.0005,0.5,0.4,0,1.0
3822,40,3,0.0075,0.001,3.0,0.0003,0.0005,0.5,0.4,0,1.25
3823,40,3,0.0075,0.0025,3.0,0.0003,0.0005,0.5,0.4,0,1.25
3824,40,3,0.0075,0.005,3.0,0.0003,0.0005,0.5,0.4,0,1.25
3825,40,3,0.0075,0.001,3.0,0.0003,0.0005,0.5,0.4,0,1.5
3826,40,3,0.0075,0.0025,3.0,0.0003,0.0005,0.5,0.4,0,1.5
3827,40,3,0.0075,0.005,3.0,0.0003,0.0005,0.5,0.4,0,1.5
3828,40,3,0.0075,0.001,3.0,0.0003,0.0005,0.5,0.4,100,0.0
3829,40,3,0.0075,0.0025,3.0,0.0003,0.0005,0.5,0.4,100,0.0
3830,40,3,0.0075,0.005,3.0,0.0003,0.0005,0.5,0.4,100,0.0
3831,40,3,0.0075,0.001,3.0,0.0003,0.0005,0.5,0.4,100,1.0
3832,40,3,0.0075,0.0025,3.0,0.0003,0.0005,0.5,0.4,100,1.0
3833,40,3,0.0075,0.005,3.0,0.0003,0.0005,0.5,0.4,100,1.0
3834,40,3,0.0075,0.001,3.0,0.0003,0.0005,0.5,0.4,100,1.25
3835,40,3,0.0075,0.0025,3.0,0.0003,0.0005,0.5,0.4,100,1.25
3836,40,3,0.0075,0.005,3.0,0.0003,0.0005,0.5,0.4,100,1.25
3837,40,3,0.0075,0.001,3.0,0.0003,0.0005,0.5,0.4,100,1.5
3838,40,3,0.0075,0.0025,3.0,0.0003,0.0005,0.5,0.4,100,1.5
3839,40,3,0.0075,0.005,3.0,0.0003,0.0005,0.5,0.4,100,1.5
3840,40,3,0.0075,0.001,3.0,0.0003,0.0005,0.5,0.4,200,0.0
3841,40,3,0.0075,0.0025,3.0,0.0003,0.0005,0.5,0.4,200,0.0
3842,40,3,0.0075,0.005,3.0,0.0003,0.0005,0.5,0.4,200,0.0
3843,40,3,0.0075,0.001,3.0,0.0003,0.0005,0.5,0.4,200,1.0
3844,40,3,0.0075,0.0025,3.0,0.0003,0.0005,0.5,0.4,200,1.0
3845,40,3,0.0075,0.005,3.0,0.0003,0.0005,0.5,0.4,200,1.0
3846,40,3,0.0075,0.001,3.0,0.0003,0.0005,0.5,0.4,200,1.25
3847,40,3,0.0075,0.0025,3.0,0.0003,0.0005,0.5,0.4,200,1.25
3848,40,3,0.0075,0.005,3.0,0.0003,0.0005,0.5,0.4,200,1.25
3849,40,3,0.0075,0.001,3.0,0.0003,0.0005,0.5,0.4,200,1.5
3850,40,3,0.0075,0.0025,3.0,0.0003,0.0005,0.5,0.4,200,1.5
3851,40,3,0.0075,0.005,3.0,0.0003,0.0005,0.5,0.4,200,1.5
3852,40,3,0.0075,0.001,3.0,0.0003,0.0005,0.7,0.4,0,0.0
3853,40,3,0.0075,0.0025,3.0,0.0003,0.0005,0.7,0.4,0,0.0
3854,40,3,0.0075,0.005,3.0,0.0003,0.0005,0.7,0.4,0,0.0
3855,40,3,0.0075,0.001,3.0,0.0003,0.0005,0.7,0.4,0,1.0
3856,40,3,0.0075,0.0025,3.0,0.0003,0.0005,0.7,0.4,0,1.0
3857,40,3,0.0075,0.005,3.0,0.0003,0.0005,0.7,0.4,0,1.0
3858,40,3,0.0075,0.001,3.0,0.0003,0.0005,0.7,0.4,0,1.25
3859,40,3,0.0075,0.0025,3.0,0.0003,0.0005,0.7,0.4,0,1.25
3860,40,3,0.0075,0.005,3.0,0.0003,0.0005,0.7,0.4,0,1.25
3861,40,3,0.0075,0.001,3.0,0.0003,0.0005,0.7,0.4,0,1.5
3862,40,3,0.0075,0.0025,3.0,0.0003,0.0005,0.7,0.4,0,1.5
3863,40,3,0.0075,0.005,3.0,0.0003,0.0005,0.7,0.4,0,1.5
3864,40,3,0.0075,0.001,3.0,0.0003,0.0005,0.7,0.4,100,0.0
3865,40,3,0.0075,0.0025,3.0,0.0003,0.0005,0.7,0.4,100,0.0
3866,40,3,0.0075,0.005,3.0,0.0003,0.0005,0.7,0.4,100,0.0
3867,40,3,0.0075,0.001,3.0,0.0003,0.0005,0.7,0.4,100,1.0
3868,40,3,0.0075,0.0025,3.0,0.0003,0.0005,0.7,0.4,100,1.0
3869,40,3,0.0075,0.005,3.0,0.0003,0.0005,0.7,0.4,100,1.0
3870,40,3,0.0075,0.001,3.0,0.0003,0.0005,0.7,0.4,100,1.25
3871,40,3,0.0075,0.0025,3.0,0.0003,0.0005,0.7,0.4,100,1.25
3872,40,3,0.0075,0.005,3.0,0.0003,0.0005,0.7,0.4,100,1.25
3873,40,3,0.0075,0.001,3.0,0.0003,0.0005,0.7,0.4,100,1.5
3874,40,3,0.0075,0.0025,3.0,0.0003,0.0005,0.7,0.4,100,1.5
3875,40,3,0.0075,0.005,3.0,0.0003,0.0005,0.7,0.4,100,1.5
3876,40,3,0.0075,0.001,3.0,0.0003,0.0005,0.7,0.4,200,0.0
3877,40,3,0.0075,0.0025,3.0,0.0003,0.0005,0.7,0.4,200,0.0
3878,40,3,0.0075,0.005,3.0,0.0003,0.0005,0.7,0.4,200,0.0
3879,40,3,0.0075,0.001,3.0,0.0003,0.0005,0.7,0.4,200,1.0
3880,40,3,0.0075,0.0025,3.0,0.0003,0.0005,0.7,0.4,200,1.0
3881,40,3,0.0075,0.005,3.0,0.0003,0.0005,0.7,0.4,200,1.0
3882,40,3,0.0075,0.001,3.0,0.0003,0.0005,0.7,0.4,200,1.25
3883,40,3,0.0075,0.0025,3.0,0.0003,0.0005,0.7,0.4,200,1.25
3884,40,3,0.0075,0.005,3.0,0.0003,0.0005,0.7,0.4,200,1.25
3885,40,3,0.0075,0.001,3.0,0.0003,0.0005,0.7,0.4,200,1.5
3886,40,3,0.0075,0.0025,3.0,0.0003,0.0005,0.7,0.4,200,1.5
3887,40,3,0.0075,0.005,3.0,0.0003,0.0005,0.7,0.4,200,1.5
3888,60,3,0.0015,0.001,3.0,0.0003,0.0005,0.3,0.2,0,0.0
3889,60,3,0.0015,0.0025,3.0,0.0003,0.0005,0.3,0.2,0,0.0
3890,60,3,0.0015,0.005,3.0,0.0003,0.0005,0.3,0.2,0,0.0
3891,60,3,0.0015,0.001,3.0,0.0003,0.0005,0.3,0.2,0,1.0
3892,60,3,0.0015,0.0025,3.0,0.0003,0.0005,0.3,0.2,0,1.0
3893,60,3,0.0015,0.005,3.0,0.0003,0.0005,0.3,0.2,0,1.0
3894,60,3,0.0015,0.001,3.0,0.0003,0.0005,0.3,0.2,0,1.25
3895,60,3,0.0015,0.0025,3.0,0.0003,0.0005,0.3,0.2,0,1.25
3896,60,3,0.0015,0.005,3.0,0.0003,0.0005,0.3,0.2,0,1.25
3897,60,3,0.0015,0.001,3.0,0.0003,0.0005,0.3,0.2,0,1.5
3898,60,3,0.0015,0.0025,3.0,0.0003,0.0005,0.3,0.2,0,1.5
3899,60,3,0.0015,0.005,3.0,0.0003,0.0005,0.3,0.2,0,1.5
3900,60,3,0.0015,0.001,3.0,0.0003,0.0005,0.3,0.2,100,0.0
3901,60,3,0.0015,0.0025,3.0,0.0003,0.0005,0.3,0.2,100,0.0
3902,60,3,0.0015,0.005,3.0,0.0003,0.0005,0.3,0.2,100,0.0
3903,60,3,0.0015,0.001,3.0,0.0003,0.0005,0.3,0.2,100,1.0
3904,60,3,0.0015,0.0025,3.0,0.0003,0.0005,0.3,0.2,100,1.0
3905,60,3,0.0015,0.005,3.0,0.0003,0.0005,0.3,0.2,100,1.0
3906,60,3,0.0015,0.001,3.0,0.0003,0.0005,0.3,0.2,100,1.25
3907,60,3,0.0015,0.0025,3.0,0.0003,0.0005,0.3,0.2,100,1.25
3908,60,3,0.0015,0.005,3.0,0.0003,0.0005,0.3,0.2,100,1.25
3909,60,3,0.0015,0.001,3.0,0.0003,0.0005,0.3,0.2,100,1.5
3910,60,3,0.0015,0.0025,3.0,0.0003,0.0005,0.3,0.2,100,1.5
3911,60,3,0.0015,0.005,3.0,0.0003,0.0005,0.3,0.2,100,1.5
3912,60,3,0.0015,0.001,3.0,0.0003,0.0005,0.3,0.2,200,0.0
3913,60,3,0.0015,0.0025,3.0,0.0003,0.0005,0.3,0.2,200,0.0
3914,60,3,0.0015,0.005,3.0,0.0003,0.0005,0.3,0.2,200,0.0
3915,60,3,0.0015,0.001,3.0,0.0003,0.0005,0.3,0.2,200,1.0
3916,60,3,0.0015,0.0025,3.0,0.0003,0.0005,0.3,0.2,200,1.0
3917,60,3,0.0015,0.005,3.0,0.0003,0.0005,0.3,0.2,200,1.0
3918,60,3,0.0015,0.001,3.0,0.0003,0.0005,0.3,0.2,200,1.25
3919,60,3,0.0015,0.0025,3.0,0.0003,0.0005,0.3,0.2,200,1.25
3920,60,3,0.0015,0.005,3.0,0.0003,0.0005,0.3,0.2,200,1.25
3921,60,3,0.0015,0.001,3.0,0.0003,0.0005,0.3,0.2,200,1.5
3922,60,3,0.0015,0.0025,3.0,0.0003,0.0005,0.3,0.2,200,1.5
3923,60,3,0.0015,0.005,3.0,0.0003,0.0005,0.3,0.2,200,1.5
3924,60,3,0.0015,0.001,3.0,0.0003,0.0005,0.5,0.2,0,0.0
3925,60,3,0.0015,0.0025,3.0,0.0003,0.0005,0.5,0.2,0,0.0
3926,60,3,0.0015,0.005,3.0,0.0003,0.0005,0.5,0.2,0,0.0
3927,60,3,0.0015,0.001,3.0,0.0003,0.0005,0.5,0.2,0,1.0
3928,60,3,0.0015,0.0025,3.0,0.0003,0.0005,0.5,0.2,0,1.0
3929,60,3,0.0015,0.005,3.0,0.0003,0.0005,0.5,0.2,0,1.0
3930,60,3,0.0015,0.001,3.0,0.0003,0.0005,0.5,0.2,0,1.25
3931,60,3,0.0015,0.0025,3.0,0.0003,0.0005,0.5,0.2,0,1.25
3932,60,3,0.0015,0.005,3.0,0.0003,0.0005,0.5,0.2,0,1.25
3933,60,3,0.0015,0.001,3.0,0.0003,0.0005,0.5,0.2,0,1.5
3934,60,3,0.0015,0.0025,3.0,0.0003,0.0005,0.5,0.2,0,1.5
3935,60,3,0.0015,0.005,3.0,0.0003,0.0005,0.5,0.2,0,1.5
3936,60,3,0.0015,0.001,3.0,0.0003,0.0005,0.5,0.2,100,0.0
3937,60,3,0.0015,0.0025,3.0,0.0003,0.0005,0.5,0.2,100,0.0
3938,60,3,0.0015,0.005,3.0,0.0003,0.0005,0.5,0.2,100,0.0
3939,60,3,0.0015,0.001,3.0,0.0003,0.0005,0.5,0.2,100,1.0
3940,60,3,0.0015,0.0025,3.0,0.0003,0.0005,0.5,0.2,100,1.0
3941,60,3,0.0015,0.005,3.0,0.0003,0.0005,0.5,0.2,100,1.0
3942,60,3,0.0015,0.001,3.0,0.0003,0.0005,0.5,0.2,100,1.25
3943,60,3,0.0015,0.0025,3.0,0.0003,0.0005,0.5,0.2,100,1.25
3944,60,3,0.0015,0.005,3.0,0.0003,0.0005,0.5,0.2,100,1.25
3945,60,3,0.0015,0.001,3.0,0.0003,0.0005,0.5,0.2,100,1.5
3946,60,3,0.0015,0.0025,3.0,0.0003,0.0005,0.5,0.2,100,1.5
3947,60,3,0.0015,0.005,3.0,0.0003,0.0005,0.5,0.2,100,1.5
3948,60,3,0.0015,0.001,3.0,0.0003,0.0005,0.5,0.2,200,0.0
3949,60,3,0.0015,0.0025,3.0,0.0003,0.0005,0.5,0.2,200,0.0
3950,60,3,0.0015,0.005,3.0,0.0003,0.0005,0.5,0.2,200,0.0
3951,60,3,0.0015,0.001,3.0,0.0003,0.0005,0.5,0.2,200,1.0
3952,60,3,0.0015,0.0025,3.0,0.0003,0.0005,0.5,0.2,200,1.0
3953,60,3,0.0015,0.005,3.0,0.0003,0.0005,0.5,0.2,200,1.0
3954,60,3,0.0015,0.001,3.0,0.0003,0.0005,0.5,0.2,200,1.25
3955,60,3,0.0015,0.0025,3.0,0.0003,0.0005,0.5,0.2,200,1.25
3956,60,3,0.0015,0.005,3.0,0.0003,0.0005,0.5,0.2,200,1.25
3957,60,3,0.0015,0.001,3.0,0.0003,0.0005,0.5,0.2,200,1.5
3958,60,3,0.0015,0.0025,3.0,0.0003,0.0005,0.5,0.2,200,1.5
3959,60,3,0.0015,0.005,3.0,0.0003,0.0005,0.5,0.2,200,1.5
3960,60,3,0.0015,0.001,3.0,0.0003,0.0005,0.7,0.2,0,0.0
3961,60,3,0.0015,0.0025,3.0,0.0003,0.0005,0.7,0.2,0,0.0
3962,60,3,0.0015,0.005,3.0,0.0003,0.0005,0.7,0.2,0,0.0
3963,60,3,0.0015,0.001,3.0,0.0003,0.0005,0.7,0.2,0,1.0
3964,60,3,0.0015,0.0025,3.0,0.0003,0.0005,0.7,0.2,0,1.0
3965,60,3,0.0015,0.005,3.0,0.0003,0.0005,0.7,0.2,0,1.0
3966,60,3,0.0015,0.001,3.0,0.0003,0.0005,0.7,0.2,0,1.25
3967,60,3,0.0015,0.0025,3.0,0.0003,0.0005,0.7,0.2,0,1.25
3968,60,3,0.0015,0.005,3.0,0.0003,0.0005,0.7,0.2,0,1.25
3969,60,3,0.0015,0.001,3.0,0.0003,0.0005,0.7,0.2,0,1.5
3970,60,3,0.0015,0.0025,3.0,0.0003,0.0005,0.7,0.2,0,1.5
3971,60,3,0.0015,0.005,3.0,0.0003,0.0005,0.7,0.2,0,1.5
3972,60,3,0.0015,0.001,3.0,0.0003,0.0005,0.7,0.2,100,0.0
3973,60,3,0.0015,0.0025,3.0,0.0003,0.0005,0.7,0.2,100,0.0
3974,60,3,0.0015,0.005,3.0,0.0003,0.0005,0.7,0.2,100,0.0
3975,60,3,0.0015,0.001,3.0,0.0003,0.0005,0.7,0.2,100,1.0
3976,60,3,0.0015,0.0025,3.0,0.0003,0.0005,0.7,0.2,100,1.0
3977,60,3,0.0015,0.005,3.0,0.0003,0.0005,0.7,0.2,100,1.0
3978,60,3,0.0015,0.001,3.0,0.0003,0.0005,0.7,0.2,100,1.25
3979,60,3,0.0015,0.0025,3.0,0.0003,0.0005,0.7,0.2,100,1.25
3980,60,3,0.0015,0.005,3.0,0.0003,0.0005,0.7,0.2,100,1.25
3981,60,3,0.0015,0.001,3.0,0.0003,0.0005,0.7,0.2,100,1.5
3982,60,3,0.0015,0.0025,3.0,0.0003,0.0005,0.7,0.2,100,1.5
3983,60,3,0.0015,0.005,3.0,0.0003,0.0005,0.7,0.2,100,1.5
3984,60,3,0.0015,0.001,3.0,0.0003,0.0005,0.7,0.2,200,0.0
3985,60,3,0.0015,0.0025,3.0,0.0003,0.0005,0.7,0.2,200,0.0
3986,60,3,0.0015,0.005,3.0,0.0003,0.0005,0.7,0.2,200,0.0
3987,60,3,0.0015,0.001,3.0,0.0003,0.0005,0.7,0.2,200,1.0
3988,60,3,0.0015,0.0025,3.0,0.0003,0.0005,0.7,0.2,200,1.0
3989,60,3,0.0015,0.005,3.0,0.0003,0.0005,0.7,0.2,200,1.0
3990,60,3,0.0015,0.001,3.0,0.0003,0.0005,0.7,0.2,200,1.25
3991,60,3,0.0015,0.0025,3.0,0.0003,0.0005,0.7,0.2,200,1.25
3992,60,3,0.0015,0.005,3.0,0.0003,0.0005,0.7,0.2,200,1.25
3993,60,3,0.0015,0.001,3.0,0.0003,0.0005,0.7,0.2,200,1.5
3994,60,3,0.0015,0.0025,3.0,0.0003,0.0005,0.7,0.2,200,1.5
3995,60,3,0.0015,0.005,3.0,0.0003,0.0005,0.7,0.2,200,1.5
3996,60,3,0.0015,0.001,3.0,0.0003,0.0005,0.3,0.3,0,0.0
3997,60,3,0.0015,0.0025,3.0,0.0003,0.0005,0.3,0.3,0,0.0
3998,60,3,0.0015,0.005,3.0,0.0003,0.0005,0.3,0.3,0,0.0
3999,60,3,0.0015,0.001,3.0,0.0003,0.0005,0.3,0.3,0,1.0
4000,60,3,0.0015,0.0025,3.0,0.0003,0.0005,0.3,0.3,0,1.0
4001,60,3,0.0015,0.005,3.0,0.0003,0.0005,0.3,0.3,0,1.0
4002,60,3,0.0015,0.001,3.0,0.0003,0.0005,0.3,0.3,0,1.25
4003,60,3,0.0015,0.0025,3.0,0.0003,0.0005,0.3,0.3,0,1.25
4004,60,3,0.0015,0.005,3.0,0.0003,0.0005,0.3,0.3,0,1.25
4005,60,3,0.0015,0.001,3.0,0.0003,0.0005,0.3,0.3,0,1.5
4006,60,3,0.0015,0.0025,3.0,0.0003,0.0005,0.3,0.3,0,1.5
4007,60,3,0.0015,0.005,3.0,0.0003,0.0005,0.3,0.3,0,1.5
4008,60,3,0.0015,0.001,3.0,0.0003,0.0005,0.3,0.3,100,0.0
4009,60,3,0.0015,0.0025,3.0,0.0003,0.0005,0.3,0.3,100,0.0
4010,60,3,0.0015,0.005,3.0,0.0003,0.0005,0.3,0.3,100,0.0
4011,60,3,0.0015,0.001,3.0,0.0003,0.0005,0.3,0.3,100,1.0
4012,60,3,0.0015,0.0025,3.0,0.0003,0.0005,0.3,0.3,100,1.0
4013,60,3,0.0015,0.005,3.0,0.0003,0.0005,0.3,0.3,100,1.0
4014,60,3,0.0015,0.001,3.0,0.0003,0.0005,0.3,0.3,100,1.25
4015,60,3,0.0015,0.0025,3.0,0.0003,0.0005,0.3,0.3,100,1.25
4016,60,3,0.0015,0.005,3.0,0.0003,0.0005,0.3,0.3,100,1.25
4017,60,3,0.0015,0.001,3.0,0.0003,0.0005,0.3,0.3,100,1.5
4018,60,3,0.0015,0.0025,3.0,0.0003,0.0005,0.3,0.3,100,1.5
4019,60,3,0.0015,0.005,3.0,0.0003,0.0005,0.3,0.3,100,1.5
4020,60,3,0.0015,0.001,3.0,0.0003,0.0005,0.3,0.3,200,0.0
4021,60,3,0.0015,0.0025,3.0,0.0003,0.0005,0.3,0.3,200,0.0
4022,60,3,0.0015,0.005,3.0,0.0003,0.0005,0.3,0.3,200,0.0
4023,60,3,0.0015,0.001,3.0,0.0003,0.0005,0.3,0.3,200,1.0
4024,60,3,0.0015,0.0025,3.0,0.0003,0.0005,0.3,0.3,200,1.0
4025,60,3,0.0015,0.005,3.0,0.0003,0.0005,0.3,0.3,200,1.0
4026,60,3,0.0015,0.001,3.0,0.0003,0.0005,0.3,0.3,200,1.25
4027,60,3,0.0015,0.0025,3.0,0.0003,0.0005,0.3,0.3,200,1.25
4028,60,3,0.0015,0.005,3.0,0.0003,0.0005,0.3,0.3,200,1.25
4029,60,3,0.0015,0.001,3.0,0.0003,0.0005,0.3,0.3,200,1.5
4030,60,3,0.0015,0.0025,3.0,0.0003,0.0005,0.3,0.3,200,1.5
4031,60,3,0.0015,0.005,3.0,0.0003,0.0005,0.3,0.3,200,1.5
4032,60,3,0.0015,0.001,3.0,0.0003,0.0005,0.5,0.3,0,0.0
4033,60,3,0.0015,0.0025,3.0,0.0003,0.0005,0.5,0.3,0,0.0
4034,60,3,0.0015,0.005,3.0,0.0003,0.0005,0.5,0.3,0,0.0
4035,60,3,0.0015,0.001,3.0,0.0003,0.0005,0.5,0.3,0,1.0
4036,60,3,0.0015,0.0025,3.0,0.0003,0.0005,0.5,0.3,0,1.0
4037,60,3,0.0015,0.005,3.0,0.0003,0.0005,0.5,0.3,0,1.0
4038,60,3,0.0015,0.001,3.0,0.0003,0.0005,0.5,0.3,0,1.25
4039,60,3,0.0015,0.0025,3.0,0.0003,0.0005,0.5,0.3,0,1.25
4040,60,3,0.0015,0.005,3.0,0.0003,0.0005,0.5,0.3,0,1.25
4041,60,3,0.0015,0.001,3.0,0.0003,0.0005,0.5,0.3,0,1.5
4042,60,3,0.0015,0.0025,3.0,0.0003,0.0005,0.5,0.3,0,1.5
4043,60,3,0.0015,0.005,3.0,0.0003,0.0005,0.5,0.3,0,1.5
4044,60,3,0.0015,0.001,3.0,0.0003,0.0005,0.5,0.3,100,0.0
4045,60,3,0.0015,0.0025,3.0,0.0003,0.0005,0.5,0.3,100,0.0
4046,60,3,0.0015,0.005,3.0,0.0003,0.0005,0.5,0.3,100,0.0
4047,60,3,0.0015,0.001,3.0,0.0003,0.0005,0.5,0.3,100,1.0
4048,60,3,0.0015,0.0025,3.0,0.0003,0.0005,0.5,0.3,100,1.0
4049,60,3,0.0015,0.005,3.0,0.0003,0.0005,0.5,0.3,100,1.0
4050,60,3,0.0015,0.001,3.0,0.0003,0.0005,0.5,0.3,100,1.25
4051,60,3,0.0015,0.0025,3.0,0.0003,0.0005,0.5,0.3,100,1.25
4052,60,3,0.0015,0.005,3.0,0.0003,0.0005,0.5,0.3,100,1.25
4053,60,3,0.0015,0.001,3.0,0.0003,0.0005,0.5,0.3,100,1.5
4054,60,3,0.0015,0.0025,3.0,0.0003,0.0005,0.5,0.3,100,1.5
4055,60,3,0.0015,0.005,3.0,0.0003,0.0005,0.5,0.3,100,1.5
4056,60,3,0.0015,0.001,3.0,0.0003,0.0005,0.5,0.3,200,0.0
4057,60,3,0.0015,0.0025,3.0,0.0003,0.0005,0.5,0.3,200,0.0
4058,60,3,0.0015,0.005,3.0,0.0003,0.0005,0.5,0.3,200,0.0
4059,60,3,0.0015,0.001,3.0,0.0003,0.0005,0.5,0.3,200,1.0
4060,60,3,0.0015,0.0025,3.0,0.0003,0.0005,0.5,0.3,200,1.0
4061,60,3,0.0015,0.005,3.0,0.0003,0.0005,0.5,0.3,200,1.0
4062,60,3,0.0015,0.001,3.0,0.0003,0.0005,0.5,0.3,200,1.25
4063,60,3,0.0015,0.0025,3.0,0.0003,0.0005,0.5,0.3,200,1.25
4064,60,3,0.0015,0.005,3.0,0.0003,0.0005,0.5,0.3,200,1.25
4065,60,3,0.0015,0.001,3.0,0.0003,0.0005,0.5,0.3,200,1.5
4066,60,3,0.0015,0.0025,3.0,0.0003,0.0005,0.5,0.3,200,1.5
4067,60,3,0.0015,0.005,3.0,0.0003,0.0005,0.5,0.3,200,1.5
4068,60,3,0.0015,0.001,3.0,0.0003,0.0005,0.7,0.3,0,0.0
4069,60,3,0.0015,0.0025,3.0,0.0003,0.0005,0.7,0.3,0,0.0
4070,60,3,0.0015,0.005,3.0,0.0003,0.0005,0.7,0.3,0,0.0
4071,60,3,0.0015,0.001,3.0,0.0003,0.0005,0.7,0.3,0,1.0
4072,60,3,0.0015,0.0025,3.0,0.0003,0.0005,0.7,0.3,0,1.0
4073,60,3,0.0015,0.005,3.0,0.0003,0.0005,0.7,0.3,0,1.0
4074,60,3,0.0015,0.001,3.0,0.0003,0.0005,0.7,0.3,0,1.25
4075,60,3,0.0015,0.0025,3.0,0.0003,0.0005,0.7,0.3,0,1.25
4076,60,3,0.0015,0.005,3.0,0.0003,0.0005,0.7,0.3,0,1.25
4077,60,3,0.0015,0.001,3.0,0.0003,0.0005,0.7,0.3,0,1.5
4078,60,3,0.0015,0.0025,3.0,0.0003,0.0005,0.7,0.3,0,1.5
4079,60,3,0.0015,0.005,3.0,0.0003,0.0005,0.7,0.3,0,1.5
4080,60,3,0.0015,0.001,3.0,0.0003,0.0005,0.7,0.3,100,0.0
4081,60,3,0.0015,0.0025,3.0,0.0003,0.0005,0.7,0.3,100,0.0
4082,60,3,0.0015,0.005,3.0,0.0003,0.0005,0.7,0.3,100,0.0
4083,60,3,0.0015,0.001,3.0,0.0003,0.0005,0.7,0.3,100,1.0
4084,60,3,0.0015,0.0025,3.0,0.0003,0.0005,0.7,0.3,100,1.0
4085,60,3,0.0015,0.005,3.0,0.0003,0.0005,0.7,0.3,100,1.0
4086,60,3,0.0015,0.001,3.0,0.0003,0.0005,0.7,0.3,100,1.25
4087,60,3,0.0015,0.0025,3.0,0.0003,0.0005,0.7,0.3,100,1.25
4088,60,3,0.0015,0.005,3.0,0.0003,0.0005,0.7,0.3,100,1.25
4089,60,3,0.0015,0.001,3.0,0.0003,0.0005,0.7,0.3,100,1.5
4090,60,3,0.0015,0.0025,3.0,0.0003,0.0005,0.7,0.3,100,1.5
4091,60,3,0.0015,0.005,3.0,0.0003,0.0005,0.7,0.3,100,1.5
4092,60,3,0.0015,0.001,3.0,0.0003,0.0005,0.7,0.3,200,0.0
4093,60,3,0.0015,0.0025,3.0,0.0003,0.0005,0.7,0.3,200,0.0
4094,60,3,0.0015,0.005,3.0,0.0003,0.0005,0.7,0.3,200,0.0
4095,60,3,0.0015,0.001,3.0,0.0003,0.0005,0.7,0.3,200,1.0
4096,60,3,0.0015,0.0025,3.0,0.0003,0.0005,0.7,0.3,200,1.0
4097,60,3,0.0015,0.005,3.0,0.0003,0.0005,0.7,0.3,200,1.0
4098,60,3,0.0015,0.001,3.0,0.0003,0.0005,0.7,0.3,200,1.25
4099,60,3,0.0015,0.0025,3.0,0.0003,0.0005,0.7,0.3,200,1.25
4100,60,3,0.0015,0.005,3.0,0.0003,0.0005,0.7,0.3,200,1.25
4101,60,3,0.0015,0.001,3.0,0.0003,0.0005,0.7,0.3,200,1.5
4102,60,3,0.0015,0.0025,3.0,0.0003,0.0005,0.7,0.3,200,1.5
4103,60,3,0.0015,0.005,3.0,0.0003,0.0005,0.7,0.3,200,1.5
4104,60,3,0.0015,0.001,3.0,0.0003,0.0005,0.3,0.4,0,0.0
4105,60,3,0.0015,0.0025,3.0,0.0003,0.0005,0.3,0.4,0,0.0
4106,60,3,0.0015,0.005,3.0,0.0003,0.0005,0.3,0.4,0,0.0
4107,60,3,0.0015,0.001,3.0,0.0003,0.0005,0.3,0.4,0,1.0
4108,60,3,0.0015,0.0025,3.0,0.0003,0.0005,0.3,0.4,0,1.0
4109,60,3,0.0015,0.005,3.0,0.0003,0.0005,0.3,0.4,0,1.0
4110,60,3,0.0015,0.001,3.0,0.0003,0.0005,0.3,0.4,0,1.25
4111,60,3,0.0015,0.0025,3.0,0.0003,0.0005,0.3,0.4,0,1.25
4112,60,3,0.0015,0.005,3.0,0.0003,0.0005,0.3,0.4,0,1.25
4113,60,3,0.0015,0.001,3.0,0.0003,0.0005,0.3,0.4,0,1.5
4114,60,3,0.0015,0.0025,3.0,0.0003,0.0005,0.3,0.4,0,1.5
4115,60,3,0.0015,0.005,3.0,0.0003,0.0005,0.3,0.4,0,1.5
4116,60,3,0.0015,0.001,3.0,0.0003,0.0005,0.3,0.4,100,0.0
4117,60,3,0.0015,0.0025,3.0,0.0003,0.0005,0.3,0.4,100,0.0
4118,60,3,0.0015,0.005,3.0,0.0003,0.0005,0.3,0.4,100,0.0
4119,60,3,0.0015,0.001,3.0,0.0003,0.0005,0.3,0.4,100,1.0
4120,60,3,0.0015,0.0025,3.0,0.0003,0.0005,0.3,0.4,100,1.0
4121,60,3,0.0015,0.005,3.0,0.0003,0.0005,0.3,0.4,100,1.0
4122,60,3,0.0015,0.001,3.0,0.0003,0.0005,0.3,0.4,100,1.25
4123,60,3,0.0015,0.0025,3.0,0.0003,0.0005,0.3,0.4,100,1.25
4124,60,3,0.0015,0.005,3.0,0.0003,0.0005,0.3,0.4,100,1.25
4125,60,3,0.0015,0.001,3.0,0.0003,0.0005,0.3,0.4,100,1.5
4126,60,3,0.0015,0.0025,3.0,0.0003,0.0005,0.3,0.4,100,1.5
4127,60,3,0.0015,0.005,3.0,0.0003,0.0005,0.3,0.4,100,1.5
4128,60,3,0.0015,0.001,3.0,0.0003,0.0005,0.3,0.4,200,0.0
4129,60,3,0.0015,0.0025,3.0,0.0003,0.0005,0.3,0.4,200,0.0
4130,60,3,0.0015,0.005,3.0,0.0003,0.0005,0.3,0.4,200,0.0
4131,60,3,0.0015,0.001,3.0,0.0003,0.0005,0.3,0.4,200,1.0
4132,60,3,0.0015,0.0025,3.0,0.0003,0.0005,0.3,0.4,200,1.0
4133,60,3,0.0015,0.005,3.0,0.0003,0.0005,0.3,0.4,200,1.0
4134,60,3,0.0015,0.001,3.0,0.0003,0.0005,0.3,0.4,200,1.25
4135,60,3,0.0015,0.0025,3.0,0.0003,0.0005,0.3,0.4,200,1.25
4136,60,3,0.0015,0.005,3.0,0.0003,0.0005,0.3,0.4,200,1.25
4137,60,3,0.0015,0.001,3.0,0.0003,0.0005,0.3,0.4,200,1.5
4138,60,3,0.0015,0.0025,3.0,0.0003,0.0005,0.3,0.4,200,1.5
4139,60,3,0.0015,0.005,3.0,0.0003,0.0005,0.3,0.4,200,1.5
4140,60,3,0.0015,0.001,3.0,0.0003,0.0005,0.5,0.4,0,0.0
4141,60,3,0.0015,0.0025,3.0,0.0003,0.0005,0.5,0.4,0,0.0
4142,60,3,0.0015,0.005,3.0,0.0003,0.0005,0.5,0.4,0,0.0
4143,60,3,0.0015,0.001,3.0,0.0003,0.0005,0.5,0.4,0,1.0
4144,60,3,0.0015,0.0025,3.0,0.0003,0.0005,0.5,0.4,0,1.0
4145,60,3,0.0015,0.005,3.0,0.0003,0.0005,0.5,0.4,0,1.0
4146,60,3,0.0015,0.001,3.0,0.0003,0.0005,0.5,0.4,0,1.25
4147,60,3,0.0015,0.0025,3.0,0.0003,0.0005,0.5,0.4,0,1.25
4148,60,3,0.0015,0.005,3.0,0.0003,0.0005,0.5,0.4,0,1.25
4149,60,3,0.0015,0.001,3.0,0.0003,0.0005,0.5,0.4,0,1.5
4150,60,3,0.0015,0.0025,3.0,0.0003,0.0005,0.5,0.4,0,1.5
4151,60,3,0.0015,0.005,3.0,0.0003,0.0005,0.5,0.4,0,1.5
4152,60,3,0.0015,0.001,3.0,0.0003,0.0005,0.5,0.4,100,0.0
4153,60,3,0.0015,0.0025,3.0,0.0003,0.0005,0.5,0.4,100,0.0
4154,60,3,0.0015,0.005,3.0,0.0003,0.0005,0.5,0.4,100,0.0
4155,60,3,0.0015,0.001,3.0,0.0003,0.0005,0.5,0.4,100,1.0
4156,60,3,0.0015,0.0025,3.0,0.0003,0.0005,0.5,0.4,100,1.0
4157,60,3,0.0015,0.005,3.0,0.0003,0.0005,0.5,0.4,100,1.0
4158,60,3,0.0015,0.001,3.0,0.0003,0.0005,0.5,0.4,100,1.25
4159,60,3,0.0015,0.0025,3.0,0.0003,0.0005,0.5,0.4,100,1.25
4160,60,3,0.0015,0.005,3.0,0.0003,0.0005,0.5,0.4,100,1.25
4161,60,3,0.0015,0.001,3.0,0.0003,0.0005,0.5,0.4,100,1.5
4162,60,3,0.0015,0.0025,3.0,0.0003,0.0005,0.5,0.4,100,1.5
4163,60,3,0.0015,0.005,3.0,0.0003,0.0005,0.5,0.4,100,1.5
4164,60,3,0.0015,0.001,3.0,0.0003,0.0005,0.5,0.4,200,0.0
4165,60,3,0.0015,0.0025,3.0,0.0003,0.0005,0.5,0.4,200,0.0
4166,60,3,0.0015,0.005,3.0,0.0003,0.0005,0.5,0.4,200,0.0
4167,60,3,0.0015,0.001,3.0,0.0003,0.0005,0.5,0.4,200,1.0
4168,60,3,0.0015,0.0025,3.0,0.0003,0.0005,0.5,0.4,200,1.0
4169,60,3,0.0015,0.005,3.0,0.0003,0.0005,0.5,0.4,200,1.0
4170,60,3,0.0015,0.001,3.0,0.0003,0.0005,0.5,0.4,200,1.25
4171,60,3,0.0015,0.0025,3.0,0.0003,0.0005,0.5,0.4,200,1.25
4172,60,3,0.0015,0.005,3.0,0.0003,0.0005,0.5,0.4,200,1.25
4173,60,3,0.0015,0.001,3.0,0.0003,0.0005,0.5,0.4,200,1.5
4174,60,3,0.0015,0.0025,3.0,0.0003,0.0005,0.5,0.4,200,1.5
4175,60,3,0.0015,0.005,3.0,0.0003,0.0005,0.5,0.4,200,1.5
4176,60,3,0.0015,0.001,3.0,0.0003,0.0005,0.7,0.4,0,0.0
4177,60,3,0.0015,0.0025,3.0,0.0003,0.0005,0.7,0.4,0,0.0
4178,60,3,0.0015,0.005,3.0,0.0003,0.0005,0.7,0.4,0,0.0
4179,60,3,0.0015,0.001,3.0,0.0003,0.0005,0.7,0.4,0,1.0
4180,60,3,0.0015,0.0025,3.0,0.0003,0.0005,0.7,0.4,0,1.0
4181,60,3,0.0015,0.005,3.0,0.0003,0.0005,0.7,0.4,0,1.0
4182,60,3,0.0015,0.001,3.0,0.0003,0.0005,0.7,0.4,0,1.25
4183,60,3,0.0015,0.0025,3.0,0.0003,0.0005,0.7,0.4,0,1.25
4184,60,3,0.0015,0.005,3.0,0.0003,0.0005,0.7,0.4,0,1.25
4185,60,3,0.0015,0.001,3.0,0.0003,0.0005,0.7,0.4,0,1.5
4186,60,3,0.0015,0.0025,3.0,0.0003,0.0005,0.7,0.4,0,1.5
4187,60,3,0.0015,0.005,3.0,0.0003,0.0005,0.7,0.4,0,1.5
4188,60,3,0.0015,0.001,3.0,0.0003,0.0005,0.7,0.4,100,0.0
4189,60,3,0.0015,0.0025,3.0,0.0003,0.0005,0.7,0.4,100,0.0
4190,60,3,0.0015,0.005,3.0,0.0003,0.0005,0.7,0.4,100,0.0
4191,60,3,0.0015,0.001,3.0,0.0003,0.0005,0.7,0.4,100,1.0
4192,60,3,0.0015,0.0025,3.0,0.0003,0.0005,0.7,0.4,100,1.0
4193,60,3,0.0015,0.005,3.0,0.0003,0.0005,0.7,0.4,100,1.0
4194,60,3,0.0015,0.001,3.0,0.0003,0.0005,0.7,0.4,100,1.25
4195,60,3,0.0015,0.0025,3.0,0.0003,0.0005,0.7,0.4,100,1.25
4196,60,3,0.0015,0.005,3.0,0.0003,0.0005,0.7,0.4,100,1.25
4197,60,3,0.0015,0.001,3.0,0.0003,0.0005,0.7,0.4,100,1.5
4198,60,3,0.0015,0.0025,3.0,0.0003,0.0005,0.7,0.4,100,1.5
4199,60,3,0.0015,0.005,3.0,0.0003,0.0005,0.7,0.4,100,1.5
4200,60,3,0.0015,0.001,3.0,0.0003,0.0005,0.7,0.4,200,0.0
4201,60,3,0.0015,0.0025,3.0,0.0003,0.0005,0.7,0.4,200,0.0
4202,60,3,0.0015,0.005,3.0,0.0003,0.0005,0.7,0.4,200,0.0
4203,60,3,0.0015,0.001,3.0,0.0003,0.0005,0.7,0.4,200,1.0
4204,60,3,0.0015,0.0025,3.0,0.0003,0.0005,0.7,0.4,200,1.0
4205,60,3,0.0015,0.005,3.0,0.0003,0.0005,0.7,0.4,200,1.0
4206,60,3,0.0015,0.001,3.0,0.0003,0.0005,0.7,0.4,200,1.25
4207,60,3,0.0015,0.0025,3.0,0.0003,0.0005,0.7,0.4,200,1.25
4208,60,3,0.0015,0.005,3.0,0.0003,0.0005,0.7,0.4,200,1.25
4209,60,3,0.0015,0.001,3.0,0.0003,0.0005,0.7,0.4,200,1.5
4210,60,3,0.0015,0.0025,3.0,0.0003,0.0005,0.7,0.4,200,1.5
4211,60,3,0.0015,0.005,3.0,0.0003,0.0005,0.7,0.4,200,1.5
4212,60,3,0.003,0.001,3.0,0.0003,0.0005,0.3,0.2,0,0.0
4213,60,3,0.003,0.0025,3.0,0.0003,0.0005,0.3,0.2,0,0.0
4214,60,3,0.003,0.005,3.0,0.0003,0.0005,0.3,0.2,0,0.0
4215,60,3,0.003,0.001,3.0,0.0003,0.0005,0.3,0.2,0,1.0
4216,60,3,0.003,0.0025,3.0,0.0003,0.0005,0.3,0.2,0,1.0
4217,60,3,0.003,0.005,3.0,0.0003,0.0005,0.3,0.2,0,1.0
4218,60,3,0.003,0.001,3.0,0.0003,0.0005,0.3,0.2,0,1.25
4219,60,3,0.003,0.0025,3.0,0.0003,0.0005,0.3,0.2,0,1.25
4220,60,3,0.003,0.005,3.0,0.0003,0.0005,0.3,0.2,0,1.25
4221,60,3,0.003,0.001,3.0,0.0003,0.0005,0.3,0.2,0,1.5
4222,60,3,0.003,0.0025,3.0,0.0003,0.0005,0.3,0.2,0,1.5
4223,60,3,0.003,0.005,3.0,0.0003,0.0005,0.3,0.2,0,1.5
4224,60,3,0.003,0.001,3.0,0.0003,0.0005,0.3,0.2,100,0.0
4225,60,3,0.003,0.0025,3.0,0.0003,0.0005,0.3,0.2,100,0.0
4226,60,3,0.003,0.005,3.0,0.0003,0.0005,0.3,0.2,100,0.0
4227,60,3,0.003,0.001,3.0,0.0003,0.0005,0.3,0.2,100,1.0
4228,60,3,0.003,0.0025,3.0,0.0003,0.0005,0.3,0.2,100,1.0
4229,60,3,0.003,0.005,3.0,0.0003,0.0005,0.3,0.2,100,1.0
4230,60,3,0.003,0.001,3.0,0.0003,0.0005,0.3,0.2,100,1.25
4231,60,3,0.003,0.0025,3.0,0.0003,0.0005,0.3,0.2,100,1.25
4232,60,3,0.003,0.005,3.0,0.0003,0.0005,0.3,0.2,100,1.25
4233,60,3,0.003,0.001,3.0,0.0003,0.0005,0.3,0.2,100,1.5
4234,60,3,0.003,0.0025,3.0,0.0003,0.0005,0.3,0.2,100,1.5
4235,60,3,0.003,0.005,3.0,0.0003,0.0005,0.3,0.2,100,1.5
4236,60,3,0.003,0.001,3.0,0.0003,0.0005,0.3,0.2,200,0.0
4237,60,3,0.003,0.0025,3.0,0.0003,0.0005,0.3,0.2,200,0.0
4238,60,3,0.003,0.005,3.0,0.0003,0.0005,0.3,0.2,200,0.0
4239,60,3,0.003,0.001,3.0,0.0003,0.0005,0.3,0.2,200,1.0
4240,60,3,0.003,0.0025,3.0,0.0003,0.0005,0.3,0.2,200,1.0
4241,60,3,0.003,0.005,3.0,0.0003,0.0005,0.3,0.2,200,1.0
4242,60,3,0.003,0.001,3.0,0.0003,0.0005,0.3,0.2,200,1.25
4243,60,3,0.003,0.0025,3.0,0.0003,0.0005,0.3,0.2,200,1.25
4244,60,3,0.003,0.005,3.0,0.0003,0.0005,0.3,0.2,200,1.25
4245,60,3,0.003,0.001,3.0,0.0003,0.0005,0.3,0.2,200,1.5
4246,60,3,0.003,0.0025,3.0,0.0003,0.0005,0.3,0.2,200,1.5
4247,60,3,0.003,0.005,3.0,0.0003,0.0005,0.3,0.2,200,1.5
4248,60,3,0.003,0.001,3.0,0.0003,0.0005,0.5,0.2,0,0.0
4249,60,3,0.003,0.0025,3.0,0.0003,0.0005,0.5,0.2,0,0.0
4250,60,3,0.003,0.005,3.0,0.0003,0.0005,0.5,0.2,0,0.0
4251,60,3,0.003,0.001,3.0,0.0003,0.0005,0.5,0.2,0,1.0
4252,60,3,0.003,0.0025,3.0,0.0003,0.0005,0.5,0.2,0,1.0
4253,60,3,0.003,0.005,3.0,0.0003,0.0005,0.5,0.2,0,1.0
4254,60,3,0.003,0.001,3.0,0.0003,0.0005,0.5,0.2,0,1.25
4255,60,3,0.003,0.0025,3.0,0.0003,0.0005,0.5,0.2,0,1.25
4256,60,3,0.003,0.005,3.0,0.0003,0.0005,0.5,0.2,0,1.25
4257,60,3,0.003,0.001,3.0,0.0003,0.0005,0.5,0.2,0,1.5
4258,60,3,0.003,0.0025,3.0,0.0003,0.0005,0.5,0.2,0,1.5
4259,60,3,0.003,0.005,3.0,0.0003,0.0005,0.5,0.2,0,1.5
4260,60,3,0.003,0.001,3.0,0.0003,0.0005,0.5,0.2,100,0.0
4261,60,3,0.003,0.0025,3.0,0.0003,0.0005,0.5,0.2,100,0.0
4262,60,3,0.003,0.005,3.0,0.0003,0.0005,0.5,0.2,100,0.0
4263,60,3,0.003,0.001,3.0,0.0003,0.0005,0.5,0.2,100,1.0
4264,60,3,0.003,0.0025,3.0,0.0003,0.0005,0.5,0.2,100,1.0
4265,60,3,0.003,0.005,3.0,0.0003,0.0005,0.5,0.2,100,1.0
4266,60,3,0.003,0.001,3.0,0.0003,0.0005,0.5,0.2,100,1.25
4267,60,3,0.003,0.0025,3.0,0.0003,0.0005,0.5,0.2,100,1.25
4268,60,3,0.003,0.005,3.0,0.0003,0.0005,0.5,0.2,100,1.25
4269,60,3,0.003,0.001,3.0,0.0003,0.0005,0.5,0.2,100,1.5
4270,60,3,0.003,0.0025,3.0,0.0003,0.0005,0.5,0.2,100,1.5
4271,60,3,0.003,0.005,3.0,0.0003,0.0005,0.5,0.2,100,1.5
4272,60,3,0.003,0.001,3.0,0.0003,0.0005,0.5,0.2,200,0.0
4273,60,3,0.003,0.0025,3.0,0.0003,0.0005,0.5,0.2,200,0.0
4274,60,3,0.003,0.005,3.0,0.0003,0.0005,0.5,0.2,200,0.0
4275,60,3,0.003,0.001,3.0,0.0003,0.0005,0.5,0.2,200,1.0
4276,60,3,0.003,0.0025,3.0,0.0003,0.0005,0.5,0.2,200,1.0
4277,60,3,0.003,0.005,3.0,0.0003,0.0005,0.5,0.2,200,1.0
4278,60,3,0.003,0.001,3.0,0.0003,0.0005,0.5,0.2,200,1.25
4279,60,3,0.003,0.0025,3.0,0.0003,0.0005,0.5,0.2,200,1.25
4280,60,3,0.003,0.005,3.0,0.0003,0.0005,0.5,0.2,200,1.25
4281,60,3,0.003,0.001,3.0,0.0003,0.0005,0.5,0.2,200,1.5
4282,60,3,0.003,0.0025,3.0,0.0003,0.0005,0.5,0.2,200,1.5
4283,60,3,0.003,0.005,3.0,0.0003,0.0005,0.5,0.2,200,1.5
4284,60,3,0.003,0.001,3.0,0.0003,0.0005,0.7,0.2,0,0.0
4285,60,3,0.003,0.0025,3.0,0.0003,0.0005,0.7,0.2,0,0.0
4286,60,3,0.003,0.005,3.0,0.0003,0.0005,0.7,0.2,0,0.0
4287,60,3,0.003,0.001,3.0,0.0003,0.0005,0.7,0.2,0,1.0
4288,60,3,0.003,0.0025,3.0,0.0003,0.0005,0.7,0.2,0,1.0
4289,60,3,0.003,0.005,3.0,0.0003,0.0005,0.7,0.2,0,1.0
4290,60,3,0.003,0.001,3.0,0.0003,0.0005,0.7,0.2,0,1.25
4291,60,3,0.003,0.0025,3.0,0.0003,0.0005,0.7,0.2,0,1.25
4292,60,3,0.003,0.005,3.0,0.0003,0.0005,0.7,0.2,0,1.25
4293,60,3,0.003,0.001,3.0,0.0003,0.0005,0.7,0.2,0,1.5
4294,60,3,0.003,0.0025,3.0,0.0003,0.0005,0.7,0.2,0,1.5
4295,60,3,0.003,0.005,3.0,0.0003,0.0005,0.7,0.2,0,1.5
4296,60,3,0.003,0.001,3.0,0.0003,0.0005,0.7,0.2,100,0.0
4297,60,3,0.003,0.0025,3.0,0.0003,0.0005,0.7,0.2,100,0.0
4298,60,3,0.003,0.005,3.0,0.0003,0.0005,0.7,0.2,100,0.0
4299,60,3,0.003,0.001,3.0,0.0003,0.0005,0.7,0.2,100,1.0
4300,60,3,0.003,0.0025,3.0,0.0003,0.0005,0.7,0.2,100,1.0
4301,60,3,0.003,0.005,3.0,0.0003,0.0005,0.7,0.2,100,1.0
4302,60,3,0.003,0.001,3.0,0.0003,0.0005,0.7,0.2,100,1.25
4303,60,3,0.003,0.0025,3.0,0.0003,0.0005,0.7,0.2,100,1.25
4304,60,3,0.003,0.005,3.0,0.0003,0.0005,0.7,0.2,100,1.25
4305,60,3,0.003,0.001,3.0,0.0003,0.0005,0.7,0.2,100,1.5
4306,60,3,0.003,0.0025,3.0,0.0003,0.0005,0.7,0.2,100,1.5
4307,60,3,0.003,0.005,3.0,0.0003,0.0005,0.7,0.2,100,1.5
4308,60,3,0.003,0.001,3.0,0.0003,0.0005,0.7,0.2,200,0.0
4309,60,3,0.003,0.0025,3.0,0.0003,0.0005,0.7,0.2,200,0.0
4310,60,3,0.003,0.005,3.0,0.0003,0.0005,0.7,0.2,200,0.0
4311,60,3,0.003,0.001,3.0,0.0003,0.0005,0.7,0.2,200,1.0
4312,60,3,0.003,0.0025,3.0,0.0003,0.0005,0.7,0.2,200,1.0
4313,60,3,0.003,0.005,3.0,0.0003,0.0005,0.7,0.2,200,1.0
4314,60,3,0.003,0.001,3.0,0.0003,0.0005,0.7,0.2,200,1.25
4315,60,3,0.003,0.0025,3.0,0.0003,0.0005,0.7,0.2,200,1.25
4316,60,3,0.003,0.005,3.0,0.0003,0.0005,0.7,0.2,200,1.25
4317,60,3,0.003,0.001,3.0,0.0003,0.0005,0.7,0.2,200,1.5
4318,60,3,0.003,0.0025,3.0,0.0003,0.0005,0.7,0.2,200,1.5
4319,60,3,0.003,0.005,3.0,0.0003,0.0005,0.7,0.2,200,1.5
4320,60,3,0.003,0.001,3.0,0.0003,0.0005,0.3,0.3,0,0.0
4321,60,3,0.003,0.0025,3.0,0.0003,0.0005,0.3,0.3,0,0.0
4322,60,3,0.003,0.005,3.0,0.0003,0.0005,0.3,0.3,0,0.0
4323,60,3,0.003,0.001,3.0,0.0003,0.0005,0.3,0.3,0,1.0
4324,60,3,0.003,0.0025,3.0,0.0003,0.0005,0.3,0.3,0,1.0
4325,60,3,0.003,0.005,3.0,0.0003,0.0005,0.3,0.3,0,1.0
4326,60,3,0.003,0.001,3.0,0.0003,0.0005,0.3,0.3,0,1.25
4327,60,3,0.003,0.0025,3.0,0.0003,0.0005,0.3,0.3,0,1.25
4328,60,3,0.003,0.005,3.0,0.0003,0.0005,0.3,0.3,0,1.25
4329,60,3,0.003,0.001,3.0,0.0003,0.0005,0.3,0.3,0,1.5
4330,60,3,0.003,0.0025,3.0,0.0003,0.0005,0.3,0.3,0,1.5
4331,60,3,0.003,0.005,3.0,0.0003,0.0005,0.3,0.3,0,1.5
4332,60,3,0.003,0.001,3.0,0.0003,0.0005,0.3,0.3,100,0.0
4333,60,3,0.003,0.0025,3.0,0.0003,0.0005,0.3,0.3,100,0.0
4334,60,3,0.003,0.005,3.0,0.0003,0.0005,0.3,0.3,100,0.0
4335,60,3,0.003,0.001,3.0,0.0003,0.0005,0.3,0.3,100,1.0
4336,60,3,0.003,0.0025,3.0,0.0003,0.0005,0.3,0.3,100,1.0
4337,60,3,0.003,0.005,3.0,0.0003,0.0005,0.3,0.3,100,1.0
4338,60,3,0.003,0.001,3.0,0.0003,0.0005,0.3,0.3,100,1.25
4339,60,3,0.003,0.0025,3.0,0.0003,0.0005,0.3,0.3,100,1.25
4340,60,3,0.003,0.005,3.0,0.0003,0.0005,0.3,0.3,100,1.25
4341,60,3,0.003,0.001,3.0,0.0003,0.0005,0.3,0.3,100,1.5
4342,60,3,0.003,0.0025,3.0,0.0003,0.0005,0.3,0.3,100,1.5
4343,60,3,0.003,0.005,3.0,0.0003,0.0005,0.3,0.3,100,1.5
4344,60,3,0.003,0.001,3.0,0.0003,0.0005,0.3,0.3,200,0.0
4345,60,3,0.003,0.0025,3.0,0.0003,0.0005,0.3,0.3,200,0.0
4346,60,3,0.003,0.005,3.0,0.0003,0.0005,0.3,0.3,200,0.0
4347,60,3,0.003,0.001,3.0,0.0003,0.0005,0.3,0.3,200,1.0
4348,60,3,0.003,0.0025,3.0,0.0003,0.0005,0.3,0.3,200,1.0
4349,60,3,0.003,0.005,3.0,0.0003,0.0005,0.3,0.3,200,1.0
4350,60,3,0.003,0.001,3.0,0.0003,0.0005,0.3,0.3,200,1.25
4351,60,3,0.003,0.0025,3.0,0.0003,0.0005,0.3,0.3,200,1.25
4352,60,3,0.003,0.005,3.0,0.0003,0.0005,0.3,0.3,200,1.25
4353,60,3,0.003,0.001,3.0,0.0003,0.0005,0.3,0.3,200,1.5
4354,60,3,0.003,0.0025,3.0,0.0003,0.0005,0.3,0.3,200,1.5
4355,60,3,0.003,0.005,3.0,0.0003,0.0005,0.3,0.3,200,1.5
4356,60,3,0.003,0.001,3.0,0.0003,0.0005,0.5,0.3,0,0.0
4357,60,3,0.003,0.0025,3.0,0.0003,0.0005,0.5,0.3,0,0.0
4358,60,3,0.003,0.005,3.0,0.0003,0.0005,0.5,0.3,0,0.0
4359,60,3,0.003,0.001,3.0,0.0003,0.0005,0.5,0.3,0,1.0
4360,60,3,0.003,0.0025,3.0,0.0003,0.0005,0.5,0.3,0,1.0
4361,60,3,0.003,0.005,3.0,0.0003,0.0005,0.5,0.3,0,1.0
4362,60,3,0.003,0.001,3.0,0.0003,0.0005,0.5,0.3,0,1.25
4363,60,3,0.003,0.0025,3.0,0.0003,0.0005,0.5,0.3,0,1.25
4364,60,3,0.003,0.005,3.0,0.0003,0.0005,0.5,0.3,0,1.25
4365,60,3,0.003,0.001,3.0,0.0003,0.0005,0.5,0.3,0,1.5
4366,60,3,0.003,0.0025,3.0,0.0003,0.0005,0.5,0.3,0,1.5
4367,60,3,0.003,0.005,3.0,0.0003,0.0005,0.5,0.3,0,1.5
4368,60,3,0.003,0.001,3.0,0.0003,0.0005,0.5,0.3,100,0.0
4369,60,3,0.003,0.0025,3.0,0.0003,0.0005,0.5,0.3,100,0.0
4370,60,3,0.003,0.005,3.0,0.0003,0.0005,0.5,0.3,100,0.0
4371,60,3,0.003,0.001,3.0,0.0003,0.0005,0.5,0.3,100,1.0
4372,60,3,0.003,0.0025,3.0,0.0003,0.0005,0.5,0.3,100,1.0
4373,60,3,0.003,0.005,3.0,0.0003,0.0005,0.5,0.3,100,1.0
4374,60,3,0.003,0.001,3.0,0.0003,0.0005,0.5,0.3,100,1.25
4375,60,3,0.003,0.0025,3.0,0.0003,0.0005,0.5,0.3,100,1.25
4376,60,3,0.003,0.005,3.0,0.0003,0.0005,0.5,0.3,100,1.25
4377,60,3,0.003,0.001,3.0,0.0003,0.0005,0.5,0.3,100,1.5
4378,60,3,0.003,0.0025,3.0,0.0003,0.0005,0.5,0.3,100,1.5
4379,60,3,0.003,0.005,3.0,0.0003,0.0005,0.5,0.3,100,1.5
4380,60,3,0.003,0.001,3.0,0.0003,0.0005,0.5,0.3,200,0.0
4381,60,3,0.003,0.0025,3.0,0.0003,0.0005,0.5,0.3,200,0.0
4382,60,3,0.003,0.005,3.0,0.0003,0.0005,0.5,0.3,200,0.0
4383,60,3,0.003,0.001,3.0,0.0003,0.0005,0.5,0.3,200,1.0
4384,60,3,0.003,0.0025,3.0,0.0003,0.0005,0.5,0.3,200,1.0
4385,60,3,0.003,0.005,3.0,0.0003,0.0005,0.5,0.3,200,1.0
4386,60,3,0.003,0.001,3.0,0.0003,0.0005,0.5,0.3,200,1.25
4387,60,3,0.003,0.0025,3.0,0.0003,0.0005,0.5,0.3,200,1.25
4388,60,3,0.003,0.005,3.0,0.0003,0.0005,0.5,0.3,200,1.25
4389,60,3,0.003,0.001,3.0,0.0003,0.0005,0.5,0.3,200,1.5
4390,60,3,0.003,0.0025,3.0,0.0003,0.0005,0.5,0.3,200,1.5
4391,60,3,0.003,0.005,3.0,0.0003,0.0005,0.5,0.3,200,1.5
4392,60,3,0.003,0.001,3.0,0.0003,0.0005,0.7,0.3,0,0.0
4393,60,3,0.003,0.0025,3.0,0.0003,0.0005,0.7,0.3,0,0.0
4394,60,3,0.003,0.005,3.0,0.0003,0.0005,0.7,0.3,0,0.0
4395,60,3,0.003,0.001,3.0,0.0003,0.0005,0.7,0.3,0,1.0
4396,60,3,0.003,0.0025,3.0,0.0003,0.0005,0.7,0.3,0,1.0
4397,60,3,0.003,0.005,3.0,0.0003,0.0005,0.7,0.3,0,1.0
4398,60,3,0.003,0.001,3.0,0.0003,0.0005,0.7,0.3,0,1.25
4399,60,3,0.003,0.0025,3.0,0.0003,0.0005,0.7,0.3,0,1.25
4400,60,3,0.003,0.005,3.0,0.0003,0.0005,0.7,0.3,0,1.25
4401,60,3,0.003,0.001,3.0,0.0003,0.0005,0.7,0.3,0,1.5
4402,60,3,0.003,0.0025,3.0,0.0003,0.0005,0.7,0.3,0,1.5
4403,60,3,0.003,0.005,3.0,0.0003,0.0005,0.7,0.3,0,1.5
4404,60,3,0.003,0.001,3.0,0.0003,0.0005,0.7,0.3,100,0.0
4405,60,3,0.003,0.0025,3.0,0.0003,0.0005,0.7,0.3,100,0.0
4406,60,3,0.003,0.005,3.0,0.0003,0.0005,0.7,0.3,100,0.0
4407,60,3,0.003,0.001,3.0,0.0003,0.0005,0.7,0.3,100,1.0
4408,60,3,0.003,0.0025,3.0,0.0003,0.0005,0.7,0.3,100,1.0
4409,60,3,0.003,0.005,3.0,0.0003,0.0005,0.7,0.3,100,1.0
4410,60,3,0.003,0.001,3.0,0.0003,0.0005,0.7,0.3,100,1.25
4411,60,3,0.003,0.0025,3.0,0.0003,0.0005,0.7,0.3,100,1.25
4412,60,3,0.003,0.005,3.0,0.0003,0.0005,0.7,0.3,100,1.25
4413,60,3,0.003,0.001,3.0,0.0003,0.0005,0.7,0.3,100,1.5
4414,60,3,0.003,0.0025,3.0,0.0003,0.0005,0.7,0.3,100,1.5
4415,60,3,0.003,0.005,3.0,0.0003,0.0005,0.7,0.3,100,1.5
4416,60,3,0.003,0.001,3.0,0.0003,0.0005,0.7,0.3,200,0.0
4417,60,3,0.003,0.0025,3.0,0.0003,0.0005,0.7,0.3,200,0.0
4418,60,3,0.003,0.005,3.0,0.0003,0.0005,0.7,0.3,200,0.0
4419,60,3,0.003,0.001,3.0,0.0003,0.0005,0.7,0.3,200,1.0
4420,60,3,0.003,0.0025,3.0,0.0003,0.0005,0.7,0.3,200,1.0
4421,60,3,0.003,0.005,3.0,0.0003,0.0005,0.7,0.3,200,1.0
4422,60,3,0.003,0.001,3.0,0.0003,0.0005,0.7,0.3,200,1.25
4423,60,3,0.003,0.0025,3.0,0.0003,0.0005,0.7,0.3,200,1.25
4424,60,3,0.003,0.005,3.0,0.0003,0.0005,0.7,0.3,200,1.25
4425,60,3,0.003,0.001,3.0,0.0003,0.0005,0.7,0.3,200,1.5
4426,60,3,0.003,0.0025,3.0,0.0003,0.0005,0.7,0.3,200,1.5
4427,60,3,0.003,0.005,3.0,0.0003,0.0005,0.7,0.3,200,1.5
4428,60,3,0.003,0.001,3.0,0.0003,0.0005,0.3,0.4,0,0.0
4429,60,3,0.003,0.0025,3.0,0.0003,0.0005,0.3,0.4,0,0.0
4430,60,3,0.003,0.005,3.0,0.0003,0.0005,0.3,0.4,0,0.0
4431,60,3,0.003,0.001,3.0,0.0003,0.0005,0.3,0.4,0,1.0
4432,60,3,0.003,0.0025,3.0,0.0003,0.0005,0.3,0.4,0,1.0
4433,60,3,0.003,0.005,3.0,0.0003,0.0005,0.3,0.4,0,1.0
4434,60,3,0.003,0.001,3.0,0.0003,0.0005,0.3,0.4,0,1.25
4435,60,3,0.003,0.0025,3.0,0.0003,0.0005,0.3,0.4,0,1.25
4436,60,3,0.003,0.005,3.0,0.0003,0.0005,0.3,0.4,0,1.25
4437,60,3,0.003,0.001,3.0,0.0003,0.0005,0.3,0.4,0,1.5
4438,60,3,0.003,0.0025,3.0,0.0003,0.0005,0.3,0.4,0,1.5
4439,60,3,0.003,0.005,3.0,0.0003,0.0005,0.3,0.4,0,1.5
4440,60,3,0.003,0.001,3.0,0.0003,0.0005,0.3,0.4,100,0.0
4441,60,3,0.003,0.0025,3.0,0.0003,0.0005,0.3,0.4,100,0.0
4442,60,3,0.003,0.005,3.0,0.0003,0.0005,0.3,0.4,100,0.0
4443,60,3,0.003,0.001,3.0,0.0003,0.0005,0.3,0.4,100,1.0
4444,60,3,0.003,0.0025,3.0,0.0003,0.0005,0.3,0.4,100,1.0
4445,60,3,0.003,0.005,3.0,0.0003,0.0005,0.3,0.4,100,1.0
4446,60,3,0.003,0.001,3.0,0.0003,0.0005,0.3,0.4,100,1.25
4447,60,3,0.003,0.0025,3.0,0.0003,0.0005,0.3,0.4,100,1.25
4448,60,3,0.003,0.005,3.0,0.0003,0.0005,0.3,0.4,100,1.25
4449,60,3,0.003,0.001,3.0,0.0003,0.0005,0.3,0.4,100,1.5
4450,60,3,0.003,0.0025,3.0,0.0003,0.0005,0.3,0.4,100,1.5
4451,60,3,0.003,0.005,3.0,0.0003,0.0005,0.3,0.4,100,1.5
4452,60,3,0.003,0.001,3.0,0.0003,0.0005,0.3,0.4,200,0.0
4453,60,3,0.003,0.0025,3.0,0.0003,0.0005,0.3,0.4,200,0.0
4454,60,3,0.003,0.005,3.0,0.0003,0.0005,0.3,0.4,200,0.0
4455,60,3,0.003,0.001,3.0,0.0003,0.0005,0.3,0.4,200,1.0
4456,60,3,0.003,0.0025,3.0,0.0003,0.0005,0.3,0.4,200,1.0
4457,60,3,0.003,0.005,3.0,0.0003,0.0005,0.3,0.4,200,1.0
4458,60,3,0.003,0.001,3.0,0.0003,0.0005,0.3,0.4,200,1.25
4459,60,3,0.003,0.0025,3.0,0.0003,0.0005,0.3,0.4,200,1.25
4460,60,3,0.003,0.005,3.0,0.0003,0.0005,0.3,0.4,200,1.25
4461,60,3,0.003,0.001,3.0,0.0003,0.0005,0.3,0.4,200,1.5
4462,60,3,0.003,0.0025,3.0,0.0003,0.0005,0.3,0.4,200,1.5
4463,60,3,0.003,0.005,3.0,0.0003,0.0005,0.3,0.4,200,1.5
4464,60,3,0.003,0.001,3.0,0.0003,0.0005,0.5,0.4,0,0.0
4465,60,3,0.003,0.0025,3.0,0.0003,0.0005,0.5,0.4,0,0.0
4466,60,3,0.003,0.005,3.0,0.0003,0.0005,0.5,0.4,0,0.0
4467,60,3,0.003,0.001,3.0,0.0003,0.0005,0.5,0.4,0,1.0
4468,60,3,0.003,0.0025,3.0,0.0003,0.0005,0.5,0.4,0,1.0
4469,60,3,0.003,0.005,3.0,0.0003,0.0005,0.5,0.4,0,1.0
4470,60,3,0.003,0.001,3.0,0.0003,0.0005,0.5,0.4,0,1.25
4471,60,3,0.003,0.0025,3.0,0.0003,0.0005,0.5,0.4,0,1.25
4472,60,3,0.003,0.005,3.0,0.0003,0.0005,0.5,0.4,0,1.25
4473,60,3,0.003,0.001,3.0,0.0003,0.0005,0.5,0.4,0,1.5
4474,60,3,0.003,0.0025,3.0,0.0003,0.0005,0.5,0.4,0,1.5
4475,60,3,0.003,0.005,3.0,0.0003,0.0005,0.5,0.4,0,1.5
4476,60,3,0.003,0.001,3.0,0.0003,0.0005,0.5,0.4,100,0.0
4477,60,3,0.003,0.0025,3.0,0.0003,0.0005,0.5,0.4,100,0.0
4478,60,3,0.003,0.005,3.0,0.0003,0.0005,0.5,0.4,100,0.0
4479,60,3,0.003,0.001,3.0,0.0003,0.0005,0.5,0.4,100,1.0
4480,60,3,0.003,0.0025,3.0,0.0003,0.0005,0.5,0.4,100,1.0
4481,60,3,0.003,0.005,3.0,0.0003,0.0005,0.5,0.4,100,1.0
4482,60,3,0.003,0.001,3.0,0.0003,0.0005,0.5,0.4,100,1.25
4483,60,3,0.003,0.0025,3.0,0.0003,0.0005,0.5,0.4,100,1.25
4484,60,3,0.003,0.005,3.0,0.0003,0.0005,0.5,0.4,100,1.25
4485,60,3,0.003,0.001,3.0,0.0003,0.0005,0.5,0.4,100,1.5
4486,60,3,0.003,0.0025,3.0,0.0003,0.0005,0.5,0.4,100,1.5
4487,60,3,0.003,0.005,3.0,0.0003,0.0005,0.5,0.4,100,1.5
4488,60,3,0.003,0.001,3.0,0.0003,0.0005,0.5,0.4,200,0.0
4489,60,3,0.003,0.0025,3.0,0.0003,0.0005,0.5,0.4,200,0.0
4490,60,3,0.003,0.005,3.0,0.0003,0.0005,0.5,0.4,200,0.0
4491,60,3,0.003,0.001,3.0,0.0003,0.0005,0.5,0.4,200,1.0
4492,60,3,0.003,0.0025,3.0,0.0003,0.0005,0.5,0.4,200,1.0
4493,60,3,0.003,0.005,3.0,0.0003,0.0005,0.5,0.4,200,1.0
4494,60,3,0.003,0.001,3.0,0.0003,0.0005,0.5,0.4,200,1.25
4495,60,3,0.003,0.0025,3.0,0.0003,0.0005,0.5,0.4,200,1.25
4496,60,3,0.003,0.005,3.0,0.0003,0.0005,0.5,0.4,200,1.25
4497,60,3,0.003,0.001,3.0,0.0003,0.0005,0.5,0.4,200,1.5
4498,60,3,0.003,0.0025,3.0,0.0003,0.0005,0.5,0.4,200,1.5
4499,60,3,0.003,0.005,3.0,0.0003,0.0005,0.5,0.4,200,1.5
4500,60,3,0.003,0.001,3.0,0.0003,0.0005,0.7,0.4,0,0.0
4501,60,3,0.003,0.0025,3.0,0.0003,0.0005,0.7,0.4,0,0.0
4502,60,3,0.003,0.005,3.0,0.0003,0.0005,0.7,0.4,0,0.0
4503,60,3,0.003,0.001,3.0,0.0003,0.0005,0.7,0.4,0,1.0
4504,60,3,0.003,0.0025,3.0,0.0003,0.0005,0.7,0.4,0,1.0
4505,60,3,0.003,0.005,3.0,0.0003,0.0005,0.7,0.4,0,1.0
4506,60,3,0.003,0.001,3.0,0.0003,0.0005,0.7,0.4,0,1.25
4507,60,3,0.003,0.0025,3.0,0.0003,0.0005,0.7,0.4,0,1.25
4508,60,3,0.003,0.005,3.0,0.0003,0.0005,0.7,0.4,0,1.25
4509,60,3,0.003,0.001,3.0,0.0003,0.0005,0.7,0.4,0,1.5
4510,60,3,0.003,0.0025,3.0,0.0003,0.0005,0.7,0.4,0,1.5
4511,60,3,0.003,0.005,3.0,0.0003,0.0005,0.7,0.4,0,1.5
4512,60,3,0.003,0.001,3.0,0.0003,0.0005,0.7,0.4,100,0.0
4513,60,3,0.003,0.0025,3.0,0.0003,0.0005,0.7,0.4,100,0.0
4514,60,3,0.003,0.005,3.0,0.0003,0.0005,0.7,0.4,100,0.0
4515,60,3,0.003,0.001,3.0,0.0003,0.0005,0.7,0.4,100,1.0
4516,60,3,0.003,0.0025,3.0,0.0003,0.0005,0.7,0.4,100,1.0
4517,60,3,0.003,0.005,3.0,0.0003,0.0005,0.7,0.4,100,1.0
4518,60,3,0.003,0.001,3.0,0.0003,0.0005,0.7,0.4,100,1.25
4519,60,3,0.003,0.0025,3.0,0.0003,0.0005,0.7,0.4,100,1.25
4520,60,3,0.003,0.005,3.0,0.0003,0.0005,0.7,0.4,100,1.25
4521,60,3,0.003,0.001,3.0,0.0003,0.0005,0.7,0.4,100,1.5
4522,60,3,0.003,0.0025,3.0,0.0003,0.0005,0.7,0.4,100,1.5
4523,60,3,0.003,0.005,3.0,0.0003,0.0005,0.7,0.4,100,1.5
4524,60,3,0.003,0.001,3.0,0.0003,0.0005,0.7,0.4,200,0.0
4525,60,3,0.003,0.0025,3.0,0.0003,0.0005,0.7,0.4,200,0.0
4526,60,3,0.003,0.005,3.0,0.0003,0.0005,0.7,0.4,200,0.0
4527,60,3,0.003,0.001,3.0,0.0003,0.0005,0.7,0.4,200,1.0
4528,60,3,0.003,0.0025,3.0,0.0003,0.0005,0.7,0.4,200,1.0
4529,60,3,0.003,0.005,3.0,0.0003,0.0005,0.7,0.4,200,1.0
4530,60,3,0.003,0.001,3.0,0.0003,0.0005,0.7,0.4,200,1.25
4531,60,3,0.003,0.0025,3.0,0.0003,0.0005,0.7,0.4,200,1.25
4532,60,3,0.003,0.005,3.0,0.0003,0.0005,0.7,0.4,200,1.25
4533,60,3,0.003,0.001,3.0,0.0003,0.0005,0.7,0.4,200,1.5
4534,60,3,0.003,0.0025,3.0,0.0003,0.0005,0.7,0.4,200,1.5
4535,60,3,0.003,0.005,3.0,0.0003,0.0005,0.7,0.4,200,1.5
4536,60,3,0.005,0.001,3.0,0.0003,0.0005,0.3,0.2,0,0.0
4537,60,3,0.005,0.0025,3.0,0.0003,0.0005,0.3,0.2,0,0.0
4538,60,3,0.005,0.005,3.0,0.0003,0.0005,0.3,0.2,0,0.0
4539,60,3,0.005,0.001,3.0,0.0003,0.0005,0.3,0.2,0,1.0
4540,60,3,0.005,0.0025,3.0,0.0003,0.0005,0.3,0.2,0,1.0
4541,60,3,0.005,0.005,3.0,0.0003,0.0005,0.3,0.2,0,1.0
4542,60,3,0.005,0.001,3.0,0.0003,0.0005,0.3,0.2,0,1.25
4543,60,3,0.005,0.0025,3.0,0.0003,0.0005,0.3,0.2,0,1.25
4544,60,3,0.005,0.005,3.0,0.0003,0.0005,0.3,0.2,0,1.25
4545,60,3,0.005,0.001,3.0,0.0003,0.0005,0.3,0.2,0,1.5
4546,60,3,0.005,0.0025,3.0,0.0003,0.0005,0.3,0.2,0,1.5
4547,60,3,0.005,0.005,3.0,0.0003,0.0005,0.3,0.2,0,1.5
4548,60,3,0.005,0.001,3.0,0.0003,0.0005,0.3,0.2,100,0.0
4549,60,3,0.005,0.0025,3.0,0.0003,0.0005,0.3,0.2,100,0.0
4550,60,3,0.005,0.005,3.0,0.0003,0.0005,0.3,0.2,100,0.0
4551,60,3,0.005,0.001,3.0,0.0003,0.0005,0.3,0.2,100,1.0
4552,60,3,0.005,0.0025,3.0,0.0003,0.0005,0.3,0.2,100,1.0
4553,60,3,0.005,0.005,3.0,0.0003,0.0005,0.3,0.2,100,1.0
4554,60,3,0.005,0.001,3.0,0.0003,0.0005,0.3,0.2,100,1.25
4555,60,3,0.005,0.0025,3.0,0.0003,0.0005,0.3,0.2,100,1.25
4556,60,3,0.005,0.005,3.0,0.0003,0.0005,0.3,0.2,100,1.25
4557,60,3,0.005,0.001,3.0,0.0003,0.0005,0.3,0.2,100,1.5
4558,60,3,0.005,0.0025,3.0,0.0003,0.0005,0.3,0.2,100,1.5
4559,60,3,0.005,0.005,3.0,0.0003,0.0005,0.3,0.2,100,1.5
4560,60,3,0.005,0.001,3.0,0.0003,0.0005,0.3,0.2,200,0.0
4561,60,3,0.005,0.0025,3.0,0.0003,0.0005,0.3,0.2,200,0.0
4562,60,3,0.005,0.005,3.0,0.0003,0.0005,0.3,0.2,200,0.0
4563,60,3,0.005,0.001,3.0,0.0003,0.0005,0.3,0.2,200,1.0
4564,60,3,0.005,0.0025,3.0,0.0003,0.0005,0.3,0.2,200,1.0
4565,60,3,0.005,0.005,3.0,0.0003,0.0005,0.3,0.2,200,1.0
4566,60,3,0.005,0.001,3.0,0.0003,0.0005,0.3,0.2,200,1.25
4567,60,3,0.005,0.0025,3.0,0.0003,0.0005,0.3,0.2,200,1.25
4568,60,3,0.005,0.005,3.0,0.0003,0.0005,0.3,0.2,200,1.25
4569,60,3,0.005,0.001,3.0,0.0003,0.0005,0.3,0.2,200,1.5
4570,60,3,0.005,0.0025,3.0,0.0003,0.0005,0.3,0.2,200,1.5
4571,60,3,0.005,0.005,3.0,0.0003,0.0005,0.3,0.2,200,1.5
4572,60,3,0.005,0.001,3.0,0.0003,0.0005,0.5,0.2,0,0.0
4573,60,3,0.005,0.0025,3.0,0.0003,0.0005,0.5,0.2,0,0.0
4574,60,3,0.005,0.005,3.0,0.0003,0.0005,0.5,0.2,0,0.0
4575,60,3,0.005,0.001,3.0,0.0003,0.0005,0.5,0.2,0,1.0
4576,60,3,0.005,0.0025,3.0,0.0003,0.0005,0.5,0.2,0,1.0
4577,60,3,0.005,0.005,3.0,0.0003,0.0005,0.5,0.2,0,1.0
4578,60,3,0.005,0.001,3.0,0.0003,0.0005,0.5,0.2,0,1.25
4579,60,3,0.005,0.0025,3.0,0.0003,0.0005,0.5,0.2,0,1.25
4580,60,3,0.005,0.005,3.0,0.0003,0.0005,0.5,0.2,0,1.25
4581,60,3,0.005,0.001,3.0,0.0003,0.0005,0.5,0.2,0,1.5
4582,60,3,0.005,0.0025,3.0,0.0003,0.0005,0.5,0.2,0,1.5
4583,60,3,0.005,0.005,3.0,0.0003,0.0005,0.5,0.2,0,1.5
4584,60,3,0.005,0.001,3.0,0.0003,0.0005,0.5,0.2,100,0.0
4585,60,3,0.005,0.0025,3.0,0.0003,0.0005,0.5,0.2,100,0.0
4586,60,3,0.005,0.005,3.0,0.0003,0.0005,0.5,0.2,100,0.0
4587,60,3,0.005,0.001,3.0,0.0003,0.0005,0.5,0.2,100,1.0
4588,60,3,0.005,0.0025,3.0,0.0003,0.0005,0.5,0.2,100,1.0
4589,60,3,0.005,0.005,3.0,0.0003,0.0005,0.5,0.2,100,1.0
4590,60,3,0.005,0.001,3.0,0.0003,0.0005,0.5,0.2,100,1.25
4591,60,3,0.005,0.0025,3.0,0.0003,0.0005,0.5,0.2,100,1.25
4592,60,3,0.005,0.005,3.0,0.0003,0.0005,0.5,0.2,100,1.25
4593,60,3,0.005,0.001,3.0,0.0003,0.0005,0.5,0.2,100,1.5
4594,60,3,0.005,0.0025,3.0,0.0003,0.0005,0.5,0.2,100,1.5
4595,60,3,0.005,0.005,3.0,0.0003,0.0005,0.5,0.2,100,1.5
4596,60,3,0.005,0.001,3.0,0.0003,0.0005,0.5,0.2,200,0.0
4597,60,3,0.005,0.0025,3.0,0.0003,0.0005,0.5,0.2,200,0.0
4598,60,3,0.005,0.005,3.0,0.0003,0.0005,0.5,0.2,200,0.0
4599,60,3,0.005,0.001,3.0,0.0003,0.0005,0.5,0.2,200,1.0
4600,60,3,0.005,0.0025,3.0,0.0003,0.0005,0.5,0.2,200,1.0
4601,60,3,0.005,0.005,3.0,0.0003,0.0005,0.5,0.2,200,1.0
4602,60,3,0.005,0.001,3.0,0.0003,0.0005,0.5,0.2,200,1.25
4603,60,3,0.005,0.0025,3.0,0.0003,0.0005,0.5,0.2,200,1.25
4604,60,3,0.005,0.005,3.0,0.0003,0.0005,0.5,0.2,200,1.25
4605,60,3,0.005,0.001,3.0,0.0003,0.0005,0.5,0.2,200,1.5
4606,60,3,0.005,0.0025,3.0,0.0003,0.0005,0.5,0.2,200,1.5
4607,60,3,0.005,0.005,3.0,0.0003,0.0005,0.5,0.2,200,1.5
4608,60,3,0.005,0.001,3.0,0.0003,0.0005,0.7,0.2,0,0.0
4609,60,3,0.005,0.0025,3.0,0.0003,0.0005,0.7,0.2,0,0.0
4610,60,3,0.005,0.005,3.0,0.0003,0.0005,0.7,0.2,0,0.0
4611,60,3,0.005,0.001,3.0,0.0003,0.0005,0.7,0.2,0,1.0
4612,60,3,0.005,0.0025,3.0,0.0003,0.0005,0.7,0.2,0,1.0
4613,60,3,0.005,0.005,3.0,0.0003,0.0005,0.7,0.2,0,1.0
4614,60,3,0.005,0.001,3.0,0.0003,0.0005,0.7,0.2,0,1.25
4615,60,3,0.005,0.0025,3.0,0.0003,0.0005,0.7,0.2,0,1.25
4616,60,3,0.005,0.005,3.0,0.0003,0.0005,0.7,0.2,0,1.25
4617,60,3,0.005,0.001,3.0,0.0003,0.0005,0.7,0.2,0,1.5
4618,60,3,0.005,0.0025,3.0,0.0003,0.0005,0.7,0.2,0,1.5
4619,60,3,0.005,0.005,3.0,0.0003,0.0005,0.7,0.2,0,1.5
4620,60,3,0.005,0.001,3.0,0.0003,0.0005,0.7,0.2,100,0.0
4621,60,3,0.005,0.0025,3.0,0.0003,0.0005,0.7,0.2,100,0.0
4622,60,3,0.005,0.005,3.0,0.0003,0.0005,0.7,0.2,100,0.0
4623,60,3,0.005,0.001,3.0,0.0003,0.0005,0.7,0.2,100,1.0
4624,60,3,0.005,0.0025,3.0,0.0003,0.0005,0.7,0.2,100,1.0
4625,60,3,0.005,0.005,3.0,0.0003,0.0005,0.7,0.2,100,1.0
4626,60,3,0.005,0.001,3.0,0.0003,0.0005,0.7,0.2,100,1.25
4627,60,3,0.005,0.0025,3.0,0.0003,0.0005,0.7,0.2,100,1.25
4628,60,3,0.005,0.005,3.0,0.0003,0.0005,0.7,0.2,100,1.25
4629,60,3,0.005,0.001,3.0,0.0003,0.0005,0.7,0.2,100,1.5
4630,60,3,0.005,0.0025,3.0,0.0003,0.0005,0.7,0.2,100,1.5
4631,60,3,0.005,0.005,3.0,0.0003,0.0005,0.7,0.2,100,1.5
4632,60,3,0.005,0.001,3.0,0.0003,0.0005,0.7,0.2,200,0.0
4633,60,3,0.005,0.0025,3.0,0.0003,0.0005,0.7,0.2,200,0.0
4634,60,3,0.005,0.005,3.0,0.0003,0.0005,0.7,0.2,200,0.0
4635,60,3,0.005,0.001,3.0,0.0003,0.0005,0.7,0.2,200,1.0
4636,60,3,0.005,0.0025,3.0,0.0003,0.0005,0.7,0.2,200,1.0
4637,60,3,0.005,0.005,3.0,0.0003,0.0005,0.7,0.2,200,1.0
4638,60,3,0.005,0.001,3.0,0.0003,0.0005,0.7,0.2,200,1.25
4639,60,3,0.005,0.0025,3.0,0.0003,0.0005,0.7,0.2,200,1.25
4640,60,3,0.005,0.005,3.0,0.0003,0.0005,0.7,0.2,200,1.25
4641,60,3,0.005,0.001,3.0,0.0003,0.0005,0.7,0.2,200,1.5
4642,60,3,0.005,0.0025,3.0,0.0003,0.0005,0.7,0.2,200,1.5
4643,60,3,0.005,0.005,3.0,0.0003,0.0005,0.7,0.2,200,1.5
4644,60,3,0.005,0.001,3.0,0.0003,0.0005,0.3,0.3,0,0.0
4645,60,3,0.005,0.0025,3.0,0.0003,0.0005,0.3,0.3,0,0.0
4646,60,3,0.005,0.005,3.0,0.0003,0.0005,0.3,0.3,0,0.0
4647,60,3,0.005,0.001,3.0,0.0003,0.0005,0.3,0.3,0,1.0
4648,60,3,0.005,0.0025,3.0,0.0003,0.0005,0.3,0.3,0,1.0
4649,60,3,0.005,0.005,3.0,0.0003,0.0005,0.3,0.3,0,1.0
4650,60,3,0.005,0.001,3.0,0.0003,0.0005,0.3,0.3,0,1.25
4651,60,3,0.005,0.0025,3.0,0.0003,0.0005,0.3,0.3,0,1.25
4652,60,3,0.005,0.005,3.0,0.0003,0.0005,0.3,0.3,0,1.25
4653,60,3,0.005,0.001,3.0,0.0003,0.0005,0.3,0.3,0,1.5
4654,60,3,0.005,0.0025,3.0,0.0003,0.0005,0.3,0.3,0,1.5
4655,60,3,0.005,0.005,3.0,0.0003,0.0005,0.3,0.3,0,1.5
4656,60,3,0.005,0.001,3.0,0.0003,0.0005,0.3,0.3,100,0.0
4657,60,3,0.005,0.0025,3.0,0.0003,0.0005,0.3,0.3,100,0.0
4658,60,3,0.005,0.005,3.0,0.0003,0.0005,0.3,0.3,100,0.0
4659,60,3,0.005,0.001,3.0,0.0003,0.0005,0.3,0.3,100,1.0
4660,60,3,0.005,0.0025,3.0,0.0003,0.0005,0.3,0.3,100,1.0
4661,60,3,0.005,0.005,3.0,0.0003,0.0005,0.3,0.3,100,1.0
4662,60,3,0.005,0.001,3.0,0.0003,0.0005,0.3,0.3,100,1.25
4663,60,3,0.005,0.0025,3.0,0.0003,0.0005,0.3,0.3,100,1.25
4664,60,3,0.005,0.005,3.0,0.0003,0.0005,0.3,0.3,100,1.25
4665,60,3,0.005,0.001,3.0,0.0003,0.0005,0.3,0.3,100,1.5
4666,60,3,0.005,0.0025,3.0,0.0003,0.0005,0.3,0.3,100,1.5
4667,60,3,0.005,0.005,3.0,0.0003,0.0005,0.3,0.3,100,1.5
4668,60,3,0.005,0.001,3.0,0.0003,0.0005,0.3,0.3,200,0.0
4669,60,3,0.005,0.0025,3.0,0.0003,0.0005,0.3,0.3,200,0.0
4670,60,3,0.005,0.005,3.0,0.0003,0.0005,0.3,0.3,200,0.0
4671,60,3,0.005,0.001,3.0,0.0003,0.0005,0.3,0.3,200,1.0
4672,60,3,0.005,0.0025,3.0,0.0003,0.0005,0.3,0.3,200,1.0
4673,60,3,0.005,0.005,3.0,0.0003,0.0005,0.3,0.3,200,1.0
4674,60,3,0.005,0.001,3.0,0.0003,0.0005,0.3,0.3,200,1.25
4675,60,3,0.005,0.0025,3.0,0.0003,0.0005,0.3,0.3,200,1.25
4676,60,3,0.005,0.005,3.0,0.0003,0.0005,0.3,0.3,200,1.25
4677,60,3,0.005,0.001,3.0,0.0003,0.0005,0.3,0.3,200,1.5
4678,60,3,0.005,0.0025,3.0,0.0003,0.0005,0.3,0.3,200,1.5
4679,60,3,0.005,0.005,3.0,0.0003,0.0005,0.3,0.3,200,1.5
4680,60,3,0.005,0.001,3.0,0.0003,0.0005,0.5,0.3,0,0.0
4681,60,3,0.005,0.0025,3.0,0.0003,0.0005,0.5,0.3,0,0.0
4682,60,3,0.005,0.005,3.0,0.0003,0.0005,0.5,0.3,0,0.0
4683,60,3,0.005,0.001,3.0,0.0003,0.0005,0.5,0.3,0,1.0
4684,60,3,0.005,0.0025,3.0,0.0003,0.0005,0.5,0.3,0,1.0
4685,60,3,0.005,0.005,3.0,0.0003,0.0005,0.5,0.3,0,1.0
4686,60,3,0.005,0.001,3.0,0.0003,0.0005,0.5,0.3,0,1.25
4687,60,3,0.005,0.0025,3.0,0.0003,0.0005,0.5,0.3,0,1.25
4688,60,3,0.005,0.005,3.0,0.0003,0.0005,0.5,0.3,0,1.25
4689,60,3,0.005,0.001,3.0,0.0003,0.0005,0.5,0.3,0,1.5
4690,60,3,0.005,0.0025,3.0,0.0003,0.0005,0.5,0.3,0,1.5
4691,60,3,0.005,0.005,3.0,0.0003,0.0005,0.5,0.3,0,1.5
4692,60,3,0.005,0.001,3.0,0.0003,0.0005,0.5,0.3,100,0.0
4693,60,3,0.005,0.0025,3.0,0.0003,0.0005,0.5,0.3,100,0.0
4694,60,3,0.005,0.005,3.0,0.0003,0.0005,0.5,0.3,100,0.0
4695,60,3,0.005,0.001,3.0,0.0003,0.0005,0.5,0.3,100,1.0
4696,60,3,0.005,0.0025,3.0,0.0003,0.0005,0.5,0.3,100,1.0
4697,60,3,0.005,0.005,3.0,0.0003,0.0005,0.5,0.3,100,1.0
4698,60,3,0.005,0.001,3.0,0.0003,0.0005,0.5,0.3,100,1.25
4699,60,3,0.005,0.0025,3.0,0.0003,0.0005,0.5,0.3,100,1.25
4700,60,3,0.005,0.005,3.0,0.0003,0.0005,0.5,0.3,100,1.25
4701,60,3,0.005,0.001,3.0,0.0003,0.0005,0.5,0.3,100,1.5
4702,60,3,0.005,0.0025,3.0,0.0003,0.0005,0.5,0.3,100,1.5
4703,60,3,0.005,0.005,3.0,0.0003,0.0005,0.5,0.3,100,1.5
4704,60,3,0.005,0.001,3.0,0.0003,0.0005,0.5,0.3,200,0.0
4705,60,3,0.005,0.0025,3.0,0.0003,0.0005,0.5,0.3,200,0.0
4706,60,3,0.005,0.005,3.0,0.0003,0.0005,0.5,0.3,200,0.0
4707,60,3,0.005,0.001,3.0,0.0003,0.0005,0.5,0.3,200,1.0
4708,60,3,0.005,0.0025,3.0,0.0003,0.0005,0.5,0.3,200,1.0
4709,60,3,0.005,0.005,3.0,0.0003,0.0005,0.5,0.3,200,1.0
4710,60,3,0.005,0.001,3.0,0.0003,0.0005,0.5,0.3,200,1.25
4711,60,3,0.005,0.0025,3.0,0.0003,0.0005,0.5,0.3,200,1.25
4712,60,3,0.005,0.005,3.0,0.0003,0.0005,0.5,0.3,200,1.25
4713,60,3,0.005,0.001,3.0,0.0003,0.0005,0.5,0.3,200,1.5
4714,60,3,0.005,0.0025,3.0,0.0003,0.0005,0.5,0.3,200,1.5
4715,60,3,0.005,0.005,3.0,0.0003,0.0005,0.5,0.3,200,1.5
4716,60,3,0.005,0.001,3.0,0.0003,0.0005,0.7,0.3,0,0.0
4717,60,3,0.005,0.0025,3.0,0.0003,0.0005,0.7,0.3,0,0.0
4718,60,3,0.005,0.005,3.0,0.0003,0.0005,0.7,0.3,0,0.0
4719,60,3,0.005,0.001,3.0,0.0003,0.0005,0.7,0.3,0,1.0
4720,60,3,0.005,0.0025,3.0,0.0003,0.0005,0.7,0.3,0,1.0
4721,60,3,0.005,0.005,3.0,0.0003,0.0005,0.7,0.3,0,1.0
4722,60,3,0.005,0.001,3.0,0.0003,0.0005,0.7,0.3,0,1.25
4723,60,3,0.005,0.0025,3.0,0.0003,0.0005,0.7,0.3,0,1.25
4724,60,3,0.005,0.005,3.0,0.0003,0.0005,0.7,0.3,0,1.25
4725,60,3,0.005,0.001,3.0,0.0003,0.0005,0.7,0.3,0,1.5
4726,60,3,0.005,0.0025,3.0,0.0003,0.0005,0.7,0.3,0,1.5
4727,60,3,0.005,0.005,3.0,0.0003,0.0005,0.7,0.3,0,1.5
4728,60,3,0.005,0.001,3.0,0.0003,0.0005,0.7,0.3,100,0.0
4729,60,3,0.005,0.0025,3.0,0.0003,0.0005,0.7,0.3,100,0.0
4730,60,3,0.005,0.005,3.0,0.0003,0.0005,0.7,0.3,100,0.0
4731,60,3,0.005,0.001,3.0,0.0003,0.0005,0.7,0.3,100,1.0
4732,60,3,0.005,0.0025,3.0,0.0003,0.0005,0.7,0.3,100,1.0
4733,60,3,0.005,0.005,3.0,0.0003,0.0005,0.7,0.3,100,1.0
4734,60,3,0.005,0.001,3.0,0.0003,0.0005,0.7,0.3,100,1.25
4735,60,3,0.005,0.0025,3.0,0.0003,0.0005,0.7,0.3,100,1.25
4736,60,3,0.005,0.005,3.0,0.0003,0.0005,0.7,0.3,100,1.25
4737,60,3,0.005,0.001,3.0,0.0003,0.0005,0.7,0.3,100,1.5
4738,60,3,0.005,0.0025,3.0,0.0003,0.0005,0.7,0.3,100,1.5
4739,60,3,0.005,0.005,3.0,0.0003,0.0005,0.7,0.3,100,1.5
4740,60,3,0.005,0.001,3.0,0.0003,0.0005,0.7,0.3,200,0.0
4741,60,3,0.005,0.0025,3.0,0.0003,0.0005,0.7,0.3,200,0.0
4742,60,3,0.005,0.005,3.0,0.0003,0.0005,0.7,0.3,200,0.0
4743,60,3,0.005,0.001,3.0,0.0003,0.0005,0.7,0.3,200,1.0
4744,60,3,0.005,0.0025,3.0,0.0003,0.0005,0.7,0.3,200,1.0
4745,60,3,0.005,0.005,3.0,0.0003,0.0005,0.7,0.3,200,1.0
4746,60,3,0.005,0.001,3.0,0.0003,0.0005,0.7,0.3,200,1.25
4747,60,3,0.005,0.0025,3.0,0.0003,0.0005,0.7,0.3,200,1.25
4748,60,3,0.005,0.005,3.0,0.0003,0.0005,0.7,0.3,200,1.25
4749,60,3,0.005,0.001,3.0,0.0003,0.0005,0.7,0.3,200,1.5
4750,60,3,0.005,0.0025,3.0,0.0003,0.0005,0.7,0.3,200,1.5
4751,60,3,0.005,0.005,3.0,0.0003,0.0005,0.7,0.3,200,1.5
4752,60,3,0.005,0.001,3.0,0.0003,0.0005,0.3,0.4,0,0.0
4753,60,3,0.005,0.0025,3.0,0.0003,0.0005,0.3,0.4,0,0.0
4754,60,3,0.005,0.005,3.0,0.0003,0.0005,0.3,0.4,0,0.0
4755,60,3,0.005,0.001,3.0,0.0003,0.0005,0.3,0.4,0,1.0
4756,60,3,0.005,0.0025,3.0,0.0003,0.0005,0.3,0.4,0,1.0
4757,60,3,0.005,0.005,3.0,0.0003,0.0005,0.3,0.4,0,1.0
4758,60,3,0.005,0.001,3.0,0.0003,0.0005,0.3,0.4,0,1.25
4759,60,3,0.005,0.0025,3.0,0.0003,0.0005,0.3,0.4,0,1.25
4760,60,3,0.005,0.005,3.0,0.0003,0.0005,0.3,0.4,0,1.25
4761,60,3,0.005,0.001,3.0,0.0003,0.0005,0.3,0.4,0,1.5
4762,60,3,0.005,0.0025,3.0,0.0003,0.0005,0.3,0.4,0,1.5
4763,60,3,0.005,0.005,3.0,0.0003,0.0005,0.3,0.4,0,1.5
4764,60,3,0.005,0.001,3.0,0.0003,0.0005,0.3,0.4,100,0.0
4765,60,3,0.005,0.0025,3.0,0.0003,0.0005,0.3,0.4,100,0.0
4766,60,3,0.005,0.005,3.0,0.0003,0.0005,0.3,0.4,100,0.0
4767,60,3,0.005,0.001,3.0,0.0003,0.0005,0.3,0.4,100,1.0
4768,60,3,0.005,0.0025,3.0,0.0003,0.0005,0.3,0.4,100,1.0
4769,60,3,0.005,0.005,3.0,0.0003,0.0005,0.3,0.4,100,1.0
4770,60,3,0.005,0.001,3.0,0.0003,0.0005,0.3,0.4,100,1.25
4771,60,3,0.005,0.0025,3.0,0.0003,0.0005,0.3,0.4,100,1.25
4772,60,3,0.005,0.005,3.0,0.0003,0.0005,0.3,0.4,100,1.25
4773,60,3,0.005,0.001,3.0,0.0003,0.0005,0.3,0.4,100,1.5
4774,60,3,0.005,0.0025,3.0,0.0003,0.0005,0.3,0.4,100,1.5
4775,60,3,0.005,0.005,3.0,0.0003,0.0005,0.3,0.4,100,1.5
4776,60,3,0.005,0.001,3.0,0.0003,0.0005,0.3,0.4,200,0.0
4777,60,3,0.005,0.0025,3.0,0.0003,0.0005,0.3,0.4,200,0.0
4778,60,3,0.005,0.005,3.0,0.0003,0.0005,0.3,0.4,200,0.0
4779,60,3,0.005,0.001,3.0,0.0003,0.0005,0.3,0.4,200,1.0
4780,60,3,0.005,0.0025,3.0,0.0003,0.0005,0.3,0.4,200,1.0
4781,60,3,0.005,0.005,3.0,0.0003,0.0005,0.3,0.4,200,1.0
4782,60,3,0.005,0.001,3.0,0.0003,0.0005,0.3,0.4,200,1.25
4783,60,3,0.005,0.0025,3.0,0.0003,0.0005,0.3,0.4,200,1.25
4784,60,3,0.005,0.005,3.0,0.0003,0.0005,0.3,0.4,200,1.25
4785,60,3,0.005,0.001,3.0,0.0003,0.0005,0.3,0.4,200,1.5
4786,60,3,0.005,0.0025,3.0,0.0003,0.0005,0.3,0.4,200,1.5
4787,60,3,0.005,0.005,3.0,0.0003,0.0005,0.3,0.4,200,1.5
4788,60,3,0.005,0.001,3.0,0.0003,0.0005,0.5,0.4,0,0.0
4789,60,3,0.005,0.0025,3.0,0.0003,0.0005,0.5,0.4,0,0.0
4790,60,3,0.005,0.005,3.0,0.0003,0.0005,0.5,0.4,0,0.0
4791,60,3,0.005,0.001,3.0,0.0003,0.0005,0.5,0.4,0,1.0
4792,60,3,0.005,0.0025,3.0,0.0003,0.0005,0.5,0.4,0,1.0
4793,60,3,0.005,0.005,3.0,0.0003,0.0005,0.5,0.4,0,1.0
4794,60,3,0.005,0.001,3.0,0.0003,0.0005,0.5,0.4,0,1.25
4795,60,3,0.005,0.0025,3.0,0.0003,0.0005,0.5,0.4,0,1.25
4796,60,3,0.005,0.005,3.0,0.0003,0.0005,0.5,0.4,0,1.25
4797,60,3,0.005,0.001,3.0,0.0003,0.0005,0.5,0.4,0,1.5
4798,60,3,0.005,0.0025,3.0,0.0003,0.0005,0.5,0.4,0,1.5
4799,60,3,0.005,0.005,3.0,0.0003,0.0005,0.5,0.4,0,1.5
4800,60,3,0.005,0.001,3.0,0.0003,0.0005,0.5,0.4,100,0.0
4801,60,3,0.005,0.0025,3.0,0.0003,0.0005,0.5,0.4,100,0.0
4802,60,3,0.005,0.005,3.0,0.0003,0.0005,0.5,0.4,100,0.0
4803,60,3,0.005,0.001,3.0,0.0003,0.0005,0.5,0.4,100,1.0
4804,60,3,0.005,0.0025,3.0,0.0003,0.0005,0.5,0.4,100,1.0
4805,60,3,0.005,0.005,3.0,0.0003,0.0005,0.5,0.4,100,1.0
4806,60,3,0.005,0.001,3.0,0.0003,0.0005,0.5,0.4,100,1.25
4807,60,3,0.005,0.0025,3.0,0.0003,0.0005,0.5,0.4,100,1.25
4808,60,3,0.005,0.005,3.0,0.0003,0.0005,0.5,0.4,100,1.25
4809,60,3,0.005,0.001,3.0,0.0003,0.0005,0.5,0.4,100,1.5
4810,60,3,0.005,0.0025,3.0,0.0003,0.0005,0.5,0.4,100,1.5
4811,60,3,0.005,0.005,3.0,0.0003,0.0005,0.5,0.4,100,1.5
4812,60,3,0.005,0.001,3.0,0.0003,0.0005,0.5,0.4,200,0.0
4813,60,3,0.005,0.0025,3.0,0.0003,0.0005,0.5,0.4,200,0.0
4814,60,3,0.005,0.005,3.0,0.0003,0.0005,0.5,0.4,200,0.0
4815,60,3,0.005,0.001,3.0,0.0003,0.0005,0.5,0.4,200,1.0
4816,60,3,0.005,0.0025,3.0,0.0003,0.0005,0.5,0.4,200,1.0
4817,60,3,0.005,0.005,3.0,0.0003,0.0005,0.5,0.4,200,1.0
4818,60,3,0.005,0.001,3.0,0.0003,0.0005,0.5,0.4,200,1.25
4819,60,3,0.005,0.0025,3.0,0.0003,0.0005,0.5,0.4,200,1.25
4820,60,3,0.005,0.005,3.0,0.0003,0.0005,0.5,0.4,200,1.25
4821,60,3,0.005,0.001,3.0,0.0003,0.0005,0.5,0.4,200,1.5
4822,60,3,0.005,0.0025,3.0,0.0003,0.0005,0.5,0.4,200,1.5
4823,60,3,0.005,0.005,3.0,0.0003,0.0005,0.5,0.4,200,1.5
4824,60,3,0.005,0.001,3.0,0.0003,0.0005,0.7,0.4,0,0.0
4825,60,3,0.005,0.0025,3.0,0.0003,0.0005,0.7,0.4,0,0.0
4826,60,3,0.005,0.005,3.0,0.0003,0.0005,0.7,0.4,0,0.0
4827,60,3,0.005,0.001,3.0,0.0003,0.0005,0.7,0.4,0,1.0
4828,60,3,0.005,0.0025,3.0,0.0003,0.0005,0.7,0.4,0,1.0
4829,60,3,0.005,0.005,3.0,0.0003,0.0005,0.7,0.4,0,1.0
4830,60,3,0.005,0.001,3.0,0.0003,0.0005,0.7,0.4,0,1.25
4831,60,3,0.005,0.0025,3.0,0.0003,0.0005,0.7,0.4,0,1.25
4832,60,3,0.005,0.005,3.0,0.0003,0.0005,0.7,0.4,0,1.25
4833,60,3,0.005,0.001,3.0,0.0003,0.0005,0.7,0.4,0,1.5
4834,60,3,0.005,0.0025,3.0,0.0003,0.0005,0.7,0.4,0,1.5
4835,60,3,0.005,0.005,3.0,0.0003,0.0005,0.7,0.4,0,1.5
4836,60,3,0.005,0.001,3.0,0.0003,0.0005,0.7,0.4,100,0.0
4837,60,3,0.005,0.0025,3.0,0.0003,0.0005,0.7,0.4,100,0.0
4838,60,3,0.005,0.005,3.0,0.0003,0.0005,0.7,0.4,100,0.0
4839,60,3,0.005,0.001,3.0,0.0003,0.0005,0.7,0.4,100,1.0
4840,60,3,0.005,0.0025,3.0,0.0003,0.0005,0.7,0.4,100,1.0
4841,60,3,0.005,0.005,3.0,0.0003,0.0005,0.7,0.4,100,1.0
4842,60,3,0.005,0.001,3.0,0.0003,0.0005,0.7,0.4,100,1.25
4843,60,3,0.005,0.0025,3.0,0.0003,0.0005,0.7,0.4,100,1.25
4844,60,3,0.005,0.005,3.0,0.0003,0.0005,0.7,0.4,100,1.25
4845,60,3,0.005,0.001,3.0,0.0003,0.0005,0.7,0.4,100,1.5
4846,60,3,0.005,0.0025,3.0,0.0003,0.0005,0.7,0.4,100,1.5
4847,60,3,0.005,0.005,3.0,0.0003,0.0005,0.7,0.4,100,1.5
4848,60,3,0.005,0.001,3.0,0.0003,0.0005,0.7,0.4,200,0.0
4849,60,3,0.005,0.0025,3.0,0.0003,0.0005,0.7,0.4,200,0.0
4850,60,3,0.005,0.005,3.0,0.0003,0.0005,0.7,0.4,200,0.0
4851,60,3,0.005,0.001,3.0,0.0003,0.0005,0.7,0.4,200,1.0
4852,60,3,0.005,0.0025,3.0,0.0003,0.0005,0.7,0.4,200,1.0
4853,60,3,0.005,0.005,3.0,0.0003,0.0005,0.7,0.4,200,1.0
4854,60,3,0.005,0.001,3.0,0.0003,0.0005,0.7,0.4,200,1.25
4855,60,3,0.005,0.0025,3.0,0.0003,0.0005,0.7,0.4,200,1.25
4856,60,3,0.005,0.005,3.0,0.0003,0.0005,0.7,0.4,200,1.25
4857,60,3,0.005,0.001,3.0,0.0003,0.0005,0.7,0.4,200,1.5
4858,60,3,0.005,0.0025,3.0,0.0003,0.0005,0.7,0.4,200,1.5
4859,60,3,0.005,0.005,3.0,0.0003,0.0005,0.7,0.4,200,1.5
4860,60,3,0.0075,0.001,3.0,0.0003,0.0005,0.3,0.2,0,0.0
4861,60,3,0.0075,0.0025,3.0,0.0003,0.0005,0.3,0.2,0,0.0
4862,60,3,0.0075,0.005,3.0,0.0003,0.0005,0.3,0.2,0,0.0
4863,60,3,0.0075,0.001,3.0,0.0003,0.0005,0.3,0.2,0,1.0
4864,60,3,0.0075,0.0025,3.0,0.0003,0.0005,0.3,0.2,0,1.0
4865,60,3,0.0075,0.005,3.0,0.0003,0.0005,0.3,0.2,0,1.0
4866,60,3,0.0075,0.001,3.0,0.0003,0.0005,0.3,0.2,0,1.25
4867,60,3,0.0075,0.0025,3.0,0.0003,0.0005,0.3,0.2,0,1.25
4868,60,3,0.0075,0.005,3.0,0.0003,0.0005,0.3,0.2,0,1.25
4869,60,3,0.0075,0.001,3.0,0.0003,0.0005,0.3,0.2,0,1.5
4870,60,3,0.0075,0.0025,3.0,0.0003,0.0005,0.3,0.2,0,1.5
4871,60,3,0.0075,0.005,3.0,0.0003,0.0005,0.3,0.2,0,1.5
4872,60,3,0.0075,0.001,3.0,0.0003,0.0005,0.3,0.2,100,0.0
4873,60,3,0.0075,0.0025,3.0,0.0003,0.0005,0.3,0.2,100,0.0
4874,60,3,0.0075,0.005,3.0,0.0003,0.0005,0.3,0.2,100,0.0
4875,60,3,0.0075,0.001,3.0,0.0003,0.0005,0.3,0.2,100,1.0
4876,60,3,0.0075,0.0025,3.0,0.0003,0.0005,0.3,0.2,100,1.0
4877,60,3,0.0075,0.005,3.0,0.0003,0.0005,0.3,0.2,100,1.0
4878,60,3,0.0075,0.001,3.0,0.0003,0.0005,0.3,0.2,100,1.25
4879,60,3,0.0075,0.0025,3.0,0.0003,0.0005,0.3,0.2,100,1.25
4880,60,3,0.0075,0.005,3.0,0.0003,0.0005,0.3,0.2,100,1.25
4881,60,3,0.0075,0.001,3.0,0.0003,0.0005,0.3,0.2,100,1.5
4882,60,3,0.0075,0.0025,3.0,0.0003,0.0005,0.3,0.2,100,1.5
4883,60,3,0.0075,0.005,3.0,0.0003,0.0005,0.3,0.2,100,1.5
4884,60,3,0.0075,0.001,3.0,0.0003,0.0005,0.3,0.2,200,0.0
4885,60,3,0.0075,0.0025,3.0,0.0003,0.0005,0.3,0.2,200,0.0
4886,60,3,0.0075,0.005,3.0,0.0003,0.0005,0.3,0.2,200,0.0
4887,60,3,0.0075,0.001,3.0,0.0003,0.0005,0.3,0.2,200,1.0
4888,60,3,0.0075,0.0025,3.0,0.0003,0.0005,0.3,0.2,200,1.0
4889,60,3,0.0075,0.005,3.0,0.0003,0.0005,0.3,0.2,200,1.0
4890,60,3,0.0075,0.001,3.0,0.0003,0.0005,0.3,0.2,200,1.25
4891,60,3,0.0075,0.0025,3.0,0.0003,0.0005,0.3,0.2,200,1.25
4892,60,3,0.0075,0.005,3.0,0.0003,0.0005,0.3,0.2,200,1.25
4893,60,3,0.0075,0.001,3.0,0.0003,0.0005,0.3,0.2,200,1.5
4894,60,3,0.0075,0.0025,3.0,0.0003,0.0005,0.3,0.2,200,1.5
4895,60,3,0.0075,0.005,3.0,0.0003,0.0005,0.3,0.2,200,1.5
4896,60,3,0.0075,0.001,3.0,0.0003,0.0005,0.5,0.2,0,0.0
4897,60,3,0.0075,0.0025,3.0,0.0003,0.0005,0.5,0.2,0,0.0
4898,60,3,0.0075,0.005,3.0,0.0003,0.0005,0.5,0.2,0,0.0
4899,60,3,0.0075,0.001,3.0,0.0003,0.0005,0.5,0.2,0,1.0
4900,60,3,0.0075,0.0025,3.0,0.0003,0.0005,0.5,0.2,0,1.0
4901,60,3,0.0075,0.005,3.0,0.0003,0.0005,0.5,0.2,0,1.0
4902,60,3,0.0075,0.001,3.0,0.0003,0.0005,0.5,0.2,0,1.25
4903,60,3,0.0075,0.0025,3.0,0.0003,0.0005,0.5,0.2,0,1.25
4904,60,3,0.0075,0.005,3.0,0.0003,0.0005,0.5,0.2,0,1.25
4905,60,3,0.0075,0.001,3.0,0.0003,0.0005,0.5,0.2,0,1.5
4906,60,3,0.0075,0.0025,3.0,0.0003,0.0005,0.5,0.2,0,1.5
4907,60,3,0.0075,0.005,3.0,0.0003,0.0005,0.5,0.2,0,1.5
4908,60,3,0.0075,0.001,3.0,0.0003,0.0005,0.5,0.2,100,0.0
4909,60,3,0.0075,0.0025,3.0,0.0003,0.0005,0.5,0.2,100,0.0
4910,60,3,0.0075,0.005,3.0,0.0003,0.0005,0.5,0.2,100,0.0
4911,60,3,0.0075,0.001,3.0,0.0003,0.0005,0.5,0.2,100,1.0
4912,60,3,0.0075,0.0025,3.0,0.0003,0.0005,0.5,0.2,100,1.0
4913,60,3,0.0075,0.005,3.0,0.0003,0.0005,0.5,0.2,100,1.0
4914,60,3,0.0075,0.001,3.0,0.0003,0.0005,0.5,0.2,100,1.25
4915,60,3,0.0075,0.0025,3.0,0.0003,0.0005,0.5,0.2,100,1.25
4916,60,3,0.0075,0.005,3.0,0.0003,0.0005,0.5,0.2,100,1.25
4917,60,3,0.0075,0.001,3.0,0.0003,0.0005,0.5,0.2,100,1.5
4918,60,3,0.0075,0.0025,3.0,0.0003,0.0005,0.5,0.2,100,1.5
4919,60,3,0.0075,0.005,3.0,0.0003,0.0005,0.5,0.2,100,1.5
4920,60,3,0.0075,0.001,3.0,0.0003,0.0005,0.5,0.2,200,0.0
4921,60,3,0.0075,0.0025,3.0,0.0003,0.0005,0.5,0.2,200,0.0
4922,60,3,0.0075,0.005,3.0,0.0003,0.0005,0.5,0.2,200,0.0
4923,60,3,0.0075,0.001,3.0,0.0003,0.0005,0.5,0.2,200,1.0
4924,60,3,0.0075,0.0025,3.0,0.0003,0.0005,0.5,0.2,200,1.0
4925,60,3,0.0075,0.005,3.0,0.0003,0.0005,0.5,0.2,200,1.0
4926,60,3,0.0075,0.001,3.0,0.0003,0.0005,0.5,0.2,200,1.25
4927,60,3,0.0075,0.0025,3.0,0.0003,0.0005,0.5,0.2,200,1.25
4928,60,3,0.0075,0.005,3.0,0.0003,0.0005,0.5,0.2,200,1.25
4929,60,3,0.0075,0.001,3.0,0.0003,0.0005,0.5,0.2,200,1.5
4930,60,3,0.0075,0.0025,3.0,0.0003,0.0005,0.5,0.2,200,1.5
4931,60,3,0.0075,0.005,3.0,0.0003,0.0005,0.5,0.2,200,1.5
4932,60,3,0.0075,0.001,3.0,0.0003,0.0005,0.7,0.2,0,0.0
4933,60,3,0.0075,0.0025,3.0,0.0003,0.0005,0.7,0.2,0,0.0
4934,60,3,0.0075,0.005,3.0,0.0003,0.0005,0.7,0.2,0,0.0
4935,60,3,0.0075,0.001,3.0,0.0003,0.0005,0.7,0.2,0,1.0
4936,60,3,0.0075,0.0025,3.0,0.0003,0.0005,0.7,0.2,0,1.0
4937,60,3,0.0075,0.005,3.0,0.0003,0.0005,0.7,0.2,0,1.0
4938,60,3,0.0075,0.001,3.0,0.0003,0.0005,0.7,0.2,0,1.25
4939,60,3,0.0075,0.0025,3.0,0.0003,0.0005,0.7,0.2,0,1.25
4940,60,3,0.0075,0.005,3.0,0.0003,0.0005,0.7,0.2,0,1.25
4941,60,3,0.0075,0.001,3.0,0.0003,0.0005,0.7,0.2,0,1.5
4942,60,3,0.0075,0.0025,3.0,0.0003,0.0005,0.7,0.2,0,1.5
4943,60,3,0.0075,0.005,3.0,0.0003,0.0005,0.7,0.2,0,1.5
4944,60,3,0.0075,0.001,3.0,0.0003,0.0005,0.7,0.2,100,0.0
4945,60,3,0.0075,0.0025,3.0,0.0003,0.0005,0.7,0.2,100,0.0
4946,60,3,0.0075,0.005,3.0,0.0003,0.0005,0.7,0.2,100,0.0
4947,60,3,0.0075,0.001,3.0,0.0003,0.0005,0.7,0.2,100,1.0
4948,60,3,0.0075,0.0025,3.0,0.0003,0.0005,0.7,0.2,100,1.0
4949,60,3,0.0075,0.005,3.0,0.0003,0.0005,0.7,0.2,100,1.0
4950,60,3,0.0075,0.001,3.0,0.0003,0.0005,0.7,0.2,100,1.25
4951,60,3,0.0075,0.0025,3.0,0.0003,0.0005,0.7,0.2,100,1.25
4952,60,3,0.0075,0.005,3.0,0.0003,0.0005,0.7,0.2,100,1.25
4953,60,3,0.0075,0.001,3.0,0.0003,0.0005,0.7,0.2,100,1.5
4954,60,3,0.0075,0.0025,3.0,0.0003,0.0005,0.7,0.2,100,1.5
4955,60,3,0.0075,0.005,3.0,0.0003,0.0005,0.7,0.2,100,1.5
4956,60,3,0.0075,0.001,3.0,0.0003,0.0005,0.7,0.2,200,0.0
4957,60,3,0.0075,0.0025,3.0,0.0003,0.0005,0.7,0.2,200,0.0
4958,60,3,0.0075,0.005,3.0,0.0003,0.0005,0.7,0.2,200,0.0
4959,60,3,0.0075,0.001,3.0,0.0003,0.0005,0.7,0.2,200,1.0
4960,60,3,0.0075,0.0025,3.0,0.0003,0.0005,0.7,0.2,200,1.0
4961,60,3,0.0075,0.005,3.0,0.0003,0.0005,0.7,0.2,200,1.0
4962,60,3,0.0075,0.001,3.0,0.0003,0.0005,0.7,0.2,200,1.25
4963,60,3,0.0075,0.0025,3.0,0.0003,0.0005,0.7,0.2,200,1.25
4964,60,3,0.0075,0.005,3.0,0.0003,0.0005,0.7,0.2,200,1.25
4965,60,3,0.0075,0.001,3.0,0.0003,0.0005,0.7,0.2,200,1.5
4966,60,3,0.0075,0.0025,3.0,0.0003,0.0005,0.7,0.2,200,1.5
4967,60,3,0.0075,0.005,3.0,0.0003,0.0005,0.7,0.2,200,1.5
4968,60,3,0.0075,0.001,3.0,0.0003,0.0005,0.3,0.3,0,0.0
4969,60,3,0.0075,0.0025,3.0,0.0003,0.0005,0.3,0.3,0,0.0
4970,60,3,0.0075,0.005,3.0,0.0003,0.0005,0.3,0.3,0,0.0
4971,60,3,0.0075,0.001,3.0,0.0003,0.0005,0.3,0.3,0,1.0
4972,60,3,0.0075,0.0025,3.0,0.0003,0.0005,0.3,0.3,0,1.0
4973,60,3,0.0075,0.005,3.0,0.0003,0.0005,0.3,0.3,0,1.0
4974,60,3,0.0075,0.001,3.0,0.0003,0.0005,0.3,0.3,0,1.25
4975,60,3,0.0075,0.0025,3.0,0.0003,0.0005,0.3,0.3,0,1.25
4976,60,3,0.0075,0.005,3.0,0.0003,0.0005,0.3,0.3,0,1.25
4977,60,3,0.0075,0.001,3.0,0.0003,0.0005,0.3,0.3,0,1.5
4978,60,3,0.0075,0.0025,3.0,0.0003,0.0005,0.3,0.3,0,1.5
4979,60,3,0.0075,0.005,3.0,0.0003,0.0005,0.3,0.3,0,1.5
4980,60,3,0.0075,0.001,3.0,0.0003,0.0005,0.3,0.3,100,0.0
4981,60,3,0.0075,0.0025,3.0,0.0003,0.0005,0.3,0.3,100,0.0
4982,60,3,0.0075,0.005,3.0,0.0003,0.0005,0.3,0.3,100,0.0
4983,60,3,0.0075,0.001,3.0,0.0003,0.0005,0.3,0.3,100,1.0
4984,60,3,0.0075,0.0025,3.0,0.0003,0.0005,0.3,0.3,100,1.0
4985,60,3,0.0075,0.005,3.0,0.0003,0.0005,0.3,0.3,100,1.0
4986,60,3,0.0075,0.001,3.0,0.0003,0.0005,0.3,0.3,100,1.25
4987,60,3,0.0075,0.0025,3.0,0.0003,0.0005,0.3,0.3,100,1.25
4988,60,3,0.0075,0.005,3.0,0.0003,0.0005,0.3,0.3,100,1.25
4989,60,3,0.0075,0.001,3.0,0.0003,0.0005,0.3,0.3,100,1.5
4990,60,3,0.0075,0.0025,3.0,0.0003,0.0005,0.3,0.3,100,1.5
4991,60,3,0.0075,0.005,3.0,0.0003,0.0005,0.3,0.3,100,1.5
4992,60,3,0.0075,0.001,3.0,0.0003,0.0005,0.3,0.3,200,0.0
4993,60,3,0.0075,0.0025,3.0,0.0003,0.0005,0.3,0.3,200,0.0
4994,60,3,0.0075,0.005,3.0,0.0003,0.0005,0.3,0.3,200,0.0
4995,60,3,0.0075,0.001,3.0,0.0003,0.0005,0.3,0.3,200,1.0
4996,60,3,0.0075,0.0025,3.0,0.0003,0.0005,0.3,0.3,200,1.0
4997,60,3,0.0075,0.005,3.0,0.0003,0.0005,0.3,0.3,200,1.0
4998,60,3,0.0075,0.001,3.0,0.0003,0.0005,0.3,0.3,200,1.25
4999,60,3,0.0075,0.0025,3.0,0.0003,0.0005,0.3,0.3,200,1.25
5000,60,3,0.0075,0.005,3.0,0.0003,0.0005,0.3,0.3,200,1.25
5001,60,3,0.0075,0.001,3.0,0.0003,0.0005,0.3,0.3,200,1.5
5002,60,3,0.0075,0.0025,3.0,0.0003,0.0005,0.3,0.3,200,1.5
5003,60,3,0.0075,0.005,3.0,0.0003,0.0005,0.3,0.3,200,1.5
5004,60,3,0.0075,0.001,3.0,0.0003,0.0005,0.5,0.3,0,0.0
5005,60,3,0.0075,0.0025,3.0,0.0003,0.0005,0.5,0.3,0,0.0
5006,60,3,0.0075,0.005,3.0,0.0003,0.0005,0.5,0.3,0,0.0
5007,60,3,0.0075,0.001,3.0,0.0003,0.0005,0.5,0.3,0,1.0
5008,60,3,0.0075,0.0025,3.0,0.0003,0.0005,0.5,0.3,0,1.0
5009,60,3,0.0075,0.005,3.0,0.0003,0.0005,0.5,0.3,0,1.0
5010,60,3,0.0075,0.001,3.0,0.0003,0.0005,0.5,0.3,0,1.25
5011,60,3,0.0075,0.0025,3.0,0.0003,0.0005,0.5,0.3,0,1.25
5012,60,3,0.0075,0.005,3.0,0.0003,0.0005,0.5,0.3,0,1.25
5013,60,3,0.0075,0.001,3.0,0.0003,0.0005,0.5,0.3,0,1.5
5014,60,3,0.0075,0.0025,3.0,0.0003,0.0005,0.5,0.3,0,1.5
5015,60,3,0.0075,0.005,3.0,0.0003,0.0005,0.5,0.3,0,1.5
5016,60,3,0.0075,0.001,3.0,0.0003,0.0005,0.5,0.3,100,0.0
5017,60,3,0.0075,0.0025,3.0,0.0003,0.0005,0.5,0.3,100,0.0
5018,60,3,0.0075,0.005,3.0,0.0003,0.0005,0.5,0.3,100,0.0
5019,60,3,0.0075,0.001,3.0,0.0003,0.0005,0.5,0.3,100,1.0
5020,60,3,0.0075,0.0025,3.0,0.0003,0.0005,0.5,0.3,100,1.0
5021,60,3,0.0075,0.005,3.0,0.0003,0.0005,0.5,0.3,100,1.0
5022,60,3,0.0075,0.001,3.0,0.0003,0.0005,0.5,0.3,100,1.25
5023,60,3,0.0075,0.0025,3.0,0.0003,0.0005,0.5,0.3,100,1.25
5024,60,3,0.0075,0.005,3.0,0.0003,0.0005,0.5,0.3,100,1.25
5025,60,3,0.0075,0.001,3.0,0.0003,0.0005,0.5,0.3,100,1.5
5026,60,3,0.0075,0.0025,3.0,0.0003,0.0005,0.5,0.3,100,1.5
5027,60,3,0.0075,0.005,3.0,0.0003,0.0005,0.5,0.3,100,1.5
5028,60,3,0.0075,0.001,3.0,0.0003,0.0005,0.5,0.3,200,0.0
5029,60,3,0.0075,0.0025,3.0,0.0003,0.0005,0.5,0.3,200,0.0
5030,60,3,0.0075,0.005,3.0,0.0003,0.0005,0.5,0.3,200,0.0
5031,60,3,0.0075,0.001,3.0,0.0003,0.0005,0.5,0.3,200,1.0
5032,60,3,0.0075,0.0025,3.0,0.0003,0.0005,0.5,0.3,200,1.0
5033,60,3,0.0075,0.005,3.0,0.0003,0.0005,0.5,0.3,200,1.0
5034,60,3,0.0075,0.001,3.0,0.0003,0.0005,0.5,0.3,200,1.25
5035,60,3,0.0075,0.0025,3.0,0.0003,0.0005,0.5,0.3,200,1.25
5036,60,3,0.0075,0.005,3.0,0.0003,0.0005,0.5,0.3,200,1.25
5037,60,3,0.0075,0.001,3.0,0.0003,0.0005,0.5,0.3,200,1.5
5038,60,3,0.0075,0.0025,3.0,0.0003,0.0005,0.5,0.3,200,1.5
5039,60,3,0.0075,0.005,3.0,0.0003,0.0005,0.5,0.3,200,1.5
5040,60,3,0.0075,0.001,3.0,0.0003,0.0005,0.7,0.3,0,0.0
5041,60,3,0.0075,0.0025,3.0,0.0003,0.0005,0.7,0.3,0,0.0
5042,60,3,0.0075,0.005,3.0,0.0003,0.0005,0.7,0.3,0,0.0
5043,60,3,0.0075,0.001,3.0,0.0003,0.0005,0.7,0.3,0,1.0
5044,60,3,0.0075,0.0025,3.0,0.0003,0.0005,0.7,0.3,0,1.0
5045,60,3,0.0075,0.005,3.0,0.0003,0.0005,0.7,0.3,0,1.0
5046,60,3,0.0075,0.001,3.0,0.0003,0.0005,0.7,0.3,0,1.25
5047,60,3,0.0075,0.0025,3.0,0.0003,0.0005,0.7,0.3,0,1.25
5048,60,3,0.0075,0.005,3.0,0.0003,0.0005,0.7,0.3,0,1.25
5049,60,3,0.0075,0.001,3.0,0.0003,0.0005,0.7,0.3,0,1.5
5050,60,3,0.0075,0.0025,3.0,0.0003,0.0005,0.7,0.3,0,1.5
5051,60,3,0.0075,0.005,3.0,0.0003,0.0005,0.7,0.3,0,1.5
5052,60,3,0.0075,0.001,3.0,0.0003,0.0005,0.7,0.3,100,0.0
5053,60,3,0.0075,0.0025,3.0,0.0003,0.0005,0.7,0.3,100,0.0
5054,60,3,0.0075,0.005,3.0,0.0003,0.0005,0.7,0.3,100,0.0
5055,60,3,0.0075,0.001,3.0,0.0003,0.0005,0.7,0.3,100,1.0
5056,60,3,0.0075,0.0025,3.0,0.0003,0.0005,0.7,0.3,100,1.0
5057,60,3,0.0075,0.005,3.0,0.0003,0.0005,0.7,0.3,100,1.0
5058,60,3,0.0075,0.001,3.0,0.0003,0.0005,0.7,0.3,100,1.25
5059,60,3,0.0075,0.0025,3.0,0.0003,0.0005,0.7,0.3,100,1.25
5060,60,3,0.0075,0.005,3.0,0.0003,0.0005,0.7,0.3,100,1.25
5061,60,3,0.0075,0.001,3.0,0.0003,0.0005,0.7,0.3,100,1.5
5062,60,3,0.0075,0.0025,3.0,0.0003,0.0005,0.7,0.3,100,1.5
5063,60,3,0.0075,0.005,3.0,0.0003,0.0005,0.7,0.3,100,1.5
5064,60,3,0.0075,0.001,3.0,0.0003,0.0005,0.7,0.3,200,0.0
5065,60,3,0.0075,0.0025,3.0,0.0003,0.0005,0.7,0.3,200,0.0
5066,60,3,0.0075,0.005,3.0,0.0003,0.0005,0.7,0.3,200,0.0
5067,60,3,0.0075,0.001,3.0,0.0003,0.0005,0.7,0.3,200,1.0
5068,60,3,0.0075,0.0025,3.0,0.0003,0.0005,0.7,0.3,200,1.0
5069,60,3,0.0075,0.005,3.0,0.0003,0.0005,0.7,0.3,200,1.0
5070,60,3,0.0075,0.001,3.0,0.0003,0.0005,0.7,0.3,200,1.25
5071,60,3,0.0075,0.0025,3.0,0.0003,0.0005,0.7,0.3,200,1.25
5072,60,3,0.0075,0.005,3.0,0.0003,0.0005,0.7,0.3,200,1.25
5073,60,3,0.0075,0.001,3.0,0.0003,0.0005,0.7,0.3,200,1.5
5074,60,3,0.0075,0.0025,3.0,0.0003,0.0005,0.7,0.3,200,1.5
5075,60,3,0.0075,0.005,3.0,0.0003,0.0005,0.7,0.3,200,1.5
5076,60,3,0.0075,0.001,3.0,0.0003,0.0005,0.3,0.4,0,0.0
5077,60,3,0.0075,0.0025,3.0,0.0003,0.0005,0.3,0.4,0,0.0
5078,60,3,0.0075,0.005,3.0,0.0003,0.0005,0.3,0.4,0,0.0
5079,60,3,0.0075,0.001,3.0,0.0003,0.0005,0.3,0.4,0,1.0
5080,60,3,0.0075,0.0025,3.0,0.0003,0.0005,0.3,0.4,0,1.0
5081,60,3,0.0075,0.005,3.0,0.0003,0.0005,0.3,0.4,0,1.0
5082,60,3,0.0075,0.001,3.0,0.0003,0.0005,0.3,0.4,0,1.25
5083,60,3,0.0075,0.0025,3.0,0.0003,0.0005,0.3,0.4,0,1.25
5084,60,3,0.0075,0.005,3.0,0.0003,0.0005,0.3,0.4,0,1.25
5085,60,3,0.0075,0.001,3.0,0.0003,0.0005,0.3,0.4,0,1.5
5086,60,3,0.0075,0.0025,3.0,0.0003,0.0005,0.3,0.4,0,1.5
5087,60,3,0.0075,0.005,3.0,0.0003,0.0005,0.3,0.4,0,1.5
5088,60,3,0.0075,0.001,3.0,0.0003,0.0005,0.3,0.4,100,0.0
5089,60,3,0.0075,0.0025,3.0,0.0003,0.0005,0.3,0.4,100,0.0
5090,60,3,0.0075,0.005,3.0,0.0003,0.0005,0.3,0.4,100,0.0
5091,60,3,0.0075,0.001,3.0,0.0003,0.0005,0.3,0.4,100,1.0
5092,60,3,0.0075,0.0025,3.0,0.0003,0.0005,0.3,0.4,100,1.0
5093,60,3,0.0075,0.005,3.0,0.0003,0.0005,0.3,0.4,100,1.0
5094,60,3,0.0075,0.001,3.0,0.0003,0.0005,0.3,0.4,100,1.25
5095,60,3,0.0075,0.0025,3.0,0.0003,0.0005,0.3,0.4,100,1.25
5096,60,3,0.0075,0.005,3.0,0.0003,0.0005,0.3,0.4,100,1.25
5097,60,3,0.0075,0.001,3.0,0.0003,0.0005,0.3,0.4,100,1.5
5098,60,3,0.0075,0.0025,3.0,0.0003,0.0005,0.3,0.4,100,1.5
5099,60,3,0.0075,0.005,3.0,0.0003,0.0005,0.3,0.4,100,1.5
5100,60,3,0.0075,0.001,3.0,0.0003,0.0005,0.3,0.4,200,0.0
5101,60,3,0.0075,0.0025,3.0,0.0003,0.0005,0.3,0.4,200,0.0
5102,60,3,0.0075,0.005,3.0,0.0003,0.0005,0.3,0.4,200,0.0
5103,60,3,0.0075,0.001,3.0,0.0003,0.0005,0.3,0.4,200,1.0
5104,60,3,0.0075,0.0025,3.0,0.0003,0.0005,0.3,0.4,200,1.0
5105,60,3,0.0075,0.005,3.0,0.0003,0.0005,0.3,0.4,200,1.0
5106,60,3,0.0075,0.001,3.0,0.0003,0.0005,0.3,0.4,200,1.25
5107,60,3,0.0075,0.0025,3.0,0.0003,0.0005,0.3,0.4,200,1.25
5108,60,3,0.0075,0.005,3.0,0.0003,0.0005,0.3,0.4,200,1.25
5109,60,3,0.0075,0.001,3.0,0.0003,0.0005,0.3,0.4,200,1.5
5110,60,3,0.0075,0.0025,3.0,0.0003,0.0005,0.3,0.4,200,1.5
5111,60,3,0.0075,0.005,3.0,0.0003,0.0005,0.3,0.4,200,1.5
5112,60,3,0.0075,0.001,3.0,0.0003,0.0005,0.5,0.4,0,0.0
5113,60,3,0.0075,0.0025,3.0,0.0003,0.0005,0.5,0.4,0,0.0
5114,60,3,0.0075,0.005,3.0,0.0003,0.0005,0.5,0.4,0,0.0
5115,60,3,0.0075,0.001,3.0,0.0003,0.0005,0.5,0.4,0,1.0
5116,60,3,0.0075,0.0025,3.0,0.0003,0.0005,0.5,0.4,0,1.0
5117,60,3,0.0075,0.005,3.0,0.0003,0.0005,0.5,0.4,0,1.0
5118,60,3,0.0075,0.001,3.0,0.0003,0.0005,0.5,0.4,0,1.25
5119,60,3,0.0075,0.0025,3.0,0.0003,0.0005,0.5,0.4,0,1.25
5120,60,3,0.0075,0.005,3.0,0.0003,0.0005,0.5,0.4,0,1.25
5121,60,3,0.0075,0.001,3.0,0.0003,0.0005,0.5,0.4,0,1.5
5122,60,3,0.0075,0.0025,3.0,0.0003,0.0005,0.5,0.4,0,1.5
5123,60,3,0.0075,0.005,3.0,0.0003,0.0005,0.5,0.4,0,1.5
5124,60,3,0.0075,0.001,3.0,0.0003,0.0005,0.5,0.4,100,0.0
5125,60,3,0.0075,0.0025,3.0,0.0003,0.0005,0.5,0.4,100,0.0
5126,60,3,0.0075,0.005,3.0,0.0003,0.0005,0.5,0.4,100,0.0
5127,60,3,0.0075,0.001,3.0,0.0003,0.0005,0.5,0.4,100,1.0
5128,60,3,0.0075,0.0025,3.0,0.0003,0.0005,0.5,0.4,100,1.0
5129,60,3,0.0075,0.005,3.0,0.0003,0.0005,0.5,0.4,100,1.0
5130,60,3,0.0075,0.001,3.0,0.0003,0.0005,0.5,0.4,100,1.25
5131,60,3,0.0075,0.0025,3.0,0.0003,0.0005,0.5,0.4,100,1.25
5132,60,3,0.0075,0.005,3.0,0.0003,0.0005,0.5,0.4,100,1.25
5133,60,3,0.0075,0.001,3.0,0.0003,0.0005,0.5,0.4,100,1.5
5134,60,3,0.0075,0.0025,3.0,0.0003,0.0005,0.5,0.4,100,1.5
5135,60,3,0.0075,0.005,3.0,0.0003,0.0005,0.5,0.4,100,1.5
5136,60,3,0.0075,0.001,3.0,0.0003,0.0005,0.5,0.4,200,0.0
5137,60,3,0.0075,0.0025,3.0,0.0003,0.0005,0.5,0.4,200,0.0
5138,60,3,0.0075,0.005,3.0,0.0003,0.0005,0.5,0.4,200,0.0
5139,60,3,0.0075,0.001,3.0,0.0003,0.0005,0.5,0.4,200,1.0
5140,60,3,0.0075,0.0025,3.0,0.0003,0.0005,0.5,0.4,200,1.0
5141,60,3,0.0075,0.005,3.0,0.0003,0.0005,0.5,0.4,200,1.0
5142,60,3,0.0075,0.001,3.0,0.0003,0.0005,0.5,0.4,200,1.25
5143,60,3,0.0075,0.0025,3.0,0.0003,0.0005,0.5,0.4,200,1.25
5144,60,3,0.0075,0.005,3.0,0.0003,0.0005,0.5,0.4,200,1.25
5145,60,3,0.0075,0.001,3.0,0.0003,0.0005,0.5,0.4,200,1.5
5146,60,3,0.0075,0.0025,3.0,0.0003,0.0005,0.5,0.4,200,1.5
5147,60,3,0.0075,0.005,3.0,0.0003,0.0005,0.5,0.4,200,1.5
5148,60,3,0.0075,0.001,3.0,0.0003,0.0005,0.7,0.4,0,0.0
5149,60,3,0.0075,0.0025,3.0,0.0003,0.0005,0.7,0.4,0,0.0
5150,60,3,0.0075,0.005,3.0,0.0003,0.0005,0.7,0.4,0,0.0
5151,60,3,0.0075,0.001,3.0,0.0003,0.0005,0.7,0.4,0,1.0
5152,60,3,0.0075,0.0025,3.0,0.0003,0.0005,0.7,0.4,0,1.0
5153,60,3,0.0075,0.005,3.0,0.0003,0.0005,0.7,0.4,0,1.0
5154,60,3,0.0075,0.001,3.0,0.0003,0.0005,0.7,0.4,0,1.25
5155,60,3,0.0075,0.0025,3.0,0.0003,0.0005,0.7,0.4,0,1.25
5156,60,3,0.0075,0.005,3.0,0.0003,0.0005,0.7,0.4,0,1.25
5157,60,3,0.0075,0.001,3.0,0.0003,0.0005,0.7,0.4,0,1.5
5158,60,3,0.0075,0.0025,3.0,0.0003,0.0005,0.7,0.4,0,1.5
5159,60,3,0.0075,0.005,3.0,0.0003,0.0005,0.7,0.4,0,1.5
5160,60,3,0.0075,0.001,3.0,0.0003,0.0005,0.7,0.4,100,0.0
5161,60,3,0.0075,0.0025,3.0,0.0003,0.0005,0.7,0.4,100,0.0
5162,60,3,0.0075,0.005,3.0,0.0003,0.0005,0.7,0.4,100,0.0
5163,60,3,0.0075,0.001,3.0,0.0003,0.0005,0.7,0.4,100,1.0
5164,60,3,0.0075,0.0025,3.0,0.0003,0.0005,0.7,0.4,100,1.0
5165,60,3,0.0075,0.005,3.0,0.0003,0.0005,0.7,0.4,100,1.0
5166,60,3,0.0075,0.001,3.0,0.0003,0.0005,0.7,0.4,100,1.25
5167,60,3,0.0075,0.0025,3.0,0.0003,0.0005,0.7,0.4,100,1.25
5168,60,3,0.0075,0.005,3.0,0.0003,0.0005,0.7,0.4,100,1.25
5169,60,3,0.0075,0.001,3.0,0.0003,0.0005,0.7,0.4,100,1.5
5170,60,3,0.0075,0.0025,3.0,0.0003,0.0005,0.7,0.4,100,1.5
5171,60,3,0.0075,0.005,3.0,0.0003,0.0005,0.7,0.4,100,1.5
5172,60,3,0.0075,0.001,3.0,0.0003,0.0005,0.7,0.4,200,0.0
5173,60,3,0.0075,0.0025,3.0,0.0003,0.0005,0.7,0.4,200,0.0
5174,60,3,0.0075,0.005,3.0,0.0003,0.0005,0.7,0.4,200,0.0
5175,60,3,0.0075,0.001,3.0,0.0003,0.0005,0.7,0.4,200,1.0
5176,60,3,0.0075,0.0025,3.0,0.0003,0.0005,0.7,0.4,200,1.0
5177,60,3,0.0075,0.005,3.0,0.0003,0.0005,0.7,0.4,200,1.0
5178,60,3,0.0075,0.001,3.0,0.0003,0.0005,0.7,0.4,200,1.25
5179,60,3,0.0075,0.0025,3.0,0.0003,0.0005,0.7,0.4,200,1.25
5180,60,3,0.0075,0.005,3.0,0.0003,0.0005,0.7,0.4,200,1.25
5181,60,3,0.0075,0.001,3.0,0.0003,0.0005,0.7,0.4,200,1.5
5182,60,3,0.0075,0.0025,3.0,0.0003,0.0005,0.7,0.4,200,1.5
5183,60,3,0.0075,0.005,3.0,0.0003,0.0005,0.7,0.4,200,1.5
