symbol,split,config_id,trades,win_rate,expectancy_r,profit_factor,max_drawdown_r
BTCUSDT,development,0,4,0.0,-1.0000000000000007,0.0,-3.0000000000000036
ETHUSDT,development,0,2,0.5,0.9481825436321343,2.8963650872642703,-0.9999999999999991
BTCUSDT,development,1,4,0.0,-1.0000000000000004,0.0,-3.0000000000000027
ETHUSDT,development,1,2,0.5,0.9496155541950699,2.8992311083901416,-0.9999999999999991
BTCUSDT,development,2,4,0.0,-0.9999999999999999,0.0,-3.0000000000000004
ETHUSDT,development,2,2,0.5,0.9518355329093566,2.9036710658187146,-0.9999999999999991
BTCUSDT,development,3,2,0.0,-1.0000000000000007,0.0,-1.0000000000000022
ETHUSDT,development,3,1,0.0,-0.9999999999999991,0.0,0.0
BTCUSDT,development,4,2,0.0,-1.0000000000000002,0.0,-1.0000000000000013
ETHUSDT,development,4,1,0.0,-0.9999999999999991,0.0,0.0
BTCUSDT,development,5,2,0.0,-0.9999999999999996,0.0,-0.9999999999999999
ETHUSDT,development,5,1,0.0,-0.9999999999999992,0.0,0.0
BTCUSDT,development,6,1,0.0,-1.0000000000000022,0.0,0.0
ETHUSDT,development,6,0,,,,0.0
BTCUSDT,development,7,1,0.0,-1.0000000000000013,0.0,0.0
ETHUSDT,development,7,0,,,,0.0
BTCUSDT,development,8,1,0.0,-1.0,0.0,0.0
ETHUSDT,development,8,0,,,,0.0
BTCUSDT,development,9,0,,,,0.0
ETHUSDT,development,9,0,,,,0.0
BTCUSDT,development,10,0,,,,0.0
ETHUSDT,development,10,0,,,,0.0
BTCUSDT,development,11,0,,,,0.0
ETHUSDT,development,11,0,,,,0.0
BTCUSDT,development,12,1,0.0,-0.9999999999999992,0.0,0.0
ETHUSDT,development,12,1,1.0,2.8963650872642677,inf,0.0
BTCUSDT,development,13,1,0.0,-0.9999999999999992,0.0,0.0
ETHUSDT,development,13,1,1.0,2.899231108390139,inf,0.0
BTCUSDT,development,14,1,0.0,-0.9999999999999992,0.0,0.0
ETHUSDT,development,14,1,1.0,2.9036710658187124,inf,0.0
BTCUSDT,development,15,1,0.0,-0.9999999999999992,0.0,0.0
ETHUSDT,development,15,0,,,,0.0
BTCUSDT,development,16,1,0.0,-0.9999999999999992,0.0,0.0
ETHUSDT,development,16,0,,,,0.0
BTCUSDT,development,17,1,0.0,-0.9999999999999992,0.0,0.0
ETHUSDT,development,17,0,,,,0.0
BTCUSDT,development,18,0,,,,0.0
ETHUSDT,development,18,0,,,,0.0
BTCUSDT,development,19,0,,,,0.0
ETHUSDT,development,19,0,,,,0.0
BTCUSDT,development,20,0,,,,0.0
ETHUSDT,development,20,0,,,,0.0
BTCUSDT,development,21,0,,,,0.0
ETHUSDT,development,21,0,,,,0.0
BTCUSDT,development,22,0,,,,0.0
ETHUSDT,development,22,0,,,,0.0
BTCUSDT,development,23,0,,,,0.0
ETHUSDT,development,23,0,,,,0.0
BTCUSDT,development,24,0,,,,0.0
ETHUSDT,development,24,2,0.5,0.9481825436321343,2.8963650872642703,-0.9999999999999991
BTCUSDT,development,25,0,,,,0.0
ETHUSDT,development,25,2,0.5,0.9496155541950699,2.8992311083901416,-0.9999999999999991
BTCUSDT,development,26,0,,,,0.0
ETHUSDT,development,26,2,0.5,0.9518355329093566,2.9036710658187146,-0.9999999999999991
BTCUSDT,development,27,0,,,,0.0
ETHUSDT,development,27,1,0.0,-0.9999999999999991,0.0,0.0
BTCUSDT,development,28,0,,,,0.0
ETHUSDT,development,28,1,0.0,-0.9999999999999991,0.0,0.0
BTCUSDT,development,29,0,,,,0.0
ETHUSDT,development,29,1,0.0,-0.9999999999999992,0.0,0.0
BTCUSDT,development,30,0,,,,0.0
ETHUSDT,development,30,0,,,,0.0
BTCUSDT,development,31,0,,,,0.0
ETHUSDT,development,31,0,,,,0.0
BTCUSDT,development,32,0,,,,0.0
ETHUSDT,development,32,0,,,,0.0
BTCUSDT,development,33,0,,,,0.0
ETHUSDT,development,33,0,,,,0.0
BTCUSDT,development,34,0,,,,0.0
ETHUSDT,development,34,0,,,,0.0
BTCUSDT,development,35,0,,,,0.0
ETHUSDT,development,35,0,,,,0.0
BTCUSDT,development,36,3,0.0,-1.0000000000000007,0.0,-2.000000000000003
ETHUSDT,development,36,1,0.0,-0.9999999999999991,0.0,0.0
BTCUSDT,development,37,3,0.0,-1.0000000000000007,0.0,-2.0000000000000027
ETHUSDT,development,37,1,0.0,-0.9999999999999991,0.0,0.0
BTCUSDT,development,38,3,0.0,-1.0000000000000002,0.0,-2.0000000000000013
ETHUSDT,development,38,1,0.0,-0.9999999999999992,0.0,0.0
BTCUSDT,development,39,2,0.0,-1.0000000000000007,0.0,-1.0000000000000022
ETHUSDT,development,39,1,0.0,-0.9999999999999991,0.0,0.0
BTCUSDT,development,40,2,0.0,-1.0000000000000002,0.0,-1.0000000000000013
ETHUSDT,development,40,1,0.0,-0.9999999999999991,0.0,0.0
BTCUSDT,development,41,2,0.0,-0.9999999999999996,0.0,-0.9999999999999999
ETHUSDT,development,41,1,0.0,-0.9999999999999992,0.0,0.0
BTCUSDT,development,42,1,0.0,-1.0000000000000022,0.0,0.0
ETHUSDT,development,42,0,,,,0.0
BTCUSDT,development,43,1,0.0,-1.0000000000000013,0.0,0.0
ETHUSDT,development,43,0,,,,0.0
BTCUSDT,development,44,1,0.0,-1.0,0.0,0.0
ETHUSDT,development,44,0,,,,0.0
BTCUSDT,development,45,0,,,,0.0
ETHUSDT,development,45,0,,,,0.0
BTCUSDT,development,46,0,,,,0.0
ETHUSDT,development,46,0,,,,0.0
BTCUSDT,development,47,0,,,,0.0
ETHUSDT,development,47,0,,,,0.0
BTCUSDT,development,48,1,0.0,-0.9999999999999992,0.0,0.0
ETHUSDT,development,48,0,,,,0.0
BTCUSDT,development,49,1,0.0,-0.9999999999999992,0.0,0.0
ETHUSDT,development,49,0,,,,0.0
BTCUSDT,development,50,1,0.0,-0.9999999999999992,0.0,0.0
ETHUSDT,development,50,0,,,,0.0
BTCUSDT,development,51,1,0.0,-0.9999999999999992,0.0,0.0
ETHUSDT,development,51,0,,,,0.0
BTCUSDT,development,52,1,0.0,-0.9999999999999992,0.0,0.0
ETHUSDT,development,52,0,,,,0.0
BTCUSDT,development,53,1,0.0,-0.9999999999999992,0.0,0.0
ETHUSDT,development,53,0,,,,0.0
BTCUSDT,development,54,0,,,,0.0
ETHUSDT,development,54,0,,,,0.0
BTCUSDT,development,55,0,,,,0.0
ETHUSDT,development,55,0,,,,0.0
BTCUSDT,development,56,0,,,,0.0
ETHUSDT,development,56,0,,,,0.0
BTCUSDT,development,57,0,,,,0.0
ETHUSDT,development,57,0,,,,0.0
BTCUSDT,development,58,0,,,,0.0
ETHUSDT,development,58,0,,,,0.0
BTCUSDT,development,59,0,,,,0.0
ETHUSDT,development,59,0,,,,0.0
BTCUSDT,development,60,0,,,,0.0
ETHUSDT,development,60,1,0.0,-0.9999999999999991,0.0,0.0
BTCUSDT,development,61,0,,,,0.0
ETHUSDT,development,61,1,0.0,-0.9999999999999991,0.0,0.0
BTCUSDT,development,62,0,,,,0.0
ETHUSDT,development,62,1,0.0,-0.9999999999999992,0.0,0.0
BTCUSDT,development,63,0,,,,0.0
ETHUSDT,development,63,1,0.0,-0.9999999999999991,0.0,0.0
BTCUSDT,development,64,0,,,,0.0
ETHUSDT,development,64,1,0.0,-0.9999999999999991,0.0,0.0
BTCUSDT,development,65,0,,,,0.0
ETHUSDT,development,65,1,0.0,-0.9999999999999992,0.0,0.0
BTCUSDT,development,66,0,,,,0.0
ETHUSDT,development,66,0,,,,0.0
BTCUSDT,development,67,0,,,,0.0
ETHUSDT,development,67,0,,,,0.0
BTCUSDT,development,68,0,,,,0.0
ETHUSDT,development,68,0,,,,0.0
BTCUSDT,development,69,0,,,,0.0
ETHUSDT,development,69,0,,,,0.0
BTCUSDT,development,70,0,,,,0.0
ETHUSDT,development,70,0,,,,0.0
BTCUSDT,development,71,0,,,,0.0
ETHUSDT,development,71,0,,,,0.0
BTCUSDT,development,72,2,0.0,-1.0000000000000007,0.0,-1.0000000000000022
ETHUSDT,development,72,0,,,,0.0
BTCUSDT,development,73,2,0.0,-1.0000000000000002,0.0,-1.0000000000000013
ETHUSDT,development,73,0,,,,0.0
BTCUSDT,development,74,2,0.0,-0.9999999999999996,0.0,-0.9999999999999999
ETHUSDT,development,74,0,,,,0.0
BTCUSDT,development,75,2,0.0,-1.0000000000000007,0.0,-1.0000000000000022
ETHUSDT,development,75,0,,,,0.0
BTCUSDT,development,76,2,0.0,-1.0000000000000002,0.0,-1.0000000000000013
ETHUSDT,development,76,0,,,,0.0
BTCUSDT,development,77,2,0.0,-0.9999999999999996,0.0,-0.9999999999999999
ETHUSDT,development,77,0,,,,0.0
BTCUSDT,development,78,1,0.0,-1.0000000000000022,0.0,0.0
ETHUSDT,development,78,0,,,,0.0
BTCUSDT,development,79,1,0.0,-1.0000000000000013,0.0,0.0
ETHUSDT,development,79,0,,,,0.0
BTCUSDT,development,80,1,0.0,-1.0,0.0,0.0
ETHUSDT,development,80,0,,,,0.0
BTCUSDT,development,81,0,,,,0.0
ETHUSDT,development,81,0,,,,0.0
BTCUSDT,development,82,0,,,,0.0
ETHUSDT,development,82,0,,,,0.0
BTCUSDT,development,83,0,,,,0.0
ETHUSDT,development,83,0,,,,0.0
BTCUSDT,development,84,1,0.0,-0.9999999999999992,0.0,0.0
ETHUSDT,development,84,0,,,,0.0
BTCUSDT,development,85,1,0.0,-0.9999999999999992,0.0,0.0
ETHUSDT,development,85,0,,,,0.0
BTCUSDT,development,86,1,0.0,-0.9999999999999992,0.0,0.0
ETHUSDT,development,86,0,,,,0.0
BTCUSDT,development,87,1,0.0,-0.9999999999999992,0.0,0.0
ETHUSDT,development,87,0,,,,0.0
BTCUSDT,development,88,1,0.0,-0.9999999999999992,0.0,0.0
ETHUSDT,development,88,0,,,,0.0
BTCUSDT,development,89,1,0.0,-0.9999999999999992,0.0,0.0
ETHUSDT,development,89,0,,,,0.0
BTCUSDT,development,90,0,,,,0.0
ETHUSDT,development,90,0,,,,0.0
BTCUSDT,development,91,0,,,,0.0
ETHUSDT,development,91,0,,,,0.0
BTCUSDT,development,92,0,,,,0.0
ETHUSDT,development,92,0,,,,0.0
BTCUSDT,development,93,0,,,,0.0
ETHUSDT,development,93,0,,,,0.0
BTCUSDT,development,94,0,,,,0.0
ETHUSDT,development,94,0,,,,0.0
BTCUSDT,development,95,0,,,,0.0
ETHUSDT,development,95,0,,,,0.0
BTCUSDT,development,96,0,,,,0.0
ETHUSDT,development,96,0,,,,0.0
BTCUSDT,development,97,0,,,,0.0
ETHUSDT,development,97,0,,,,0.0
BTCUSDT,development,98,0,,,,0.0
ETHUSDT,development,98,0,,,,0.0
BTCUSDT,development,99,0,,,,0.0
ETHUSDT,development,99,0,,,,0.0
BTCUSDT,development,100,0,,,,0.0
ETHUSDT,development,100,0,,,,0.0
BTCUSDT,development,101,0,,,,0.0
ETHUSDT,development,101,0,,,,0.0
BTCUSDT,development,102,0,,,,0.0
ETHUSDT,development,102,0,,,,0.0
BTCUSDT,development,103,0,,,,0.0
ETHUSDT,development,103,0,,,,0.0
BTCUSDT,development,104,0,,,,0.0
ETHUSDT,development,104,0,,,,0.0
BTCUSDT,development,105,0,,,,0.0
ETHUSDT,development,105,0,,,,0.0
BTCUSDT,development,106,0,,,,0.0
ETHUSDT,development,106,0,,,,0.0
BTCUSDT,development,107,0,,,,0.0
ETHUSDT,development,107,0,,,,0.0
BTCUSDT,development,108,5,0.0,-1.0000000000000004,0.0,-4.0000000000000036
ETHUSDT,development,108,3,0.3333333333333333,0.29878836242142176,1.4481825436321318,-2.0000000000000027
BTCUSDT,development,109,5,0.0,-1.0000000000000007,0.0,-4.000000000000004
ETHUSDT,development,109,3,0.3333333333333333,0.299743702796712,1.4496155541950673,-2.000000000000003
BTCUSDT,development,110,5,0.0,-1.000000000000001,0.0,-4.000000000000006
ETHUSDT,development,110,3,0.3333333333333333,0.3012236886062372,1.4518355329093555,-2.000000000000001
BTCUSDT,development,111,2,0.0,-1.0000000000000007,0.0,-1.0000000000000022
ETHUSDT,development,111,1,0.0,-0.9999999999999991,0.0,0.0
BTCUSDT,development,112,2,0.0,-1.0000000000000002,0.0,-1.0000000000000013
ETHUSDT,development,112,1,0.0,-0.9999999999999991,0.0,0.0
BTCUSDT,development,113,2,0.0,-0.9999999999999996,0.0,-0.9999999999999999
ETHUSDT,development,113,1,0.0,-0.9999999999999992,0.0,0.0
BTCUSDT,development,114,1,0.0,-1.0000000000000022,0.0,0.0
ETHUSDT,development,114,0,,,,0.0
BTCUSDT,development,115,1,0.0,-1.0000000000000013,0.0,0.0
ETHUSDT,development,115,0,,,,0.0
BTCUSDT,development,116,1,0.0,-1.0,0.0,0.0
ETHUSDT,development,116,0,,,,0.0
BTCUSDT,development,117,0,,,,0.0
ETHUSDT,development,117,0,,,,0.0
BTCUSDT,development,118,0,,,,0.0
ETHUSDT,development,118,0,,,,0.0
BTCUSDT,development,119,0,,,,0.0
ETHUSDT,development,119,0,,,,0.0
BTCUSDT,development,120,2,0.0,-0.9999999999999991,0.0,-0.999999999999999
ETHUSDT,development,120,1,1.0,2.8963650872642677,inf,0.0
BTCUSDT,development,121,2,0.0,-1.0000000000000004,0.0,-1.0000000000000018
ETHUSDT,development,121,1,1.0,2.899231108390139,inf,0.0
BTCUSDT,development,122,2,0.0,-1.0000000000000024,0.0,-1.0000000000000058
ETHUSDT,development,122,1,1.0,2.9036710658187124,inf,0.0
BTCUSDT,development,123,1,0.0,-0.9999999999999992,0.0,0.0
ETHUSDT,development,123,0,,,,0.0
BTCUSDT,development,124,1,0.0,-0.9999999999999992,0.0,0.0
ETHUSDT,development,124,0,,,,0.0
BTCUSDT,development,125,1,0.0,-0.9999999999999992,0.0,0.0
ETHUSDT,development,125,0,,,,0.0
BTCUSDT,development,126,0,,,,0.0
ETHUSDT,development,126,0,,,,0.0
BTCUSDT,development,127,0,,,,0.0
ETHUSDT,development,127,0,,,,0.0
BTCUSDT,development,128,0,,,,0.0
ETHUSDT,development,128,0,,,,0.0
BTCUSDT,development,129,0,,,,0.0
ETHUSDT,development,129,0,,,,0.0
BTCUSDT,development,130,0,,,,0.0
ETHUSDT,development,130,0,,,,0.0
BTCUSDT,development,131,0,,,,0.0
ETHUSDT,development,131,0,,,,0.0
BTCUSDT,development,132,1,0.0,-0.999999999999999,0.0,0.0
ETHUSDT,development,132,2,0.5,0.9481825436321343,2.8963650872642703,-0.9999999999999991
BTCUSDT,development,133,1,0.0,-1.0000000000000018,0.0,0.0
ETHUSDT,development,133,2,0.5,0.9496155541950699,2.8992311083901416,-0.9999999999999991
BTCUSDT,development,134,1,0.0,-1.0000000000000058,0.0,0.0
ETHUSDT,development,134,2,0.5,0.9518355329093566,2.9036710658187146,-0.9999999999999991
BTCUSDT,development,135,0,,,,0.0
ETHUSDT,development,135,1,0.0,-0.9999999999999991,0.0,0.0
BTCUSDT,development,136,0,,,,0.0
ETHUSDT,development,136,1,0.0,-0.9999999999999991,0.0,0.0
BTCUSDT,development,137,0,,,,0.0
ETHUSDT,development,137,1,0.0,-0.9999999999999992,0.0,0.0
BTCUSDT,development,138,0,,,,0.0
ETHUSDT,development,138,0,,,,0.0
BTCUSDT,development,139,0,,,,0.0
ETHUSDT,development,139,0,,,,0.0
BTCUSDT,development,140,0,,,,0.0
ETHUSDT,development,140,0,,,,0.0
BTCUSDT,development,141,0,,,,0.0
ETHUSDT,development,141,0,,,,0.0
BTCUSDT,development,142,0,,,,0.0
ETHUSDT,development,142,0,,,,0.0
BTCUSDT,development,143,0,,,,0.0
ETHUSDT,development,143,0,,,,0.0
BTCUSDT,development,144,3,0.0,-1.0000000000000007,0.0,-2.000000000000003
ETHUSDT,development,144,1,0.0,-0.9999999999999991,0.0,0.0
BTCUSDT,development,145,3,0.0,-1.0000000000000007,0.0,-2.0000000000000027
ETHUSDT,development,145,1,0.0,-0.9999999999999991,0.0,0.0
BTCUSDT,development,146,3,0.0,-1.0000000000000002,0.0,-2.0000000000000013
ETHUSDT,development,146,1,0.0,-0.9999999999999992,0.0,0.0
BTCUSDT,development,147,2,0.0,-1.0000000000000007,0.0,-1.0000000000000022
ETHUSDT,development,147,1,0.0,-0.9999999999999991,0.0,0.0
BTCUSDT,development,148,2,0.0,-1.0000000000000002,0.0,-1.0000000000000013
ETHUSDT,development,148,1,0.0,-0.9999999999999991,0.0,0.0
BTCUSDT,development,149,2,0.0,-0.9999999999999996,0.0,-0.9999999999999999
ETHUSDT,development,149,1,0.0,-0.9999999999999992,0.0,0.0
BTCUSDT,development,150,1,0.0,-1.0000000000000022,0.0,0.0
ETHUSDT,development,150,0,,,,0.0
BTCUSDT,development,151,1,0.0,-1.0000000000000013,0.0,0.0
ETHUSDT,development,151,0,,,,0.0
BTCUSDT,development,152,1,0.0,-1.0,0.0,0.0
ETHUSDT,development,152,0,,,,0.0
BTCUSDT,development,153,0,,,,0.0
ETHUSDT,development,153,0,,,,0.0
BTCUSDT,development,154,0,,,,0.0
ETHUSDT,development,154,0,,,,0.0
BTCUSDT,development,155,0,,,,0.0
ETHUSDT,development,155,0,,,,0.0
BTCUSDT,development,156,1,0.0,-0.9999999999999992,0.0,0.0
ETHUSDT,development,156,0,,,,0.0
BTCUSDT,development,157,1,0.0,-0.9999999999999992,0.0,0.0
ETHUSDT,development,157,0,,,,0.0
BTCUSDT,development,158,1,0.0,-0.9999999999999992,0.0,0.0
ETHUSDT,development,158,0,,,,0.0
BTCUSDT,development,159,1,0.0,-0.9999999999999992,0.0,0.0
ETHUSDT,development,159,0,,,,0.0
BTCUSDT,development,160,1,0.0,-0.9999999999999992,0.0,0.0
ETHUSDT,development,160,0,,,,0.0
BTCUSDT,development,161,1,0.0,-0.9999999999999992,0.0,0.0
ETHUSDT,development,161,0,,,,0.0
BTCUSDT,development,162,0,,,,0.0
ETHUSDT,development,162,0,,,,0.0
BTCUSDT,development,163,0,,,,0.0
ETHUSDT,development,163,0,,,,0.0
BTCUSDT,development,164,0,,,,0.0
ETHUSDT,development,164,0,,,,0.0
BTCUSDT,development,165,0,,,,0.0
ETHUSDT,development,165,0,,,,0.0
BTCUSDT,development,166,0,,,,0.0
ETHUSDT,development,166,0,,,,0.0
BTCUSDT,development,167,0,,,,0.0
ETHUSDT,development,167,0,,,,0.0
BTCUSDT,development,168,0,,,,0.0
ETHUSDT,development,168,1,0.0,-0.9999999999999991,0.0,0.0
BTCUSDT,development,169,0,,,,0.0
ETHUSDT,development,169,1,0.0,-0.9999999999999991,0.0,0.0
BTCUSDT,development,170,0,,,,0.0
ETHUSDT,development,170,1,0.0,-0.9999999999999992,0.0,0.0
BTCUSDT,development,171,0,,,,0.0
ETHUSDT,development,171,1,0.0,-0.9999999999999991,0.0,0.0
BTCUSDT,development,172,0,,,,0.0
ETHUSDT,development,172,1,0.0,-0.9999999999999991,0.0,0.0
BTCUSDT,development,173,0,,,,0.0
ETHUSDT,development,173,1,0.0,-0.9999999999999992,0.0,0.0
BTCUSDT,development,174,0,,,,0.0
ETHUSDT,development,174,0,,,,0.0
BTCUSDT,development,175,0,,,,0.0
ETHUSDT,development,175,0,,,,0.0
BTCUSDT,development,176,0,,,,0.0
ETHUSDT,development,176,0,,,,0.0
BTCUSDT,development,177,0,,,,0.0
ETHUSDT,development,177,0,,,,0.0
BTCUSDT,development,178,0,,,,0.0
ETHUSDT,development,178,0,,,,0.0
BTCUSDT,development,179,0,,,,0.0
ETHUSDT,development,179,0,,,,0.0
BTCUSDT,development,180,2,0.0,-1.0000000000000007,0.0,-1.0000000000000022
ETHUSDT,development,180,0,,,,0.0
BTCUSDT,development,181,2,0.0,-1.0000000000000002,0.0,-1.0000000000000013
ETHUSDT,development,181,0,,,,0.0
BTCUSDT,development,182,2,0.0,-0.9999999999999996,0.0,-0.9999999999999999
ETHUSDT,development,182,0,,,,0.0
BTCUSDT,development,183,2,0.0,-1.0000000000000007,0.0,-1.0000000000000022
ETHUSDT,development,183,0,,,,0.0
BTCUSDT,development,184,2,0.0,-1.0000000000000002,0.0,-1.0000000000000013
ETHUSDT,development,184,0,,,,0.0
BTCUSDT,development,185,2,0.0,-0.9999999999999996,0.0,-0.9999999999999999
ETHUSDT,development,185,0,,,,0.0
BTCUSDT,development,186,1,0.0,-1.0000000000000022,0.0,0.0
ETHUSDT,development,186,0,,,,0.0
BTCUSDT,development,187,1,0.0,-1.0000000000000013,0.0,0.0
ETHUSDT,development,187,0,,,,0.0
BTCUSDT,development,188,1,0.0,-1.0,0.0,0.0
ETHUSDT,development,188,0,,,,0.0
BTCUSDT,development,189,0,,,,0.0
ETHUSDT,development,189,0,,,,0.0
BTCUSDT,development,190,0,,,,0.0
ETHUSDT,development,190,0,,,,0.0
BTCUSDT,development,191,0,,,,0.0
ETHUSDT,development,191,0,,,,0.0
BTCUSDT,development,192,1,0.0,-0.9999999999999992,0.0,0.0
ETHUSDT,development,192,0,,,,0.0
BTCUSDT,development,193,1,0.0,-0.9999999999999992,0.0,0.0
ETHUSDT,development,193,0,,,,0.0
BTCUSDT,development,194,1,0.0,-0.9999999999999992,0.0,0.0
ETHUSDT,development,194,0,,,,0.0
BTCUSDT,development,195,1,0.0,-0.9999999999999992,0.0,0.0
ETHUSDT,development,195,0,,,,0.0
BTCUSDT,development,196,1,0.0,-0.9999999999999992,0.0,0.0
ETHUSDT,development,196,0,,,,0.0
BTCUSDT,development,197,1,0.0,-0.9999999999999992,0.0,0.0
ETHUSDT,development,197,0,,,,0.0
BTCUSDT,development,198,0,,,,0.0
ETHUSDT,development,198,0,,,,0.0
BTCUSDT,development,199,0,,,,0.0
ETHUSDT,development,199,0,,,,0.0
BTCUSDT,development,200,0,,,,0.0
ETHUSDT,development,200,0,,,,0.0
BTCUSDT,development,201,0,,,,0.0
ETHUSDT,development,201,0,,,,0.0
BTCUSDT,development,202,0,,,,0.0
ETHUSDT,development,202,0,,,,0.0
BTCUSDT,development,203,0,,,,0.0
ETHUSDT,development,203,0,,,,0.0
BTCUSDT,development,204,0,,,,0.0
ETHUSDT,development,204,0,,,,0.0
BTCUSDT,development,205,0,,,,0.0
ETHUSDT,development,205,0,,,,0.0
BTCUSDT,development,206,0,,,,0.0
ETHUSDT,development,206,0,,,,0.0
BTCUSDT,development,207,0,,,,0.0
ETHUSDT,development,207,0,,,,0.0
BTCUSDT,development,208,0,,,,0.0
ETHUSDT,development,208,0,,,,0.0
BTCUSDT,development,209,0,,,,0.0
ETHUSDT,development,209,0,,,,0.0
BTCUSDT,development,210,0,,,,0.0
ETHUSDT,development,210,0,,,,0.0
BTCUSDT,development,211,0,,,,0.0
ETHUSDT,development,211,0,,,,0.0
BTCUSDT,development,212,0,,,,0.0
ETHUSDT,development,212,0,,,,0.0
BTCUSDT,development,213,0,,,,0.0
ETHUSDT,development,213,0,,,,0.0
BTCUSDT,development,214,0,,,,0.0
ETHUSDT,development,214,0,,,,0.0
BTCUSDT,development,215,0,,,,0.0
ETHUSDT,development,215,0,,,,0.0
BTCUSDT,development,216,7,0.2857142857142857,0.07701713599915948,1.1078239903988232,-3.000000000000002
ETHUSDT,development,216,4,0.25,-0.025908728183933083,0.9654550290880892,-3.0
BTCUSDT,development,217,7,0.2857142857142857,0.08147691964541279,1.114067687503578,-3.000000000000003
ETHUSDT,development,217,4,0.25,-0.0251922229024657,0.9664103694633791,-3.0000000000000018
BTCUSDT,development,218,7,0.2857142857142857,0.08762413287650286,1.1226737860271039,-3.000000000000005
ETHUSDT,development,218,4,0.25,-0.02408223354532163,0.9678903552729045,-2.999999999999999
BTCUSDT,development,219,2,0.0,-1.0000000000000007,0.0,-1.0000000000000022
ETHUSDT,development,219,1,0.0,-0.9999999999999991,0.0,0.0
BTCUSDT,development,220,2,0.0,-1.0000000000000002,0.0,-1.0000000000000013
ETHUSDT,development,220,1,0.0,-0.9999999999999991,0.0,0.0
BTCUSDT,development,221,2,0.0,-0.9999999999999996,0.0,-0.9999999999999999
ETHUSDT,development,221,1,0.0,-0.9999999999999992,0.0,0.0
BTCUSDT,development,222,1,0.0,-1.0000000000000022,0.0,0.0
ETHUSDT,development,222,0,,,,0.0
BTCUSDT,development,223,1,0.0,-1.0000000000000013,0.0,0.0
ETHUSDT,development,223,0,,,,0.0
BTCUSDT,development,224,1,0.0,-1.0,0.0,0.0
ETHUSDT,development,224,0,,,,0.0
BTCUSDT,development,225,0,,,,0.0
ETHUSDT,development,225,0,,,,0.0
BTCUSDT,development,226,0,,,,0.0
ETHUSDT,development,226,0,,,,0.0
BTCUSDT,development,227,0,,,,0.0
ETHUSDT,development,227,0,,,,0.0
BTCUSDT,development,228,4,0.5,0.8847799879985301,2.769559975997062,-0.999999999999999
ETHUSDT,development,228,1,1.0,2.8963650872642677,inf,0.0
BTCUSDT,development,229,4,0.5,0.892584609379473,2.7851692187589454,-1.0000000000000018
ETHUSDT,development,229,1,1.0,2.899231108390139,inf,0.0
BTCUSDT,development,230,4,0.5,0.9033422325338801,2.806684465067756,-1.0000000000000058
ETHUSDT,development,230,1,1.0,2.9036710658187124,inf,0.0
BTCUSDT,development,231,1,0.0,-0.9999999999999992,0.0,0.0
ETHUSDT,development,231,0,,,,0.0
BTCUSDT,development,232,1,0.0,-0.9999999999999992,0.0,0.0
ETHUSDT,development,232,0,,,,0.0
BTCUSDT,development,233,1,0.0,-0.9999999999999992,0.0,0.0
ETHUSDT,development,233,0,,,,0.0
BTCUSDT,development,234,0,,,,0.0
ETHUSDT,development,234,0,,,,0.0
BTCUSDT,development,235,0,,,,0.0
ETHUSDT,development,235,0,,,,0.0
BTCUSDT,development,236,0,,,,0.0
ETHUSDT,development,236,0,,,,0.0
BTCUSDT,development,237,0,,,,0.0
ETHUSDT,development,237,0,,,,0.0
BTCUSDT,development,238,0,,,,0.0
ETHUSDT,development,238,0,,,,0.0
BTCUSDT,development,239,0,,,,0.0
ETHUSDT,development,239,0,,,,0.0
BTCUSDT,development,240,3,0.6666666666666666,1.5130399839980397,5.539119951994124,-0.9999999999999991
ETHUSDT,development,240,2,0.5,0.9481825436321343,2.8963650872642703,-0.9999999999999991
BTCUSDT,development,241,3,0.6666666666666666,1.5234461458392972,5.570338437517884,-1.0000000000000018
ETHUSDT,development,241,2,0.5,0.9496155541950699,2.8992311083901416,-0.9999999999999991
BTCUSDT,development,242,3,0.6666666666666666,1.5377896433785068,5.613368930135493,-1.0000000000000058
ETHUSDT,development,242,2,0.5,0.9518355329093566,2.9036710658187146,-0.9999999999999991
BTCUSDT,development,243,0,,,,0.0
ETHUSDT,development,243,1,0.0,-0.9999999999999991,0.0,0.0
BTCUSDT,development,244,0,,,,0.0
ETHUSDT,development,244,1,0.0,-0.9999999999999991,0.0,0.0
BTCUSDT,development,245,0,,,,0.0
ETHUSDT,development,245,1,0.0,-0.9999999999999992,0.0,0.0
BTCUSDT,development,246,0,,,,0.0
ETHUSDT,development,246,0,,,,0.0
BTCUSDT,development,247,0,,,,0.0
ETHUSDT,development,247,0,,,,0.0
BTCUSDT,development,248,0,,,,0.0
ETHUSDT,development,248,0,,,,0.0
BTCUSDT,development,249,0,,,,0.0
ETHUSDT,development,249,0,,,,0.0
BTCUSDT,development,250,0,,,,0.0
ETHUSDT,development,250,0,,,,0.0
BTCUSDT,development,251,0,,,,0.0
ETHUSDT,development,251,0,,,,0.0
BTCUSDT,development,252,4,0.25,-0.037610826316877066,0.9498522315774973,-1.0000000000000022
ETHUSDT,development,252,1,0.0,-0.9999999999999991,0.0,0.0
BTCUSDT,development,253,4,0.25,-0.03609602826145708,0.9518719623180573,-1.0000000000000013
ETHUSDT,development,253,1,0.0,-0.9999999999999991,0.0,0.0
BTCUSDT,development,254,4,0.25,-0.03382546116611318,0.9548993851118491,-1.0000000000000013
ETHUSDT,development,254,1,0.0,-0.9999999999999992,0.0,0.0
BTCUSDT,development,255,2,0.0,-1.0000000000000007,0.0,-1.0000000000000022
ETHUSDT,development,255,1,0.0,-0.9999999999999991,0.0,0.0
BTCUSDT,development,256,2,0.0,-1.0000000000000002,0.0,-1.0000000000000013
ETHUSDT,development,256,1,0.0,-0.9999999999999991,0.0,0.0
BTCUSDT,development,257,2,0.0,-0.9999999999999996,0.0,-0.9999999999999999
ETHUSDT,development,257,1,0.0,-0.9999999999999992,0.0,0.0
BTCUSDT,development,258,1,0.0,-1.0000000000000022,0.0,0.0
ETHUSDT,development,258,0,,,,0.0
BTCUSDT,development,259,1,0.0,-1.0000000000000013,0.0,0.0
ETHUSDT,development,259,0,,,,0.0
BTCUSDT,development,260,1,0.0,-1.0,0.0,0.0
ETHUSDT,development,260,0,,,,0.0
BTCUSDT,development,261,0,,,,0.0
ETHUSDT,development,261,0,,,,0.0
BTCUSDT,development,262,0,,,,0.0
ETHUSDT,development,262,0,,,,0.0
BTCUSDT,development,263,0,,,,0.0
ETHUSDT,development,263,0,,,,0.0
BTCUSDT,development,264,2,0.5,0.9247783473662474,2.849556694732496,0.0
ETHUSDT,development,264,0,,,,0.0
BTCUSDT,development,265,2,0.5,0.9278079434770872,2.8556158869541757,0.0
ETHUSDT,development,265,0,,,,0.0
BTCUSDT,development,266,2,0.5,0.9323490776677743,2.86469815533555,0.0
ETHUSDT,development,266,0,,,,0.0
BTCUSDT,development,267,1,0.0,-0.9999999999999992,0.0,0.0
ETHUSDT,development,267,0,,,,0.0
BTCUSDT,development,268,1,0.0,-0.9999999999999992,0.0,0.0
ETHUSDT,development,268,0,,,,0.0
BTCUSDT,development,269,1,0.0,-0.9999999999999992,0.0,0.0
ETHUSDT,development,269,0,,,,0.0
BTCUSDT,development,270,0,,,,0.0
ETHUSDT,development,270,0,,,,0.0
BTCUSDT,development,271,0,,,,0.0
ETHUSDT,development,271,0,,,,0.0
BTCUSDT,development,272,0,,,,0.0
ETHUSDT,development,272,0,,,,0.0
BTCUSDT,development,273,0,,,,0.0
ETHUSDT,development,273,0,,,,0.0
BTCUSDT,development,274,0,,,,0.0
ETHUSDT,development,274,0,,,,0.0
BTCUSDT,development,275,0,,,,0.0
ETHUSDT,development,275,0,,,,0.0
BTCUSDT,development,276,1,1.0,2.849556694732494,inf,0.0
ETHUSDT,development,276,1,0.0,-0.9999999999999991,0.0,0.0
BTCUSDT,development,277,1,1.0,2.8556158869541735,inf,0.0
ETHUSDT,development,277,1,0.0,-0.9999999999999991,0.0,0.0
BTCUSDT,development,278,1,1.0,2.8646981553355477,inf,0.0
ETHUSDT,development,278,1,0.0,-0.9999999999999992,0.0,0.0
BTCUSDT,development,279,0,,,,0.0
ETHUSDT,development,279,1,0.0,-0.9999999999999991,0.0,0.0
BTCUSDT,development,280,0,,,,0.0
ETHUSDT,development,280,1,0.0,-0.9999999999999991,0.0,0.0
BTCUSDT,development,281,0,,,,0.0
ETHUSDT,development,281,1,0.0,-0.9999999999999992,0.0,0.0
BTCUSDT,development,282,0,,,,0.0
ETHUSDT,development,282,0,,,,0.0
BTCUSDT,development,283,0,,,,0.0
ETHUSDT,development,283,0,,,,0.0
BTCUSDT,development,284,0,,,,0.0
ETHUSDT,development,284,0,,,,0.0
BTCUSDT,development,285,0,,,,0.0
ETHUSDT,development,285,0,,,,0.0
BTCUSDT,development,286,0,,,,0.0
ETHUSDT,development,286,0,,,,0.0
BTCUSDT,development,287,0,,,,0.0
ETHUSDT,development,287,0,,,,0.0
BTCUSDT,development,288,2,0.0,-1.0000000000000007,0.0,-1.0000000000000022
ETHUSDT,development,288,0,,,,0.0
BTCUSDT,development,289,2,0.0,-1.0000000000000002,0.0,-1.0000000000000013
ETHUSDT,development,289,0,,,,0.0
BTCUSDT,development,290,2,0.0,-0.9999999999999996,0.0,-0.9999999999999999
ETHUSDT,development,290,0,,,,0.0
BTCUSDT,development,291,2,0.0,-1.0000000000000007,0.0,-1.0000000000000022
ETHUSDT,development,291,0,,,,0.0
BTCUSDT,development,292,2,0.0,-1.0000000000000002,0.0,-1.0000000000000013
ETHUSDT,development,292,0,,,,0.0
BTCUSDT,development,293,2,0.0,-0.9999999999999996,0.0,-0.9999999999999999
ETHUSDT,development,293,0,,,,0.0
BTCUSDT,development,294,1,0.0,-1.0000000000000022,0.0,0.0
ETHUSDT,development,294,0,,,,0.0
BTCUSDT,development,295,1,0.0,-1.0000000000000013,0.0,0.0
ETHUSDT,development,295,0,,,,0.0
BTCUSDT,development,296,1,0.0,-1.0,0.0,0.0
ETHUSDT,development,296,0,,,,0.0
BTCUSDT,development,297,0,,,,0.0
ETHUSDT,development,297,0,,,,0.0
BTCUSDT,development,298,0,,,,0.0
ETHUSDT,development,298,0,,,,0.0
BTCUSDT,development,299,0,,,,0.0
ETHUSDT,development,299,0,,,,0.0
BTCUSDT,development,300,1,0.0,-0.9999999999999992,0.0,0.0
ETHUSDT,development,300,0,,,,0.0
BTCUSDT,development,301,1,0.0,-0.9999999999999992,0.0,0.0
ETHUSDT,development,301,0,,,,0.0
BTCUSDT,development,302,1,0.0,-0.9999999999999992,0.0,0.0
ETHUSDT,development,302,0,,,,0.0
BTCUSDT,development,303,1,0.0,-0.9999999999999992,0.0,0.0
ETHUSDT,development,303,0,,,,0.0
BTCUSDT,development,304,1,0.0,-0.9999999999999992,0.0,0.0
ETHUSDT,development,304,0,,,,0.0
BTCUSDT,development,305,1,0.0,-0.9999999999999992,0.0,0.0
ETHUSDT,development,305,0,,,,0.0
BTCUSDT,development,306,0,,,,0.0
ETHUSDT,development,306,0,,,,0.0
BTCUSDT,development,307,0,,,,0.0
ETHUSDT,development,307,0,,,,0.0
BTCUSDT,development,308,0,,,,0.0
ETHUSDT,development,308,0,,,,0.0
BTCUSDT,development,309,0,,,,0.0
ETHUSDT,development,309,0,,,,0.0
BTCUSDT,development,310,0,,,,0.0
ETHUSDT,development,310,0,,,,0.0
BTCUSDT,development,311,0,,,,0.0
ETHUSDT,development,311,0,,,,0.0
BTCUSDT,development,312,0,,,,0.0
ETHUSDT,development,312,0,,,,0.0
BTCUSDT,development,313,0,,,,0.0
ETHUSDT,development,313,0,,,,0.0
BTCUSDT,development,314,0,,,,0.0
ETHUSDT,development,314,0,,,,0.0
BTCUSDT,development,315,0,,,,0.0
ETHUSDT,development,315,0,,,,0.0
BTCUSDT,development,316,0,,,,0.0
ETHUSDT,development,316,0,,,,0.0
BTCUSDT,development,317,0,,,,0.0
ETHUSDT,development,317,0,,,,0.0
BTCUSDT,development,318,0,,,,0.0
ETHUSDT,development,318,0,,,,0.0
BTCUSDT,development,319,0,,,,0.0
ETHUSDT,development,319,0,,,,0.0
BTCUSDT,development,320,0,,,,0.0
ETHUSDT,development,320,0,,,,0.0
BTCUSDT,development,321,0,,,,0.0
ETHUSDT,development,321,0,,,,0.0
BTCUSDT,development,322,0,,,,0.0
ETHUSDT,development,322,0,,,,0.0
BTCUSDT,development,323,0,,,,0.0
ETHUSDT,development,323,0,,,,0.0
BTCUSDT,development,324,4,0.0,-1.0000000000000007,0.0,-3.0000000000000036
ETHUSDT,development,324,7,0.14285714285714285,-0.44337641610510453,0.4827275145440446,-4.999999999999999
BTCUSDT,development,325,4,0.0,-1.0000000000000004,0.0,-3.0000000000000027
ETHUSDT,development,325,7,0.14285714285714285,-0.4429669845156938,0.4832051847316901,-4.9999999999999964
BTCUSDT,development,326,4,0.0,-0.9999999999999999,0.0,-3.0000000000000004
ETHUSDT,development,326,7,0.14285714285714285,-0.4423327048830408,0.4839451776364523,-4.999999999999998
BTCUSDT,development,327,2,0.0,-1.0000000000000007,0.0,-1.0000000000000022
ETHUSDT,development,327,3,0.0,-0.9999999999999997,0.0,-1.9999999999999987
BTCUSDT,development,328,2,0.0,-1.0000000000000002,0.0,-1.0000000000000013
ETHUSDT,development,328,3,0.0,-0.9999999999999992,0.0,-1.9999999999999978
BTCUSDT,development,329,2,0.0,-0.9999999999999996,0.0,-0.9999999999999999
ETHUSDT,development,329,3,0.0,-1.0,0.0,-1.9999999999999996
BTCUSDT,development,330,1,0.0,-1.0000000000000022,0.0,0.0
ETHUSDT,development,330,2,0.0,-1.0,0.0,-0.9999999999999996
BTCUSDT,development,331,1,0.0,-1.0000000000000013,0.0,0.0
ETHUSDT,development,331,2,0.0,-0.9999999999999993,0.0,-0.9999999999999988
BTCUSDT,development,332,1,0.0,-1.0,0.0,0.0
ETHUSDT,development,332,2,0.0,-1.0000000000000004,0.0,-1.0000000000000004
BTCUSDT,development,333,0,,,,0.0
ETHUSDT,development,333,0,,,,0.0
BTCUSDT,development,334,0,,,,0.0
ETHUSDT,development,334,0,,,,0.0
BTCUSDT,development,335,0,,,,0.0
ETHUSDT,development,335,0,,,,0.0
BTCUSDT,development,336,1,0.0,-0.9999999999999992,0.0,0.0
ETHUSDT,development,336,5,0.2,-0.22072698254714646,0.7240912718160669,-4.0
BTCUSDT,development,337,1,0.0,-0.9999999999999992,0.0,0.0
ETHUSDT,development,337,5,0.2,-0.22015377832197164,0.7248077770975353,-3.9999999999999973
BTCUSDT,development,338,1,0.0,-0.9999999999999992,0.0,0.0
ETHUSDT,development,338,5,0.2,-0.21926578683625744,0.7259177664546782,-3.9999999999999996
BTCUSDT,development,339,1,0.0,-0.9999999999999992,0.0,0.0
ETHUSDT,development,339,2,0.0,-1.0,0.0,-0.9999999999999996
BTCUSDT,development,340,1,0.0,-0.9999999999999992,0.0,0.0
ETHUSDT,development,340,2,0.0,-0.9999999999999993,0.0,-0.9999999999999988
BTCUSDT,development,341,1,0.0,-0.9999999999999992,0.0,0.0
ETHUSDT,development,341,2,0.0,-1.0000000000000004,0.0,-1.0000000000000004
BTCUSDT,development,342,0,,,,0.0
ETHUSDT,development,342,2,0.0,-1.0,0.0,-0.9999999999999996
BTCUSDT,development,343,0,,,,0.0
ETHUSDT,development,343,2,0.0,-0.9999999999999993,0.0,-0.9999999999999988
BTCUSDT,development,344,0,,,,0.0
ETHUSDT,development,344,2,0.0,-1.0000000000000004,0.0,-1.0000000000000004
BTCUSDT,development,345,0,,,,0.0
ETHUSDT,development,345,0,,,,0.0
BTCUSDT,development,346,0,,,,0.0
ETHUSDT,development,346,0,,,,0.0
BTCUSDT,development,347,0,,,,0.0
ETHUSDT,development,347,0,,,,0.0
BTCUSDT,development,348,0,,,,0.0
ETHUSDT,development,348,5,0.2,-0.22072698254714637,0.724091271816067,-3.9999999999999996
BTCUSDT,development,349,0,,,,0.0
ETHUSDT,development,349,5,0.2,-0.22015377832197167,0.7248077770975352,-3.9999999999999973
BTCUSDT,development,350,0,,,,0.0
ETHUSDT,development,350,5,0.2,-0.21926578683625722,0.7259177664546784,-3.9999999999999982
BTCUSDT,development,351,0,,,,0.0
ETHUSDT,development,351,2,0.0,-0.9999999999999998,0.0,-0.9999999999999991
BTCUSDT,development,352,0,,,,0.0
ETHUSDT,development,352,2,0.0,-0.9999999999999996,0.0,-0.9999999999999992
BTCUSDT,development,353,0,,,,0.0
ETHUSDT,development,353,2,0.0,-0.9999999999999998,0.0,-0.9999999999999991
BTCUSDT,development,354,0,,,,0.0
ETHUSDT,development,354,1,0.0,-1.0000000000000004,0.0,0.0
BTCUSDT,development,355,0,,,,0.0
ETHUSDT,development,355,1,0.0,-0.9999999999999999,0.0,0.0
BTCUSDT,development,356,0,,,,0.0
ETHUSDT,development,356,1,0.0,-1.0000000000000004,0.0,0.0
BTCUSDT,development,357,0,,,,0.0
ETHUSDT,development,357,0,,,,0.0
BTCUSDT,development,358,0,,,,0.0
ETHUSDT,development,358,0,,,,0.0
BTCUSDT,development,359,0,,,,0.0
ETHUSDT,development,359,0,,,,0.0
BTCUSDT,development,360,3,0.0,-1.0000000000000007,0.0,-2.000000000000003
ETHUSDT,development,360,4,0.0,-0.9999999999999997,0.0,-2.9999999999999982
BTCUSDT,development,361,3,0.0,-1.0000000000000007,0.0,-2.0000000000000027
ETHUSDT,development,361,4,0.0,-0.999999999999999,0.0,-2.999999999999997
BTCUSDT,development,362,3,0.0,-1.0000000000000002,0.0,-2.0000000000000013
ETHUSDT,development,362,4,0.0,-0.9999999999999996,0.0,-2.999999999999999
BTCUSDT,development,363,2,0.0,-1.0000000000000007,0.0,-1.0000000000000022
ETHUSDT,development,363,2,0.0,-0.9999999999999993,0.0,-0.999999999999999
BTCUSDT,development,364,2,0.0,-1.0000000000000002,0.0,-1.0000000000000013
ETHUSDT,development,364,2,0.0,-0.9999999999999989,0.0,-0.999999999999999
BTCUSDT,development,365,2,0.0,-0.9999999999999996,0.0,-0.9999999999999999
ETHUSDT,development,365,2,0.0,-0.9999999999999998,0.0,-0.9999999999999991
BTCUSDT,development,366,1,0.0,-1.0000000000000022,0.0,0.0
ETHUSDT,development,366,1,0.0,-0.9999999999999997,0.0,0.0
BTCUSDT,development,367,1,0.0,-1.0000000000000013,0.0,0.0
ETHUSDT,development,367,1,0.0,-0.9999999999999988,0.0,0.0
BTCUSDT,development,368,1,0.0,-1.0,0.0,0.0
ETHUSDT,development,368,1,0.0,-1.0000000000000004,0.0,0.0
BTCUSDT,development,369,0,,,,0.0
ETHUSDT,development,369,0,,,,0.0
BTCUSDT,development,370,0,,,,0.0
ETHUSDT,development,370,0,,,,0.0
BTCUSDT,development,371,0,,,,0.0
ETHUSDT,development,371,0,,,,0.0
BTCUSDT,development,372,1,0.0,-0.9999999999999992,0.0,0.0
ETHUSDT,development,372,3,0.0,-0.9999999999999999,0.0,-1.9999999999999991
BTCUSDT,development,373,1,0.0,-0.9999999999999992,0.0,0.0
ETHUSDT,development,373,3,0.0,-0.999999999999999,0.0,-1.9999999999999978
BTCUSDT,development,374,1,0.0,-0.9999999999999992,0.0,0.0
ETHUSDT,development,374,3,0.0,-0.9999999999999997,0.0,-2.0
BTCUSDT,development,375,1,0.0,-0.9999999999999992,0.0,0.0
ETHUSDT,development,375,1,0.0,-0.9999999999999997,0.0,0.0
BTCUSDT,development,376,1,0.0,-0.9999999999999992,0.0,0.0
ETHUSDT,development,376,1,0.0,-0.9999999999999988,0.0,0.0
BTCUSDT,development,377,1,0.0,-0.9999999999999992,0.0,0.0
ETHUSDT,development,377,1,0.0,-1.0000000000000004,0.0,0.0
BTCUSDT,development,378,0,,,,0.0
ETHUSDT,development,378,1,0.0,-0.9999999999999997,0.0,0.0
BTCUSDT,development,379,0,,,,0.0
ETHUSDT,development,379,1,0.0,-0.9999999999999988,0.0,0.0
BTCUSDT,development,380,0,,,,0.0
ETHUSDT,development,380,1,0.0,-1.0000000000000004,0.0,0.0
BTCUSDT,development,381,0,,,,0.0
ETHUSDT,development,381,0,,,,0.0
BTCUSDT,development,382,0,,,,0.0
ETHUSDT,development,382,0,,,,0.0
BTCUSDT,development,383,0,,,,0.0
ETHUSDT,development,383,0,,,,0.0
BTCUSDT,development,384,0,,,,0.0
ETHUSDT,development,384,3,0.0,-0.9999999999999997,0.0,-1.9999999999999987
BTCUSDT,development,385,0,,,,0.0
ETHUSDT,development,385,3,0.0,-0.9999999999999991,0.0,-1.9999999999999982
BTCUSDT,development,386,0,,,,0.0
ETHUSDT,development,386,3,0.0,-0.9999999999999992,0.0,-1.9999999999999987
BTCUSDT,development,387,0,,,,0.0
ETHUSDT,development,387,1,0.0,-0.9999999999999991,0.0,0.0
BTCUSDT,development,388,0,,,,0.0
ETHUSDT,development,388,1,0.0,-0.9999999999999991,0.0,0.0
BTCUSDT,development,389,0,,,,0.0
ETHUSDT,development,389,1,0.0,-0.9999999999999992,0.0,0.0
BTCUSDT,development,390,0,,,,0.0
ETHUSDT,development,390,0,,,,0.0
BTCUSDT,development,391,0,,,,0.0
ETHUSDT,development,391,0,,,,0.0
BTCUSDT,development,392,0,,,,0.0
ETHUSDT,development,392,0,,,,0.0
BTCUSDT,development,393,0,,,,0.0
ETHUSDT,development,393,0,,,,0.0
BTCUSDT,development,394,0,,,,0.0
ETHUSDT,development,394,0,,,,0.0
BTCUSDT,development,395,0,,,,0.0
ETHUSDT,development,395,0,,,,0.0
BTCUSDT,development,396,2,0.0,-1.0000000000000007,0.0,-1.0000000000000022
ETHUSDT,development,396,1,0.0,-0.9999999999999997,0.0,0.0
BTCUSDT,development,397,2,0.0,-1.0000000000000002,0.0,-1.0000000000000013
ETHUSDT,development,397,1,0.0,-0.9999999999999988,0.0,0.0
BTCUSDT,development,398,2,0.0,-0.9999999999999996,0.0,-0.9999999999999999
ETHUSDT,development,398,1,0.0,-1.0000000000000004,0.0,0.0
BTCUSDT,development,399,2,0.0,-1.0000000000000007,0.0,-1.0000000000000022
ETHUSDT,development,399,1,0.0,-0.9999999999999997,0.0,0.0
BTCUSDT,development,400,2,0.0,-1.0000000000000002,0.0,-1.0000000000000013
ETHUSDT,development,400,1,0.0,-0.9999999999999988,0.0,0.0
BTCUSDT,development,401,2,0.0,-0.9999999999999996,0.0,-0.9999999999999999
ETHUSDT,development,401,1,0.0,-1.0000000000000004,0.0,0.0
BTCUSDT,development,402,1,0.0,-1.0000000000000022,0.0,0.0
ETHUSDT,development,402,1,0.0,-0.9999999999999997,0.0,0.0
BTCUSDT,development,403,1,0.0,-1.0000000000000013,0.0,0.0
ETHUSDT,development,403,1,0.0,-0.9999999999999988,0.0,0.0
BTCUSDT,development,404,1,0.0,-1.0,0.0,0.0
ETHUSDT,development,404,1,0.0,-1.0000000000000004,0.0,0.0
BTCUSDT,development,405,0,,,,0.0
ETHUSDT,development,405,0,,,,0.0
BTCUSDT,development,406,0,,,,0.0
ETHUSDT,development,406,0,,,,0.0
BTCUSDT,development,407,0,,,,0.0
ETHUSDT,development,407,0,,,,0.0
BTCUSDT,development,408,1,0.0,-0.9999999999999992,0.0,0.0
ETHUSDT,development,408,1,0.0,-0.9999999999999997,0.0,0.0
BTCUSDT,development,409,1,0.0,-0.9999999999999992,0.0,0.0
ETHUSDT,development,409,1,0.0,-0.9999999999999988,0.0,0.0
BTCUSDT,development,410,1,0.0,-0.9999999999999992,0.0,0.0
ETHUSDT,development,410,1,0.0,-1.0000000000000004,0.0,0.0
BTCUSDT,development,411,1,0.0,-0.9999999999999992,0.0,0.0
ETHUSDT,development,411,1,0.0,-0.9999999999999997,0.0,0.0
BTCUSDT,development,412,1,0.0,-0.9999999999999992,0.0,0.0
ETHUSDT,development,412,1,0.0,-0.9999999999999988,0.0,0.0
BTCUSDT,development,413,1,0.0,-0.9999999999999992,0.0,0.0
ETHUSDT,development,413,1,0.0,-1.0000000000000004,0.0,0.0
BTCUSDT,development,414,0,,,,0.0
ETHUSDT,development,414,1,0.0,-0.9999999999999997,0.0,0.0
BTCUSDT,development,415,0,,,,0.0
ETHUSDT,development,415,1,0.0,-0.9999999999999988,0.0,0.0
BTCUSDT,development,416,0,,,,0.0
ETHUSDT,development,416,1,0.0,-1.0000000000000004,0.0,0.0
BTCUSDT,development,417,0,,,,0.0
ETHUSDT,development,417,0,,,,0.0
BTCUSDT,development,418,0,,,,0.0
ETHUSDT,development,418,0,,,,0.0
BTCUSDT,development,419,0,,,,0.0
ETHUSDT,development,419,0,,,,0.0
BTCUSDT,development,420,0,,,,0.0
ETHUSDT,development,420,0,,,,0.0
BTCUSDT,development,421,0,,,,0.0
ETHUSDT,development,421,0,,,,0.0
BTCUSDT,development,422,0,,,,0.0
ETHUSDT,development,422,0,,,,0.0
BTCUSDT,development,423,0,,,,0.0
ETHUSDT,development,423,0,,,,0.0
BTCUSDT,development,424,0,,,,0.0
ETHUSDT,development,424,0,,,,0.0
BTCUSDT,development,425,0,,,,0.0
ETHUSDT,development,425,0,,,,0.0
BTCUSDT,development,426,0,,,,0.0
ETHUSDT,development,426,0,,,,0.0
BTCUSDT,development,427,0,,,,0.0
ETHUSDT,development,427,0,,,,0.0
BTCUSDT,development,428,0,,,,0.0
ETHUSDT,development,428,0,,,,0.0
BTCUSDT,development,429,0,,,,0.0
ETHUSDT,development,429,0,,,,0.0
BTCUSDT,development,430,0,,,,0.0
ETHUSDT,development,430,0,,,,0.0
BTCUSDT,development,431,0,,,,0.0
ETHUSDT,development,431,0,,,,0.0
BTCUSDT,development,432,6,0.16666666666666666,-0.3434178284633953,0.5878986058439257,-3.000000000000002
ETHUSDT,development,432,8,0.125,-0.5129543640919669,0.41376644103775234,-6.000000000000003
BTCUSDT,development,433,6,0.16666666666666666,-0.34325920649241426,0.5880889522091032,-3.000000000000003
ETHUSDT,development,433,8,0.125,-0.5125961114512325,0.4141758726271627,-6.0
BTCUSDT,development,434,6,0.16666666666666666,-0.34300564220432267,0.5883932293548132,-3.000000000000005
ETHUSDT,development,434,8,0.125,-0.5120411167726608,0.4148101522598161,-6.0
BTCUSDT,development,435,3,0.3333333333333333,0.31316434307320967,1.4697465146098143,-1.0000000000000022
ETHUSDT,development,435,3,0.0,-0.9999999999999997,0.0,-1.9999999999999987
BTCUSDT,development,436,3,0.3333333333333333,0.31348158701517254,1.4702223805227588,-1.0000000000000013
ETHUSDT,development,436,3,0.0,-0.9999999999999992,0.0,-1.9999999999999978
BTCUSDT,development,437,3,0.3333333333333333,0.3139887155913567,1.4709830733870353,-1.0
ETHUSDT,development,437,3,0.0,-1.0,0.0,-1.9999999999999996
BTCUSDT,development,438,2,0.5,0.9697465146098141,2.9394930292196237,-1.0000000000000022
ETHUSDT,development,438,2,0.0,-1.0,0.0,-0.9999999999999996
BTCUSDT,development,439,2,0.5,0.9702223805227583,2.940444761045514,-1.0000000000000013
ETHUSDT,development,439,2,0.0,-0.9999999999999993,0.0,-0.9999999999999988
BTCUSDT,development,440,2,0.5,0.9709830733870346,2.941966146774069,-1.0
ETHUSDT,development,440,2,0.0,-1.0000000000000004,0.0,-1.0000000000000004
BTCUSDT,development,441,0,,,,0.0
ETHUSDT,development,441,0,,,,0.0
BTCUSDT,development,442,0,,,,0.0
ETHUSDT,development,442,0,,,,0.0
BTCUSDT,development,443,0,,,,0.0
ETHUSDT,development,443,0,,,,0.0
BTCUSDT,development,444,2,0.0,-0.9999999999999991,0.0,-0.999999999999999
ETHUSDT,development,444,5,0.2,-0.22072698254714646,0.7240912718160669,-4.0
BTCUSDT,development,445,2,0.0,-1.0000000000000004,0.0,-1.0000000000000018
ETHUSDT,development,445,5,0.2,-0.22015377832197164,0.7248077770975353,-3.9999999999999973
BTCUSDT,development,446,2,0.0,-1.0000000000000024,0.0,-1.0000000000000058
ETHUSDT,development,446,5,0.2,-0.21926578683625744,0.7259177664546782,-3.9999999999999996
BTCUSDT,development,447,1,0.0,-0.9999999999999992,0.0,0.0
ETHUSDT,development,447,2,0.0,-1.0,0.0,-0.9999999999999996
BTCUSDT,development,448,1,0.0,-0.9999999999999992,0.0,0.0
ETHUSDT,development,448,2,0.0,-0.9999999999999993,0.0,-0.9999999999999988
BTCUSDT,development,449,1,0.0,-0.9999999999999992,0.0,0.0
ETHUSDT,development,449,2,0.0,-1.0000000000000004,0.0,-1.0000000000000004
BTCUSDT,development,450,0,,,,0.0
ETHUSDT,development,450,2,0.0,-1.0,0.0,-0.9999999999999996
BTCUSDT,development,451,0,,,,0.0
ETHUSDT,development,451,2,0.0,-0.9999999999999993,0.0,-0.9999999999999988
BTCUSDT,development,452,0,,,,0.0
ETHUSDT,development,452,2,0.0,-1.0000000000000004,0.0,-1.0000000000000004
BTCUSDT,development,453,0,,,,0.0
ETHUSDT,development,453,0,,,,0.0
BTCUSDT,development,454,0,,,,0.0
ETHUSDT,development,454,0,,,,0.0
BTCUSDT,development,455,0,,,,0.0
ETHUSDT,development,455,0,,,,0.0
BTCUSDT,development,456,1,0.0,-0.999999999999999,0.0,0.0
ETHUSDT,development,456,5,0.2,-0.22072698254714637,0.724091271816067,-3.9999999999999996
BTCUSDT,development,457,1,0.0,-1.0000000000000018,0.0,0.0
ETHUSDT,development,457,5,0.2,-0.22015377832197167,0.7248077770975352,-3.9999999999999973
BTCUSDT,development,458,1,0.0,-1.0000000000000058,0.0,0.0
ETHUSDT,development,458,5,0.2,-0.21926578683625722,0.7259177664546784,-3.9999999999999982
BTCUSDT,development,459,0,,,,0.0
ETHUSDT,development,459,2,0.0,-0.9999999999999998,0.0,-0.9999999999999991
BTCUSDT,development,460,0,,,,0.0
ETHUSDT,development,460,2,0.0,-0.9999999999999996,0.0,-0.9999999999999992
BTCUSDT,development,461,0,,,,0.0
ETHUSDT,development,461,2,0.0,-0.9999999999999998,0.0,-0.9999999999999991
BTCUSDT,development,462,0,,,,0.0
ETHUSDT,development,462,1,0.0,-1.0000000000000004,0.0,0.0
BTCUSDT,development,463,0,,,,0.0
ETHUSDT,development,463,1,0.0,-0.9999999999999999,0.0,0.0
BTCUSDT,development,464,0,,,,0.0
ETHUSDT,development,464,1,0.0,-1.0000000000000004,0.0,0.0
BTCUSDT,development,465,0,,,,0.0
ETHUSDT,development,465,0,,,,0.0
BTCUSDT,development,466,0,,,,0.0
ETHUSDT,development,466,0,,,,0.0
BTCUSDT,development,467,0,,,,0.0
ETHUSDT,development,467,0,,,,0.0
BTCUSDT,development,468,4,0.25,-0.015126742695092954,0.979831009739876,-1.0000000000000022
ETHUSDT,development,468,4,0.0,-0.9999999999999997,0.0,-2.9999999999999982
BTCUSDT,development,469,4,0.25,-0.014888809738620945,0.9801482536818388,-1.0000000000000013
ETHUSDT,development,469,4,0.0,-0.999999999999999,0.0,-2.999999999999997
BTCUSDT,development,470,4,0.25,-0.01450846330648281,0.980655382258023,-1.0000000000000013
ETHUSDT,development,470,4,0.0,-0.9999999999999996,0.0,-2.999999999999999
BTCUSDT,development,471,3,0.3333333333333333,0.31316434307320967,1.4697465146098143,-1.0000000000000022
ETHUSDT,development,471,2,0.0,-0.9999999999999993,0.0,-0.999999999999999
BTCUSDT,development,472,3,0.3333333333333333,0.31348158701517254,1.4702223805227588,-1.0000000000000013
ETHUSDT,development,472,2,0.0,-0.9999999999999989,0.0,-0.999999999999999
BTCUSDT,development,473,3,0.3333333333333333,0.3139887155913567,1.4709830733870353,-1.0
ETHUSDT,development,473,2,0.0,-0.9999999999999998,0.0,-0.9999999999999991
BTCUSDT,development,474,2,0.5,0.9697465146098141,2.9394930292196237,-1.0000000000000022
ETHUSDT,development,474,1,0.0,-0.9999999999999997,0.0,0.0
BTCUSDT,development,475,2,0.5,0.9702223805227583,2.940444761045514,-1.0000000000000013
ETHUSDT,development,475,1,0.0,-0.9999999999999988,0.0,0.0
BTCUSDT,development,476,2,0.5,0.9709830733870346,2.941966146774069,-1.0
ETHUSDT,development,476,1,0.0,-1.0000000000000004,0.0,0.0
BTCUSDT,development,477,0,,,,0.0
ETHUSDT,development,477,0,,,,0.0
BTCUSDT,development,478,0,,,,0.0
ETHUSDT,development,478,0,,,,0.0
BTCUSDT,development,479,0,,,,0.0
ETHUSDT,development,479,0,,,,0.0
BTCUSDT,development,480,1,0.0,-0.9999999999999992,0.0,0.0
ETHUSDT,development,480,3,0.0,-0.9999999999999999,0.0,-1.9999999999999991
BTCUSDT,development,481,1,0.0,-0.9999999999999992,0.0,0.0
ETHUSDT,development,481,3,0.0,-0.999999999999999,0.0,-1.9999999999999978
BTCUSDT,development,482,1,0.0,-0.9999999999999992,0.0,0.0
ETHUSDT,development,482,3,0.0,-0.9999999999999997,0.0,-2.0
BTCUSDT,development,483,1,0.0,-0.9999999999999992,0.0,0.0
ETHUSDT,development,483,1,0.0,-0.9999999999999997,0.0,0.0
BTCUSDT,development,484,1,0.0,-0.9999999999999992,0.0,0.0
ETHUSDT,development,484,1,0.0,-0.9999999999999988,0.0,0.0
BTCUSDT,development,485,1,0.0,-0.9999999999999992,0.0,0.0
ETHUSDT,development,485,1,0.0,-1.0000000000000004,0.0,0.0
BTCUSDT,development,486,0,,,,0.0
ETHUSDT,development,486,1,0.0,-0.9999999999999997,0.0,0.0
BTCUSDT,development,487,0,,,,0.0
ETHUSDT,development,487,1,0.0,-0.9999999999999988,0.0,0.0
BTCUSDT,development,488,0,,,,0.0
ETHUSDT,development,488,1,0.0,-1.0000000000000004,0.0,0.0
BTCUSDT,development,489,0,,,,0.0
ETHUSDT,development,489,0,,,,0.0
BTCUSDT,development,490,0,,,,0.0
ETHUSDT,development,490,0,,,,0.0
BTCUSDT,development,491,0,,,,0.0
ETHUSDT,development,491,0,,,,0.0
BTCUSDT,development,492,0,,,,0.0
ETHUSDT,development,492,3,0.0,-0.9999999999999997,0.0,-1.9999999999999987
BTCUSDT,development,493,0,,,,0.0
ETHUSDT,development,493,3,0.0,-0.9999999999999991,0.0,-1.9999999999999982
BTCUSDT,development,494,0,,,,0.0
ETHUSDT,development,494,3,0.0,-0.9999999999999992,0.0,-1.9999999999999987
BTCUSDT,development,495,0,,,,0.0
ETHUSDT,development,495,1,0.0,-0.9999999999999991,0.0,0.0
BTCUSDT,development,496,0,,,,0.0
ETHUSDT,development,496,1,0.0,-0.9999999999999991,0.0,0.0
BTCUSDT,development,497,0,,,,0.0
ETHUSDT,development,497,1,0.0,-0.9999999999999992,0.0,0.0
BTCUSDT,development,498,0,,,,0.0
ETHUSDT,development,498,0,,,,0.0
BTCUSDT,development,499,0,,,,0.0
ETHUSDT,development,499,0,,,,0.0
BTCUSDT,development,500,0,,,,0.0
ETHUSDT,development,500,0,,,,0.0
BTCUSDT,development,501,0,,,,0.0
ETHUSDT,development,501,0,,,,0.0
BTCUSDT,development,502,0,,,,0.0
ETHUSDT,development,502,0,,,,0.0
BTCUSDT,development,503,0,,,,0.0
ETHUSDT,development,503,0,,,,0.0
BTCUSDT,development,504,3,0.3333333333333333,0.31316434307320967,1.4697465146098143,-1.0000000000000022
ETHUSDT,development,504,1,0.0,-0.9999999999999997,0.0,0.0
BTCUSDT,development,505,3,0.3333333333333333,0.31348158701517254,1.4702223805227588,-1.0000000000000013
ETHUSDT,development,505,1,0.0,-0.9999999999999988,0.0,0.0
BTCUSDT,development,506,3,0.3333333333333333,0.3139887155913567,1.4709830733870353,-1.0
ETHUSDT,development,506,1,0.0,-1.0000000000000004,0.0,0.0
BTCUSDT,development,507,3,0.3333333333333333,0.31316434307320967,1.4697465146098143,-1.0000000000000022
ETHUSDT,development,507,1,0.0,-0.9999999999999997,0.0,0.0
BTCUSDT,development,508,3,0.3333333333333333,0.31348158701517254,1.4702223805227588,-1.0000000000000013
ETHUSDT,development,508,1,0.0,-0.9999999999999988,0.0,0.0
BTCUSDT,development,509,3,0.3333333333333333,0.3139887155913567,1.4709830733870353,-1.0
ETHUSDT,development,509,1,0.0,-1.0000000000000004,0.0,0.0
BTCUSDT,development,510,2,0.5,0.9697465146098141,2.9394930292196237,-1.0000000000000022
ETHUSDT,development,510,1,0.0,-0.9999999999999997,0.0,0.0
BTCUSDT,development,511,2,0.5,0.9702223805227583,2.940444761045514,-1.0000000000000013
ETHUSDT,development,511,1,0.0,-0.9999999999999988,0.0,0.0
BTCUSDT,development,512,2,0.5,0.9709830733870346,2.941966146774069,-1.0
ETHUSDT,development,512,1,0.0,-1.0000000000000004,0.0,0.0
BTCUSDT,development,513,0,,,,0.0
ETHUSDT,development,513,0,,,,0.0
BTCUSDT,development,514,0,,,,0.0
ETHUSDT,development,514,0,,,,0.0
BTCUSDT,development,515,0,,,,0.0
ETHUSDT,development,515,0,,,,0.0
BTCUSDT,development,516,1,0.0,-0.9999999999999992,0.0,0.0
ETHUSDT,development,516,1,0.0,-0.9999999999999997,0.0,0.0
BTCUSDT,development,517,1,0.0,-0.9999999999999992,0.0,0.0
ETHUSDT,development,517,1,0.0,-0.9999999999999988,0.0,0.0
BTCUSDT,development,518,1,0.0,-0.9999999999999992,0.0,0.0
ETHUSDT,development,518,1,0.0,-1.0000000000000004,0.0,0.0
BTCUSDT,development,519,1,0.0,-0.9999999999999992,0.0,0.0
ETHUSDT,development,519,1,0.0,-0.9999999999999997,0.0,0.0
BTCUSDT,development,520,1,0.0,-0.9999999999999992,0.0,0.0
ETHUSDT,development,520,1,0.0,-0.9999999999999988,0.0,0.0
BTCUSDT,development,521,1,0.0,-0.9999999999999992,0.0,0.0
ETHUSDT,development,521,1,0.0,-1.0000000000000004,0.0,0.0
BTCUSDT,development,522,0,,,,0.0
ETHUSDT,development,522,1,0.0,-0.9999999999999997,0.0,0.0
BTCUSDT,development,523,0,,,,0.0
ETHUSDT,development,523,1,0.0,-0.9999999999999988,0.0,0.0
BTCUSDT,development,524,0,,,,0.0
ETHUSDT,development,524,1,0.0,-1.0000000000000004,0.0,0.0
BTCUSDT,development,525,0,,,,0.0
ETHUSDT,development,525,0,,,,0.0
BTCUSDT,development,526,0,,,,0.0
ETHUSDT,development,526,0,,,,0.0
BTCUSDT,development,527,0,,,,0.0
ETHUSDT,development,527,0,,,,0.0
BTCUSDT,development,528,0,,,,0.0
ETHUSDT,development,528,0,,,,0.0
BTCUSDT,development,529,0,,,,0.0
ETHUSDT,development,529,0,,,,0.0
BTCUSDT,development,530,0,,,,0.0
ETHUSDT,development,530,0,,,,0.0
BTCUSDT,development,531,0,,,,0.0
ETHUSDT,development,531,0,,,,0.0
BTCUSDT,development,532,0,,,,0.0
ETHUSDT,development,532,0,,,,0.0
BTCUSDT,development,533,0,,,,0.0
ETHUSDT,development,533,0,,,,0.0
BTCUSDT,development,534,0,,,,0.0
ETHUSDT,development,534,0,,,,0.0
BTCUSDT,development,535,0,,,,0.0
ETHUSDT,development,535,0,,,,0.0
BTCUSDT,development,536,0,,,,0.0
ETHUSDT,development,536,0,,,,0.0
BTCUSDT,development,537,0,,,,0.0
ETHUSDT,development,537,0,,,,0.0
BTCUSDT,development,538,0,,,,0.0
ETHUSDT,development,538,0,,,,0.0
BTCUSDT,development,539,0,,,,0.0
ETHUSDT,development,539,0,,,,0.0
BTCUSDT,development,540,8,0.375,0.43482662265171834,1.695722596242749,-3.0000000000000018
ETHUSDT,development,540,9,0.1111111111111111,-0.5670705458595259,0.36204563590803346,-7.0
BTCUSDT,development,541,8,0.375,0.438847899820426,1.702156639712681,-3.000000000000003
ETHUSDT,development,541,9,0.1111111111111111,-0.566752099067762,0.3624038885487674,-6.999999999999998
BTCUSDT,development,542,8,0.375,0.44441688461369866,1.7110670153819172,-3.000000000000005
ETHUSDT,development,542,9,0.1111111111111111,-0.5662587704645872,0.36295888322733916,-6.999999999999998
BTCUSDT,development,543,3,0.3333333333333333,0.31316434307320967,1.4697465146098143,-1.0000000000000022
ETHUSDT,development,543,3,0.0,-0.9999999999999997,0.0,-1.9999999999999987
BTCUSDT,development,544,3,0.3333333333333333,0.31348158701517254,1.4702223805227588,-1.0000000000000013
ETHUSDT,development,544,3,0.0,-0.9999999999999992,0.0,-1.9999999999999978
BTCUSDT,development,545,3,0.3333333333333333,0.3139887155913567,1.4709830733870353,-1.0
ETHUSDT,development,545,3,0.0,-1.0,0.0,-1.9999999999999996
BTCUSDT,development,546,2,0.5,0.9697465146098141,2.9394930292196237,-1.0000000000000022
ETHUSDT,development,546,2,0.0,-1.0,0.0,-0.9999999999999996
BTCUSDT,development,547,2,0.5,0.9702223805227583,2.940444761045514,-1.0000000000000013
ETHUSDT,development,547,2,0.0,-0.9999999999999993,0.0,-0.9999999999999988
BTCUSDT,development,548,2,0.5,0.9709830733870346,2.941966146774069,-1.0
ETHUSDT,development,548,2,0.0,-1.0000000000000004,0.0,-1.0000000000000004
BTCUSDT,development,549,0,,,,0.0
ETHUSDT,development,549,0,,,,0.0
BTCUSDT,development,550,0,,,,0.0
ETHUSDT,development,550,0,,,,0.0
BTCUSDT,development,551,0,,,,0.0
ETHUSDT,development,551,0,,,,0.0
BTCUSDT,development,552,4,0.5,0.8847799879985301,2.769559975997062,-0.999999999999999
ETHUSDT,development,552,5,0.2,-0.22072698254714646,0.7240912718160669,-4.0
BTCUSDT,development,553,4,0.5,0.892584609379473,2.7851692187589454,-1.0000000000000018
ETHUSDT,development,553,5,0.2,-0.22015377832197164,0.7248077770975353,-3.9999999999999973
BTCUSDT,development,554,4,0.5,0.9033422325338801,2.806684465067756,-1.0000000000000058
ETHUSDT,development,554,5,0.2,-0.21926578683625744,0.7259177664546782,-3.9999999999999996
BTCUSDT,development,555,1,0.0,-0.9999999999999992,0.0,0.0
ETHUSDT,development,555,2,0.0,-1.0,0.0,-0.9999999999999996
BTCUSDT,development,556,1,0.0,-0.9999999999999992,0.0,0.0
ETHUSDT,development,556,2,0.0,-0.9999999999999993,0.0,-0.9999999999999988
BTCUSDT,development,557,1,0.0,-0.9999999999999992,0.0,0.0
ETHUSDT,development,557,2,0.0,-1.0000000000000004,0.0,-1.0000000000000004
BTCUSDT,development,558,0,,,,0.0
ETHUSDT,development,558,2,0.0,-1.0,0.0,-0.9999999999999996
BTCUSDT,development,559,0,,,,0.0
ETHUSDT,development,559,2,0.0,-0.9999999999999993,0.0,-0.9999999999999988
BTCUSDT,development,560,0,,,,0.0
ETHUSDT,development,560,2,0.0,-1.0000000000000004,0.0,-1.0000000000000004
BTCUSDT,development,561,0,,,,0.0
ETHUSDT,development,561,0,,,,0.0
BTCUSDT,development,562,0,,,,0.0
ETHUSDT,development,562,0,,,,0.0
BTCUSDT,development,563,0,,,,0.0
ETHUSDT,development,563,0,,,,0.0
BTCUSDT,development,564,3,0.6666666666666666,1.5130399839980397,5.539119951994124,-0.9999999999999991
ETHUSDT,development,564,5,0.2,-0.22072698254714637,0.724091271816067,-3.9999999999999996
BTCUSDT,development,565,3,0.6666666666666666,1.5234461458392972,5.570338437517884,-1.0000000000000018
ETHUSDT,development,565,5,0.2,-0.22015377832197167,0.7248077770975352,-3.9999999999999973
BTCUSDT,development,566,3,0.6666666666666666,1.5377896433785068,5.613368930135493,-1.0000000000000058
ETHUSDT,development,566,5,0.2,-0.21926578683625722,0.7259177664546784,-3.9999999999999982
BTCUSDT,development,567,0,,,,0.0
ETHUSDT,development,567,2,0.0,-0.9999999999999998,0.0,-0.9999999999999991
BTCUSDT,development,568,0,,,,0.0
ETHUSDT,development,568,2,0.0,-0.9999999999999996,0.0,-0.9999999999999992
BTCUSDT,development,569,0,,,,0.0
ETHUSDT,development,569,2,0.0,-0.9999999999999998,0.0,-0.9999999999999991
BTCUSDT,development,570,0,,,,0.0
ETHUSDT,development,570,1,0.0,-1.0000000000000004,0.0,0.0
BTCUSDT,development,571,0,,,,0.0
ETHUSDT,development,571,1,0.0,-0.9999999999999999,0.0,0.0
BTCUSDT,development,572,0,,,,0.0
ETHUSDT,development,572,1,0.0,-1.0000000000000004,0.0,0.0
BTCUSDT,development,573,0,,,,0.0
ETHUSDT,development,573,0,,,,0.0
BTCUSDT,development,574,0,,,,0.0
ETHUSDT,development,574,0,,,,0.0
BTCUSDT,development,575,0,,,,0.0
ETHUSDT,development,575,0,,,,0.0
BTCUSDT,development,576,5,0.4,0.5578099447904245,1.9296832413173735,-1.0000000000000022
ETHUSDT,development,576,4,0.0,-0.9999999999999997,0.0,-2.9999999999999982
BTCUSDT,development,577,5,0.4,0.5592121295999379,1.9320202159998963,-1.0000000000000013
ETHUSDT,development,577,4,0.0,-0.999999999999999,0.0,-2.999999999999997
BTCUSDT,development,578,5,0.4,0.5613328604219233,1.935554767369872,-1.0000000000000013
ETHUSDT,development,578,4,0.0,-0.9999999999999996,0.0,-2.999999999999999
BTCUSDT,development,579,3,0.3333333333333333,0.31316434307320967,1.4697465146098143,-1.0000000000000022
ETHUSDT,development,579,2,0.0,-0.9999999999999993,0.0,-0.999999999999999
BTCUSDT,development,580,3,0.3333333333333333,0.31348158701517254,1.4702223805227588,-1.0000000000000013
ETHUSDT,development,580,2,0.0,-0.9999999999999989,0.0,-0.999999999999999
BTCUSDT,development,581,3,0.3333333333333333,0.3139887155913567,1.4709830733870353,-1.0
ETHUSDT,development,581,2,0.0,-0.9999999999999998,0.0,-0.9999999999999991
BTCUSDT,development,582,2,0.5,0.9697465146098141,2.9394930292196237,-1.0000000000000022
ETHUSDT,development,582,1,0.0,-0.9999999999999997,0.0,0.0
BTCUSDT,development,583,2,0.5,0.9702223805227583,2.940444761045514,-1.0000000000000013
ETHUSDT,development,583,1,0.0,-0.9999999999999988,0.0,0.0
BTCUSDT,development,584,2,0.5,0.9709830733870346,2.941966146774069,-1.0
ETHUSDT,development,584,1,0.0,-1.0000000000000004,0.0,0.0
BTCUSDT,development,585,0,,,,0.0
ETHUSDT,development,585,0,,,,0.0
BTCUSDT,development,586,0,,,,0.0
ETHUSDT,development,586,0,,,,0.0
BTCUSDT,development,587,0,,,,0.0
ETHUSDT,development,587,0,,,,0.0
BTCUSDT,development,588,2,0.5,0.9247783473662474,2.849556694732496,0.0
ETHUSDT,development,588,3,0.0,-0.9999999999999999,0.0,-1.9999999999999991
BTCUSDT,development,589,2,0.5,0.9278079434770872,2.8556158869541757,0.0
ETHUSDT,development,589,3,0.0,-0.999999999999999,0.0,-1.9999999999999978
BTCUSDT,development,590,2,0.5,0.9323490776677743,2.86469815533555,0.0
ETHUSDT,development,590,3,0.0,-0.9999999999999997,0.0,-2.0
BTCUSDT,development,591,1,0.0,-0.9999999999999992,0.0,0.0
ETHUSDT,development,591,1,0.0,-0.9999999999999997,0.0,0.0
BTCUSDT,development,592,1,0.0,-0.9999999999999992,0.0,0.0
ETHUSDT,development,592,1,0.0,-0.9999999999999988,0.0,0.0
BTCUSDT,development,593,1,0.0,-0.9999999999999992,0.0,0.0
ETHUSDT,development,593,1,0.0,-1.0000000000000004,0.0,0.0
BTCUSDT,development,594,0,,,,0.0
ETHUSDT,development,594,1,0.0,-0.9999999999999997,0.0,0.0
BTCUSDT,development,595,0,,,,0.0
ETHUSDT,development,595,1,0.0,-0.9999999999999988,0.0,0.0
BTCUSDT,development,596,0,,,,0.0
ETHUSDT,development,596,1,0.0,-1.0000000000000004,0.0,0.0
BTCUSDT,development,597,0,,,,0.0
ETHUSDT,development,597,0,,,,0.0
BTCUSDT,development,598,0,,,,0.0
ETHUSDT,development,598,0,,,,0.0
BTCUSDT,development,599,0,,,,0.0
ETHUSDT,development,599,0,,,,0.0
BTCUSDT,development,600,1,1.0,2.849556694732494,inf,0.0
ETHUSDT,development,600,3,0.0,-0.9999999999999997,0.0,-1.9999999999999987
BTCUSDT,development,601,1,1.0,2.8556158869541735,inf,0.0
ETHUSDT,development,601,3,0.0,-0.9999999999999991,0.0,-1.9999999999999982
BTCUSDT,development,602,1,1.0,2.8646981553355477,inf,0.0
ETHUSDT,development,602,3,0.0,-0.9999999999999992,0.0,-1.9999999999999987
BTCUSDT,development,603,0,,,,0.0
ETHUSDT,development,603,1,0.0,-0.9999999999999991,0.0,0.0
BTCUSDT,development,604,0,,,,0.0
ETHUSDT,development,604,1,0.0,-0.9999999999999991,0.0,0.0
BTCUSDT,development,605,0,,,,0.0
ETHUSDT,development,605,1,0.0,-0.9999999999999992,0.0,0.0
BTCUSDT,development,606,0,,,,0.0
ETHUSDT,development,606,0,,,,0.0
BTCUSDT,development,607,0,,,,0.0
ETHUSDT,development,607,0,,,,0.0
BTCUSDT,development,608,0,,,,0.0
ETHUSDT,development,608,0,,,,0.0
BTCUSDT,development,609,0,,,,0.0
ETHUSDT,development,609,0,,,,0.0
BTCUSDT,development,610,0,,,,0.0
ETHUSDT,development,610,0,,,,0.0
BTCUSDT,development,611,0,,,,0.0
ETHUSDT,development,611,0,,,,0.0
BTCUSDT,development,612,3,0.3333333333333333,0.31316434307320967,1.4697465146098143,-1.0000000000000022
ETHUSDT,development,612,1,0.0,-0.9999999999999997,0.0,0.0
BTCUSDT,development,613,3,0.3333333333333333,0.31348158701517254,1.4702223805227588,-1.0000000000000013
ETHUSDT,development,613,1,0.0,-0.9999999999999988,0.0,0.0
BTCUSDT,development,614,3,0.3333333333333333,0.3139887155913567,1.4709830733870353,-1.0
ETHUSDT,development,614,1,0.0,-1.0000000000000004,0.0,0.0
BTCUSDT,development,615,3,0.3333333333333333,0.31316434307320967,1.4697465146098143,-1.0000000000000022
ETHUSDT,development,615,1,0.0,-0.9999999999999997,0.0,0.0
BTCUSDT,development,616,3,0.3333333333333333,0.31348158701517254,1.4702223805227588,-1.0000000000000013
ETHUSDT,development,616,1,0.0,-0.9999999999999988,0.0,0.0
BTCUSDT,development,617,3,0.3333333333333333,0.3139887155913567,1.4709830733870353,-1.0
ETHUSDT,development,617,1,0.0,-1.0000000000000004,0.0,0.0
BTCUSDT,development,618,2,0.5,0.9697465146098141,2.9394930292196237,-1.0000000000000022
ETHUSDT,development,618,1,0.0,-0.9999999999999997,0.0,0.0
BTCUSDT,development,619,2,0.5,0.9702223805227583,2.940444761045514,-1.0000000000000013
ETHUSDT,development,619,1,0.0,-0.9999999999999988,0.0,0.0
BTCUSDT,development,620,2,0.5,0.9709830733870346,2.941966146774069,-1.0
ETHUSDT,development,620,1,0.0,-1.0000000000000004,0.0,0.0
BTCUSDT,development,621,0,,,,0.0
ETHUSDT,development,621,0,,,,0.0
BTCUSDT,development,622,0,,,,0.0
ETHUSDT,development,622,0,,,,0.0
BTCUSDT,development,623,0,,,,0.0
ETHUSDT,development,623,0,,,,0.0
BTCUSDT,development,624,1,0.0,-0.9999999999999992,0.0,0.0
ETHUSDT,development,624,1,0.0,-0.9999999999999997,0.0,0.0
BTCUSDT,development,625,1,0.0,-0.9999999999999992,0.0,0.0
ETHUSDT,development,625,1,0.0,-0.9999999999999988,0.0,0.0
BTCUSDT,development,626,1,0.0,-0.9999999999999992,0.0,0.0
ETHUSDT,development,626,1,0.0,-1.0000000000000004,0.0,0.0
BTCUSDT,development,627,1,0.0,-0.9999999999999992,0.0,0.0
ETHUSDT,development,627,1,0.0,-0.9999999999999997,0.0,0.0
BTCUSDT,development,628,1,0.0,-0.9999999999999992,0.0,0.0
ETHUSDT,development,628,1,0.0,-0.9999999999999988,0.0,0.0
BTCUSDT,development,629,1,0.0,-0.9999999999999992,0.0,0.0
ETHUSDT,development,629,1,0.0,-1.0000000000000004,0.0,0.0
BTCUSDT,development,630,0,,,,0.0
ETHUSDT,development,630,1,0.0,-0.9999999999999997,0.0,0.0
BTCUSDT,development,631,0,,,,0.0
ETHUSDT,development,631,1,0.0,-0.9999999999999988,0.0,0.0
BTCUSDT,development,632,0,,,,0.0
ETHUSDT,development,632,1,0.0,-1.0000000000000004,0.0,0.0
BTCUSDT,development,633,0,,,,0.0
ETHUSDT,development,633,0,,,,0.0
BTCUSDT,development,634,0,,,,0.0
ETHUSDT,development,634,0,,,,0.0
BTCUSDT,development,635,0,,,,0.0
ETHUSDT,development,635,0,,,,0.0
BTCUSDT,development,636,0,,,,0.0
ETHUSDT,development,636,0,,,,0.0
BTCUSDT,development,637,0,,,,0.0
ETHUSDT,development,637,0,,,,0.0
BTCUSDT,development,638,0,,,,0.0
ETHUSDT,development,638,0,,,,0.0
BTCUSDT,development,639,0,,,,0.0
ETHUSDT,development,639,0,,,,0.0
BTCUSDT,development,640,0,,,,0.0
ETHUSDT,development,640,0,,,,0.0
BTCUSDT,development,641,0,,,,0.0
ETHUSDT,development,641,0,,,,0.0
BTCUSDT,development,642,0,,,,0.0
ETHUSDT,development,642,0,,,,0.0
BTCUSDT,development,643,0,,,,0.0
ETHUSDT,development,643,0,,,,0.0
BTCUSDT,development,644,0,,,,0.0
ETHUSDT,development,644,0,,,,0.0
BTCUSDT,development,645,0,,,,0.0
ETHUSDT,development,645,0,,,,0.0
BTCUSDT,development,646,0,,,,0.0
ETHUSDT,development,646,0,,,,0.0
BTCUSDT,development,647,0,,,,0.0
ETHUSDT,development,647,0,,,,0.0
BTCUSDT,development,648,5,0.0,-1.000000000000001,0.0,-4.000000000000006
ETHUSDT,development,648,7,0.14285714285714285,-0.44337641610510453,0.4827275145440446,-4.999999999999999
BTCUSDT,development,649,5,0.0,-1.000000000000001,0.0,-4.000000000000006
ETHUSDT,development,649,7,0.14285714285714285,-0.4429669845156938,0.4832051847316901,-4.9999999999999964
BTCUSDT,development,650,5,0.0,-1.0000000000000004,0.0,-4.000000000000003
ETHUSDT,development,650,7,0.14285714285714285,-0.4423327048830408,0.4839451776364523,-4.999999999999998
BTCUSDT,development,651,2,0.0,-1.0000000000000007,0.0,-1.0000000000000022
ETHUSDT,development,651,3,0.0,-0.9999999999999997,0.0,-1.9999999999999987
BTCUSDT,development,652,2,0.0,-1.0000000000000002,0.0,-1.0000000000000013
ETHUSDT,development,652,3,0.0,-0.9999999999999992,0.0,-1.9999999999999978
BTCUSDT,development,653,2,0.0,-0.9999999999999996,0.0,-0.9999999999999999
ETHUSDT,development,653,3,0.0,-1.0,0.0,-1.9999999999999996
BTCUSDT,development,654,1,0.0,-1.0000000000000022,0.0,0.0
ETHUSDT,development,654,2,0.0,-1.0,0.0,-0.9999999999999996
BTCUSDT,development,655,1,0.0,-1.0000000000000013,0.0,0.0
ETHUSDT,development,655,2,0.0,-0.9999999999999993,0.0,-0.9999999999999988
BTCUSDT,development,656,1,0.0,-1.0,0.0,0.0
ETHUSDT,development,656,2,0.0,-1.0000000000000004,0.0,-1.0000000000000004
BTCUSDT,development,657,0,,,,0.0
ETHUSDT,development,657,0,,,,0.0
BTCUSDT,development,658,0,,,,0.0
ETHUSDT,development,658,0,,,,0.0
BTCUSDT,development,659,0,,,,0.0
ETHUSDT,development,659,0,,,,0.0
BTCUSDT,development,660,1,0.0,-0.9999999999999992,0.0,0.0
ETHUSDT,development,660,5,0.2,-0.22072698254714646,0.7240912718160669,-4.0
BTCUSDT,development,661,1,0.0,-0.9999999999999992,0.0,0.0
ETHUSDT,development,661,5,0.2,-0.22015377832197164,0.7248077770975353,-3.9999999999999973
BTCUSDT,development,662,1,0.0,-0.9999999999999992,0.0,0.0
ETHUSDT,development,662,5,0.2,-0.21926578683625744,0.7259177664546782,-3.9999999999999996
BTCUSDT,development,663,1,0.0,-0.9999999999999992,0.0,0.0
ETHUSDT,development,663,2,0.0,-1.0,0.0,-0.9999999999999996
BTCUSDT,development,664,1,0.0,-0.9999999999999992,0.0,0.0
ETHUSDT,development,664,2,0.0,-0.9999999999999993,0.0,-0.9999999999999988
BTCUSDT,development,665,1,0.0,-0.9999999999999992,0.0,0.0
ETHUSDT,development,665,2,0.0,-1.0000000000000004,0.0,-1.0000000000000004
BTCUSDT,development,666,0,,,,0.0
ETHUSDT,development,666,2,0.0,-1.0,0.0,-0.9999999999999996
BTCUSDT,development,667,0,,,,0.0
ETHUSDT,development,667,2,0.0,-0.9999999999999993,0.0,-0.9999999999999988
BTCUSDT,development,668,0,,,,0.0
ETHUSDT,development,668,2,0.0,-1.0000000000000004,0.0,-1.0000000000000004
BTCUSDT,development,669,0,,,,0.0
ETHUSDT,development,669,0,,,,0.0
BTCUSDT,development,670,0,,,,0.0
ETHUSDT,development,670,0,,,,0.0
BTCUSDT,development,671,0,,,,0.0
ETHUSDT,development,671,0,,,,0.0
BTCUSDT,development,672,0,,,,0.0
ETHUSDT,development,672,5,0.2,-0.22072698254714637,0.724091271816067,-3.9999999999999996
BTCUSDT,development,673,0,,,,0.0
ETHUSDT,development,673,5,0.2,-0.22015377832197167,0.7248077770975352,-3.9999999999999973
BTCUSDT,development,674,0,,,,0.0
ETHUSDT,development,674,5,0.2,-0.21926578683625722,0.7259177664546784,-3.9999999999999982
BTCUSDT,development,675,0,,,,0.0
ETHUSDT,development,675,2,0.0,-0.9999999999999998,0.0,-0.9999999999999991
BTCUSDT,development,676,0,,,,0.0
ETHUSDT,development,676,2,0.0,-0.9999999999999996,0.0,-0.9999999999999992
BTCUSDT,development,677,0,,,,0.0
ETHUSDT,development,677,2,0.0,-0.9999999999999998,0.0,-0.9999999999999991
BTCUSDT,development,678,0,,,,0.0
ETHUSDT,development,678,1,0.0,-1.0000000000000004,0.0,0.0
BTCUSDT,development,679,0,,,,0.0
ETHUSDT,development,679,1,0.0,-0.9999999999999999,0.0,0.0
BTCUSDT,development,680,0,,,,0.0
ETHUSDT,development,680,1,0.0,-1.0000000000000004,0.0,0.0
BTCUSDT,development,681,0,,,,0.0
ETHUSDT,development,681,0,,,,0.0
BTCUSDT,development,682,0,,,,0.0
ETHUSDT,development,682,0,,,,0.0
BTCUSDT,development,683,0,,,,0.0
ETHUSDT,development,683,0,,,,0.0
BTCUSDT,development,684,3,0.0,-1.0000000000000007,0.0,-2.000000000000003
ETHUSDT,development,684,4,0.0,-0.9999999999999997,0.0,-2.9999999999999982
BTCUSDT,development,685,3,0.0,-1.0000000000000007,0.0,-2.0000000000000027
ETHUSDT,development,685,4,0.0,-0.999999999999999,0.0,-2.999999999999997
BTCUSDT,development,686,3,0.0,-1.0000000000000002,0.0,-2.0000000000000013
ETHUSDT,development,686,4,0.0,-0.9999999999999996,0.0,-2.999999999999999
BTCUSDT,development,687,2,0.0,-1.0000000000000007,0.0,-1.0000000000000022
ETHUSDT,development,687,2,0.0,-0.9999999999999993,0.0,-0.999999999999999
BTCUSDT,development,688,2,0.0,-1.0000000000000002,0.0,-1.0000000000000013
ETHUSDT,development,688,2,0.0,-0.9999999999999989,0.0,-0.999999999999999
BTCUSDT,development,689,2,0.0,-0.9999999999999996,0.0,-0.9999999999999999
ETHUSDT,development,689,2,0.0,-0.9999999999999998,0.0,-0.9999999999999991
BTCUSDT,development,690,1,0.0,-1.0000000000000022,0.0,0.0
ETHUSDT,development,690,1,0.0,-0.9999999999999997,0.0,0.0
BTCUSDT,development,691,1,0.0,-1.0000000000000013,0.0,0.0
ETHUSDT,development,691,1,0.0,-0.9999999999999988,0.0,0.0
BTCUSDT,development,692,1,0.0,-1.0,0.0,0.0
ETHUSDT,development,692,1,0.0,-1.0000000000000004,0.0,0.0
BTCUSDT,development,693,0,,,,0.0
ETHUSDT,development,693,0,,,,0.0
BTCUSDT,development,694,0,,,,0.0
ETHUSDT,development,694,0,,,,0.0
BTCUSDT,development,695,0,,,,0.0
ETHUSDT,development,695,0,,,,0.0
BTCUSDT,development,696,1,0.0,-0.9999999999999992,0.0,0.0
ETHUSDT,development,696,3,0.0,-0.9999999999999999,0.0,-1.9999999999999991
BTCUSDT,development,697,1,0.0,-0.9999999999999992,0.0,0.0
ETHUSDT,development,697,3,0.0,-0.999999999999999,0.0,-1.9999999999999978
BTCUSDT,development,698,1,0.0,-0.9999999999999992,0.0,0.0
ETHUSDT,development,698,3,0.0,-0.9999999999999997,0.0,-2.0
BTCUSDT,development,699,1,0.0,-0.9999999999999992,0.0,0.0
ETHUSDT,development,699,1,0.0,-0.9999999999999997,0.0,0.0
BTCUSDT,development,700,1,0.0,-0.9999999999999992,0.0,0.0
ETHUSDT,development,700,1,0.0,-0.9999999999999988,0.0,0.0
BTCUSDT,development,701,1,0.0,-0.9999999999999992,0.0,0.0
ETHUSDT,development,701,1,0.0,-1.0000000000000004,0.0,0.0
BTCUSDT,development,702,0,,,,0.0
ETHUSDT,development,702,1,0.0,-0.9999999999999997,0.0,0.0
BTCUSDT,development,703,0,,,,0.0
ETHUSDT,development,703,1,0.0,-0.9999999999999988,0.0,0.0
BTCUSDT,development,704,0,,,,0.0
ETHUSDT,development,704,1,0.0,-1.0000000000000004,0.0,0.0
BTCUSDT,development,705,0,,,,0.0
ETHUSDT,development,705,0,,,,0.0
BTCUSDT,development,706,0,,,,0.0
ETHUSDT,development,706,0,,,,0.0
BTCUSDT,development,707,0,,,,0.0
ETHUSDT,development,707,0,,,,0.0
BTCUSDT,development,708,0,,,,0.0
ETHUSDT,development,708,3,0.0,-0.9999999999999997,0.0,-1.9999999999999987
BTCUSDT,development,709,0,,,,0.0
ETHUSDT,development,709,3,0.0,-0.9999999999999991,0.0,-1.9999999999999982
BTCUSDT,development,710,0,,,,0.0
ETHUSDT,development,710,3,0.0,-0.9999999999999992,0.0,-1.9999999999999987
BTCUSDT,development,711,0,,,,0.0
ETHUSDT,development,711,1,0.0,-0.9999999999999991,0.0,0.0
BTCUSDT,development,712,0,,,,0.0
ETHUSDT,development,712,1,0.0,-0.9999999999999991,0.0,0.0
BTCUSDT,development,713,0,,,,0.0
ETHUSDT,development,713,1,0.0,-0.9999999999999992,0.0,0.0
BTCUSDT,development,714,0,,,,0.0
ETHUSDT,development,714,0,,,,0.0
BTCUSDT,development,715,0,,,,0.0
ETHUSDT,development,715,0,,,,0.0
BTCUSDT,development,716,0,,,,0.0
ETHUSDT,development,716,0,,,,0.0
BTCUSDT,development,717,0,,,,0.0
ETHUSDT,development,717,0,,,,0.0
BTCUSDT,development,718,0,,,,0.0
ETHUSDT,development,718,0,,,,0.0
BTCUSDT,development,719,0,,,,0.0
ETHUSDT,development,719,0,,,,0.0
BTCUSDT,development,720,2,0.0,-1.0000000000000007,0.0,-1.0000000000000022
ETHUSDT,development,720,1,0.0,-0.9999999999999997,0.0,0.0
BTCUSDT,development,721,2,0.0,-1.0000000000000002,0.0,-1.0000000000000013
ETHUSDT,development,721,1,0.0,-0.9999999999999988,0.0,0.0
BTCUSDT,development,722,2,0.0,-0.9999999999999996,0.0,-0.9999999999999999
ETHUSDT,development,722,1,0.0,-1.0000000000000004,0.0,0.0
BTCUSDT,development,723,2,0.0,-1.0000000000000007,0.0,-1.0000000000000022
ETHUSDT,development,723,1,0.0,-0.9999999999999997,0.0,0.0
BTCUSDT,development,724,2,0.0,-1.0000000000000002,0.0,-1.0000000000000013
ETHUSDT,development,724,1,0.0,-0.9999999999999988,0.0,0.0
BTCUSDT,development,725,2,0.0,-0.9999999999999996,0.0,-0.9999999999999999
ETHUSDT,development,725,1,0.0,-1.0000000000000004,0.0,0.0
BTCUSDT,development,726,1,0.0,-1.0000000000000022,0.0,0.0
ETHUSDT,development,726,1,0.0,-0.9999999999999997,0.0,0.0
BTCUSDT,development,727,1,0.0,-1.0000000000000013,0.0,0.0
ETHUSDT,development,727,1,0.0,-0.9999999999999988,0.0,0.0
BTCUSDT,development,728,1,0.0,-1.0,0.0,0.0
ETHUSDT,development,728,1,0.0,-1.0000000000000004,0.0,0.0
BTCUSDT,development,729,0,,,,0.0
ETHUSDT,development,729,0,,,,0.0
BTCUSDT,development,730,0,,,,0.0
ETHUSDT,development,730,0,,,,0.0
BTCUSDT,development,731,0,,,,0.0
ETHUSDT,development,731,0,,,,0.0
BTCUSDT,development,732,1,0.0,-0.9999999999999992,0.0,0.0
ETHUSDT,development,732,1,0.0,-0.9999999999999997,0.0,0.0
BTCUSDT,development,733,1,0.0,-0.9999999999999992,0.0,0.0
ETHUSDT,development,733,1,0.0,-0.9999999999999988,0.0,0.0
BTCUSDT,development,734,1,0.0,-0.9999999999999992,0.0,0.0
ETHUSDT,development,734,1,0.0,-1.0000000000000004,0.0,0.0
BTCUSDT,development,735,1,0.0,-0.9999999999999992,0.0,0.0
ETHUSDT,development,735,1,0.0,-0.9999999999999997,0.0,0.0
BTCUSDT,development,736,1,0.0,-0.9999999999999992,0.0,0.0
ETHUSDT,development,736,1,0.0,-0.9999999999999988,0.0,0.0
BTCUSDT,development,737,1,0.0,-0.9999999999999992,0.0,0.0
ETHUSDT,development,737,1,0.0,-1.0000000000000004,0.0,0.0
BTCUSDT,development,738,0,,,,0.0
ETHUSDT,development,738,1,0.0,-0.9999999999999997,0.0,0.0
BTCUSDT,development,739,0,,,,0.0
ETHUSDT,development,739,1,0.0,-0.9999999999999988,0.0,0.0
BTCUSDT,development,740,0,,,,0.0
ETHUSDT,development,740,1,0.0,-1.0000000000000004,0.0,0.0
BTCUSDT,development,741,0,,,,0.0
ETHUSDT,development,741,0,,,,0.0
BTCUSDT,development,742,0,,,,0.0
ETHUSDT,development,742,0,,,,0.0
BTCUSDT,development,743,0,,,,0.0
ETHUSDT,development,743,0,,,,0.0
BTCUSDT,development,744,0,,,,0.0
ETHUSDT,development,744,0,,,,0.0
BTCUSDT,development,745,0,,,,0.0
ETHUSDT,development,745,0,,,,0.0
BTCUSDT,development,746,0,,,,0.0
ETHUSDT,development,746,0,,,,0.0
BTCUSDT,development,747,0,,,,0.0
ETHUSDT,development,747,0,,,,0.0
BTCUSDT,development,748,0,,,,0.0
ETHUSDT,development,748,0,,,,0.0
BTCUSDT,development,749,0,,,,0.0
ETHUSDT,development,749,0,,,,0.0
BTCUSDT,development,750,0,,,,0.0
ETHUSDT,development,750,0,,,,0.0
BTCUSDT,development,751,0,,,,0.0
ETHUSDT,development,751,0,,,,0.0
BTCUSDT,development,752,0,,,,0.0
ETHUSDT,development,752,0,,,,0.0
BTCUSDT,development,753,0,,,,0.0
ETHUSDT,development,753,0,,,,0.0
BTCUSDT,development,754,0,,,,0.0
ETHUSDT,development,754,0,,,,0.0
BTCUSDT,development,755,0,,,,0.0
ETHUSDT,development,755,0,,,,0.0
BTCUSDT,development,756,9,0.2222222222222222,-0.1364507573302769,0.8245633120039295,-3.0000000000000053
ETHUSDT,development,756,9,0.1111111111111111,-0.5670705458595258,0.36204563590803346,-6.000000000000003
BTCUSDT,development,757,9,0.2222222222222222,-0.13551086170015805,0.825771749242654,-3.0000000000000053
ETHUSDT,development,757,9,0.1111111111111111,-0.5667520990677622,0.3624038885487674,-6.0
BTCUSDT,development,758,9,0.2222222222222222,-0.13410614220051717,0.8275778171707637,-3.000000000000001
ETHUSDT,development,758,9,0.1111111111111111,-0.5662587704645874,0.3629588832273391,-6.000000000000001
BTCUSDT,development,759,3,0.3333333333333333,0.31316434307320967,1.4697465146098143,-1.0000000000000022
ETHUSDT,development,759,4,0.0,-0.999999999999999,0.0,-2.999999999999999
BTCUSDT,development,760,3,0.3333333333333333,0.31348158701517254,1.4702223805227588,-1.0000000000000013
ETHUSDT,development,760,4,0.0,-0.9999999999999992,0.0,-2.999999999999998
BTCUSDT,development,761,3,0.3333333333333333,0.3139887155913567,1.4709830733870353,-1.0
ETHUSDT,development,761,4,0.0,-0.9999999999999998,0.0,-3.0
BTCUSDT,development,762,2,0.5,0.9697465146098141,2.9394930292196237,-1.0000000000000022
ETHUSDT,development,762,2,0.0,-1.0,0.0,-0.9999999999999996
BTCUSDT,development,763,2,0.5,0.9702223805227583,2.940444761045514,-1.0000000000000013
ETHUSDT,development,763,2,0.0,-0.9999999999999993,0.0,-0.9999999999999988
BTCUSDT,development,764,2,0.5,0.9709830733870346,2.941966146774069,-1.0
ETHUSDT,development,764,2,0.0,-1.0000000000000004,0.0,-1.0000000000000004
BTCUSDT,development,765,0,,,,0.0
ETHUSDT,development,765,0,,,,0.0
BTCUSDT,development,766,0,,,,0.0
ETHUSDT,development,766,0,,,,0.0
BTCUSDT,development,767,0,,,,0.0
ETHUSDT,development,767,0,,,,0.0
BTCUSDT,development,768,3,0.0,-0.9999999999999982,0.0,-1.9999999999999956
ETHUSDT,development,768,6,0.16666666666666666,-0.3506058187892882,0.5792730174528539,-4.0
BTCUSDT,development,769,3,0.0,-0.9999999999999994,0.0,-1.9999999999999991
ETHUSDT,development,769,6,0.16666666666666666,-0.3501281486016428,0.5798462216780282,-3.999999999999997
BTCUSDT,development,770,3,0.0,-1.0000000000000004,0.0,-2.000000000000002
ETHUSDT,development,770,6,0.16666666666666666,-0.34938815569688103,0.5807342131637426,-3.9999999999999996
BTCUSDT,development,771,1,0.0,-0.9999999999999992,0.0,0.0
ETHUSDT,development,771,3,0.0,-0.999999999999999,0.0,-2.0
BTCUSDT,development,772,1,0.0,-0.9999999999999992,0.0,0.0
ETHUSDT,development,772,3,0.0,-0.9999999999999992,0.0,-1.9999999999999987
BTCUSDT,development,773,1,0.0,-0.9999999999999992,0.0,0.0
ETHUSDT,development,773,3,0.0,-1.0,0.0,-2.000000000000001
BTCUSDT,development,774,0,,,,0.0
ETHUSDT,development,774,2,0.0,-1.0,0.0,-0.9999999999999996
BTCUSDT,development,775,0,,,,0.0
ETHUSDT,development,775,2,0.0,-0.9999999999999993,0.0,-0.9999999999999988
BTCUSDT,development,776,0,,,,0.0
ETHUSDT,development,776,2,0.0,-1.0000000000000004,0.0,-1.0000000000000004
BTCUSDT,development,777,0,,,,0.0
ETHUSDT,development,777,0,,,,0.0
BTCUSDT,development,778,0,,,,0.0
ETHUSDT,development,778,0,,,,0.0
BTCUSDT,development,779,0,,,,0.0
ETHUSDT,development,779,0,,,,0.0
BTCUSDT,development,780,2,0.0,-0.9999999999999976,0.0,-0.9999999999999989
ETHUSDT,development,780,6,0.16666666666666666,-0.35060581878928815,0.579273017452854,-3.9999999999999996
BTCUSDT,development,781,2,0.0,-0.9999999999999996,0.0,-1.0000000000000018
ETHUSDT,development,781,6,0.16666666666666666,-0.35012814860164293,0.5798462216780282,-3.9999999999999973
BTCUSDT,development,782,2,0.0,-1.000000000000001,0.0,-1.0000000000000058
ETHUSDT,development,782,6,0.16666666666666666,-0.3493881556968808,0.5807342131637427,-3.9999999999999982
BTCUSDT,development,783,0,,,,0.0
ETHUSDT,development,783,3,0.0,-0.9999999999999988,0.0,-1.9999999999999996
BTCUSDT,development,784,0,,,,0.0
ETHUSDT,development,784,3,0.0,-0.9999999999999994,0.0,-1.9999999999999991
BTCUSDT,development,785,0,,,,0.0
ETHUSDT,development,785,3,0.0,-0.9999999999999996,0.0,-1.9999999999999996
BTCUSDT,development,786,0,,,,0.0
ETHUSDT,development,786,1,0.0,-1.0000000000000004,0.0,0.0
BTCUSDT,development,787,0,,,,0.0
ETHUSDT,development,787,1,0.0,-0.9999999999999999,0.0,0.0
BTCUSDT,development,788,0,,,,0.0
ETHUSDT,development,788,1,0.0,-1.0000000000000004,0.0,0.0
BTCUSDT,development,789,0,,,,0.0
ETHUSDT,development,789,0,,,,0.0
BTCUSDT,development,790,0,,,,0.0
ETHUSDT,development,790,0,,,,0.0
BTCUSDT,development,791,0,,,,0.0
ETHUSDT,development,791,0,,,,0.0
BTCUSDT,development,792,5,0.2,-0.2121013941560736,0.7348732573049078,-1.9999999999999984
ETHUSDT,development,792,4,0.0,-0.9999999999999997,0.0,-2.9999999999999982
BTCUSDT,development,793,5,0.2,-0.21191104779089623,0.7351111902613796,-1.9999999999999987
ETHUSDT,development,793,4,0.0,-0.999999999999999,0.0,-2.999999999999997
BTCUSDT,development,794,5,0.2,-0.21160677064518554,0.7354915366935179,-1.9999999999999964
ETHUSDT,development,794,4,0.0,-0.9999999999999996,0.0,-2.999999999999999
BTCUSDT,development,795,3,0.3333333333333333,0.31316434307320967,1.4697465146098143,-1.0000000000000022
ETHUSDT,development,795,2,0.0,-0.9999999999999993,0.0,-0.999999999999999
BTCUSDT,development,796,3,0.3333333333333333,0.31348158701517254,1.4702223805227588,-1.0000000000000013
ETHUSDT,development,796,2,0.0,-0.9999999999999989,0.0,-0.999999999999999
BTCUSDT,development,797,3,0.3333333333333333,0.3139887155913567,1.4709830733870353,-1.0
ETHUSDT,development,797,2,0.0,-0.9999999999999998,0.0,-0.9999999999999991
BTCUSDT,development,798,2,0.5,0.9697465146098141,2.9394930292196237,-1.0000000000000022
ETHUSDT,development,798,1,0.0,-0.9999999999999997,0.0,0.0
BTCUSDT,development,799,2,0.5,0.9702223805227583,2.940444761045514,-1.0000000000000013
ETHUSDT,development,799,1,0.0,-0.9999999999999988,0.0,0.0
BTCUSDT,development,800,2,0.5,0.9709830733870346,2.941966146774069,-1.0
ETHUSDT,development,800,1,0.0,-1.0000000000000004,0.0,0.0
BTCUSDT,development,801,0,,,,0.0
ETHUSDT,development,801,0,,,,0.0
BTCUSDT,development,802,0,,,,0.0
ETHUSDT,development,802,0,,,,0.0
BTCUSDT,development,803,0,,,,0.0
ETHUSDT,development,803,0,,,,0.0
BTCUSDT,development,804,2,0.0,-0.9999999999999978,0.0,-0.9999999999999963
ETHUSDT,development,804,3,0.0,-0.9999999999999999,0.0,-1.9999999999999991
BTCUSDT,development,805,2,0.0,-0.9999999999999982,0.0,-0.9999999999999972
ETHUSDT,development,805,3,0.0,-0.999999999999999,0.0,-1.9999999999999978
BTCUSDT,development,806,2,0.0,-0.9999999999999978,0.0,-0.9999999999999963
ETHUSDT,development,806,3,0.0,-0.9999999999999997,0.0,-2.0
BTCUSDT,development,807,1,0.0,-0.9999999999999992,0.0,0.0
ETHUSDT,development,807,1,0.0,-0.9999999999999997,0.0,0.0
BTCUSDT,development,808,1,0.0,-0.9999999999999992,0.0,0.0
ETHUSDT,development,808,1,0.0,-0.9999999999999988,0.0,0.0
BTCUSDT,development,809,1,0.0,-0.9999999999999992,0.0,0.0
ETHUSDT,development,809,1,0.0,-1.0000000000000004,0.0,0.0
BTCUSDT,development,810,0,,,,0.0
ETHUSDT,development,810,1,0.0,-0.9999999999999997,0.0,0.0
BTCUSDT,development,811,0,,,,0.0
ETHUSDT,development,811,1,0.0,-0.9999999999999988,0.0,0.0
BTCUSDT,development,812,0,,,,0.0
ETHUSDT,development,812,1,0.0,-1.0000000000000004,0.0,0.0
BTCUSDT,development,813,0,,,,0.0
ETHUSDT,development,813,0,,,,0.0
BTCUSDT,development,814,0,,,,0.0
ETHUSDT,development,814,0,,,,0.0
BTCUSDT,development,815,0,,,,0.0
ETHUSDT,development,815,0,,,,0.0
BTCUSDT,development,816,1,0.0,-0.9999999999999962,0.0,0.0
ETHUSDT,development,816,3,0.0,-0.9999999999999997,0.0,-1.9999999999999987
BTCUSDT,development,817,1,0.0,-0.9999999999999972,0.0,0.0
ETHUSDT,development,817,3,0.0,-0.9999999999999991,0.0,-1.9999999999999982
BTCUSDT,development,818,1,0.0,-0.9999999999999963,0.0,0.0
ETHUSDT,development,818,3,0.0,-0.9999999999999992,0.0,-1.9999999999999987
BTCUSDT,development,819,0,,,,0.0
ETHUSDT,development,819,1,0.0,-0.9999999999999991,0.0,0.0
BTCUSDT,development,820,0,,,,0.0
ETHUSDT,development,820,1,0.0,-0.9999999999999991,0.0,0.0
BTCUSDT,development,821,0,,,,0.0
ETHUSDT,development,821,1,0.0,-0.9999999999999992,0.0,0.0
BTCUSDT,development,822,0,,,,0.0
ETHUSDT,development,822,0,,,,0.0
BTCUSDT,development,823,0,,,,0.0
ETHUSDT,development,823,0,,,,0.0
BTCUSDT,development,824,0,,,,0.0
ETHUSDT,development,824,0,,,,0.0
BTCUSDT,development,825,0,,,,0.0
ETHUSDT,development,825,0,,,,0.0
BTCUSDT,development,826,0,,,,0.0
ETHUSDT,development,826,0,,,,0.0
BTCUSDT,development,827,0,,,,0.0
ETHUSDT,development,827,0,,,,0.0
BTCUSDT,development,828,3,0.3333333333333333,0.31316434307320967,1.4697465146098143,-1.0000000000000022
ETHUSDT,development,828,1,0.0,-0.9999999999999997,0.0,0.0
BTCUSDT,development,829,3,0.3333333333333333,0.31348158701517254,1.4702223805227588,-1.0000000000000013
ETHUSDT,development,829,1,0.0,-0.9999999999999988,0.0,0.0
BTCUSDT,development,830,3,0.3333333333333333,0.3139887155913567,1.4709830733870353,-1.0
ETHUSDT,development,830,1,0.0,-1.0000000000000004,0.0,0.0
BTCUSDT,development,831,3,0.3333333333333333,0.31316434307320967,1.4697465146098143,-1.0000000000000022
ETHUSDT,development,831,1,0.0,-0.9999999999999997,0.0,0.0
BTCUSDT,development,832,3,0.3333333333333333,0.31348158701517254,1.4702223805227588,-1.0000000000000013
ETHUSDT,development,832,1,0.0,-0.9999999999999988,0.0,0.0
BTCUSDT,development,833,3,0.3333333333333333,0.3139887155913567,1.4709830733870353,-1.0
ETHUSDT,development,833,1,0.0,-1.0000000000000004,0.0,0.0
BTCUSDT,development,834,2,0.5,0.9697465146098141,2.9394930292196237,-1.0000000000000022
ETHUSDT,development,834,1,0.0,-0.9999999999999997,0.0,0.0
BTCUSDT,development,835,2,0.5,0.9702223805227583,2.940444761045514,-1.0000000000000013
ETHUSDT,development,835,1,0.0,-0.9999999999999988,0.0,0.0
BTCUSDT,development,836,2,0.5,0.9709830733870346,2.941966146774069,-1.0
ETHUSDT,development,836,1,0.0,-1.0000000000000004,0.0,0.0
BTCUSDT,development,837,0,,,,0.0
ETHUSDT,development,837,0,,,,0.0
BTCUSDT,development,838,0,,,,0.0
ETHUSDT,development,838,0,,,,0.0
BTCUSDT,development,839,0,,,,0.0
ETHUSDT,development,839,0,,,,0.0
BTCUSDT,development,840,1,0.0,-0.9999999999999992,0.0,0.0
ETHUSDT,development,840,1,0.0,-0.9999999999999997,0.0,0.0
BTCUSDT,development,841,1,0.0,-0.9999999999999992,0.0,0.0
ETHUSDT,development,841,1,0.0,-0.9999999999999988,0.0,0.0
BTCUSDT,development,842,1,0.0,-0.9999999999999992,0.0,0.0
ETHUSDT,development,842,1,0.0,-1.0000000000000004,0.0,0.0
BTCUSDT,development,843,1,0.0,-0.9999999999999992,0.0,0.0
ETHUSDT,development,843,1,0.0,-0.9999999999999997,0.0,0.0
BTCUSDT,development,844,1,0.0,-0.9999999999999992,0.0,0.0
ETHUSDT,development,844,1,0.0,-0.9999999999999988,0.0,0.0
BTCUSDT,development,845,1,0.0,-0.9999999999999992,0.0,0.0
ETHUSDT,development,845,1,0.0,-1.0000000000000004,0.0,0.0
BTCUSDT,development,846,0,,,,0.0
ETHUSDT,development,846,1,0.0,-0.9999999999999997,0.0,0.0
BTCUSDT,development,847,0,,,,0.0
ETHUSDT,development,847,1,0.0,-0.9999999999999988,0.0,0.0
BTCUSDT,development,848,0,,,,0.0
ETHUSDT,development,848,1,0.0,-1.0000000000000004,0.0,0.0
BTCUSDT,development,849,0,,,,0.0
ETHUSDT,development,849,0,,,,0.0
BTCUSDT,development,850,0,,,,0.0
ETHUSDT,development,850,0,,,,0.0
BTCUSDT,development,851,0,,,,0.0
ETHUSDT,development,851,0,,,,0.0
BTCUSDT,development,852,0,,,,0.0
ETHUSDT,development,852,0,,,,0.0
BTCUSDT,development,853,0,,,,0.0
ETHUSDT,development,853,0,,,,0.0
BTCUSDT,development,854,0,,,,0.0
ETHUSDT,development,854,0,,,,0.0
BTCUSDT,development,855,0,,,,0.0
ETHUSDT,development,855,0,,,,0.0
BTCUSDT,development,856,0,,,,0.0
ETHUSDT,development,856,0,,,,0.0
BTCUSDT,development,857,0,,,,0.0
ETHUSDT,development,857,0,,,,0.0
BTCUSDT,development,858,0,,,,0.0
ETHUSDT,development,858,0,,,,0.0
BTCUSDT,development,859,0,,,,0.0
ETHUSDT,development,859,0,,,,0.0
BTCUSDT,development,860,0,,,,0.0
ETHUSDT,development,860,0,,,,0.0
BTCUSDT,development,861,0,,,,0.0
ETHUSDT,development,861,0,,,,0.0
BTCUSDT,development,862,0,,,,0.0
ETHUSDT,development,862,0,,,,0.0
BTCUSDT,development,863,0,,,,0.0
ETHUSDT,development,863,0,,,,0.0
BTCUSDT,development,864,11,0.36363636363636365,0.3919148305474206,1.6158661622888033,-3.000000000000005
ETHUSDT,development,864,10,0.1,-0.6103634912735729,0.3218183430293632,-7.0
BTCUSDT,development,865,11,0.36363636363636365,0.39552188020149737,1.621534383173781,-3.0000000000000053
ETHUSDT,development,865,10,0.1,-0.6100768891609858,0.3221367898211267,-6.999999999999998
BTCUSDT,development,866,11,0.36363636363636365,0.40058305912098824,1.6294876643329812,-3.000000000000001
ETHUSDT,development,866,10,0.1,-0.6096328934181285,0.3226301184243015,-6.999999999999999
BTCUSDT,development,867,3,0.3333333333333333,0.31316434307320967,1.4697465146098143,-1.0000000000000022
ETHUSDT,development,867,4,0.0,-0.999999999999999,0.0,-2.999999999999999
BTCUSDT,development,868,3,0.3333333333333333,0.31348158701517254,1.4702223805227588,-1.0000000000000013
ETHUSDT,development,868,4,0.0,-0.9999999999999992,0.0,-2.999999999999998
BTCUSDT,development,869,3,0.3333333333333333,0.3139887155913567,1.4709830733870353,-1.0
ETHUSDT,development,869,4,0.0,-0.9999999999999998,0.0,-3.0
BTCUSDT,development,870,2,0.5,0.9697465146098141,2.9394930292196237,-1.0000000000000022
ETHUSDT,development,870,2,0.0,-1.0,0.0,-0.9999999999999996
BTCUSDT,development,871,2,0.5,0.9702223805227583,2.940444761045514,-1.0000000000000013
ETHUSDT,development,871,2,0.0,-0.9999999999999993,0.0,-0.9999999999999988
BTCUSDT,development,872,2,0.5,0.9709830733870346,2.941966146774069,-1.0
ETHUSDT,development,872,2,0.0,-1.0000000000000004,0.0,-1.0000000000000004
BTCUSDT,development,873,0,,,,0.0
ETHUSDT,development,873,0,,,,0.0
BTCUSDT,development,874,0,,,,0.0
ETHUSDT,development,874,0,,,,0.0
BTCUSDT,development,875,0,,,,0.0
ETHUSDT,development,875,0,,,,0.0
BTCUSDT,development,876,5,0.4,0.5078239903988249,1.846373317331376,-1.9999999999999951
ETHUSDT,development,876,6,0.16666666666666666,-0.3506058187892882,0.5792730174528539,-4.0
BTCUSDT,development,877,5,0.4,0.514067687503579,1.8567794791726322,-1.9999999999999991
ETHUSDT,development,877,6,0.16666666666666666,-0.3501281486016428,0.5798462216780282,-3.999999999999997
BTCUSDT,development,878,5,0.4,0.5226737860271048,1.871122976711841,-2.000000000000002
ETHUSDT,development,878,6,0.16666666666666666,-0.34938815569688103,0.5807342131637426,-3.9999999999999996
BTCUSDT,development,879,1,0.0,-0.9999999999999992,0.0,0.0
ETHUSDT,development,879,3,0.0,-0.999999999999999,0.0,-2.0
BTCUSDT,development,880,1,0.0,-0.9999999999999992,0.0,0.0
ETHUSDT,development,880,3,0.0,-0.9999999999999992,0.0,-1.9999999999999987
BTCUSDT,development,881,1,0.0,-0.9999999999999992,0.0,0.0
ETHUSDT,development,881,3,0.0,-1.0,0.0,-2.000000000000001
BTCUSDT,development,882,0,,,,0.0
ETHUSDT,development,882,2,0.0,-1.0,0.0,-0.9999999999999996
BTCUSDT,development,883,0,,,,0.0
ETHUSDT,development,883,2,0.0,-0.9999999999999993,0.0,-0.9999999999999988
BTCUSDT,development,884,0,,,,0.0
ETHUSDT,development,884,2,0.0,-1.0000000000000004,0.0,-1.0000000000000004
BTCUSDT,development,885,0,,,,0.0
ETHUSDT,development,885,0,,,,0.0
BTCUSDT,development,886,0,,,,0.0
ETHUSDT,development,886,0,,,,0.0
BTCUSDT,development,887,0,,,,0.0
ETHUSDT,development,887,0,,,,0.0
BTCUSDT,development,888,4,0.5,0.8847799879985309,2.769559975997066,-1.9999999999999951
ETHUSDT,development,888,6,0.16666666666666666,-0.35060581878928815,0.579273017452854,-3.9999999999999996
BTCUSDT,development,889,4,0.5,0.8925846093794735,2.785169218758948,-1.9999999999999991
ETHUSDT,development,889,6,0.16666666666666666,-0.35012814860164293,0.5798462216780282,-3.9999999999999973
BTCUSDT,development,890,4,0.5,0.9033422325338808,2.8066844650677596,-2.000000000000002
ETHUSDT,development,890,6,0.16666666666666666,-0.3493881556968808,0.5807342131637427,-3.9999999999999982
BTCUSDT,development,891,0,,,,0.0
ETHUSDT,development,891,3,0.0,-0.9999999999999988,0.0,-1.9999999999999996
BTCUSDT,development,892,0,,,,0.0
ETHUSDT,development,892,3,0.0,-0.9999999999999994,0.0,-1.9999999999999991
BTCUSDT,development,893,0,,,,0.0
ETHUSDT,development,893,3,0.0,-0.9999999999999996,0.0,-1.9999999999999996
BTCUSDT,development,894,0,,,,0.0
ETHUSDT,development,894,1,0.0,-1.0000000000000004,0.0,0.0
BTCUSDT,development,895,0,,,,0.0
ETHUSDT,development,895,1,0.0,-0.9999999999999999,0.0,0.0
BTCUSDT,development,896,0,,,,0.0
ETHUSDT,development,896,1,0.0,-1.0000000000000004,0.0,0.0
BTCUSDT,development,897,0,,,,0.0
ETHUSDT,development,897,0,,,,0.0
BTCUSDT,development,898,0,,,,0.0
ETHUSDT,development,898,0,,,,0.0
BTCUSDT,development,899,0,,,,0.0
ETHUSDT,development,899,0,,,,0.0
BTCUSDT,development,900,6,0.3333333333333333,0.29817495399202093,1.4472624309880315,-1.9999999999999987
ETHUSDT,development,900,4,0.0,-0.9999999999999997,0.0,-2.9999999999999982
BTCUSDT,development,901,6,0.3333333333333333,0.29934344133328206,1.4490151619999232,-1.9999999999999987
ETHUSDT,development,901,4,0.0,-0.999999999999999,0.0,-2.999999999999997
BTCUSDT,development,902,6,0.3333333333333333,0.30111071701827,1.4516660755274053,-1.9999999999999964
ETHUSDT,development,902,4,0.0,-0.9999999999999996,0.0,-2.999999999999999
BTCUSDT,development,903,3,0.3333333333333333,0.31316434307320967,1.4697465146098143,-1.0000000000000022
ETHUSDT,development,903,2,0.0,-0.9999999999999993,0.0,-0.999999999999999
BTCUSDT,development,904,3,0.3333333333333333,0.31348158701517254,1.4702223805227588,-1.0000000000000013
ETHUSDT,development,904,2,0.0,-0.9999999999999989,0.0,-0.999999999999999
BTCUSDT,development,905,3,0.3333333333333333,0.3139887155913567,1.4709830733870353,-1.0
ETHUSDT,development,905,2,0.0,-0.9999999999999998,0.0,-0.9999999999999991
BTCUSDT,development,906,2,0.5,0.9697465146098141,2.9394930292196237,-1.0000000000000022
ETHUSDT,development,906,1,0.0,-0.9999999999999997,0.0,0.0
BTCUSDT,development,907,2,0.5,0.9702223805227583,2.940444761045514,-1.0000000000000013
ETHUSDT,development,907,1,0.0,-0.9999999999999988,0.0,0.0
BTCUSDT,development,908,2,0.5,0.9709830733870346,2.941966146774069,-1.0
ETHUSDT,development,908,1,0.0,-1.0000000000000004,0.0,0.0
BTCUSDT,development,909,0,,,,0.0
ETHUSDT,development,909,0,,,,0.0
BTCUSDT,development,910,0,,,,0.0
ETHUSDT,development,910,0,,,,0.0
BTCUSDT,development,911,0,,,,0.0
ETHUSDT,development,911,0,,,,0.0
BTCUSDT,development,912,3,0.3333333333333333,0.28318556491083285,1.42477834736625,-0.9999999999999962
ETHUSDT,development,912,3,0.0,-0.9999999999999999,0.0,-1.9999999999999991
BTCUSDT,development,913,3,0.3333333333333333,0.28520529565139235,1.4278079434770892,-0.9999999999999972
ETHUSDT,development,913,3,0.0,-0.999999999999999,0.0,-1.9999999999999978
BTCUSDT,development,914,3,0.3333333333333333,0.2882327184451841,1.432349077667777,-0.9999999999999963
ETHUSDT,development,914,3,0.0,-0.9999999999999997,0.0,-2.0
BTCUSDT,development,915,1,0.0,-0.9999999999999992,0.0,0.0
ETHUSDT,development,915,1,0.0,-0.9999999999999997,0.0,0.0
BTCUSDT,development,916,1,0.0,-0.9999999999999992,0.0,0.0
ETHUSDT,development,916,1,0.0,-0.9999999999999988,0.0,0.0
BTCUSDT,development,917,1,0.0,-0.9999999999999992,0.0,0.0
ETHUSDT,development,917,1,0.0,-1.0000000000000004,0.0,0.0
BTCUSDT,development,918,0,,,,0.0
ETHUSDT,development,918,1,0.0,-0.9999999999999997,0.0,0.0
BTCUSDT,development,919,0,,,,0.0
ETHUSDT,development,919,1,0.0,-0.9999999999999988,0.0,0.0
BTCUSDT,development,920,0,,,,0.0
ETHUSDT,development,920,1,0.0,-1.0000000000000004,0.0,0.0
BTCUSDT,development,921,0,,,,0.0
ETHUSDT,development,921,0,,,,0.0
BTCUSDT,development,922,0,,,,0.0
ETHUSDT,development,922,0,,,,0.0
BTCUSDT,development,923,0,,,,0.0
ETHUSDT,development,923,0,,,,0.0
BTCUSDT,development,924,2,0.5,0.9247783473662489,2.8495566947325046,-0.9999999999999962
ETHUSDT,development,924,3,0.0,-0.9999999999999997,0.0,-1.9999999999999987
BTCUSDT,development,925,2,0.5,0.9278079434770881,2.8556158869541814,-0.9999999999999973
ETHUSDT,development,925,3,0.0,-0.9999999999999991,0.0,-1.9999999999999982
BTCUSDT,development,926,2,0.5,0.9323490776677756,2.8646981553355584,-0.9999999999999964
ETHUSDT,development,926,3,0.0,-0.9999999999999992,0.0,-1.9999999999999987
BTCUSDT,development,927,0,,,,0.0
ETHUSDT,development,927,1,0.0,-0.9999999999999991,0.0,0.0
BTCUSDT,development,928,0,,,,0.0
ETHUSDT,development,928,1,0.0,-0.9999999999999991,0.0,0.0
BTCUSDT,development,929,0,,,,0.0
ETHUSDT,development,929,1,0.0,-0.9999999999999992,0.0,0.0
BTCUSDT,development,930,0,,,,0.0
ETHUSDT,development,930,0,,,,0.0
BTCUSDT,development,931,0,,,,0.0
ETHUSDT,development,931,0,,,,0.0
BTCUSDT,development,932,0,,,,0.0
ETHUSDT,development,932,0,,,,0.0
BTCUSDT,development,933,0,,,,0.0
ETHUSDT,development,933,0,,,,0.0
BTCUSDT,development,934,0,,,,0.0
ETHUSDT,development,934,0,,,,0.0
BTCUSDT,development,935,0,,,,0.0
ETHUSDT,development,935,0,,,,0.0
BTCUSDT,development,936,3,0.3333333333333333,0.31316434307320967,1.4697465146098143,-1.0000000000000022
ETHUSDT,development,936,1,0.0,-0.9999999999999997,0.0,0.0
BTCUSDT,development,937,3,0.3333333333333333,0.31348158701517254,1.4702223805227588,-1.0000000000000013
ETHUSDT,development,937,1,0.0,-0.9999999999999988,0.0,0.0
BTCUSDT,development,938,3,0.3333333333333333,0.3139887155913567,1.4709830733870353,-1.0
ETHUSDT,development,938,1,0.0,-1.0000000000000004,0.0,0.0
BTCUSDT,development,939,3,0.3333333333333333,0.31316434307320967,1.4697465146098143,-1.0000000000000022
ETHUSDT,development,939,1,0.0,-0.9999999999999997,0.0,0.0
BTCUSDT,development,940,3,0.3333333333333333,0.31348158701517254,1.4702223805227588,-1.0000000000000013
ETHUSDT,development,940,1,0.0,-0.9999999999999988,0.0,0.0
BTCUSDT,development,941,3,0.3333333333333333,0.3139887155913567,1.4709830733870353,-1.0
ETHUSDT,development,941,1,0.0,-1.0000000000000004,0.0,0.0
BTCUSDT,development,942,2,0.5,0.9697465146098141,2.9394930292196237,-1.0000000000000022
ETHUSDT,development,942,1,0.0,-0.9999999999999997,0.0,0.0
BTCUSDT,development,943,2,0.5,0.9702223805227583,2.940444761045514,-1.0000000000000013
ETHUSDT,development,943,1,0.0,-0.9999999999999988,0.0,0.0
BTCUSDT,development,944,2,0.5,0.9709830733870346,2.941966146774069,-1.0
ETHUSDT,development,944,1,0.0,-1.0000000000000004,0.0,0.0
BTCUSDT,development,945,0,,,,0.0
ETHUSDT,development,945,0,,,,0.0
BTCUSDT,development,946,0,,,,0.0
ETHUSDT,development,946,0,,,,0.0
BTCUSDT,development,947,0,,,,0.0
ETHUSDT,development,947,0,,,,0.0
BTCUSDT,development,948,1,0.0,-0.9999999999999992,0.0,0.0
ETHUSDT,development,948,1,0.0,-0.9999999999999997,0.0,0.0
BTCUSDT,development,949,1,0.0,-0.9999999999999992,0.0,0.0
ETHUSDT,development,949,1,0.0,-0.9999999999999988,0.0,0.0
BTCUSDT,development,950,1,0.0,-0.9999999999999992,0.0,0.0
ETHUSDT,development,950,1,0.0,-1.0000000000000004,0.0,0.0
BTCUSDT,development,951,1,0.0,-0.9999999999999992,0.0,0.0
ETHUSDT,development,951,1,0.0,-0.9999999999999997,0.0,0.0
BTCUSDT,development,952,1,0.0,-0.9999999999999992,0.0,0.0
ETHUSDT,development,952,1,0.0,-0.9999999999999988,0.0,0.0
BTCUSDT,development,953,1,0.0,-0.9999999999999992,0.0,0.0
ETHUSDT,development,953,1,0.0,-1.0000000000000004,0.0,0.0
BTCUSDT,development,954,0,,,,0.0
ETHUSDT,development,954,1,0.0,-0.9999999999999997,0.0,0.0
BTCUSDT,development,955,0,,,,0.0
ETHUSDT,development,955,1,0.0,-0.9999999999999988,0.0,0.0
BTCUSDT,development,956,0,,,,0.0
ETHUSDT,development,956,1,0.0,-1.0000000000000004,0.0,0.0
BTCUSDT,development,957,0,,,,0.0
ETHUSDT,development,957,0,,,,0.0
BTCUSDT,development,958,0,,,,0.0
ETHUSDT,development,958,0,,,,0.0
BTCUSDT,development,959,0,,,,0.0
ETHUSDT,development,959,0,,,,0.0
BTCUSDT,development,960,0,,,,0.0
ETHUSDT,development,960,0,,,,0.0
BTCUSDT,development,961,0,,,,0.0
ETHUSDT,development,961,0,,,,0.0
BTCUSDT,development,962,0,,,,0.0
ETHUSDT,development,962,0,,,,0.0
BTCUSDT,development,963,0,,,,0.0
ETHUSDT,development,963,0,,,,0.0
BTCUSDT,development,964,0,,,,0.0
ETHUSDT,development,964,0,,,,0.0
BTCUSDT,development,965,0,,,,0.0
ETHUSDT,development,965,0,,,,0.0
BTCUSDT,development,966,0,,,,0.0
ETHUSDT,development,966,0,,,,0.0
BTCUSDT,development,967,0,,,,0.0
ETHUSDT,development,967,0,,,,0.0
BTCUSDT,development,968,0,,,,0.0
ETHUSDT,development,968,0,,,,0.0
BTCUSDT,development,969,0,,,,0.0
ETHUSDT,development,969,0,,,,0.0
BTCUSDT,development,970,0,,,,0.0
ETHUSDT,development,970,0,,,,0.0
BTCUSDT,development,971,0,,,,0.0
ETHUSDT,development,971,0,,,,0.0
BTCUSDT,development,972,15,0.26666666666666666,0.03712385299510614,1.0506234359024174,-8.000000000000007
ETHUSDT,development,972,8,0.125,-0.5129543640919665,0.41376644103775245,-4.999999999999998
BTCUSDT,development,973,15,0.26666666666666666,0.038199798315935056,1.052090634067184,-8.000000000000009
ETHUSDT,development,973,8,0.125,-0.512596111451232,0.414175872627163,-4.9999999999999964
BTCUSDT,development,974,15,0.26666666666666666,0.03980537732493975,1.0542800599885542,-8.000000000000007
ETHUSDT,development,974,8,0.125,-0.5120411167726605,0.4148101522598163,-4.999999999999998
BTCUSDT,development,975,8,0.375,0.46873663841474955,1.7499786214635993,-4.000000000000002
ETHUSDT,development,975,3,0.0,-0.9999999999999997,0.0,-1.9999999999999987
BTCUSDT,development,976,8,0.375,0.4695119018790523,1.7512190430064836,-4.000000000000003
ETHUSDT,development,976,3,0.0,-0.9999999999999992,0.0,-1.9999999999999978
BTCUSDT,development,977,8,0.375,0.4707138725442444,1.753142196070791,-4.000000000000001
ETHUSDT,development,977,3,0.0,-1.0,0.0,-1.9999999999999996
BTCUSDT,development,978,3,0.3333333333333333,0.31559739859612873,1.4733960978941925,-1.000000000000002
ETHUSDT,development,978,2,0.0,-1.0,0.0,-0.9999999999999996
BTCUSDT,development,979,3,0.3333333333333333,0.31584006043297713,1.4737600906494652,-1.0000000000000013
ETHUSDT,development,979,2,0.0,-0.9999999999999993,0.0,-0.9999999999999988
BTCUSDT,development,980,3,0.3333333333333333,0.316230069886075,1.4743451048291123,-1.0
ETHUSDT,development,980,2,0.0,-1.0000000000000004,0.0,-1.0000000000000004
BTCUSDT,development,981,2,0.5,0.9733960978941941,2.946792195788387,0.0
ETHUSDT,development,981,0,,,,0.0
BTCUSDT,development,982,2,0.5,0.9737600906494663,2.947520181298932,0.0
ETHUSDT,development,982,0,,,,0.0
BTCUSDT,development,983,2,0.5,0.9743451048291125,2.9486902096582224,0.0
ETHUSDT,development,983,0,,,,0.0
BTCUSDT,development,984,8,0.375,0.45390701271934825,1.7262512203509575,-2.9999999999999996
ETHUSDT,development,984,7,0.2857142857142857,0.10008385381463444,1.140117395340488,-4.0
BTCUSDT,development,985,8,0.375,0.4557421127788292,1.7291873804461273,-2.9999999999999982
ETHUSDT,development,985,7,0.2857142857142857,0.10195296357618869,1.1427341490066643,-3.999999999999997
BTCUSDT,development,986,8,0.375,0.4584641239434999,1.7335425983095996,-3.0000000000000004
ETHUSDT,development,986,7,0.14285714285714285,-0.44233270488304083,0.48394517763645223,-5.0
BTCUSDT,development,987,5,0.4,0.5648582828292371,1.9414304713820627,-1.9999999999999982
ETHUSDT,development,987,2,0.0,-1.0,0.0,-0.9999999999999996
BTCUSDT,development,988,5,0.4,0.5658070285048028,1.9430117141746714,-2.000000000000001
ETHUSDT,development,988,2,0.0,-0.9999999999999993,0.0,-0.9999999999999988
BTCUSDT,development,989,5,0.4,0.5672686624055705,1.9454477706759512,-1.9999999999999996
ETHUSDT,development,989,2,0.0,-1.0000000000000004,0.0,-1.0000000000000004
BTCUSDT,development,990,1,1.0,2.946792195788389,inf,0.0
ETHUSDT,development,990,2,0.0,-1.0,0.0,-0.9999999999999996
BTCUSDT,development,991,1,1.0,2.947520181298933,inf,0.0
ETHUSDT,development,991,2,0.0,-0.9999999999999993,0.0,-0.9999999999999988
BTCUSDT,development,992,1,1.0,2.9486902096582264,inf,0.0
ETHUSDT,development,992,2,0.0,-1.0000000000000004,0.0,-1.0000000000000004
BTCUSDT,development,993,1,1.0,2.946792195788389,inf,0.0
ETHUSDT,development,993,0,,,,0.0
BTCUSDT,development,994,1,1.0,2.947520181298933,inf,0.0
ETHUSDT,development,994,0,,,,0.0
BTCUSDT,development,995,1,1.0,2.9486902096582264,inf,0.0
ETHUSDT,development,995,0,,,,0.0
BTCUSDT,development,996,5,0.4,0.5507513766793986,1.9179189611323317,-1.9999999999999982
ETHUSDT,development,996,5,0.2,-0.22072698254714637,0.724091271816067,-3.9999999999999996
BTCUSDT,development,997,5,0.4,0.5528843882011099,1.9214739803351832,-2.000000000000001
ETHUSDT,development,997,5,0.2,-0.22015377832197167,0.7248077770975352,-3.9999999999999973
BTCUSDT,development,998,5,0.4,0.5560119778356748,1.9266866297261243,-1.9999999999999996
ETHUSDT,development,998,5,0.2,-0.21926578683625722,0.7259177664546784,-3.9999999999999982
BTCUSDT,development,999,3,0.3333333333333333,0.31559739859613023,1.4733960978941958,-0.9999999999999986
ETHUSDT,development,999,2,0.0,-0.9999999999999998,0.0,-0.9999999999999991
BTCUSDT,development,1000,3,0.3333333333333333,0.3158400604329774,1.473760090649466,-0.9999999999999991
ETHUSDT,development,1000,2,0.0,-0.9999999999999996,0.0,-0.9999999999999992
BTCUSDT,development,1001,3,0.3333333333333333,0.3162300698860756,1.4743451048291134,-0.9999999999999989
ETHUSDT,development,1001,2,0.0,-0.9999999999999998,0.0,-0.9999999999999991
BTCUSDT,development,1002,1,1.0,2.946792195788389,inf,0.0
ETHUSDT,development,1002,1,0.0,-1.0000000000000004,0.0,0.0
BTCUSDT,development,1003,1,1.0,2.947520181298933,inf,0.0
ETHUSDT,development,1003,1,0.0,-0.9999999999999999,0.0,0.0
BTCUSDT,development,1004,1,1.0,2.9486902096582264,inf,0.0
ETHUSDT,development,1004,1,0.0,-1.0000000000000004,0.0,0.0
BTCUSDT,development,1005,1,1.0,2.946792195788389,inf,0.0
ETHUSDT,development,1005,0,,,,0.0
BTCUSDT,development,1006,1,1.0,2.947520181298933,inf,0.0
ETHUSDT,development,1006,0,,,,0.0
BTCUSDT,development,1007,1,1.0,2.9486902096582264,inf,0.0
ETHUSDT,development,1007,0,,,,0.0
BTCUSDT,development,1008,11,0.36363636363636365,0.4142597995387813,1.6509796849895126,-4.000000000000005
ETHUSDT,development,1008,4,0.0,-0.9999999999999997,0.0,-2.9999999999999982
BTCUSDT,development,1009,11,0.36363636363636365,0.41572699770354815,1.6532852821055748,-4.000000000000006
ETHUSDT,development,1009,4,0.0,-0.999999999999999,0.0,-2.999999999999997
BTCUSDT,development,1010,11,0.36363636363636365,0.417916423624918,1.6567258085534415,-4.000000000000005
ETHUSDT,development,1010,4,0.0,-0.9999999999999996,0.0,-2.999999999999999
BTCUSDT,development,1011,6,0.5,0.9583155178863324,2.9166310357726646,-2.0000000000000018
ETHUSDT,development,1011,2,0.0,-0.9999999999999993,0.0,-0.999999999999999
BTCUSDT,development,1012,6,0.5,0.9593492025054031,2.9186984050108045,-2.000000000000003
ETHUSDT,development,1012,2,0.0,-0.9999999999999989,0.0,-0.999999999999999
BTCUSDT,development,1013,6,0.5,0.9609518300589924,2.921903660117985,-2.000000000000001
ETHUSDT,development,1013,2,0.0,-0.9999999999999998,0.0,-0.9999999999999991
BTCUSDT,development,1014,2,0.5,0.9733960978941933,2.9467921957883823,0.0
ETHUSDT,development,1014,1,0.0,-0.9999999999999997,0.0,0.0
BTCUSDT,development,1015,2,0.5,0.9737600906494659,2.947520181298929,0.0
ETHUSDT,development,1015,1,0.0,-0.9999999999999988,0.0,0.0
BTCUSDT,development,1016,2,0.5,0.9743451048291132,2.9486902096582264,0.0
ETHUSDT,development,1016,1,0.0,-1.0000000000000004,0.0,0.0
BTCUSDT,development,1017,1,1.0,2.946792195788389,inf,0.0
ETHUSDT,development,1017,0,,,,0.0
BTCUSDT,development,1018,1,1.0,2.947520181298933,inf,0.0
ETHUSDT,development,1018,0,,,,0.0
BTCUSDT,development,1019,1,1.0,2.9486902096582264,inf,0.0
ETHUSDT,development,1019,0,,,,0.0
BTCUSDT,development,1020,7,0.42857142857142855,0.6616080145363977,2.1578140254386966,-2.000000000000001
ETHUSDT,development,1020,3,0.0,-0.9999999999999999,0.0,-1.9999999999999991
BTCUSDT,development,1021,7,0.42857142857142855,0.6637052717472333,2.161484225557659,-1.9999999999999996
ETHUSDT,development,1021,3,0.0,-0.999999999999999,0.0,-1.9999999999999978
BTCUSDT,development,1022,7,0.42857142857142855,0.666816141649714,2.1669282478869984,-2.0000000000000013
ETHUSDT,development,1022,3,0.0,-0.9999999999999997,0.0,-2.0
BTCUSDT,development,1023,4,0.5,0.956072853536546,2.912145707073093,-0.9999999999999997
ETHUSDT,development,1023,1,0.0,-0.9999999999999997,0.0,0.0
BTCUSDT,development,1024,4,0.5,0.9572587856310033,2.9145175712620057,-1.0000000000000018
ETHUSDT,development,1024,1,0.0,-0.9999999999999988,0.0,0.0
BTCUSDT,development,1025,4,0.5,0.959085828006963,2.918171656013926,-1.0000000000000007
ETHUSDT,development,1025,1,0.0,-1.0000000000000004,0.0,0.0
BTCUSDT,development,1026,1,1.0,2.946792195788389,inf,0.0
ETHUSDT,development,1026,1,0.0,-0.9999999999999997,0.0,0.0
BTCUSDT,development,1027,1,1.0,2.947520181298933,inf,0.0
ETHUSDT,development,1027,1,0.0,-0.9999999999999988,0.0,0.0
BTCUSDT,development,1028,1,1.0,2.9486902096582264,inf,0.0
ETHUSDT,development,1028,1,0.0,-1.0000000000000004,0.0,0.0
BTCUSDT,development,1029,1,1.0,2.946792195788389,inf,0.0
ETHUSDT,development,1029,0,,,,0.0
BTCUSDT,development,1030,1,1.0,2.947520181298933,inf,0.0
ETHUSDT,development,1030,0,,,,0.0
BTCUSDT,development,1031,1,1.0,2.9486902096582264,inf,0.0
ETHUSDT,development,1031,0,,,,0.0
BTCUSDT,development,1032,4,0.5,0.9384392208492479,2.876878441698497,-0.9999999999999996
ETHUSDT,development,1032,3,0.0,-0.9999999999999997,0.0,-1.9999999999999987
BTCUSDT,development,1033,4,0.5,0.9411054852513872,2.8822109705027734,-1.0000000000000018
ETHUSDT,development,1033,3,0.0,-0.9999999999999991,0.0,-1.9999999999999982
BTCUSDT,development,1034,4,0.5,0.9450149722945933,2.890029944589183,-1.0000000000000027
ETHUSDT,development,1034,3,0.0,-0.9999999999999992,0.0,-1.9999999999999987
BTCUSDT,development,1035,2,0.5,0.9733960978941947,2.94679219578839,0.0
ETHUSDT,development,1035,1,0.0,-0.9999999999999991,0.0,0.0
BTCUSDT,development,1036,2,0.5,0.9737600906494657,2.947520181298928,0.0
ETHUSDT,development,1036,1,0.0,-0.9999999999999991,0.0,0.0
BTCUSDT,development,1037,2,0.5,0.9743451048291129,2.9486902096582246,0.0
ETHUSDT,development,1037,1,0.0,-0.9999999999999992,0.0,0.0
BTCUSDT,development,1038,1,1.0,2.946792195788389,inf,0.0
ETHUSDT,development,1038,0,,,,0.0
BTCUSDT,development,1039,1,1.0,2.947520181298933,inf,0.0
ETHUSDT,development,1039,0,,,,0.0
BTCUSDT,development,1040,1,1.0,2.9486902096582264,inf,0.0
ETHUSDT,development,1040,0,,,,0.0
BTCUSDT,development,1041,1,1.0,2.946792195788389,inf,0.0
ETHUSDT,development,1041,0,,,,0.0
BTCUSDT,development,1042,1,1.0,2.947520181298933,inf,0.0
ETHUSDT,development,1042,0,,,,0.0
BTCUSDT,development,1043,1,1.0,2.9486902096582264,inf,0.0
ETHUSDT,development,1043,0,,,,0.0
BTCUSDT,development,1044,4,0.5,0.9560728535365454,2.9121457070730896,-1.0000000000000022
ETHUSDT,development,1044,1,0.0,-0.9999999999999997,0.0,0.0
BTCUSDT,development,1045,4,0.5,0.9572587856310034,2.9145175712620066,-1.0000000000000013
ETHUSDT,development,1045,1,0.0,-0.9999999999999988,0.0,0.0
BTCUSDT,development,1046,4,0.5,0.9590858280069631,2.9181716560139273,-1.0
ETHUSDT,development,1046,1,0.0,-1.0000000000000004,0.0,0.0
BTCUSDT,development,1047,4,0.5,0.9560728535365454,2.9121457070730896,-1.0000000000000022
ETHUSDT,development,1047,1,0.0,-0.9999999999999997,0.0,0.0
BTCUSDT,development,1048,4,0.5,0.9572587856310034,2.9145175712620066,-1.0000000000000013
ETHUSDT,development,1048,1,0.0,-0.9999999999999988,0.0,0.0
BTCUSDT,development,1049,4,0.5,0.9590858280069631,2.9181716560139273,-1.0
ETHUSDT,development,1049,1,0.0,-1.0000000000000004,0.0,0.0
BTCUSDT,development,1050,2,0.5,0.9733960978941933,2.9467921957883823,0.0
ETHUSDT,development,1050,1,0.0,-0.9999999999999997,0.0,0.0
BTCUSDT,development,1051,2,0.5,0.9737600906494659,2.947520181298929,0.0
ETHUSDT,development,1051,1,0.0,-0.9999999999999988,0.0,0.0
BTCUSDT,development,1052,2,0.5,0.9743451048291132,2.9486902096582264,0.0
ETHUSDT,development,1052,1,0.0,-1.0000000000000004,0.0,0.0
BTCUSDT,development,1053,1,1.0,2.946792195788389,inf,0.0
ETHUSDT,development,1053,0,,,,0.0
BTCUSDT,development,1054,1,1.0,2.947520181298933,inf,0.0
ETHUSDT,development,1054,0,,,,0.0
BTCUSDT,development,1055,1,1.0,2.9486902096582264,inf,0.0
ETHUSDT,development,1055,0,,,,0.0
BTCUSDT,development,1056,3,0.6666666666666666,1.608097138048728,5.824291414146187,0.0
ETHUSDT,development,1056,1,0.0,-0.9999999999999997,0.0,0.0
BTCUSDT,development,1057,3,0.6666666666666666,1.6096783808413384,5.8290351425240186,0.0
ETHUSDT,development,1057,1,0.0,-0.9999999999999988,0.0,0.0
BTCUSDT,development,1058,3,0.6666666666666666,1.6121144373426173,5.836343312027856,0.0
ETHUSDT,development,1058,1,0.0,-1.0000000000000004,0.0,0.0
BTCUSDT,development,1059,3,0.6666666666666666,1.608097138048728,5.824291414146187,0.0
ETHUSDT,development,1059,1,0.0,-0.9999999999999997,0.0,0.0
BTCUSDT,development,1060,3,0.6666666666666666,1.6096783808413384,5.8290351425240186,0.0
ETHUSDT,development,1060,1,0.0,-0.9999999999999988,0.0,0.0
BTCUSDT,development,1061,3,0.6666666666666666,1.6121144373426173,5.836343312027856,0.0
ETHUSDT,development,1061,1,0.0,-1.0000000000000004,0.0,0.0
BTCUSDT,development,1062,1,1.0,2.946792195788389,inf,0.0
ETHUSDT,development,1062,1,0.0,-0.9999999999999997,0.0,0.0
BTCUSDT,development,1063,1,1.0,2.947520181298933,inf,0.0
ETHUSDT,development,1063,1,0.0,-0.9999999999999988,0.0,0.0
BTCUSDT,development,1064,1,1.0,2.9486902096582264,inf,0.0
ETHUSDT,development,1064,1,0.0,-1.0000000000000004,0.0,0.0
BTCUSDT,development,1065,1,1.0,2.946792195788389,inf,0.0
ETHUSDT,development,1065,0,,,,0.0
BTCUSDT,development,1066,1,1.0,2.947520181298933,inf,0.0
ETHUSDT,development,1066,0,,,,0.0
BTCUSDT,development,1067,1,1.0,2.9486902096582264,inf,0.0
ETHUSDT,development,1067,0,,,,0.0
BTCUSDT,development,1068,1,1.0,2.946792195788389,inf,0.0
ETHUSDT,development,1068,0,,,,0.0
BTCUSDT,development,1069,1,1.0,2.947520181298933,inf,0.0
ETHUSDT,development,1069,0,,,,0.0
BTCUSDT,development,1070,1,1.0,2.9486902096582264,inf,0.0
ETHUSDT,development,1070,0,,,,0.0
BTCUSDT,development,1071,1,1.0,2.946792195788389,inf,0.0
ETHUSDT,development,1071,0,,,,0.0
BTCUSDT,development,1072,1,1.0,2.947520181298933,inf,0.0
ETHUSDT,development,1072,0,,,,0.0
BTCUSDT,development,1073,1,1.0,2.9486902096582264,inf,0.0
ETHUSDT,development,1073,0,,,,0.0
BTCUSDT,development,1074,1,1.0,2.946792195788389,inf,0.0
ETHUSDT,development,1074,0,,,,0.0
BTCUSDT,development,1075,1,1.0,2.947520181298933,inf,0.0
ETHUSDT,development,1075,0,,,,0.0
BTCUSDT,development,1076,1,1.0,2.9486902096582264,inf,0.0
ETHUSDT,development,1076,0,,,,0.0
BTCUSDT,development,1077,1,1.0,2.946792195788389,inf,0.0
ETHUSDT,development,1077,0,,,,0.0
BTCUSDT,development,1078,1,1.0,2.947520181298933,inf,0.0
ETHUSDT,development,1078,0,,,,0.0
BTCUSDT,development,1079,1,1.0,2.9486902096582264,inf,0.0
ETHUSDT,development,1079,0,,,,0.0
BTCUSDT,development,1080,19,0.3157894736842105,0.22216012983490008,1.324695574374085,-5.9999999999999964
ETHUSDT,development,1080,12,0.16666666666666666,-0.35203442257708284,0.5775586929075007,-4.10363491273573
BTCUSDT,development,1081,19,0.3157894736842105,0.2239833579228261,1.3273602923487458,-5.999999999999998
ETHUSDT,development,1081,12,0.16666666666666666,-0.351470336699197,0.5782355959609637,-4.100768891609857
BTCUSDT,development,1082,19,0.3157894736842105,0.22664423888288568,1.3312492722134481,-6.0000000000000036
ETHUSDT,development,1082,12,0.16666666666666666,-0.35060258220828366,0.5792769013500594,-4.096328934181283
BTCUSDT,development,1083,8,0.375,0.4764858647724791,1.7623773836359664,-4.000000000000002
ETHUSDT,development,1083,4,0.0,-0.999999999999999,0.0,-2.999999999999999
BTCUSDT,development,1084,8,0.375,0.4768781268566069,1.7630050029705708,-4.000000000000003
ETHUSDT,development,1084,4,0.0,-0.9999999999999992,0.0,-2.999999999999998
BTCUSDT,development,1085,8,0.375,0.4775030030947999,1.7640048049516799,-4.000000000000001
ETHUSDT,development,1085,4,0.0,-0.9999999999999998,0.0,-3.0
BTCUSDT,development,1086,4,0.5,0.9715713062520042,2.9431426125040057,-2.0000000000000027
ETHUSDT,development,1086,2,0.0,-1.0,0.0,-0.9999999999999996
BTCUSDT,development,1087,4,0.5,0.9719912355861123,2.943982471172223,-2.0000000000000018
ETHUSDT,development,1087,2,0.0,-0.9999999999999993,0.0,-0.9999999999999988
BTCUSDT,development,1088,4,0.5,0.9726640891080736,2.945328178216146,-2.0000000000000013
ETHUSDT,development,1088,2,0.0,-1.0000000000000004,0.0,-1.0000000000000004
BTCUSDT,development,1089,3,0.6666666666666666,1.6275048605678275,5.88251458170348,-1.0000000000000007
ETHUSDT,development,1089,0,,,,0.0
BTCUSDT,development,1090,3,0.6666666666666666,1.6281071257297064,5.884321377189116,-1.0000000000000004
ETHUSDT,development,1090,0,,,,0.0
BTCUSDT,development,1091,3,0.6666666666666666,1.6290703798079829,5.8872111394239415,-1.0000000000000013
ETHUSDT,development,1091,0,,,,0.0
BTCUSDT,development,1092,10,0.3,0.16312561017547905,1.2330365859649701,-4.999999999999995
ETHUSDT,development,1092,9,0.3333333333333333,0.28664542427924267,1.429968136418864,-4.0
BTCUSDT,development,1093,10,0.3,0.16459369022306344,1.2351338431758052,-4.999999999999997
ETHUSDT,development,1093,9,0.3333333333333333,0.28853284402809104,1.4327992660421367,-3.999999999999997
BTCUSDT,development,1094,10,0.3,0.16677129915479977,1.2382447130782852,-5.000000000000003
ETHUSDT,development,1094,9,0.2222222222222222,-0.13413677627771173,0.827538430500085,-3.9999999999999996
BTCUSDT,development,1095,5,0.4,0.5648582828292371,1.9414304713820627,-1.9999999999999982
ETHUSDT,development,1095,3,0.0,-0.999999999999999,0.0,-2.0
BTCUSDT,development,1096,5,0.4,0.5658070285048028,1.9430117141746714,-2.000000000000001
ETHUSDT,development,1096,3,0.0,-0.9999999999999992,0.0,-1.9999999999999987
BTCUSDT,development,1097,5,0.4,0.5672686624055705,1.9454477706759512,-1.9999999999999996
ETHUSDT,development,1097,3,0.0,-1.0,0.0,-2.000000000000001
BTCUSDT,development,1098,1,1.0,2.946792195788389,inf,0.0
ETHUSDT,development,1098,2,0.0,-1.0,0.0,-0.9999999999999996
BTCUSDT,development,1099,1,1.0,2.947520181298933,inf,0.0
ETHUSDT,development,1099,2,0.0,-0.9999999999999993,0.0,-0.9999999999999988
BTCUSDT,development,1100,1,1.0,2.9486902096582264,inf,0.0
ETHUSDT,development,1100,2,0.0,-1.0000000000000004,0.0,-1.0000000000000004
BTCUSDT,development,1101,1,1.0,2.946792195788389,inf,0.0
ETHUSDT,development,1101,0,,,,0.0
BTCUSDT,development,1102,1,1.0,2.947520181298933,inf,0.0
ETHUSDT,development,1102,0,,,,0.0
BTCUSDT,development,1103,1,1.0,2.9486902096582264,inf,0.0
ETHUSDT,development,1103,0,,,,0.0
BTCUSDT,development,1104,7,0.2857142857142857,0.10767955477099958,1.1507513766793998,-3.999999999999994
ETHUSDT,development,1104,7,0.2857142857142857,0.11079813272500154,1.1551173858150023,-3.0000000000000004
BTCUSDT,development,1105,7,0.2857142857142857,0.10920313442936429,1.1528843882011102,-4.0
ETHUSDT,development,1105,7,0.2857142857142857,0.11176513708709145,1.1564711919219282,-2.9999999999999982
BTCUSDT,development,1106,7,0.2857142857142857,0.1114371270254817,1.1560119778356743,-4.000000000000002
ETHUSDT,development,1106,7,0.2857142857142857,0.11325271621437065,1.1585538027001192,-2.999999999999999
BTCUSDT,development,1107,3,0.3333333333333333,0.31559739859613023,1.4733960978941958,-0.9999999999999986
ETHUSDT,development,1107,3,0.0,-0.9999999999999988,0.0,-1.9999999999999996
BTCUSDT,development,1108,3,0.3333333333333333,0.3158400604329774,1.473760090649466,-0.9999999999999991
ETHUSDT,development,1108,3,0.0,-0.9999999999999994,0.0,-1.9999999999999991
BTCUSDT,development,1109,3,0.3333333333333333,0.3162300698860756,1.4743451048291134,-0.9999999999999989
ETHUSDT,development,1109,3,0.0,-0.9999999999999996,0.0,-1.9999999999999996
BTCUSDT,development,1110,1,1.0,2.946792195788389,inf,0.0
ETHUSDT,development,1110,1,0.0,-1.0000000000000004,0.0,0.0
BTCUSDT,development,1111,1,1.0,2.947520181298933,inf,0.0
ETHUSDT,development,1111,1,0.0,-0.9999999999999999,0.0,0.0
BTCUSDT,development,1112,1,1.0,2.9486902096582264,inf,0.0
ETHUSDT,development,1112,1,0.0,-1.0000000000000004,0.0,0.0
BTCUSDT,development,1113,1,1.0,2.946792195788389,inf,0.0
ETHUSDT,development,1113,0,,,,0.0
BTCUSDT,development,1114,1,1.0,2.947520181298933,inf,0.0
ETHUSDT,development,1114,0,,,,0.0
BTCUSDT,development,1115,1,1.0,2.9486902096582264,inf,0.0
ETHUSDT,development,1115,0,,,,0.0
BTCUSDT,development,1116,13,0.3076923076923077,0.2014501235221871,1.2909835117542703,-6.000000000000002
ETHUSDT,development,1116,6,0.16666666666666666,-0.35346302636487675,0.5758443683621479,-3.0
BTCUSDT,development,1117,13,0.3076923076923077,0.20245590573534378,1.2924363082843853,-6.000000000000004
ETHUSDT,development,1117,6,0.16666666666666666,-0.35281252479675,0.5766249702438997,-2.9999999999999964
BTCUSDT,development,1118,13,0.3076923076923077,0.20395336186758034,1.2945993004753937,-6.000000000000002
ETHUSDT,development,1118,6,0.16666666666666666,-0.35181700871968635,0.5778195895363761,-2.999999999999999
BTCUSDT,development,1119,7,0.42857142857142855,0.6874124168828332,2.202971729544957,-3.0000000000000027
ETHUSDT,development,1119,2,0.0,-0.9999999999999993,0.0,-0.999999999999999
BTCUSDT,development,1120,7,0.42857142857142855,0.6878607164075505,2.2037562537132125,-3.000000000000004
ETHUSDT,development,1120,2,0.0,-0.9999999999999989,0.0,-0.999999999999999
BTCUSDT,development,1121,7,0.42857142857142855,0.6885748606797711,2.2050060061895995,-3.0000000000000018
ETHUSDT,development,1121,2,0.0,-0.9999999999999998,0.0,-0.9999999999999991
BTCUSDT,development,1122,4,0.5,0.9715713062520042,2.9431426125040057,-2.0000000000000027
ETHUSDT,development,1122,1,0.0,-0.9999999999999997,0.0,0.0
BTCUSDT,development,1123,4,0.5,0.9719912355861122,2.943982471172223,-2.0000000000000018
ETHUSDT,development,1123,1,0.0,-0.9999999999999988,0.0,0.0
BTCUSDT,development,1124,4,0.5,0.9726640891080738,2.9453281782161462,-2.000000000000001
ETHUSDT,development,1124,1,0.0,-1.0000000000000004,0.0,0.0
BTCUSDT,development,1125,2,1.0,2.9412572908517416,inf,0.0
ETHUSDT,development,1125,0,,,,0.0
BTCUSDT,development,1126,2,1.0,2.9421606885945595,inf,0.0
ETHUSDT,development,1126,0,,,,0.0
BTCUSDT,development,1127,2,1.0,2.9436055697119747,inf,0.0
ETHUSDT,development,1127,0,,,,0.0
BTCUSDT,development,1128,8,0.375,0.4539070127193485,1.7262512203509581,-2.9999999999999973
ETHUSDT,development,1128,4,0.25,-0.03019453954731499,0.9597406139369133,-1.9999999999999991
BTCUSDT,development,1129,8,0.375,0.45574211277882937,1.7291873804461277,-2.999999999999997
ETHUSDT,development,1129,4,0.25,-0.02921878719512483,0.9610416170731668,-1.9999999999999978
BTCUSDT,development,1130,8,0.375,0.4584641239435003,1.7335425983096002,-2.999999999999998
ETHUSDT,development,1130,4,0.25,-0.027725513079529862,0.9630326492272935,-2.0
BTCUSDT,development,1131,4,0.5,0.956072853536546,2.912145707073093,-0.9999999999999997
ETHUSDT,development,1131,1,0.0,-0.9999999999999997,0.0,0.0
BTCUSDT,development,1132,4,0.5,0.9572587856310033,2.9145175712620057,-1.0000000000000018
ETHUSDT,development,1132,1,0.0,-0.9999999999999988,0.0,0.0
BTCUSDT,development,1133,4,0.5,0.959085828006963,2.918171656013926,-1.0000000000000007
ETHUSDT,development,1133,1,0.0,-1.0000000000000004,0.0,0.0
BTCUSDT,development,1134,1,1.0,2.946792195788389,inf,0.0
ETHUSDT,development,1134,1,0.0,-0.9999999999999997,0.0,0.0
BTCUSDT,development,1135,1,1.0,2.947520181298933,inf,0.0
ETHUSDT,development,1135,1,0.0,-0.9999999999999988,0.0,0.0
BTCUSDT,development,1136,1,1.0,2.9486902096582264,inf,0.0
ETHUSDT,development,1136,1,0.0,-1.0000000000000004,0.0,0.0
BTCUSDT,development,1137,1,1.0,2.946792195788389,inf,0.0
ETHUSDT,development,1137,0,,,,0.0
BTCUSDT,development,1138,1,1.0,2.947520181298933,inf,0.0
ETHUSDT,development,1138,0,,,,0.0
BTCUSDT,development,1139,1,1.0,2.9486902096582264,inf,0.0
ETHUSDT,development,1139,0,,,,0.0
BTCUSDT,development,1140,5,0.4,0.550751376679399,1.9179189611323333,-1.999999999999996
ETHUSDT,development,1140,4,0.25,-0.03019453954731488,0.9597406139369135,-0.9999999999999996
BTCUSDT,development,1141,5,0.4,0.5528843882011102,1.9214739803351844,-1.9999999999999991
ETHUSDT,development,1141,4,0.25,-0.02921878719512494,0.9610416170731667,-0.9999999999999992
BTCUSDT,development,1142,5,0.4,0.5560119778356754,1.9266866297261258,-1.9999999999999971
ETHUSDT,development,1142,4,0.25,-0.027725513079529557,0.9630326492272939,-0.9999999999999997
BTCUSDT,development,1143,2,0.5,0.9733960978941947,2.94679219578839,0.0
ETHUSDT,development,1143,1,0.0,-0.9999999999999991,0.0,0.0
BTCUSDT,development,1144,2,0.5,0.9737600906494657,2.947520181298928,0.0
ETHUSDT,development,1144,1,0.0,-0.9999999999999991,0.0,0.0
BTCUSDT,development,1145,2,0.5,0.9743451048291129,2.9486902096582246,0.0
ETHUSDT,development,1145,1,0.0,-0.9999999999999992,0.0,0.0
BTCUSDT,development,1146,1,1.0,2.946792195788389,inf,0.0
ETHUSDT,development,1146,0,,,,0.0
BTCUSDT,development,1147,1,1.0,2.947520181298933,inf,0.0
ETHUSDT,development,1147,0,,,,0.0
BTCUSDT,development,1148,1,1.0,2.9486902096582264,inf,0.0
ETHUSDT,development,1148,0,,,,0.0
BTCUSDT,development,1149,1,1.0,2.946792195788389,inf,0.0
ETHUSDT,development,1149,0,,,,0.0
BTCUSDT,development,1150,1,1.0,2.947520181298933,inf,0.0
ETHUSDT,development,1150,0,,,,0.0
BTCUSDT,development,1151,1,1.0,2.9486902096582264,inf,0.0
ETHUSDT,development,1151,0,,,,0.0
BTCUSDT,development,1152,4,0.5,0.9715713062520045,2.943142612504008,-1.0000000000000022
ETHUSDT,development,1152,1,0.0,-0.9999999999999997,0.0,0.0
BTCUSDT,development,1153,4,0.5,0.9719912355861127,2.9439824711722253,-1.0000000000000013
ETHUSDT,development,1153,1,0.0,-0.9999999999999988,0.0,0.0
BTCUSDT,development,1154,4,0.5,0.9726640891080741,2.945328178216149,-1.0
ETHUSDT,development,1154,1,0.0,-1.0000000000000004,0.0,0.0
BTCUSDT,development,1155,4,0.5,0.9715713062520045,2.943142612504008,-1.0000000000000022
ETHUSDT,development,1155,1,0.0,-0.9999999999999997,0.0,0.0
BTCUSDT,development,1156,4,0.5,0.9719912355861127,2.9439824711722253,-1.0000000000000013
ETHUSDT,development,1156,1,0.0,-0.9999999999999988,0.0,0.0
BTCUSDT,development,1157,4,0.5,0.9726640891080741,2.945328178216149,-1.0
ETHUSDT,development,1157,1,0.0,-1.0000000000000004,0.0,0.0
BTCUSDT,development,1158,3,0.6666666666666666,1.628761741669339,5.886285225008006,-1.0000000000000022
ETHUSDT,development,1158,1,0.0,-0.9999999999999997,0.0,0.0
BTCUSDT,development,1159,3,0.6666666666666666,1.62932164744815,5.887964942344444,-1.0000000000000013
ETHUSDT,development,1159,1,0.0,-0.9999999999999988,0.0,0.0
BTCUSDT,development,1160,3,0.6666666666666666,1.6302187854774317,5.890656356432295,-1.0
ETHUSDT,development,1160,1,0.0,-1.0000000000000004,0.0,0.0
BTCUSDT,development,1161,2,1.0,2.9412572908517416,inf,0.0
ETHUSDT,development,1161,0,,,,0.0
BTCUSDT,development,1162,2,1.0,2.9421606885945595,inf,0.0
ETHUSDT,development,1162,0,,,,0.0
BTCUSDT,development,1163,2,1.0,2.9436055697119747,inf,0.0
ETHUSDT,development,1163,0,,,,0.0
BTCUSDT,development,1164,3,0.6666666666666666,1.608097138048728,5.824291414146187,0.0
ETHUSDT,development,1164,1,0.0,-0.9999999999999997,0.0,0.0
BTCUSDT,development,1165,3,0.6666666666666666,1.6096783808413384,5.8290351425240186,0.0
ETHUSDT,development,1165,1,0.0,-0.9999999999999988,0.0,0.0
BTCUSDT,development,1166,3,0.6666666666666666,1.6121144373426173,5.836343312027856,0.0
ETHUSDT,development,1166,1,0.0,-1.0000000000000004,0.0,0.0
BTCUSDT,development,1167,3,0.6666666666666666,1.608097138048728,5.824291414146187,0.0
ETHUSDT,development,1167,1,0.0,-0.9999999999999997,0.0,0.0
BTCUSDT,development,1168,3,0.6666666666666666,1.6096783808413384,5.8290351425240186,0.0
ETHUSDT,development,1168,1,0.0,-0.9999999999999988,0.0,0.0
BTCUSDT,development,1169,3,0.6666666666666666,1.6121144373426173,5.836343312027856,0.0
ETHUSDT,development,1169,1,0.0,-1.0000000000000004,0.0,0.0
BTCUSDT,development,1170,1,1.0,2.946792195788389,inf,0.0
ETHUSDT,development,1170,1,0.0,-0.9999999999999997,0.0,0.0
BTCUSDT,development,1171,1,1.0,2.947520181298933,inf,0.0
ETHUSDT,development,1171,1,0.0,-0.9999999999999988,0.0,0.0
BTCUSDT,development,1172,1,1.0,2.9486902096582264,inf,0.0
ETHUSDT,development,1172,1,0.0,-1.0000000000000004,0.0,0.0
BTCUSDT,development,1173,1,1.0,2.946792195788389,inf,0.0
ETHUSDT,development,1173,0,,,,0.0
BTCUSDT,development,1174,1,1.0,2.947520181298933,inf,0.0
ETHUSDT,development,1174,0,,,,0.0
BTCUSDT,development,1175,1,1.0,2.9486902096582264,inf,0.0
ETHUSDT,development,1175,0,,,,0.0
BTCUSDT,development,1176,1,1.0,2.946792195788389,inf,0.0
ETHUSDT,development,1176,0,,,,0.0
BTCUSDT,development,1177,1,1.0,2.947520181298933,inf,0.0
ETHUSDT,development,1177,0,,,,0.0
BTCUSDT,development,1178,1,1.0,2.9486902096582264,inf,0.0
ETHUSDT,development,1178,0,,,,0.0
BTCUSDT,development,1179,1,1.0,2.946792195788389,inf,0.0
ETHUSDT,development,1179,0,,,,0.0
BTCUSDT,development,1180,1,1.0,2.947520181298933,inf,0.0
ETHUSDT,development,1180,0,,,,0.0
BTCUSDT,development,1181,1,1.0,2.9486902096582264,inf,0.0
ETHUSDT,development,1181,0,,,,0.0
BTCUSDT,development,1182,1,1.0,2.946792195788389,inf,0.0
ETHUSDT,development,1182,0,,,,0.0
BTCUSDT,development,1183,1,1.0,2.947520181298933,inf,0.0
ETHUSDT,development,1183,0,,,,0.0
BTCUSDT,development,1184,1,1.0,2.9486902096582264,inf,0.0
ETHUSDT,development,1184,0,,,,0.0
BTCUSDT,development,1185,1,1.0,2.946792195788389,inf,0.0
ETHUSDT,development,1185,0,,,,0.0
BTCUSDT,development,1186,1,1.0,2.947520181298933,inf,0.0
ETHUSDT,development,1186,0,,,,0.0
BTCUSDT,development,1187,1,1.0,2.9486902096582264,inf,0.0
ETHUSDT,development,1187,0,,,,0.0
BTCUSDT,development,1188,20,0.35,0.3535299580797797,1.5438922431996611,-4.999999999999995
ETHUSDT,development,1188,13,0.15384615384615385,-0.40187792853269166,0.5250533571886371,-4.2244130709249905
BTCUSDT,development,1189,20,0.35,0.35556498437439343,1.547023052883682,-4.999999999999997
ETHUSDT,development,1189,13,0.15384615384615385,-0.4013572338761818,0.5256687236008761,-4.217644040390361
BTCUSDT,development,1190,20,0.35,0.35854693470551885,1.5516106687777211,-5.000000000000003
ETHUSDT,development,1190,13,0.15384615384615385,-0.40055622973072325,0.5266153648636904,-4.207230986499402
BTCUSDT,development,1191,8,0.375,0.4764858647724791,1.7623773836359664,-4.000000000000002
ETHUSDT,development,1191,4,0.0,-0.999999999999999,0.0,-2.999999999999999
BTCUSDT,development,1192,8,0.375,0.4768781268566069,1.7630050029705708,-4.000000000000003
ETHUSDT,development,1192,4,0.0,-0.9999999999999992,0.0,-2.999999999999998
BTCUSDT,development,1193,8,0.375,0.4775030030947999,1.7640048049516799,-4.000000000000001
ETHUSDT,development,1193,4,0.0,-0.9999999999999998,0.0,-3.0
BTCUSDT,development,1194,4,0.5,0.9715713062520042,2.9431426125040057,-2.0000000000000027
ETHUSDT,development,1194,2,0.0,-1.0,0.0,-0.9999999999999996
BTCUSDT,development,1195,4,0.5,0.9719912355861123,2.943982471172223,-2.0000000000000018
ETHUSDT,development,1195,2,0.0,-0.9999999999999993,0.0,-0.9999999999999988
BTCUSDT,development,1196,4,0.5,0.9726640891080736,2.945328178216146,-2.0000000000000013
ETHUSDT,development,1196,2,0.0,-1.0000000000000004,0.0,-1.0000000000000004
BTCUSDT,development,1197,3,0.6666666666666666,1.6275048605678275,5.88251458170348,-1.0000000000000007
ETHUSDT,development,1197,0,,,,0.0
BTCUSDT,development,1198,3,0.6666666666666666,1.6281071257297064,5.884321377189116,-1.0000000000000004
ETHUSDT,development,1198,0,,,,0.0
BTCUSDT,development,1199,3,0.6666666666666666,1.6290703798079829,5.8872111394239415,-1.0000000000000013
ETHUSDT,development,1199,0,,,,0.0
BTCUSDT,development,1200,11,0.36363636363636365,0.4073466178624804,1.640116113783898,-4.999999999999996
ETHUSDT,development,1200,9,0.3333333333333333,0.28664542427924267,1.429968136418864,-4.0
BTCUSDT,development,1201,11,0.36363636363636365,0.4092320717440735,1.6430789698835444,-4.999999999999997
ETHUSDT,development,1201,9,0.3333333333333333,0.28853284402809104,1.4327992660421367,-3.999999999999997
BTCUSDT,development,1202,11,0.36363636363636365,0.4120373769894131,1.647487306697649,-5.0000000000000036
ETHUSDT,development,1202,9,0.2222222222222222,-0.13413677627771173,0.827538430500085,-3.9999999999999996
BTCUSDT,development,1203,5,0.4,0.5648582828292371,1.9414304713820627,-1.9999999999999982
ETHUSDT,development,1203,3,0.0,-0.999999999999999,0.0,-2.0
BTCUSDT,development,1204,5,0.4,0.5658070285048028,1.9430117141746714,-2.000000000000001
ETHUSDT,development,1204,3,0.0,-0.9999999999999992,0.0,-1.9999999999999987
BTCUSDT,development,1205,5,0.4,0.5672686624055705,1.9454477706759512,-1.9999999999999996
ETHUSDT,development,1205,3,0.0,-1.0,0.0,-2.000000000000001
BTCUSDT,development,1206,1,1.0,2.946792195788389,inf,0.0
ETHUSDT,development,1206,2,0.0,-1.0,0.0,-0.9999999999999996
BTCUSDT,development,1207,1,1.0,2.947520181298933,inf,0.0
ETHUSDT,development,1207,2,0.0,-0.9999999999999993,0.0,-0.9999999999999988
BTCUSDT,development,1208,1,1.0,2.9486902096582264,inf,0.0
ETHUSDT,development,1208,2,0.0,-1.0000000000000004,0.0,-1.0000000000000004
BTCUSDT,development,1209,1,1.0,2.946792195788389,inf,0.0
ETHUSDT,development,1209,0,,,,0.0
BTCUSDT,development,1210,1,1.0,2.947520181298933,inf,0.0
ETHUSDT,development,1210,0,,,,0.0
BTCUSDT,development,1211,1,1.0,2.9486902096582264,inf,0.0
ETHUSDT,development,1211,0,,,,0.0
BTCUSDT,development,1212,8,0.375,0.4504141972661864,1.7206627156258996,-3.999999999999994
ETHUSDT,development,1212,7,0.2857142857142857,0.11079813272500154,1.1551173858150023,-3.0000000000000004
BTCUSDT,development,1213,8,0.375,0.4525047284949655,1.7240075655919451,-4.0
ETHUSDT,development,1213,7,0.2857142857142857,0.11176513708709145,1.1564711919219282,-2.9999999999999982
BTCUSDT,development,1214,8,0.375,0.45559475556423995,1.7289516089027834,-4.000000000000002
ETHUSDT,development,1214,7,0.2857142857142857,0.11325271621437065,1.1585538027001192,-2.999999999999999
BTCUSDT,development,1215,3,0.3333333333333333,0.31559739859613023,1.4733960978941958,-0.9999999999999986
ETHUSDT,development,1215,3,0.0,-0.9999999999999988,0.0,-1.9999999999999996
BTCUSDT,development,1216,3,0.3333333333333333,0.3158400604329774,1.473760090649466,-0.9999999999999991
ETHUSDT,development,1216,3,0.0,-0.9999999999999994,0.0,-1.9999999999999991
BTCUSDT,development,1217,3,0.3333333333333333,0.3162300698860756,1.4743451048291134,-0.9999999999999989
ETHUSDT,development,1217,3,0.0,-0.9999999999999996,0.0,-1.9999999999999996
BTCUSDT,development,1218,1,1.0,2.946792195788389,inf,0.0
ETHUSDT,development,1218,1,0.0,-1.0000000000000004,0.0,0.0
BTCUSDT,development,1219,1,1.0,2.947520181298933,inf,0.0
ETHUSDT,development,1219,1,0.0,-0.9999999999999999,0.0,0.0
BTCUSDT,development,1220,1,1.0,2.9486902096582264,inf,0.0
ETHUSDT,development,1220,1,0.0,-1.0000000000000004,0.0,0.0
BTCUSDT,development,1221,1,1.0,2.946792195788389,inf,0.0
ETHUSDT,development,1221,0,,,,0.0
BTCUSDT,development,1222,1,1.0,2.947520181298933,inf,0.0
ETHUSDT,development,1222,0,,,,0.0
BTCUSDT,development,1223,1,1.0,2.9486902096582264,inf,0.0
ETHUSDT,development,1223,0,,,,0.0
BTCUSDT,development,1224,14,0.35714285714285715,0.39060059289435184,1.6076009222801029,-5.000000000000002
ETHUSDT,development,1224,6,0.16666666666666666,-0.35346302636487675,0.5758443683621479,-3.0
BTCUSDT,development,1225,14,0.35714285714285715,0.39196733296526026,1.6097269623904042,-5.0000000000000036
ETHUSDT,development,1225,6,0.16666666666666666,-0.35281252479675,0.5766249702438997,-2.9999999999999964
BTCUSDT,development,1226,14,0.35714285714285715,0.3940065614010065,1.6128990955126767,-5.000000000000002
ETHUSDT,development,1226,6,0.16666666666666666,-0.35181700871968635,0.5778195895363761,-2.999999999999999
BTCUSDT,development,1227,7,0.42857142857142855,0.6874124168828332,2.202971729544957,-3.0000000000000027
ETHUSDT,development,1227,2,0.0,-0.9999999999999993,0.0,-0.999999999999999
BTCUSDT,development,1228,7,0.42857142857142855,0.6878607164075505,2.2037562537132125,-3.000000000000004
ETHUSDT,development,1228,2,0.0,-0.9999999999999989,0.0,-0.999999999999999
BTCUSDT,development,1229,7,0.42857142857142855,0.6885748606797711,2.2050060061895995,-3.0000000000000018
ETHUSDT,development,1229,2,0.0,-0.9999999999999998,0.0,-0.9999999999999991
BTCUSDT,development,1230,4,0.5,0.9715713062520042,2.9431426125040057,-2.0000000000000027
ETHUSDT,development,1230,1,0.0,-0.9999999999999997,0.0,0.0
BTCUSDT,development,1231,4,0.5,0.9719912355861122,2.943982471172223,-2.0000000000000018
ETHUSDT,development,1231,1,0.0,-0.9999999999999988,0.0,0.0
BTCUSDT,development,1232,4,0.5,0.9726640891080738,2.9453281782161462,-2.000000000000001
ETHUSDT,development,1232,1,0.0,-1.0000000000000004,0.0,0.0
BTCUSDT,development,1233,2,1.0,2.9412572908517416,inf,0.0
ETHUSDT,development,1233,0,,,,0.0
BTCUSDT,development,1234,2,1.0,2.9421606885945595,inf,0.0
ETHUSDT,development,1234,0,,,,0.0
BTCUSDT,development,1235,2,1.0,2.9436055697119747,inf,0.0
ETHUSDT,development,1235,0,,,,0.0
BTCUSDT,development,1236,9,0.4444444444444444,0.7200903107208092,2.2961625592974575,-2.9999999999999982
ETHUSDT,development,1236,4,0.25,-0.03019453954731499,0.9597406139369133,-1.9999999999999991
BTCUSDT,development,1237,9,0.4444444444444444,0.7223947543538677,2.3003105578369625,-2.9999999999999964
ETHUSDT,development,1237,4,0.25,-0.02921878719512483,0.9610416170731668,-1.9999999999999978
BTCUSDT,development,1238,9,0.4444444444444444,0.7258234607648388,2.3064822293767095,-2.9999999999999973
ETHUSDT,development,1238,4,0.25,-0.027725513079529862,0.9630326492272935,-2.0
BTCUSDT,development,1239,4,0.5,0.956072853536546,2.912145707073093,-0.9999999999999997
ETHUSDT,development,1239,1,0.0,-0.9999999999999997,0.0,0.0
BTCUSDT,development,1240,4,0.5,0.9572587856310033,2.9145175712620057,-1.0000000000000018
ETHUSDT,development,1240,1,0.0,-0.9999999999999988,0.0,0.0
BTCUSDT,development,1241,4,0.5,0.959085828006963,2.918171656013926,-1.0000000000000007
ETHUSDT,development,1241,1,0.0,-1.0000000000000004,0.0,0.0
BTCUSDT,development,1242,1,1.0,2.946792195788389,inf,0.0
ETHUSDT,development,1242,1,0.0,-0.9999999999999997,0.0,0.0
BTCUSDT,development,1243,1,1.0,2.947520181298933,inf,0.0
ETHUSDT,development,1243,1,0.0,-0.9999999999999988,0.0,0.0
BTCUSDT,development,1244,1,1.0,2.9486902096582264,inf,0.0
ETHUSDT,development,1244,1,0.0,-1.0000000000000004,0.0,0.0
BTCUSDT,development,1245,1,1.0,2.946792195788389,inf,0.0
ETHUSDT,development,1245,0,,,,0.0
BTCUSDT,development,1246,1,1.0,2.947520181298933,inf,0.0
ETHUSDT,development,1246,0,,,,0.0
BTCUSDT,development,1247,1,1.0,2.9486902096582264,inf,0.0
ETHUSDT,development,1247,0,,,,0.0
BTCUSDT,development,1248,6,0.5,0.9338855963549147,2.867771192709833,-1.999999999999996
ETHUSDT,development,1248,4,0.25,-0.03019453954731488,0.9597406139369135,-0.9999999999999996
BTCUSDT,development,1249,6,0.5,0.9366729713266208,2.873345942653243,-1.9999999999999991
ETHUSDT,development,1249,4,0.25,-0.02921878719512494,0.9610416170731667,-0.9999999999999992
BTCUSDT,development,1250,6,0.5,0.9407930074189873,2.8815860148379753,-1.9999999999999973
ETHUSDT,development,1250,4,0.25,-0.027725513079529557,0.9630326492272939,-0.9999999999999997
BTCUSDT,development,1251,2,0.5,0.9733960978941947,2.94679219578839,0.0
ETHUSDT,development,1251,1,0.0,-0.9999999999999991,0.0,0.0
BTCUSDT,development,1252,2,0.5,0.9737600906494657,2.947520181298928,0.0
ETHUSDT,development,1252,1,0.0,-0.9999999999999991,0.0,0.0
BTCUSDT,development,1253,2,0.5,0.9743451048291129,2.9486902096582246,0.0
ETHUSDT,development,1253,1,0.0,-0.9999999999999992,0.0,0.0
BTCUSDT,development,1254,1,1.0,2.946792195788389,inf,0.0
ETHUSDT,development,1254,0,,,,0.0
BTCUSDT,development,1255,1,1.0,2.947520181298933,inf,0.0
ETHUSDT,development,1255,0,,,,0.0
BTCUSDT,development,1256,1,1.0,2.9486902096582264,inf,0.0
ETHUSDT,development,1256,0,,,,0.0
BTCUSDT,development,1257,1,1.0,2.946792195788389,inf,0.0
ETHUSDT,development,1257,0,,,,0.0
BTCUSDT,development,1258,1,1.0,2.947520181298933,inf,0.0
ETHUSDT,development,1258,0,,,,0.0
BTCUSDT,development,1259,1,1.0,2.9486902096582264,inf,0.0
ETHUSDT,development,1259,0,,,,0.0
BTCUSDT,development,1260,4,0.5,0.9715713062520045,2.943142612504008,-1.0000000000000022
ETHUSDT,development,1260,1,0.0,-0.9999999999999997,0.0,0.0
BTCUSDT,development,1261,4,0.5,0.9719912355861127,2.9439824711722253,-1.0000000000000013
ETHUSDT,development,1261,1,0.0,-0.9999999999999988,0.0,0.0
BTCUSDT,development,1262,4,0.5,0.9726640891080741,2.945328178216149,-1.0
ETHUSDT,development,1262,1,0.0,-1.0000000000000004,0.0,0.0
BTCUSDT,development,1263,4,0.5,0.9715713062520045,2.943142612504008,-1.0000000000000022
ETHUSDT,development,1263,1,0.0,-0.9999999999999997,0.0,0.0
BTCUSDT,development,1264,4,0.5,0.9719912355861127,2.9439824711722253,-1.0000000000000013
ETHUSDT,development,1264,1,0.0,-0.9999999999999988,0.0,0.0
BTCUSDT,development,1265,4,0.5,0.9726640891080741,2.945328178216149,-1.0
ETHUSDT,development,1265,1,0.0,-1.0000000000000004,0.0,0.0
BTCUSDT,development,1266,3,0.6666666666666666,1.628761741669339,5.886285225008006,-1.0000000000000022
ETHUSDT,development,1266,1,0.0,-0.9999999999999997,0.0,0.0
BTCUSDT,development,1267,3,0.6666666666666666,1.62932164744815,5.887964942344444,-1.0000000000000013
ETHUSDT,development,1267,1,0.0,-0.9999999999999988,0.0,0.0
BTCUSDT,development,1268,3,0.6666666666666666,1.6302187854774317,5.890656356432295,-1.0
ETHUSDT,development,1268,1,0.0,-1.0000000000000004,0.0,0.0
BTCUSDT,development,1269,2,1.0,2.9412572908517416,inf,0.0
ETHUSDT,development,1269,0,,,,0.0
BTCUSDT,development,1270,2,1.0,2.9421606885945595,inf,0.0
ETHUSDT,development,1270,0,,,,0.0
BTCUSDT,development,1271,2,1.0,2.9436055697119747,inf,0.0
ETHUSDT,development,1271,0,,,,0.0
BTCUSDT,development,1272,3,0.6666666666666666,1.608097138048728,5.824291414146187,0.0
ETHUSDT,development,1272,1,0.0,-0.9999999999999997,0.0,0.0
BTCUSDT,development,1273,3,0.6666666666666666,1.6096783808413384,5.8290351425240186,0.0
ETHUSDT,development,1273,1,0.0,-0.9999999999999988,0.0,0.0
BTCUSDT,development,1274,3,0.6666666666666666,1.6121144373426173,5.836343312027856,0.0
ETHUSDT,development,1274,1,0.0,-1.0000000000000004,0.0,0.0
BTCUSDT,development,1275,3,0.6666666666666666,1.608097138048728,5.824291414146187,0.0
ETHUSDT,development,1275,1,0.0,-0.9999999999999997,0.0,0.0
BTCUSDT,development,1276,3,0.6666666666666666,1.6096783808413384,5.8290351425240186,0.0
ETHUSDT,development,1276,1,0.0,-0.9999999999999988,0.0,0.0
BTCUSDT,development,1277,3,0.6666666666666666,1.6121144373426173,5.836343312027856,0.0
ETHUSDT,development,1277,1,0.0,-1.0000000000000004,0.0,0.0
BTCUSDT,development,1278,1,1.0,2.946792195788389,inf,0.0
ETHUSDT,development,1278,1,0.0,-0.9999999999999997,0.0,0.0
BTCUSDT,development,1279,1,1.0,2.947520181298933,inf,0.0
ETHUSDT,development,1279,1,0.0,-0.9999999999999988,0.0,0.0
BTCUSDT,development,1280,1,1.0,2.9486902096582264,inf,0.0
ETHUSDT,development,1280,1,0.0,-1.0000000000000004,0.0,0.0
BTCUSDT,development,1281,1,1.0,2.946792195788389,inf,0.0
ETHUSDT,development,1281,0,,,,0.0
BTCUSDT,development,1282,1,1.0,2.947520181298933,inf,0.0
ETHUSDT,development,1282,0,,,,0.0
BTCUSDT,development,1283,1,1.0,2.9486902096582264,inf,0.0
ETHUSDT,development,1283,0,,,,0.0
BTCUSDT,development,1284,1,1.0,2.946792195788389,inf,0.0
ETHUSDT,development,1284,0,,,,0.0
BTCUSDT,development,1285,1,1.0,2.947520181298933,inf,0.0
ETHUSDT,development,1285,0,,,,0.0
BTCUSDT,development,1286,1,1.0,2.9486902096582264,inf,0.0
ETHUSDT,development,1286,0,,,,0.0
BTCUSDT,development,1287,1,1.0,2.946792195788389,inf,0.0
ETHUSDT,development,1287,0,,,,0.0
BTCUSDT,development,1288,1,1.0,2.947520181298933,inf,0.0
ETHUSDT,development,1288,0,,,,0.0
BTCUSDT,development,1289,1,1.0,2.9486902096582264,inf,0.0
ETHUSDT,development,1289,0,,,,0.0
BTCUSDT,development,1290,1,1.0,2.946792195788389,inf,0.0
ETHUSDT,development,1290,0,,,,0.0
BTCUSDT,development,1291,1,1.0,2.947520181298933,inf,0.0
ETHUSDT,development,1291,0,,,,0.0
BTCUSDT,development,1292,1,1.0,2.9486902096582264,inf,0.0
ETHUSDT,development,1292,0,,,,0.0
BTCUSDT,development,1293,1,1.0,2.946792195788389,inf,0.0
ETHUSDT,development,1293,0,,,,0.0
BTCUSDT,development,1294,1,1.0,2.947520181298933,inf,0.0
ETHUSDT,development,1294,0,,,,0.0
BTCUSDT,development,1295,1,1.0,2.9486902096582264,inf,0.0
ETHUSDT,development,1295,0,,,,0.0
BTCUSDT,development,1296,5,0.0,-1.0000000000000004,0.0,-4.0000000000000036
ETHUSDT,development,1296,3,0.6666666666666666,1.6028248935572587,5.808474680671781,-0.9999999999999991
BTCUSDT,development,1297,5,0.0,-1.0000000000000004,0.0,-4.0000000000000036
ETHUSDT,development,1297,3,0.6666666666666666,1.6044638738563066,5.8133916215689245,-0.9999999999999991
BTCUSDT,development,1298,5,0.0,-1.0000000000000002,0.0,-4.000000000000002
ETHUSDT,development,1298,3,0.6666666666666666,1.6070150128071894,5.8210450384215715,-0.9999999999999991
BTCUSDT,development,1299,3,0.0,-1.0000000000000002,0.0,-2.0000000000000013
ETHUSDT,development,1299,1,0.0,-0.9999999999999991,0.0,0.0
BTCUSDT,development,1300,3,0.0,-1.0000000000000004,0.0,-2.000000000000002
ETHUSDT,development,1300,1,0.0,-0.9999999999999991,0.0,0.0
BTCUSDT,development,1301,3,0.0,-1.0,0.0,-2.000000000000001
ETHUSDT,development,1301,1,0.0,-0.9999999999999992,0.0,0.0
BTCUSDT,development,1302,1,0.0,-1.0000000000000022,0.0,0.0
ETHUSDT,development,1302,0,,,,0.0
BTCUSDT,development,1303,1,0.0,-1.0000000000000013,0.0,0.0
ETHUSDT,development,1303,0,,,,0.0
BTCUSDT,development,1304,1,0.0,-1.0,0.0,0.0
ETHUSDT,development,1304,0,,,,0.0
BTCUSDT,development,1305,0,,,,0.0
ETHUSDT,development,1305,0,,,,0.0
BTCUSDT,development,1306,0,,,,0.0
ETHUSDT,development,1306,0,,,,0.0
BTCUSDT,development,1307,0,,,,0.0
ETHUSDT,development,1307,0,,,,0.0
BTCUSDT,development,1308,2,0.0,-0.9999999999999991,0.0,-0.999999999999999
ETHUSDT,development,1308,1,1.0,2.8963650872642677,inf,0.0
BTCUSDT,development,1309,2,0.0,-1.0,0.0,-1.0000000000000009
ETHUSDT,development,1309,1,1.0,2.899231108390139,inf,0.0
BTCUSDT,development,1310,2,0.0,-1.0,0.0,-1.0000000000000009
ETHUSDT,development,1310,1,1.0,2.9036710658187124,inf,0.0
BTCUSDT,development,1311,2,0.0,-0.9999999999999991,0.0,-0.999999999999999
ETHUSDT,development,1311,0,,,,0.0
BTCUSDT,development,1312,2,0.0,-1.0,0.0,-1.0000000000000009
ETHUSDT,development,1312,0,,,,0.0
BTCUSDT,development,1313,2,0.0,-1.0,0.0,-1.0000000000000009
ETHUSDT,development,1313,0,,,,0.0
BTCUSDT,development,1314,0,,,,0.0
ETHUSDT,development,1314,0,,,,0.0
BTCUSDT,development,1315,0,,,,0.0
ETHUSDT,development,1315,0,,,,0.0
BTCUSDT,development,1316,0,,,,0.0
ETHUSDT,development,1316,0,,,,0.0
BTCUSDT,development,1317,0,,,,0.0
ETHUSDT,development,1317,0,,,,0.0
BTCUSDT,development,1318,0,,,,0.0
ETHUSDT,development,1318,0,,,,0.0
BTCUSDT,development,1319,0,,,,0.0
ETHUSDT,development,1319,0,,,,0.0
BTCUSDT,development,1320,1,0.0,-0.9999999999999991,0.0,0.0
ETHUSDT,development,1320,2,0.5,0.9481825436321343,2.8963650872642703,-0.9999999999999991
BTCUSDT,development,1321,1,0.0,-1.0000000000000009,0.0,0.0
ETHUSDT,development,1321,2,0.5,0.9496155541950699,2.8992311083901416,-0.9999999999999991
BTCUSDT,development,1322,1,0.0,-1.0000000000000009,0.0,0.0
ETHUSDT,development,1322,2,0.5,0.9518355329093566,2.9036710658187146,-0.9999999999999991
BTCUSDT,development,1323,1,0.0,-0.9999999999999991,0.0,0.0
ETHUSDT,development,1323,1,0.0,-0.9999999999999991,0.0,0.0
BTCUSDT,development,1324,1,0.0,-1.0000000000000009,0.0,0.0
ETHUSDT,development,1324,1,0.0,-0.9999999999999991,0.0,0.0
BTCUSDT,development,1325,1,0.0,-1.0000000000000009,0.0,0.0
ETHUSDT,development,1325,1,0.0,-0.9999999999999992,0.0,0.0
BTCUSDT,development,1326,0,,,,0.0
ETHUSDT,development,1326,0,,,,0.0
BTCUSDT,development,1327,0,,,,0.0
ETHUSDT,development,1327,0,,,,0.0
BTCUSDT,development,1328,0,,,,0.0
ETHUSDT,development,1328,0,,,,0.0
BTCUSDT,development,1329,0,,,,0.0
ETHUSDT,development,1329,0,,,,0.0
BTCUSDT,development,1330,0,,,,0.0
ETHUSDT,development,1330,0,,,,0.0
BTCUSDT,development,1331,0,,,,0.0
ETHUSDT,development,1331,0,,,,0.0
BTCUSDT,development,1332,4,0.0,-1.0000000000000004,0.0,-3.0000000000000027
ETHUSDT,development,1332,1,0.0,-0.9999999999999991,0.0,0.0
BTCUSDT,development,1333,4,0.0,-1.0000000000000007,0.0,-3.0000000000000036
ETHUSDT,development,1333,1,0.0,-0.9999999999999991,0.0,0.0
BTCUSDT,development,1334,4,0.0,-1.0000000000000004,0.0,-3.0000000000000027
ETHUSDT,development,1334,1,0.0,-0.9999999999999992,0.0,0.0
BTCUSDT,development,1335,3,0.0,-1.0000000000000002,0.0,-2.0000000000000013
ETHUSDT,development,1335,1,0.0,-0.9999999999999991,0.0,0.0
BTCUSDT,development,1336,3,0.0,-1.0000000000000004,0.0,-2.000000000000002
ETHUSDT,development,1336,1,0.0,-0.9999999999999991,0.0,0.0
BTCUSDT,development,1337,3,0.0,-1.0,0.0,-2.000000000000001
ETHUSDT,development,1337,1,0.0,-0.9999999999999992,0.0,0.0
BTCUSDT,development,1338,1,0.0,-1.0000000000000022,0.0,0.0
ETHUSDT,development,1338,0,,,,0.0
BTCUSDT,development,1339,1,0.0,-1.0000000000000013,0.0,0.0
ETHUSDT,development,1339,0,,,,0.0
BTCUSDT,development,1340,1,0.0,-1.0,0.0,0.0
ETHUSDT,development,1340,0,,,,0.0
BTCUSDT,development,1341,0,,,,0.0
ETHUSDT,development,1341,0,,,,0.0
BTCUSDT,development,1342,0,,,,0.0
ETHUSDT,development,1342,0,,,,0.0
BTCUSDT,development,1343,0,,,,0.0
ETHUSDT,development,1343,0,,,,0.0
BTCUSDT,development,1344,2,0.0,-0.9999999999999991,0.0,-0.999999999999999
ETHUSDT,development,1344,0,,,,0.0
BTCUSDT,development,1345,2,0.0,-1.0,0.0,-1.0000000000000009
ETHUSDT,development,1345,0,,,,0.0
BTCUSDT,development,1346,2,0.0,-1.0,0.0,-1.0000000000000009
ETHUSDT,development,1346,0,,,,0.0
BTCUSDT,development,1347,2,0.0,-0.9999999999999991,0.0,-0.999999999999999
ETHUSDT,development,1347,0,,,,0.0
BTCUSDT,development,1348,2,0.0,-1.0,0.0,-1.0000000000000009
ETHUSDT,development,1348,0,,,,0.0
BTCUSDT,development,1349,2,0.0,-1.0,0.0,-1.0000000000000009
ETHUSDT,development,1349,0,,,,0.0
BTCUSDT,development,1350,0,,,,0.0
ETHUSDT,development,1350,0,,,,0.0
BTCUSDT,development,1351,0,,,,0.0
ETHUSDT,development,1351,0,,,,0.0
BTCUSDT,development,1352,0,,,,0.0
ETHUSDT,development,1352,0,,,,0.0
BTCUSDT,development,1353,0,,,,0.0
ETHUSDT,development,1353,0,,,,0.0
BTCUSDT,development,1354,0,,,,0.0
ETHUSDT,development,1354,0,,,,0.0
BTCUSDT,development,1355,0,,,,0.0
ETHUSDT,development,1355,0,,,,0.0
BTCUSDT,development,1356,1,0.0,-0.9999999999999991,0.0,0.0
ETHUSDT,development,1356,1,0.0,-0.9999999999999991,0.0,0.0
BTCUSDT,development,1357,1,0.0,-1.0000000000000009,0.0,0.0
ETHUSDT,development,1357,1,0.0,-0.9999999999999991,0.0,0.0
BTCUSDT,development,1358,1,0.0,-1.0000000000000009,0.0,0.0
ETHUSDT,development,1358,1,0.0,-0.9999999999999992,0.0,0.0
BTCUSDT,development,1359,1,0.0,-0.9999999999999991,0.0,0.0
ETHUSDT,development,1359,1,0.0,-0.9999999999999991,0.0,0.0
BTCUSDT,development,1360,1,0.0,-1.0000000000000009,0.0,0.0
ETHUSDT,development,1360,1,0.0,-0.9999999999999991,0.0,0.0
BTCUSDT,development,1361,1,0.0,-1.0000000000000009,0.0,0.0
ETHUSDT,development,1361,1,0.0,-0.9999999999999992,0.0,0.0
BTCUSDT,development,1362,0,,,,0.0
ETHUSDT,development,1362,0,,,,0.0
BTCUSDT,development,1363,0,,,,0.0
ETHUSDT,development,1363,0,,,,0.0
BTCUSDT,development,1364,0,,,,0.0
ETHUSDT,development,1364,0,,,,0.0
BTCUSDT,development,1365,0,,,,0.0
ETHUSDT,development,1365,0,,,,0.0
BTCUSDT,development,1366,0,,,,0.0
ETHUSDT,development,1366,0,,,,0.0
BTCUSDT,development,1367,0,,,,0.0
ETHUSDT,development,1367,0,,,,0.0
BTCUSDT,development,1368,3,0.0,-1.0000000000000002,0.0,-2.0000000000000013
ETHUSDT,development,1368,0,,,,0.0
BTCUSDT,development,1369,3,0.0,-1.0000000000000004,0.0,-2.000000000000002
ETHUSDT,development,1369,0,,,,0.0
BTCUSDT,development,1370,3,0.0,-1.0,0.0,-2.000000000000001
ETHUSDT,development,1370,0,,,,0.0
BTCUSDT,development,1371,3,0.0,-1.0000000000000002,0.0,-2.0000000000000013
ETHUSDT,development,1371,0,,,,0.0
BTCUSDT,development,1372,3,0.0,-1.0000000000000004,0.0,-2.000000000000002
ETHUSDT,development,1372,0,,,,0.0
BTCUSDT,development,1373,3,0.0,-1.0,0.0,-2.000000000000001
ETHUSDT,development,1373,0,,,,0.0
BTCUSDT,development,1374,1,0.0,-1.0000000000000022,0.0,0.0
ETHUSDT,development,1374,0,,,,0.0
BTCUSDT,development,1375,1,0.0,-1.0000000000000013,0.0,0.0
ETHUSDT,development,1375,0,,,,0.0
BTCUSDT,development,1376,1,0.0,-1.0,0.0,0.0
ETHUSDT,development,1376,0,,,,0.0
BTCUSDT,development,1377,0,,,,0.0
ETHUSDT,development,1377,0,,,,0.0
BTCUSDT,development,1378,0,,,,0.0
ETHUSDT,development,1378,0,,,,0.0
BTCUSDT,development,1379,0,,,,0.0
ETHUSDT,development,1379,0,,,,0.0
BTCUSDT,development,1380,2,0.0,-0.9999999999999991,0.0,-0.999999999999999
ETHUSDT,development,1380,0,,,,0.0
BTCUSDT,development,1381,2,0.0,-1.0,0.0,-1.0000000000000009
ETHUSDT,development,1381,0,,,,0.0
BTCUSDT,development,1382,2,0.0,-1.0,0.0,-1.0000000000000009
ETHUSDT,development,1382,0,,,,0.0
BTCUSDT,development,1383,2,0.0,-0.9999999999999991,0.0,-0.999999999999999
ETHUSDT,development,1383,0,,,,0.0
BTCUSDT,development,1384,2,0.0,-1.0,0.0,-1.0000000000000009
ETHUSDT,development,1384,0,,,,0.0
BTCUSDT,development,1385,2,0.0,-1.0,0.0,-1.0000000000000009
ETHUSDT,development,1385,0,,,,0.0
BTCUSDT,development,1386,0,,,,0.0
ETHUSDT,development,1386,0,,,,0.0
BTCUSDT,development,1387,0,,,,0.0
ETHUSDT,development,1387,0,,,,0.0
BTCUSDT,development,1388,0,,,,0.0
ETHUSDT,development,1388,0,,,,0.0
BTCUSDT,development,1389,0,,,,0.0
ETHUSDT,development,1389,0,,,,0.0
BTCUSDT,development,1390,0,,,,0.0
ETHUSDT,development,1390,0,,,,0.0
BTCUSDT,development,1391,0,,,,0.0
ETHUSDT,development,1391,0,,,,0.0
BTCUSDT,development,1392,1,0.0,-0.9999999999999991,0.0,0.0
ETHUSDT,development,1392,0,,,,0.0
BTCUSDT,development,1393,1,0.0,-1.0000000000000009,0.0,0.0
ETHUSDT,development,1393,0,,,,0.0
BTCUSDT,development,1394,1,0.0,-1.0000000000000009,0.0,0.0
ETHUSDT,development,1394,0,,,,0.0
BTCUSDT,development,1395,1,0.0,-0.9999999999999991,0.0,0.0
ETHUSDT,development,1395,0,,,,0.0
BTCUSDT,development,1396,1,0.0,-1.0000000000000009,0.0,0.0
ETHUSDT,development,1396,0,,,,0.0
BTCUSDT,development,1397,1,0.0,-1.0000000000000009,0.0,0.0
ETHUSDT,development,1397,0,,,,0.0
BTCUSDT,development,1398,0,,,,0.0
ETHUSDT,development,1398,0,,,,0.0
BTCUSDT,development,1399,0,,,,0.0
ETHUSDT,development,1399,0,,,,0.0
BTCUSDT,development,1400,0,,,,0.0
ETHUSDT,development,1400,0,,,,0.0
BTCUSDT,development,1401,0,,,,0.0
ETHUSDT,development,1401,0,,,,0.0
BTCUSDT,development,1402,0,,,,0.0
ETHUSDT,development,1402,0,,,,0.0
BTCUSDT,development,1403,0,,,,0.0
ETHUSDT,development,1403,0,,,,0.0
BTCUSDT,development,1404,7,0.0,-1.0000000000000004,0.0,-6.0000000000000036
ETHUSDT,development,1404,4,0.5,0.9521186701679432,2.9042373403358837,-2.0000000000000027
BTCUSDT,development,1405,7,0.0,-1.0000000000000002,0.0,-6.000000000000003
ETHUSDT,development,1405,4,0.5,0.953347905392229,2.906695810784455,-2.000000000000003
BTCUSDT,development,1406,7,0.0,-1.000000000000001,0.0,-6.000000000000008
ETHUSDT,development,1406,4,0.5,0.9552612596053915,2.910522519210782,-2.000000000000001
BTCUSDT,development,1407,3,0.0,-1.0000000000000002,0.0,-2.0000000000000013
ETHUSDT,development,1407,1,0.0,-0.9999999999999991,0.0,0.0
BTCUSDT,development,1408,3,0.0,-1.0000000000000004,0.0,-2.000000000000002
ETHUSDT,development,1408,1,0.0,-0.9999999999999991,0.0,0.0
BTCUSDT,development,1409,3,0.0,-1.0,0.0,-2.000000000000001
ETHUSDT,development,1409,1,0.0,-0.9999999999999992,0.0,0.0
BTCUSDT,development,1410,1,0.0,-1.0000000000000022,0.0,0.0
ETHUSDT,development,1410,0,,,,0.0
BTCUSDT,development,1411,1,0.0,-1.0000000000000013,0.0,0.0
ETHUSDT,development,1411,0,,,,0.0
BTCUSDT,development,1412,1,0.0,-1.0,0.0,0.0
ETHUSDT,development,1412,0,,,,0.0
BTCUSDT,development,1413,0,,,,0.0
ETHUSDT,development,1413,0,,,,0.0
BTCUSDT,development,1414,0,,,,0.0
ETHUSDT,development,1414,0,,,,0.0
BTCUSDT,development,1415,0,,,,0.0
ETHUSDT,development,1415,0,,,,0.0
BTCUSDT,development,1416,3,0.0,-0.9999999999999991,0.0,-1.9999999999999982
ETHUSDT,development,1416,1,1.0,2.8963650872642677,inf,0.0
BTCUSDT,development,1417,3,0.0,-1.0000000000000007,0.0,-2.0000000000000027
ETHUSDT,development,1417,1,1.0,2.899231108390139,inf,0.0
BTCUSDT,development,1418,3,0.0,-1.000000000000002,0.0,-2.0000000000000067
ETHUSDT,development,1418,1,1.0,2.9036710658187124,inf,0.0
BTCUSDT,development,1419,2,0.0,-0.9999999999999991,0.0,-0.999999999999999
ETHUSDT,development,1419,0,,,,0.0
BTCUSDT,development,1420,2,0.0,-1.0,0.0,-1.0000000000000009
ETHUSDT,development,1420,0,,,,0.0
BTCUSDT,development,1421,2,0.0,-1.0,0.0,-1.0000000000000009
ETHUSDT,development,1421,0,,,,0.0
BTCUSDT,development,1422,0,,,,0.0
ETHUSDT,development,1422,0,,,,0.0
BTCUSDT,development,1423,0,,,,0.0
ETHUSDT,development,1423,0,,,,0.0
BTCUSDT,development,1424,0,,,,0.0
ETHUSDT,development,1424,0,,,,0.0
BTCUSDT,development,1425,0,,,,0.0
ETHUSDT,development,1425,0,,,,0.0
BTCUSDT,development,1426,0,,,,0.0
ETHUSDT,development,1426,0,,,,0.0
BTCUSDT,development,1427,0,,,,0.0
ETHUSDT,development,1427,0,,,,0.0
BTCUSDT,development,1428,2,0.0,-0.9999999999999991,0.0,-0.9999999999999992
ETHUSDT,development,1428,2,0.5,0.9481825436321343,2.8963650872642703,-0.9999999999999991
BTCUSDT,development,1429,2,0.0,-1.0000000000000013,0.0,-1.0000000000000009
ETHUSDT,development,1429,2,0.5,0.9496155541950699,2.8992311083901416,-0.9999999999999991
BTCUSDT,development,1430,2,0.0,-1.0000000000000033,0.0,-1.0000000000000009
ETHUSDT,development,1430,2,0.5,0.9518355329093566,2.9036710658187146,-0.9999999999999991
BTCUSDT,development,1431,1,0.0,-0.9999999999999991,0.0,0.0
ETHUSDT,development,1431,1,0.0,-0.9999999999999991,0.0,0.0
BTCUSDT,development,1432,1,0.0,-1.0000000000000009,0.0,0.0
ETHUSDT,development,1432,1,0.0,-0.9999999999999991,0.0,0.0
BTCUSDT,development,1433,1,0.0,-1.0000000000000009,0.0,0.0
ETHUSDT,development,1433,1,0.0,-0.9999999999999992,0.0,0.0
BTCUSDT,development,1434,0,,,,0.0
ETHUSDT,development,1434,0,,,,0.0
BTCUSDT,development,1435,0,,,,0.0
ETHUSDT,development,1435,0,,,,0.0
BTCUSDT,development,1436,0,,,,0.0
ETHUSDT,development,1436,0,,,,0.0
BTCUSDT,development,1437,0,,,,0.0
ETHUSDT,development,1437,0,,,,0.0
BTCUSDT,development,1438,0,,,,0.0
ETHUSDT,development,1438,0,,,,0.0
BTCUSDT,development,1439,0,,,,0.0
ETHUSDT,development,1439,0,,,,0.0
BTCUSDT,development,1440,4,0.0,-1.0000000000000004,0.0,-3.0000000000000027
ETHUSDT,development,1440,1,0.0,-0.9999999999999991,0.0,0.0
BTCUSDT,development,1441,4,0.0,-1.0000000000000007,0.0,-3.0000000000000036
ETHUSDT,development,1441,1,0.0,-0.9999999999999991,0.0,0.0
BTCUSDT,development,1442,4,0.0,-1.0000000000000004,0.0,-3.0000000000000027
ETHUSDT,development,1442,1,0.0,-0.9999999999999992,0.0,0.0
BTCUSDT,development,1443,3,0.0,-1.0000000000000002,0.0,-2.0000000000000013
ETHUSDT,development,1443,1,0.0,-0.9999999999999991,0.0,0.0
BTCUSDT,development,1444,3,0.0,-1.0000000000000004,0.0,-2.000000000000002
ETHUSDT,development,1444,1,0.0,-0.9999999999999991,0.0,0.0
BTCUSDT,development,1445,3,0.0,-1.0,0.0,-2.000000000000001
ETHUSDT,development,1445,1,0.0,-0.9999999999999992,0.0,0.0
BTCUSDT,development,1446,1,0.0,-1.0000000000000022,0.0,0.0
ETHUSDT,development,1446,0,,,,0.0
BTCUSDT,development,1447,1,0.0,-1.0000000000000013,0.0,0.0
ETHUSDT,development,1447,0,,,,0.0
BTCUSDT,development,1448,1,0.0,-1.0,0.0,0.0
ETHUSDT,development,1448,0,,,,0.0
BTCUSDT,development,1449,0,,,,0.0
ETHUSDT,development,1449,0,,,,0.0
BTCUSDT,development,1450,0,,,,0.0
ETHUSDT,development,1450,0,,,,0.0
BTCUSDT,development,1451,0,,,,0.0
ETHUSDT,development,1451,0,,,,0.0
BTCUSDT,development,1452,2,0.0,-0.9999999999999991,0.0,-0.999999999999999
ETHUSDT,development,1452,0,,,,0.0
BTCUSDT,development,1453,2,0.0,-1.0,0.0,-1.0000000000000009
ETHUSDT,development,1453,0,,,,0.0
BTCUSDT,development,1454,2,0.0,-1.0,0.0,-1.0000000000000009
ETHUSDT,development,1454,0,,,,0.0
BTCUSDT,development,1455,2,0.0,-0.9999999999999991,0.0,-0.999999999999999
ETHUSDT,development,1455,0,,,,0.0
BTCUSDT,development,1456,2,0.0,-1.0,0.0,-1.0000000000000009
ETHUSDT,development,1456,0,,,,0.0
BTCUSDT,development,1457,2,0.0,-1.0,0.0,-1.0000000000000009
ETHUSDT,development,1457,0,,,,0.0
BTCUSDT,development,1458,0,,,,0.0
ETHUSDT,development,1458,0,,,,0.0
BTCUSDT,development,1459,0,,,,0.0
ETHUSDT,development,1459,0,,,,0.0
BTCUSDT,development,1460,0,,,,0.0
ETHUSDT,development,1460,0,,,,0.0
BTCUSDT,development,1461,0,,,,0.0
ETHUSDT,development,1461,0,,,,0.0
BTCUSDT,development,1462,0,,,,0.0
ETHUSDT,development,1462,0,,,,0.0
BTCUSDT,development,1463,0,,,,0.0
ETHUSDT,development,1463,0,,,,0.0
BTCUSDT,development,1464,1,0.0,-0.9999999999999991,0.0,0.0
ETHUSDT,development,1464,1,0.0,-0.9999999999999991,0.0,0.0
BTCUSDT,development,1465,1,0.0,-1.0000000000000009,0.0,0.0
ETHUSDT,development,1465,1,0.0,-0.9999999999999991,0.0,0.0
BTCUSDT,development,1466,1,0.0,-1.0000000000000009,0.0,0.0
ETHUSDT,development,1466,1,0.0,-0.9999999999999992,0.0,0.0
BTCUSDT,development,1467,1,0.0,-0.9999999999999991,0.0,0.0
ETHUSDT,development,1467,1,0.0,-0.9999999999999991,0.0,0.0
BTCUSDT,development,1468,1,0.0,-1.0000000000000009,0.0,0.0
ETHUSDT,development,1468,1,0.0,-0.9999999999999991,0.0,0.0
BTCUSDT,development,1469,1,0.0,-1.0000000000000009,0.0,0.0
ETHUSDT,development,1469,1,0.0,-0.9999999999999992,0.0,0.0
BTCUSDT,development,1470,0,,,,0.0
ETHUSDT,development,1470,0,,,,0.0
BTCUSDT,development,1471,0,,,,0.0
ETHUSDT,development,1471,0,,,,0.0
BTCUSDT,development,1472,0,,,,0.0
ETHUSDT,development,1472,0,,,,0.0
BTCUSDT,development,1473,0,,,,0.0
ETHUSDT,development,1473,0,,,,0.0
BTCUSDT,development,1474,0,,,,0.0
ETHUSDT,development,1474,0,,,,0.0
BTCUSDT,development,1475,0,,,,0.0
ETHUSDT,development,1475,0,,,,0.0
BTCUSDT,development,1476,3,0.0,-1.0000000000000002,0.0,-2.0000000000000013
ETHUSDT,development,1476,0,,,,0.0
BTCUSDT,development,1477,3,0.0,-1.0000000000000004,0.0,-2.000000000000002
ETHUSDT,development,1477,0,,,,0.0
BTCUSDT,development,1478,3,0.0,-1.0,0.0,-2.000000000000001
ETHUSDT,development,1478,0,,,,0.0
BTCUSDT,development,1479,3,0.0,-1.0000000000000002,0.0,-2.0000000000000013
ETHUSDT,development,1479,0,,,,0.0
BTCUSDT,development,1480,3,0.0,-1.0000000000000004,0.0,-2.000000000000002
ETHUSDT,development,1480,0,,,,0.0
BTCUSDT,development,1481,3,0.0,-1.0,0.0,-2.000000000000001
ETHUSDT,development,1481,0,,,,0.0
BTCUSDT,development,1482,1,0.0,-1.0000000000000022,0.0,0.0
ETHUSDT,development,1482,0,,,,0.0
BTCUSDT,development,1483,1,0.0,-1.0000000000000013,0.0,0.0
ETHUSDT,development,1483,0,,,,0.0
BTCUSDT,development,1484,1,0.0,-1.0,0.0,0.0
ETHUSDT,development,1484,0,,,,0.0
BTCUSDT,development,1485,0,,,,0.0
ETHUSDT,development,1485,0,,,,0.0
BTCUSDT,development,1486,0,,,,0.0
ETHUSDT,development,1486,0,,,,0.0
BTCUSDT,development,1487,0,,,,0.0
ETHUSDT,development,1487,0,,,,0.0
BTCUSDT,development,1488,2,0.0,-0.9999999999999991,0.0,-0.999999999999999
ETHUSDT,development,1488,0,,,,0.0
BTCUSDT,development,1489,2,0.0,-1.0,0.0,-1.0000000000000009
ETHUSDT,development,1489,0,,,,0.0
BTCUSDT,development,1490,2,0.0,-1.0,0.0,-1.0000000000000009
ETHUSDT,development,1490,0,,,,0.0
BTCUSDT,development,1491,2,0.0,-0.9999999999999991,0.0,-0.999999999999999
ETHUSDT,development,1491,0,,,,0.0
BTCUSDT,development,1492,2,0.0,-1.0,0.0,-1.0000000000000009
ETHUSDT,development,1492,0,,,,0.0
BTCUSDT,development,1493,2,0.0,-1.0,0.0,-1.0000000000000009
ETHUSDT,development,1493,0,,,,0.0
BTCUSDT,development,1494,0,,,,0.0
ETHUSDT,development,1494,0,,,,0.0
BTCUSDT,development,1495,0,,,,0.0
ETHUSDT,development,1495,0,,,,0.0
BTCUSDT,development,1496,0,,,,0.0
ETHUSDT,development,1496,0,,,,0.0
BTCUSDT,development,1497,0,,,,0.0
ETHUSDT,development,1497,0,,,,0.0
BTCUSDT,development,1498,0,,,,0.0
ETHUSDT,development,1498,0,,,,0.0
BTCUSDT,development,1499,0,,,,0.0
ETHUSDT,development,1499,0,,,,0.0
BTCUSDT,development,1500,1,0.0,-0.9999999999999991,0.0,0.0
ETHUSDT,development,1500,0,,,,0.0
BTCUSDT,development,1501,1,0.0,-1.0000000000000009,0.0,0.0
ETHUSDT,development,1501,0,,,,0.0
BTCUSDT,development,1502,1,0.0,-1.0000000000000009,0.0,0.0
ETHUSDT,development,1502,0,,,,0.0
BTCUSDT,development,1503,1,0.0,-0.9999999999999991,0.0,0.0
ETHUSDT,development,1503,0,,,,0.0
BTCUSDT,development,1504,1,0.0,-1.0000000000000009,0.0,0.0
ETHUSDT,development,1504,0,,,,0.0
BTCUSDT,development,1505,1,0.0,-1.0000000000000009,0.0,0.0
ETHUSDT,development,1505,0,,,,0.0
BTCUSDT,development,1506,0,,,,0.0
ETHUSDT,development,1506,0,,,,0.0
BTCUSDT,development,1507,0,,,,0.0
ETHUSDT,development,1507,0,,,,0.0
BTCUSDT,development,1508,0,,,,0.0
ETHUSDT,development,1508,0,,,,0.0
BTCUSDT,development,1509,0,,,,0.0
ETHUSDT,development,1509,0,,,,0.0
BTCUSDT,development,1510,0,,,,0.0
ETHUSDT,development,1510,0,,,,0.0
BTCUSDT,development,1511,0,,,,0.0
ETHUSDT,development,1511,0,,,,0.0
BTCUSDT,development,1512,11,0.2727272727272727,0.03192673352095878,1.0438992585913183,-4.000000000000001
ETHUSDT,development,1512,6,0.5,0.9407868779682188,2.881573755936438,-3.0
BTCUSDT,development,1513,11,0.2727272727272727,0.035621513983597725,1.048979581727447,-4.0000000000000036
ETHUSDT,development,1513,6,0.5,0.9428018959986835,2.8856037919973656,-3.0000000000000018
BTCUSDT,development,1514,11,0.2727272727272727,0.04078505010097968,1.056079443888847,-4.000000000000005
ETHUSDT,development,1514,6,0.5,0.9458530942853746,2.89170618857075,-2.999999999999999
BTCUSDT,development,1515,4,0.0,-1.0000000000000009,0.0,-3.0000000000000044
ETHUSDT,development,1515,1,0.0,-0.9999999999999991,0.0,0.0
BTCUSDT,development,1516,4,0.0,-1.0,0.0,-3.000000000000001
ETHUSDT,development,1516,1,0.0,-0.9999999999999991,0.0,0.0
BTCUSDT,development,1517,4,0.0,-1.0,0.0,-3.000000000000001
ETHUSDT,development,1517,1,0.0,-0.9999999999999992,0.0,0.0
BTCUSDT,development,1518,1,0.0,-1.0000000000000022,0.0,0.0
ETHUSDT,development,1518,0,,,,0.0
BTCUSDT,development,1519,1,0.0,-1.0000000000000013,0.0,0.0
ETHUSDT,development,1519,0,,,,0.0
BTCUSDT,development,1520,1,0.0,-1.0,0.0,0.0
ETHUSDT,development,1520,0,,,,0.0
BTCUSDT,development,1521,0,,,,0.0
ETHUSDT,development,1521,0,,,,0.0
BTCUSDT,development,1522,0,,,,0.0
ETHUSDT,development,1522,0,,,,0.0
BTCUSDT,development,1523,0,,,,0.0
ETHUSDT,development,1523,0,,,,0.0
BTCUSDT,development,1524,6,0.5,0.8918656781217592,2.7837313562435195,-1.9999999999999982
ETHUSDT,development,1524,2,1.0,2.8663058372009034,inf,0.0
BTCUSDT,development,1525,6,0.5,0.8986394423032623,2.7972788846065235,-2.0000000000000027
ETHUSDT,development,1525,2,1.0,2.871325431406661,inf,0.0
BTCUSDT,development,1526,6,0.5,0.9081059251851297,2.8162118503702556,-2.0000000000000067
ETHUSDT,development,1526,2,1.0,2.878872296554696,inf,0.0
BTCUSDT,development,1527,2,0.0,-0.9999999999999991,0.0,-0.999999999999999
ETHUSDT,development,1527,0,,,,0.0
BTCUSDT,development,1528,2,0.0,-1.0,0.0,-1.0000000000000009
ETHUSDT,development,1528,0,,,,0.0
BTCUSDT,development,1529,2,0.0,-1.0,0.0,-1.0000000000000009
ETHUSDT,development,1529,0,,,,0.0
BTCUSDT,development,1530,0,,,,0.0
ETHUSDT,development,1530,0,,,,0.0
BTCUSDT,development,1531,0,,,,0.0
ETHUSDT,development,1531,0,,,,0.0
BTCUSDT,development,1532,0,,,,0.0
ETHUSDT,development,1532,0,,,,0.0
BTCUSDT,development,1533,0,,,,0.0
ETHUSDT,development,1533,0,,,,0.0
BTCUSDT,development,1534,0,,,,0.0
ETHUSDT,development,1534,0,,,,0.0
BTCUSDT,development,1535,0,,,,0.0
ETHUSDT,development,1535,0,,,,0.0
BTCUSDT,development,1536,5,0.6,1.2702388137461107,4.175597034365279,-1.9999999999999982
ETHUSDT,development,1536,3,0.6666666666666666,1.5775372248006025,5.732611674401812,-0.9999999999999991
BTCUSDT,development,1537,5,0.6,1.2783673307639147,4.195918326909783,-2.0000000000000027
ETHUSDT,development,1537,3,0.6666666666666666,1.5808836209377743,5.742650862813328,-0.9999999999999991
BTCUSDT,development,1538,5,0.6,1.2897271102221555,4.224317775555377,-2.000000000000007
ETHUSDT,development,1538,3,0.6666666666666666,1.5859148643697976,5.757744593109396,-0.9999999999999991
BTCUSDT,development,1539,1,0.0,-0.9999999999999991,0.0,0.0
ETHUSDT,development,1539,1,0.0,-0.9999999999999991,0.0,0.0
BTCUSDT,development,1540,1,0.0,-1.0000000000000009,0.0,0.0
ETHUSDT,development,1540,1,0.0,-0.9999999999999991,0.0,0.0
BTCUSDT,development,1541,1,0.0,-1.0000000000000009,0.0,0.0
ETHUSDT,development,1541,1,0.0,-0.9999999999999992,0.0,0.0
BTCUSDT,development,1542,0,,,,0.0
ETHUSDT,development,1542,0,,,,0.0
BTCUSDT,development,1543,0,,,,0.0
ETHUSDT,development,1543,0,,,,0.0
BTCUSDT,development,1544,0,,,,0.0
ETHUSDT,development,1544,0,,,,0.0
BTCUSDT,development,1545,0,,,,0.0
ETHUSDT,development,1545,0,,,,0.0
BTCUSDT,development,1546,0,,,,0.0
ETHUSDT,development,1546,0,,,,0.0
BTCUSDT,development,1547,0,,,,0.0
ETHUSDT,development,1547,0,,,,0.0
BTCUSDT,development,1548,6,0.16666666666666666,-0.358407217544585,0.5699113389464984,-2.0000000000000036
ETHUSDT,development,1548,1,0.0,-0.9999999999999991,0.0,0.0
BTCUSDT,development,1549,6,0.16666666666666666,-0.35739735217430474,0.5711231773908345,-2.000000000000002
ETHUSDT,development,1549,1,0.0,-0.9999999999999991,0.0,0.0
BTCUSDT,development,1550,6,0.16666666666666666,-0.35588364077740886,0.5729396310671094,-2.000000000000001
ETHUSDT,development,1550,1,0.0,-0.9999999999999992,0.0,0.0
BTCUSDT,development,1551,4,0.0,-1.0000000000000009,0.0,-3.0000000000000044
ETHUSDT,development,1551,1,0.0,-0.9999999999999991,0.0,0.0
BTCUSDT,development,1552,4,0.0,-1.0,0.0,-3.000000000000001
ETHUSDT,development,1552,1,0.0,-0.9999999999999991,0.0,0.0
BTCUSDT,development,1553,4,0.0,-1.0,0.0,-3.000000000000001
ETHUSDT,development,1553,1,0.0,-0.9999999999999992,0.0,0.0
BTCUSDT,development,1554,1,0.0,-1.0000000000000022,0.0,0.0
ETHUSDT,development,1554,0,,,,0.0
BTCUSDT,development,1555,1,0.0,-1.0000000000000013,0.0,0.0
ETHUSDT,development,1555,0,,,,0.0
BTCUSDT,development,1556,1,0.0,-1.0,0.0,0.0
ETHUSDT,development,1556,0,,,,0.0
BTCUSDT,development,1557,0,,,,0.0
ETHUSDT,development,1557,0,,,,0.0
BTCUSDT,development,1558,0,,,,0.0
ETHUSDT,development,1558,0,,,,0.0
BTCUSDT,development,1559,0,,,,0.0
ETHUSDT,development,1559,0,,,,0.0
BTCUSDT,development,1560,3,0.3333333333333333,0.2831855649108319,1.4247783473662483,-0.9999999999999991
ETHUSDT,development,1560,0,,,,0.0
BTCUSDT,development,1561,3,0.3333333333333333,0.28520529565139113,1.4278079434770867,-1.0000000000000009
ETHUSDT,development,1561,0,,,,0.0
BTCUSDT,development,1562,3,0.3333333333333333,0.28823271844518256,1.4323490776677739,-1.0000000000000009
ETHUSDT,development,1562,0,,,,0.0
BTCUSDT,development,1563,2,0.0,-0.9999999999999991,0.0,-0.999999999999999
ETHUSDT,development,1563,0,,,,0.0
BTCUSDT,development,1564,2,0.0,-1.0,0.0,-1.0000000000000009
ETHUSDT,development,1564,0,,,,0.0
BTCUSDT,development,1565,2,0.0,-1.0,0.0,-1.0000000000000009
ETHUSDT,development,1565,0,,,,0.0
BTCUSDT,development,1566,0,,,,0.0
ETHUSDT,development,1566,0,,,,0.0
BTCUSDT,development,1567,0,,,,0.0
ETHUSDT,development,1567,0,,,,0.0
BTCUSDT,development,1568,0,,,,0.0
ETHUSDT,development,1568,0,,,,0.0
BTCUSDT,development,1569,0,,,,0.0
ETHUSDT,development,1569,0,,,,0.0
BTCUSDT,development,1570,0,,,,0.0
ETHUSDT,development,1570,0,,,,0.0
BTCUSDT,development,1571,0,,,,0.0
ETHUSDT,development,1571,0,,,,0.0
BTCUSDT,development,1572,2,0.5,0.9247783473662474,2.8495566947324966,-0.9999999999999991
ETHUSDT,development,1572,1,0.0,-0.9999999999999991,0.0,0.0
BTCUSDT,development,1573,2,0.5,0.9278079434770863,2.855615886954171,-1.0000000000000009
ETHUSDT,development,1573,1,0.0,-0.9999999999999991,0.0,0.0
BTCUSDT,development,1574,2,0.5,0.9323490776677734,2.864698155335545,-1.0000000000000009
ETHUSDT,development,1574,1,0.0,-0.9999999999999992,0.0,0.0
BTCUSDT,development,1575,1,0.0,-0.9999999999999991,0.0,0.0
ETHUSDT,development,1575,1,0.0,-0.9999999999999991,0.0,0.0
BTCUSDT,development,1576,1,0.0,-1.0000000000000009,0.0,0.0
ETHUSDT,development,1576,1,0.0,-0.9999999999999991,0.0,0.0
BTCUSDT,development,1577,1,0.0,-1.0000000000000009,0.0,0.0
ETHUSDT,development,1577,1,0.0,-0.9999999999999992,0.0,0.0
BTCUSDT,development,1578,0,,,,0.0
ETHUSDT,development,1578,0,,,,0.0
BTCUSDT,development,1579,0,,,,0.0
ETHUSDT,development,1579,0,,,,0.0
BTCUSDT,development,1580,0,,,,0.0
ETHUSDT,development,1580,0,,,,0.0
BTCUSDT,development,1581,0,,,,0.0
ETHUSDT,development,1581,0,,,,0.0
BTCUSDT,development,1582,0,,,,0.0
ETHUSDT,development,1582,0,,,,0.0
BTCUSDT,development,1583,0,,,,0.0
ETHUSDT,development,1583,0,,,,0.0
BTCUSDT,development,1584,3,0.0,-1.0000000000000002,0.0,-2.0000000000000013
ETHUSDT,development,1584,0,,,,0.0
BTCUSDT,development,1585,3,0.0,-1.0000000000000004,0.0,-2.000000000000002
ETHUSDT,development,1585,0,,,,0.0
BTCUSDT,development,1586,3,0.0,-1.0,0.0,-2.000000000000001
ETHUSDT,development,1586,0,,,,0.0
BTCUSDT,development,1587,3,0.0,-1.0000000000000002,0.0,-2.0000000000000013
ETHUSDT,development,1587,0,,,,0.0
BTCUSDT,development,1588,3,0.0,-1.0000000000000004,0.0,-2.000000000000002
ETHUSDT,development,1588,0,,,,0.0
BTCUSDT,development,1589,3,0.0,-1.0,0.0,-2.000000000000001
ETHUSDT,development,1589,0,,,,0.0
BTCUSDT,development,1590,1,0.0,-1.0000000000000022,0.0,0.0
ETHUSDT,development,1590,0,,,,0.0
BTCUSDT,development,1591,1,0.0,-1.0000000000000013,0.0,0.0
ETHUSDT,development,1591,0,,,,0.0
BTCUSDT,development,1592,1,0.0,-1.0,0.0,0.0
ETHUSDT,development,1592,0,,,,0.0
BTCUSDT,development,1593,0,,,,0.0
ETHUSDT,development,1593,0,,,,0.0
BTCUSDT,development,1594,0,,,,0.0
ETHUSDT,development,1594,0,,,,0.0
BTCUSDT,development,1595,0,,,,0.0
ETHUSDT,development,1595,0,,,,0.0
BTCUSDT,development,1596,2,0.0,-0.9999999999999991,0.0,-0.999999999999999
ETHUSDT,development,1596,0,,,,0.0
BTCUSDT,development,1597,2,0.0,-1.0,0.0,-1.0000000000000009
ETHUSDT,development,1597,0,,,,0.0
BTCUSDT,development,1598,2,0.0,-1.0,0.0,-1.0000000000000009
ETHUSDT,development,1598,0,,,,0.0
BTCUSDT,development,1599,2,0.0,-0.9999999999999991,0.0,-0.999999999999999
ETHUSDT,development,1599,0,,,,0.0
BTCUSDT,development,1600,2,0.0,-1.0,0.0,-1.0000000000000009
ETHUSDT,development,1600,0,,,,0.0
BTCUSDT,development,1601,2,0.0,-1.0,0.0,-1.0000000000000009
ETHUSDT,development,1601,0,,,,0.0
BTCUSDT,development,1602,0,,,,0.0
ETHUSDT,development,1602,0,,,,0.0
BTCUSDT,development,1603,0,,,,0.0
ETHUSDT,development,1603,0,,,,0.0
BTCUSDT,development,1604,0,,,,0.0
ETHUSDT,development,1604,0,,,,0.0
BTCUSDT,development,1605,0,,,,0.0
ETHUSDT,development,1605,0,,,,0.0
BTCUSDT,development,1606,0,,,,0.0
ETHUSDT,development,1606,0,,,,0.0
BTCUSDT,development,1607,0,,,,0.0
ETHUSDT,development,1607,0,,,,0.0
BTCUSDT,development,1608,1,0.0,-0.9999999999999991,0.0,0.0
ETHUSDT,development,1608,0,,,,0.0
BTCUSDT,development,1609,1,0.0,-1.0000000000000009,0.0,0.0
ETHUSDT,development,1609,0,,,,0.0
BTCUSDT,development,1610,1,0.0,-1.0000000000000009,0.0,0.0
ETHUSDT,development,1610,0,,,,0.0
BTCUSDT,development,1611,1,0.0,-0.9999999999999991,0.0,0.0
ETHUSDT,development,1611,0,,,,0.0
BTCUSDT,development,1612,1,0.0,-1.0000000000000009,0.0,0.0
ETHUSDT,development,1612,0,,,,0.0
BTCUSDT,development,1613,1,0.0,-1.0000000000000009,0.0,0.0
ETHUSDT,development,1613,0,,,,0.0
BTCUSDT,development,1614,0,,,,0.0
ETHUSDT,development,1614,0,,,,0.0
BTCUSDT,development,1615,0,,,,0.0
ETHUSDT,development,1615,0,,,,0.0
BTCUSDT,development,1616,0,,,,0.0
ETHUSDT,development,1616,0,,,,0.0
BTCUSDT,development,1617,0,,,,0.0
ETHUSDT,development,1617,0,,,,0.0
BTCUSDT,development,1618,0,,,,0.0
ETHUSDT,development,1618,0,,,,0.0
BTCUSDT,development,1619,0,,,,0.0
ETHUSDT,development,1619,0,,,,0.0
BTCUSDT,development,1620,9,0.2222222222222222,-0.1310773964551455,0.8314719188433843,-2.9999999999999996
ETHUSDT,development,1620,9,0.2222222222222222,-0.13239170214758056,0.8297820972388249,-5.000000000000001
BTCUSDT,development,1621,9,0.2222222222222222,-0.1305075788398967,0.8322045414915614,-2.999999999999999
ETHUSDT,development,1621,9,0.2222222222222222,-0.13184537538123065,0.8304845173669889,-4.9999999999999964
BTCUSDT,development,1622,9,0.2222222222222222,-0.12963436367612458,0.8333272467021254,-2.9999999999999956
ETHUSDT,development,1622,9,0.2222222222222222,-0.1309949957309367,0.8315778626316529,-4.999999999999999
BTCUSDT,development,1623,5,0.2,-0.21006571250856226,0.7374178593642969,-1.9999999999999991
ETHUSDT,development,1623,3,0.0,-0.9999999999999997,0.0,-1.9999999999999987
BTCUSDT,development,1624,5,0.2,-0.20993614684773637,0.7375798164403294,-1.9999999999999991
ETHUSDT,development,1624,3,0.0,-0.9999999999999992,0.0,-1.9999999999999978
BTCUSDT,development,1625,5,0.2,-0.20972746069786447,0.7378406741276692,-1.9999999999999964
ETHUSDT,development,1625,3,0.0,-1.0,0.0,-1.9999999999999996
BTCUSDT,development,1626,3,0.3333333333333333,0.3165571458190623,1.4748357187285936,-1.9999999999999991
ETHUSDT,development,1626,2,0.0,-1.0,0.0,-0.9999999999999996
BTCUSDT,development,1627,3,0.3333333333333333,0.31677308858710607,1.4751596328806593,-1.9999999999999991
ETHUSDT,development,1627,2,0.0,-0.9999999999999993,0.0,-0.9999999999999988
BTCUSDT,development,1628,3,0.3333333333333333,0.31712089883689254,1.4756813482553397,-1.9999999999999964
ETHUSDT,development,1628,2,0.0,-1.0000000000000004,0.0,-1.0000000000000004
BTCUSDT,development,1629,0,,,,0.0
ETHUSDT,development,1629,0,,,,0.0
BTCUSDT,development,1630,0,,,,0.0
ETHUSDT,development,1630,0,,,,0.0
BTCUSDT,development,1631,0,,,,0.0
ETHUSDT,development,1631,0,,,,0.0
BTCUSDT,development,1632,4,0.25,-0.012582140635703565,0.9832238124857287,-1.000000000000002
ETHUSDT,development,1632,5,0.2,-0.22072698254714646,0.7240912718160669,-4.0
BTCUSDT,development,1633,4,0.25,-0.012420183559670839,0.9834397552537721,-1.0000000000000009
ETHUSDT,development,1633,5,0.2,-0.22015377832197164,0.7248077770975353,-3.9999999999999973
BTCUSDT,development,1634,4,0.25,-0.012159325872331816,0.9837875655035576,-1.0000000000000013
ETHUSDT,development,1634,5,0.2,-0.21926578683625744,0.7259177664546782,-3.9999999999999996
BTCUSDT,development,1635,3,0.3333333333333333,0.3165571458190626,1.4748357187285943,-0.999999999999999
ETHUSDT,development,1635,2,0.0,-1.0,0.0,-0.9999999999999996
BTCUSDT,development,1636,3,0.3333333333333333,0.3167730885871058,1.4751596328806587,-1.0000000000000009
ETHUSDT,development,1636,2,0.0,-0.9999999999999993,0.0,-0.9999999999999988
BTCUSDT,development,1637,3,0.3333333333333333,0.3171208988368914,1.475681348255337,-1.0000000000000009
ETHUSDT,development,1637,2,0.0,-1.0000000000000004,0.0,-1.0000000000000004
BTCUSDT,development,1638,1,1.0,2.949671437457186,inf,0.0
ETHUSDT,development,1638,2,0.0,-1.0,0.0,-0.9999999999999996
BTCUSDT,development,1639,1,1.0,2.9503192657613173,inf,0.0
ETHUSDT,development,1639,2,0.0,-0.9999999999999993,0.0,-0.9999999999999988
BTCUSDT,development,1640,1,1.0,2.951362696510674,inf,0.0
ETHUSDT,development,1640,2,0.0,-1.0000000000000004,0.0,-1.0000000000000004
BTCUSDT,development,1641,0,,,,0.0
ETHUSDT,development,1641,0,,,,0.0
BTCUSDT,development,1642,0,,,,0.0
ETHUSDT,development,1642,0,,,,0.0
BTCUSDT,development,1643,0,,,,0.0
ETHUSDT,development,1643,0,,,,0.0
BTCUSDT,development,1644,3,0.3333333333333333,0.31655714581906164,1.4748357187285923,-1.000000000000002
ETHUSDT,development,1644,5,0.2,-0.22072698254714637,0.724091271816067,-3.9999999999999996
BTCUSDT,development,1645,3,0.3333333333333333,0.31677308858710523,1.4751596328806573,-1.0000000000000007
ETHUSDT,development,1645,5,0.2,-0.22015377832197167,0.7248077770975352,-3.9999999999999973
BTCUSDT,development,1646,3,0.3333333333333333,0.3171208988368906,1.4756813482553355,-1.0000000000000013
ETHUSDT,development,1646,5,0.2,-0.21926578683625722,0.7259177664546784,-3.9999999999999982
BTCUSDT,development,1647,2,0.5,0.9748357187285934,2.9496714374571886,0.0
ETHUSDT,development,1647,2,0.0,-0.9999999999999998,0.0,-0.9999999999999991
BTCUSDT,development,1648,2,0.5,0.9751596328806582,2.9503192657613146,0.0
ETHUSDT,development,1648,2,0.0,-0.9999999999999996,0.0,-0.9999999999999992
BTCUSDT,development,1649,2,0.5,0.9756813482553366,2.9513626965106714,0.0
ETHUSDT,development,1649,2,0.0,-0.9999999999999998,0.0,-0.9999999999999991
BTCUSDT,development,1650,1,1.0,2.949671437457186,inf,0.0
ETHUSDT,development,1650,1,0.0,-1.0000000000000004,0.0,0.0
BTCUSDT,development,1651,1,1.0,2.9503192657613173,inf,0.0
ETHUSDT,development,1651,1,0.0,-0.9999999999999999,0.0,0.0
BTCUSDT,development,1652,1,1.0,2.951362696510674,inf,0.0
ETHUSDT,development,1652,1,0.0,-1.0000000000000004,0.0,0.0
BTCUSDT,development,1653,0,,,,0.0
ETHUSDT,development,1653,0,,,,0.0
BTCUSDT,development,1654,0,,,,0.0
ETHUSDT,development,1654,0,,,,0.0
BTCUSDT,development,1655,0,,,,0.0
ETHUSDT,development,1655,0,,,,0.0
BTCUSDT,development,1656,8,0.25,-0.022462071012038592,0.9700505719839486,-2.0
ETHUSDT,development,1656,5,0.0,-0.9999999999999998,0.0,-3.9999999999999987
BTCUSDT,development,1657,8,0.25,-0.02182102619488377,0.9709052984068216,-2.000000000000002
ETHUSDT,development,1657,5,0.0,-0.9999999999999991,0.0,-3.9999999999999964
BTCUSDT,development,1658,8,0.25,-0.02083865913564026,0.9722151211524794,-2.000000000000002
ETHUSDT,development,1658,5,0.0,-0.9999999999999997,0.0,-3.999999999999999
BTCUSDT,development,1659,5,0.2,-0.21006571250856226,0.7374178593642969,-1.9999999999999991
ETHUSDT,development,1659,2,0.0,-0.9999999999999993,0.0,-0.999999999999999
BTCUSDT,development,1660,5,0.2,-0.20993614684773637,0.7375798164403294,-1.9999999999999991
ETHUSDT,development,1660,2,0.0,-0.9999999999999989,0.0,-0.999999999999999
BTCUSDT,development,1661,5,0.2,-0.20972746069786447,0.7378406741276692,-1.9999999999999964
ETHUSDT,development,1661,2,0.0,-0.9999999999999998,0.0,-0.9999999999999991
BTCUSDT,development,1662,3,0.3333333333333333,0.3165571458190623,1.4748357187285936,-1.9999999999999991
ETHUSDT,development,1662,1,0.0,-0.9999999999999997,0.0,0.0
BTCUSDT,development,1663,3,0.3333333333333333,0.31677308858710607,1.4751596328806593,-1.9999999999999991
ETHUSDT,development,1663,1,0.0,-0.9999999999999988,0.0,0.0
BTCUSDT,development,1664,3,0.3333333333333333,0.31712089883689254,1.4756813482553397,-1.9999999999999964
ETHUSDT,development,1664,1,0.0,-1.0000000000000004,0.0,0.0
BTCUSDT,development,1665,0,,,,0.0
ETHUSDT,development,1665,0,,,,0.0
BTCUSDT,development,1666,0,,,,0.0
ETHUSDT,development,1666,0,,,,0.0
BTCUSDT,development,1667,0,,,,0.0
ETHUSDT,development,1667,0,,,,0.0
BTCUSDT,development,1668,4,0.25,-0.012582140635703565,0.9832238124857287,-1.000000000000002
ETHUSDT,development,1668,3,0.0,-0.9999999999999999,0.0,-1.9999999999999991
BTCUSDT,development,1669,4,0.25,-0.012420183559670839,0.9834397552537721,-1.0000000000000009
ETHUSDT,development,1669,3,0.0,-0.999999999999999,0.0,-1.9999999999999978
BTCUSDT,development,1670,4,0.25,-0.012159325872331816,0.9837875655035576,-1.0000000000000013
ETHUSDT,development,1670,3,0.0,-0.9999999999999997,0.0,-2.0
BTCUSDT,development,1671,3,0.3333333333333333,0.3165571458190626,1.4748357187285943,-0.999999999999999
ETHUSDT,development,1671,1,0.0,-0.9999999999999997,0.0,0.0
BTCUSDT,development,1672,3,0.3333333333333333,0.3167730885871058,1.4751596328806587,-1.0000000000000009
ETHUSDT,development,1672,1,0.0,-0.9999999999999988,0.0,0.0
BTCUSDT,development,1673,3,0.3333333333333333,0.3171208988368914,1.475681348255337,-1.0000000000000009
ETHUSDT,development,1673,1,0.0,-1.0000000000000004,0.0,0.0
BTCUSDT,development,1674,1,1.0,2.949671437457186,inf,0.0
ETHUSDT,development,1674,1,0.0,-0.9999999999999997,0.0,0.0
BTCUSDT,development,1675,1,1.0,2.9503192657613173,inf,0.0
ETHUSDT,development,1675,1,0.0,-0.9999999999999988,0.0,0.0
BTCUSDT,development,1676,1,1.0,2.951362696510674,inf,0.0
ETHUSDT,development,1676,1,0.0,-1.0000000000000004,0.0,0.0
BTCUSDT,development,1677,0,,,,0.0
ETHUSDT,development,1677,0,,,,0.0
BTCUSDT,development,1678,0,,,,0.0
ETHUSDT,development,1678,0,,,,0.0
BTCUSDT,development,1679,0,,,,0.0
ETHUSDT,development,1679,0,,,,0.0
BTCUSDT,development,1680,3,0.3333333333333333,0.31655714581906164,1.4748357187285923,-1.000000000000002
ETHUSDT,development,1680,3,0.0,-0.9999999999999997,0.0,-1.9999999999999987
BTCUSDT,development,1681,3,0.3333333333333333,0.31677308858710523,1.4751596328806573,-1.0000000000000007
ETHUSDT,development,1681,3,0.0,-0.9999999999999991,0.0,-1.9999999999999982
BTCUSDT,development,1682,3,0.3333333333333333,0.3171208988368906,1.4756813482553355,-1.0000000000000013
ETHUSDT,development,1682,3,0.0,-0.9999999999999992,0.0,-1.9999999999999987
BTCUSDT,development,1683,2,0.5,0.9748357187285934,2.9496714374571886,0.0
ETHUSDT,development,1683,1,0.0,-0.9999999999999991,0.0,0.0
BTCUSDT,development,1684,2,0.5,0.9751596328806582,2.9503192657613146,0.0
ETHUSDT,development,1684,1,0.0,-0.9999999999999991,0.0,0.0
BTCUSDT,development,1685,2,0.5,0.9756813482553366,2.9513626965106714,0.0
ETHUSDT,development,1685,1,0.0,-0.9999999999999992,0.0,0.0
BTCUSDT,development,1686,1,1.0,2.949671437457186,inf,0.0
ETHUSDT,development,1686,0,,,,0.0
BTCUSDT,development,1687,1,1.0,2.9503192657613173,inf,0.0
ETHUSDT,development,1687,0,,,,0.0
BTCUSDT,development,1688,1,1.0,2.951362696510674,inf,0.0
ETHUSDT,development,1688,0,,,,0.0
BTCUSDT,development,1689,0,,,,0.0
ETHUSDT,development,1689,0,,,,0.0
BTCUSDT,development,1690,0,,,,0.0
ETHUSDT,development,1690,0,,,,0.0
BTCUSDT,development,1691,0,,,,0.0
ETHUSDT,development,1691,0,,,,0.0
BTCUSDT,development,1692,5,0.2,-0.2100657125085633,0.737417859364296,-2.0000000000000044
ETHUSDT,development,1692,2,0.0,-1.0000000000000002,0.0,-1.0000000000000009
BTCUSDT,development,1693,5,0.2,-0.20993614684773693,0.737579816440329,-2.0000000000000018
ETHUSDT,development,1693,2,0.0,-0.9999999999999992,0.0,-0.9999999999999997
BTCUSDT,development,1694,5,0.2,-0.20972746069786546,0.7378406741276682,-2.0000000000000013
ETHUSDT,development,1694,2,0.0,-1.0,0.0,-0.9999999999999996
BTCUSDT,development,1695,4,0.25,-0.01258214063570362,0.9832238124857285,-1.0000000000000022
ETHUSDT,development,1695,1,0.0,-0.9999999999999997,0.0,0.0
BTCUSDT,development,1696,4,0.25,-0.012420183559671005,0.983439755253772,-1.0000000000000013
ETHUSDT,development,1696,1,0.0,-0.9999999999999988,0.0,0.0
BTCUSDT,development,1697,4,0.25,-0.012159325872331483,0.9837875655035581,-1.0000000000000009
ETHUSDT,development,1697,1,0.0,-1.0000000000000004,0.0,0.0
BTCUSDT,development,1698,2,0.5,0.9748357187285919,2.9496714374571793,-1.0000000000000022
ETHUSDT,development,1698,1,0.0,-0.9999999999999997,0.0,0.0
BTCUSDT,development,1699,2,0.5,0.975159632880658,2.9503192657613133,-1.0000000000000013
ETHUSDT,development,1699,1,0.0,-0.9999999999999988,0.0,0.0
BTCUSDT,development,1700,2,0.5,0.975681348255337,2.951362696510674,-1.0
ETHUSDT,development,1700,1,0.0,-1.0000000000000004,0.0,0.0
BTCUSDT,development,1701,0,,,,0.0
ETHUSDT,development,1701,0,,,,0.0
BTCUSDT,development,1702,0,,,,0.0
ETHUSDT,development,1702,0,,,,0.0
BTCUSDT,development,1703,0,,,,0.0
ETHUSDT,development,1703,0,,,,0.0
BTCUSDT,development,1704,4,0.25,-0.012582140635703565,0.9832238124857287,-1.000000000000002
ETHUSDT,development,1704,1,0.0,-0.9999999999999997,0.0,0.0
BTCUSDT,development,1705,4,0.25,-0.012420183559670839,0.9834397552537721,-1.0000000000000009
ETHUSDT,development,1705,1,0.0,-0.9999999999999988,0.0,0.0
BTCUSDT,development,1706,4,0.25,-0.012159325872331816,0.9837875655035576,-1.0000000000000013
ETHUSDT,development,1706,1,0.0,-1.0000000000000004,0.0,0.0
BTCUSDT,development,1707,3,0.3333333333333333,0.3165571458190626,1.4748357187285943,-0.999999999999999
ETHUSDT,development,1707,1,0.0,-0.9999999999999997,0.0,0.0
BTCUSDT,development,1708,3,0.3333333333333333,0.3167730885871058,1.4751596328806587,-1.0000000000000009
ETHUSDT,development,1708,1,0.0,-0.9999999999999988,0.0,0.0
BTCUSDT,development,1709,3,0.3333333333333333,0.3171208988368914,1.475681348255337,-1.0000000000000009
ETHUSDT,development,1709,1,0.0,-1.0000000000000004,0.0,0.0
BTCUSDT,development,1710,1,1.0,2.949671437457186,inf,0.0
ETHUSDT,development,1710,1,0.0,-0.9999999999999997,0.0,0.0
BTCUSDT,development,1711,1,1.0,2.9503192657613173,inf,0.0
ETHUSDT,development,1711,1,0.0,-0.9999999999999988,0.0,0.0
BTCUSDT,development,1712,1,1.0,2.951362696510674,inf,0.0
ETHUSDT,development,1712,1,0.0,-1.0000000000000004,0.0,0.0
BTCUSDT,development,1713,0,,,,0.0
ETHUSDT,development,1713,0,,,,0.0
BTCUSDT,development,1714,0,,,,0.0
ETHUSDT,development,1714,0,,,,0.0
BTCUSDT,development,1715,0,,,,0.0
ETHUSDT,development,1715,0,,,,0.0
BTCUSDT,development,1716,3,0.3333333333333333,0.31655714581906164,1.4748357187285923,-1.000000000000002
ETHUSDT,development,1716,0,,,,0.0
BTCUSDT,development,1717,3,0.3333333333333333,0.31677308858710523,1.4751596328806573,-1.0000000000000007
ETHUSDT,development,1717,0,,,,0.0
BTCUSDT,development,1718,3,0.3333333333333333,0.3171208988368906,1.4756813482553355,-1.0000000000000013
ETHUSDT,development,1718,0,,,,0.0
BTCUSDT,development,1719,2,0.5,0.9748357187285934,2.9496714374571886,0.0
ETHUSDT,development,1719,0,,,,0.0
BTCUSDT,development,1720,2,0.5,0.9751596328806582,2.9503192657613146,0.0
ETHUSDT,development,1720,0,,,,0.0
BTCUSDT,development,1721,2,0.5,0.9756813482553366,2.9513626965106714,0.0
ETHUSDT,development,1721,0,,,,0.0
BTCUSDT,development,1722,1,1.0,2.949671437457186,inf,0.0
ETHUSDT,development,1722,0,,,,0.0
BTCUSDT,development,1723,1,1.0,2.9503192657613173,inf,0.0
ETHUSDT,development,1723,0,,,,0.0
BTCUSDT,development,1724,1,1.0,2.951362696510674,inf,0.0
ETHUSDT,development,1724,0,,,,0.0
BTCUSDT,development,1725,0,,,,0.0
ETHUSDT,development,1725,0,,,,0.0
BTCUSDT,development,1726,0,,,,0.0
ETHUSDT,development,1726,0,,,,0.0
BTCUSDT,development,1727,0,,,,0.0
ETHUSDT,development,1727,0,,,,0.0
BTCUSDT,development,1728,12,0.25,-0.020016961573056564,0.9733107179025914,-3.0503285625428123
ETHUSDT,development,1728,10,0.2,-0.21915253193282283,0.7260593350839716,-5.000000000000001
BTCUSDT,development,1729,12,0.25,-0.01951028737612957,0.9739862834984938,-3.0496807342386854
ETHUSDT,development,1729,10,0.2,-0.218660837843108,0.7266739526961149,-4.9999999999999964
BTCUSDT,development,1730,12,0.25,-0.01872859385925485,0.9750285415209934,-3.048637303489329
ETHUSDT,development,1730,10,0.2,-0.2178954961578432,0.727630629802696,-4.999999999999999
BTCUSDT,development,1731,7,0.2857142857142857,0.12702349523954545,1.1778328933353637,-1.9999999999999998
ETHUSDT,development,1731,3,0.0,-0.9999999999999997,0.0,-1.9999999999999987
BTCUSDT,development,1732,7,0.2857142857142857,0.12725200382954796,1.178152805361367,-2.0000000000000018
ETHUSDT,development,1732,3,0.0,-0.9999999999999992,0.0,-1.9999999999999978
BTCUSDT,development,1733,7,0.2857142857142857,0.1276184061835352,1.1786657686569493,-2.0000000000000018
ETHUSDT,development,1733,3,0.0,-1.0,0.0,-1.9999999999999996
BTCUSDT,development,1734,5,0.4,0.5778328933353633,1.9630548222256055,-1.9999999999999991
ETHUSDT,development,1734,2,0.0,-1.0,0.0,-0.9999999999999996
BTCUSDT,development,1735,5,0.4,0.5781528053613672,1.9635880089356117,-1.9999999999999991
ETHUSDT,development,1735,2,0.0,-0.9999999999999993,0.0,-0.9999999999999988
BTCUSDT,development,1736,5,0.4,0.5786657686569493,1.964442947761583,-1.9999999999999964
ETHUSDT,development,1736,2,0.0,-1.0000000000000004,0.0,-1.0000000000000004
BTCUSDT,development,1737,0,,,,0.0
ETHUSDT,development,1737,0,,,,0.0
BTCUSDT,development,1738,0,,,,0.0
ETHUSDT,development,1738,0,,,,0.0
BTCUSDT,development,1739,0,,,,0.0
ETHUSDT,development,1739,0,,,,0.0
BTCUSDT,development,1740,5,0.2,-0.21006571250856268,0.7374178593642966,-1.9999999999999982
ETHUSDT,development,1740,5,0.2,-0.22072698254714646,0.7240912718160669,-4.0
BTCUSDT,development,1741,5,0.2,-0.20993614684773704,0.7375798164403289,-2.0000000000000027
ETHUSDT,development,1741,5,0.2,-0.22015377832197164,0.7248077770975353,-3.9999999999999973
BTCUSDT,development,1742,5,0.2,-0.2097274606978666,0.7378406741276672,-2.0000000000000067
ETHUSDT,development,1742,5,0.2,-0.21926578683625744,0.7259177664546782,-3.9999999999999996
BTCUSDT,development,1743,3,0.3333333333333333,0.3165571458190626,1.4748357187285943,-0.999999999999999
ETHUSDT,development,1743,2,0.0,-1.0,0.0,-0.9999999999999996
BTCUSDT,development,1744,3,0.3333333333333333,0.3167730885871058,1.4751596328806587,-1.0000000000000009
ETHUSDT,development,1744,2,0.0,-0.9999999999999993,0.0,-0.9999999999999988
BTCUSDT,development,1745,3,0.3333333333333333,0.3171208988368914,1.475681348255337,-1.0000000000000009
ETHUSDT,development,1745,2,0.0,-1.0000000000000004,0.0,-1.0000000000000004
BTCUSDT,development,1746,1,1.0,2.949671437457186,inf,0.0
ETHUSDT,development,1746,2,0.0,-1.0,0.0,-0.9999999999999996
BTCUSDT,development,1747,1,1.0,2.9503192657613173,inf,0.0
ETHUSDT,development,1747,2,0.0,-0.9999999999999993,0.0,-0.9999999999999988
BTCUSDT,development,1748,1,1.0,2.951362696510674,inf,0.0
ETHUSDT,development,1748,2,0.0,-1.0000000000000004,0.0,-1.0000000000000004
BTCUSDT,development,1749,0,,,,0.0
ETHUSDT,development,1749,0,,,,0.0
BTCUSDT,development,1750,0,,,,0.0
ETHUSDT,development,1750,0,,,,0.0
BTCUSDT,development,1751,0,,,,0.0
ETHUSDT,development,1751,0,,,,0.0
BTCUSDT,development,1752,4,0.25,-0.012582140635703565,0.9832238124857287,-1.000000000000002
ETHUSDT,development,1752,5,0.2,-0.22072698254714637,0.724091271816067,-3.9999999999999996
BTCUSDT,development,1753,4,0.25,-0.012420183559671505,0.9834397552537713,-1.0000000000000009
ETHUSDT,development,1753,5,0.2,-0.22015377832197167,0.7248077770975352,-3.9999999999999973
BTCUSDT,development,1754,4,0.25,-0.012159325872333482,0.9837875655035554,-1.0000000000000013
ETHUSDT,development,1754,5,0.2,-0.21926578683625722,0.7259177664546784,-3.9999999999999982
BTCUSDT,development,1755,2,0.5,0.9748357187285934,2.9496714374571886,0.0
ETHUSDT,development,1755,2,0.0,-0.9999999999999998,0.0,-0.9999999999999991
BTCUSDT,development,1756,2,0.5,0.9751596328806582,2.9503192657613146,0.0
ETHUSDT,development,1756,2,0.0,-0.9999999999999996,0.0,-0.9999999999999992
BTCUSDT,development,1757,2,0.5,0.9756813482553366,2.9513626965106714,0.0
ETHUSDT,development,1757,2,0.0,-0.9999999999999998,0.0,-0.9999999999999991
BTCUSDT,development,1758,1,1.0,2.949671437457186,inf,0.0
ETHUSDT,development,1758,1,0.0,-1.0000000000000004,0.0,0.0
BTCUSDT,development,1759,1,1.0,2.9503192657613173,inf,0.0
ETHUSDT,development,1759,1,0.0,-0.9999999999999999,0.0,0.0
BTCUSDT,development,1760,1,1.0,2.951362696510674,inf,0.0
ETHUSDT,development,1760,1,0.0,-1.0000000000000004,0.0,0.0
BTCUSDT,development,1761,0,,,,0.0
ETHUSDT,development,1761,0,,,,0.0
BTCUSDT,development,1762,0,,,,0.0
ETHUSDT,development,1762,0,,,,0.0
BTCUSDT,development,1763,0,,,,0.0
ETHUSDT,development,1763,0,,,,0.0
BTCUSDT,development,1764,10,0.3,0.17597964611233213,1.2513994944461886,-1.9999999999999998
ETHUSDT,development,1764,5,0.0,-0.9999999999999998,0.0,-3.9999999999999987
BTCUSDT,development,1765,10,0.3,0.17658765514864475,1.2522680787837779,-2.0000000000000018
ETHUSDT,development,1765,5,0.0,-0.9999999999999991,0.0,-3.9999999999999964
BTCUSDT,development,1766,10,0.3,0.17752568736889462,1.2536081248127064,-2.0000000000000018
ETHUSDT,development,1766,5,0.0,-0.9999999999999997,0.0,-3.999999999999999
BTCUSDT,development,1767,7,0.2857142857142857,0.12702349523954545,1.1778328933353637,-1.9999999999999998
ETHUSDT,development,1767,2,0.0,-0.9999999999999993,0.0,-0.999999999999999
BTCUSDT,development,1768,7,0.2857142857142857,0.12725200382954796,1.178152805361367,-2.0000000000000018
ETHUSDT,development,1768,2,0.0,-0.9999999999999989,0.0,-0.999999999999999
BTCUSDT,development,1769,7,0.2857142857142857,0.1276184061835352,1.1786657686569493,-2.0000000000000018
ETHUSDT,development,1769,2,0.0,-0.9999999999999998,0.0,-0.9999999999999991
BTCUSDT,development,1770,5,0.4,0.5778328933353633,1.9630548222256055,-1.9999999999999991
ETHUSDT,development,1770,1,0.0,-0.9999999999999997,0.0,0.0
BTCUSDT,development,1771,5,0.4,0.5781528053613672,1.9635880089356117,-1.9999999999999991
ETHUSDT,development,1771,1,0.0,-0.9999999999999988,0.0,0.0
BTCUSDT,development,1772,5,0.4,0.5786657686569493,1.964442947761583,-1.9999999999999964
ETHUSDT,development,1772,1,0.0,-1.0000000000000004,0.0,0.0
BTCUSDT,development,1773,0,,,,0.0
ETHUSDT,development,1773,0,,,,0.0
BTCUSDT,development,1774,0,,,,0.0
ETHUSDT,development,1774,0,,,,0.0
BTCUSDT,development,1775,0,,,,0.0
ETHUSDT,development,1775,0,,,,0.0
BTCUSDT,development,1776,4,0.25,-0.012582140635703565,0.9832238124857287,-1.000000000000002
ETHUSDT,development,1776,3,0.0,-0.9999999999999999,0.0,-1.9999999999999991
BTCUSDT,development,1777,4,0.25,-0.012420183559670839,0.9834397552537721,-1.0000000000000009
ETHUSDT,development,1777,3,0.0,-0.999999999999999,0.0,-1.9999999999999978
BTCUSDT,development,1778,4,0.25,-0.012159325872331816,0.9837875655035576,-1.0000000000000013
ETHUSDT,development,1778,3,0.0,-0.9999999999999997,0.0,-2.0
BTCUSDT,development,1779,3,0.3333333333333333,0.3165571458190626,1.4748357187285943,-0.999999999999999
ETHUSDT,development,1779,1,0.0,-0.9999999999999997,0.0,0.0
BTCUSDT,development,1780,3,0.3333333333333333,0.3167730885871058,1.4751596328806587,-1.0000000000000009
ETHUSDT,development,1780,1,0.0,-0.9999999999999988,0.0,0.0
BTCUSDT,development,1781,3,0.3333333333333333,0.3171208988368914,1.475681348255337,-1.0000000000000009
ETHUSDT,development,1781,1,0.0,-1.0000000000000004,0.0,0.0
BTCUSDT,development,1782,1,1.0,2.949671437457186,inf,0.0
ETHUSDT,development,1782,1,0.0,-0.9999999999999997,0.0,0.0
BTCUSDT,development,1783,1,1.0,2.9503192657613173,inf,0.0
ETHUSDT,development,1783,1,0.0,-0.9999999999999988,0.0,0.0
BTCUSDT,development,1784,1,1.0,2.951362696510674,inf,0.0
ETHUSDT,development,1784,1,0.0,-1.0000000000000004,0.0,0.0
BTCUSDT,development,1785,0,,,,0.0
ETHUSDT,development,1785,0,,,,0.0
BTCUSDT,development,1786,0,,,,0.0
ETHUSDT,development,1786,0,,,,0.0
BTCUSDT,development,1787,0,,,,0.0
ETHUSDT,development,1787,0,,,,0.0
BTCUSDT,development,1788,3,0.3333333333333333,0.31655714581906164,1.4748357187285923,-1.000000000000002
ETHUSDT,development,1788,3,0.0,-0.9999999999999997,0.0,-1.9999999999999987
BTCUSDT,development,1789,3,0.3333333333333333,0.31677308858710523,1.4751596328806573,-1.0000000000000007
ETHUSDT,development,1789,3,0.0,-0.9999999999999991,0.0,-1.9999999999999982
BTCUSDT,development,1790,3,0.3333333333333333,0.3171208988368906,1.4756813482553355,-1.0000000000000013
ETHUSDT,development,1790,3,0.0,-0.9999999999999992,0.0,-1.9999999999999987
BTCUSDT,development,1791,2,0.5,0.9748357187285934,2.9496714374571886,0.0
ETHUSDT,development,1791,1,0.0,-0.9999999999999991,0.0,0.0
BTCUSDT,development,1792,2,0.5,0.9751596328806582,2.9503192657613146,0.0
ETHUSDT,development,1792,1,0.0,-0.9999999999999991,0.0,0.0
BTCUSDT,development,1793,2,0.5,0.9756813482553366,2.9513626965106714,0.0
ETHUSDT,development,1793,1,0.0,-0.9999999999999992,0.0,0.0
BTCUSDT,development,1794,1,1.0,2.949671437457186,inf,0.0
ETHUSDT,development,1794,0,,,,0.0
BTCUSDT,development,1795,1,1.0,2.9503192657613173,inf,0.0
ETHUSDT,development,1795,0,,,,0.0
BTCUSDT,development,1796,1,1.0,2.951362696510674,inf,0.0
ETHUSDT,development,1796,0,,,,0.0
BTCUSDT,development,1797,0,,,,0.0
ETHUSDT,development,1797,0,,,,0.0
BTCUSDT,development,1798,0,,,,0.0
ETHUSDT,development,1798,0,,,,0.0
BTCUSDT,development,1799,0,,,,0.0
ETHUSDT,development,1799,0,,,,0.0
BTCUSDT,development,1800,6,0.3333333333333333,0.31486074444613565,1.4722911166692032,-2.0000000000000044
ETHUSDT,development,1800,2,0.0,-1.0000000000000002,0.0,-1.0000000000000009
BTCUSDT,development,1801,6,0.3333333333333333,0.3151273378011389,1.472691006701708,-2.0000000000000018
ETHUSDT,development,1801,2,0.0,-0.9999999999999992,0.0,-0.9999999999999997
BTCUSDT,development,1802,6,0.3333333333333333,0.31555480721412366,1.4733322108211853,-2.0000000000000013
ETHUSDT,development,1802,2,0.0,-1.0,0.0,-0.9999999999999996
BTCUSDT,development,1803,5,0.4,0.5778328933353631,1.9630548222256052,-1.0000000000000022
ETHUSDT,development,1803,1,0.0,-0.9999999999999997,0.0,0.0
BTCUSDT,development,1804,5,0.4,0.5781528053613668,1.9635880089356108,-1.0000000000000013
ETHUSDT,development,1804,1,0.0,-0.9999999999999988,0.0,0.0
BTCUSDT,development,1805,5,0.4,0.5786657686569486,1.9644429477615812,-1.0000000000000009
ETHUSDT,development,1805,1,0.0,-1.0000000000000004,0.0,0.0
BTCUSDT,development,1806,3,0.6666666666666666,1.6297214888922713,5.889164466676803,-1.0000000000000027
ETHUSDT,development,1806,1,0.0,-0.9999999999999997,0.0,0.0
BTCUSDT,development,1807,3,0.6666666666666666,1.6302546756022778,5.890764026806827,-1.0000000000000018
ETHUSDT,development,1807,1,0.0,-0.9999999999999988,0.0,0.0
BTCUSDT,development,1808,3,0.6666666666666666,1.631109614428248,5.893328843284744,-1.0
ETHUSDT,development,1808,1,0.0,-1.0000000000000004,0.0,0.0
BTCUSDT,development,1809,0,,,,0.0
ETHUSDT,development,1809,0,,,,0.0
BTCUSDT,development,1810,0,,,,0.0
ETHUSDT,development,1810,0,,,,0.0
BTCUSDT,development,1811,0,,,,0.0
ETHUSDT,development,1811,0,,,,0.0
BTCUSDT,development,1812,4,0.25,-0.012582140635703565,0.9832238124857287,-1.000000000000002
ETHUSDT,development,1812,1,0.0,-0.9999999999999997,0.0,0.0
BTCUSDT,development,1813,4,0.25,-0.012420183559670839,0.9834397552537721,-1.0000000000000009
ETHUSDT,development,1813,1,0.0,-0.9999999999999988,0.0,0.0
BTCUSDT,development,1814,4,0.25,-0.012159325872331816,0.9837875655035576,-1.0000000000000013
ETHUSDT,development,1814,1,0.0,-1.0000000000000004,0.0,0.0
BTCUSDT,development,1815,3,0.3333333333333333,0.3165571458190626,1.4748357187285943,-0.999999999999999
ETHUSDT,development,1815,1,0.0,-0.9999999999999997,0.0,0.0
BTCUSDT,development,1816,3,0.3333333333333333,0.3167730885871058,1.4751596328806587,-1.0000000000000009
ETHUSDT,development,1816,1,0.0,-0.9999999999999988,0.0,0.0
BTCUSDT,development,1817,3,0.3333333333333333,0.3171208988368914,1.475681348255337,-1.0000000000000009
ETHUSDT,development,1817,1,0.0,-1.0000000000000004,0.0,0.0
BTCUSDT,development,1818,1,1.0,2.949671437457186,inf,0.0
ETHUSDT,development,1818,1,0.0,-0.9999999999999997,0.0,0.0
BTCUSDT,development,1819,1,1.0,2.9503192657613173,inf,0.0
ETHUSDT,development,1819,1,0.0,-0.9999999999999988,0.0,0.0
BTCUSDT,development,1820,1,1.0,2.951362696510674,inf,0.0
ETHUSDT,development,1820,1,0.0,-1.0000000000000004,0.0,0.0
BTCUSDT,development,1821,0,,,,0.0
ETHUSDT,development,1821,0,,,,0.0
BTCUSDT,development,1822,0,,,,0.0
ETHUSDT,development,1822,0,,,,0.0
BTCUSDT,development,1823,0,,,,0.0
ETHUSDT,development,1823,0,,,,0.0
BTCUSDT,development,1824,3,0.3333333333333333,0.31655714581906164,1.4748357187285923,-1.000000000000002
ETHUSDT,development,1824,0,,,,0.0
BTCUSDT,development,1825,3,0.3333333333333333,0.31677308858710523,1.4751596328806573,-1.0000000000000007
ETHUSDT,development,1825,0,,,,0.0
BTCUSDT,development,1826,3,0.3333333333333333,0.3171208988368906,1.4756813482553355,-1.0000000000000013
ETHUSDT,development,1826,0,,,,0.0
BTCUSDT,development,1827,2,0.5,0.9748357187285934,2.9496714374571886,0.0
ETHUSDT,development,1827,0,,,,0.0
BTCUSDT,development,1828,2,0.5,0.9751596328806582,2.9503192657613146,0.0
ETHUSDT,development,1828,0,,,,0.0
BTCUSDT,development,1829,2,0.5,0.9756813482553366,2.9513626965106714,0.0
ETHUSDT,development,1829,0,,,,0.0
BTCUSDT,development,1830,1,1.0,2.949671437457186,inf,0.0
ETHUSDT,development,1830,0,,,,0.0
BTCUSDT,development,1831,1,1.0,2.9503192657613173,inf,0.0
ETHUSDT,development,1831,0,,,,0.0
BTCUSDT,development,1832,1,1.0,2.951362696510674,inf,0.0
ETHUSDT,development,1832,0,,,,0.0
BTCUSDT,development,1833,0,,,,0.0
ETHUSDT,development,1833,0,,,,0.0
BTCUSDT,development,1834,0,,,,0.0
ETHUSDT,development,1834,0,,,,0.0
BTCUSDT,development,1835,0,,,,0.0
ETHUSDT,development,1835,0,,,,0.0
BTCUSDT,development,1836,16,0.375,0.4444369081158669,1.711099052985387,-3.0
ETHUSDT,development,1836,14,0.21428571428571427,-0.16823419515647756,0.7858837516190283,-7.087890406592493
BTCUSDT,development,1837,16,0.375,0.44735707533162644,1.7157713205306024,-2.9999999999999987
ETHUSDT,development,1837,14,0.21428571428571427,-0.16737061600056397,0.7869828523629185,-7.085839486821218
BTCUSDT,development,1838,16,0.375,0.45149327654998284,1.7223892424799723,-2.9999999999999956
ETHUSDT,development,1838,14,0.21428571428571427,-0.16606295959198208,0.7886471423374772,-7.082626027397142
BTCUSDT,development,1839,8,0.25,-0.013854441665398093,0.9815274111128024,-1.9999999999999998
ETHUSDT,development,1839,3,0.0,-0.9999999999999997,0.0,-1.9999999999999987
BTCUSDT,development,1840,8,0.25,-0.013654496649145448,0.9817940044678058,-2.0000000000000018
ETHUSDT,development,1840,3,0.0,-0.9999999999999992,0.0,-1.9999999999999978
BTCUSDT,development,1841,8,0.25,-0.013333894589406703,0.9822214738807912,-2.0000000000000018
ETHUSDT,development,1841,3,0.0,-1.0,0.0,-1.9999999999999996
BTCUSDT,development,1842,5,0.4,0.5778328933353633,1.9630548222256055,-1.9999999999999991
ETHUSDT,development,1842,2,0.0,-1.0,0.0,-0.9999999999999996
BTCUSDT,development,1843,5,0.4,0.5781528053613672,1.9635880089356117,-1.9999999999999991
ETHUSDT,development,1843,2,0.0,-0.9999999999999993,0.0,-0.9999999999999988
BTCUSDT,development,1844,5,0.4,0.5786657686569493,1.964442947761583,-1.9999999999999964
ETHUSDT,development,1844,2,0.0,-1.0000000000000004,0.0,-1.0000000000000004
BTCUSDT,development,1845,0,,,,0.0
ETHUSDT,development,1845,0,,,,0.0
BTCUSDT,development,1846,0,,,,0.0
ETHUSDT,development,1846,0,,,,0.0
BTCUSDT,development,1847,0,,,,0.0
ETHUSDT,development,1847,0,,,,0.0
BTCUSDT,development,1848,8,0.5,0.9126081882734673,2.825216376546935,-1.9999999999999982
ETHUSDT,development,1848,9,0.2222222222222222,-0.14082092506646593,0.8189445249145438,-7.000000000000001
BTCUSDT,development,1849,8,0.5,0.9177694899476114,2.8355389798952215,-2.0000000000000027
ETHUSDT,development,1849,9,0.2222222222222222,-0.1397054596874083,0.8203786946876179,-6.999999999999997
BTCUSDT,development,1850,8,0.5,0.9249997809526813,2.8499995619053595,-2.0000000000000067
ETHUSDT,development,1850,9,0.2222222222222222,-0.1380283785434013,0.8225349418727698,-7.0000000000000036
BTCUSDT,development,1851,3,0.3333333333333333,0.3165571458190626,1.4748357187285943,-0.999999999999999
ETHUSDT,development,1851,2,0.0,-1.0,0.0,-0.9999999999999996
BTCUSDT,development,1852,3,0.3333333333333333,0.3167730885871058,1.4751596328806587,-1.0000000000000009
ETHUSDT,development,1852,2,0.0,-0.9999999999999993,0.0,-0.9999999999999988
BTCUSDT,development,1853,3,0.3333333333333333,0.3171208988368914,1.475681348255337,-1.0000000000000009
ETHUSDT,development,1853,2,0.0,-1.0000000000000004,0.0,-1.0000000000000004
BTCUSDT,development,1854,1,1.0,2.949671437457186,inf,0.0
ETHUSDT,development,1854,2,0.0,-1.0,0.0,-0.9999999999999996
BTCUSDT,development,1855,1,1.0,2.9503192657613173,inf,0.0
ETHUSDT,development,1855,2,0.0,-0.9999999999999993,0.0,-0.9999999999999988
BTCUSDT,development,1856,1,1.0,2.951362696510674,inf,0.0
ETHUSDT,development,1856,2,0.0,-1.0000000000000004,0.0,-1.0000000000000004
BTCUSDT,development,1857,0,,,,0.0
ETHUSDT,development,1857,0,,,,0.0
BTCUSDT,development,1858,0,,,,0.0
ETHUSDT,development,1858,0,,,,0.0
BTCUSDT,development,1859,0,,,,0.0
ETHUSDT,development,1859,0,,,,0.0
BTCUSDT,development,1860,7,0.5714285714285714,1.1858379294553913,3.7669551687292464,-1.9999999999999982
ETHUSDT,development,1860,6,0.3333333333333333,0.2887686124003011,1.433152918600452,-4.0
BTCUSDT,development,1861,7,0.5714285714285714,1.191736559940127,3.7807186398602934,-2.0000000000000027
ETHUSDT,development,1861,6,0.3333333333333333,0.2904418104688875,1.4356627157033315,-3.9999999999999973
BTCUSDT,development,1862,7,0.5714285714285714,1.199999749660207,3.7999994158738093,-2.000000000000007
ETHUSDT,development,1862,6,0.3333333333333333,0.2929574321848989,1.4394361482773486,-3.9999999999999982
BTCUSDT,development,1863,2,0.5,0.9748357187285934,2.9496714374571886,0.0
ETHUSDT,development,1863,2,0.0,-0.9999999999999998,0.0,-0.9999999999999991
BTCUSDT,development,1864,2,0.5,0.9751596328806582,2.9503192657613146,0.0
ETHUSDT,development,1864,2,0.0,-0.9999999999999996,0.0,-0.9999999999999992
BTCUSDT,development,1865,2,0.5,0.9756813482553366,2.9513626965106714,0.0
ETHUSDT,development,1865,2,0.0,-0.9999999999999998,0.0,-0.9999999999999991
BTCUSDT,development,1866,1,1.0,2.949671437457186,inf,0.0
ETHUSDT,development,1866,1,0.0,-1.0000000000000004,0.0,0.0
BTCUSDT,development,1867,1,1.0,2.9503192657613173,inf,0.0
ETHUSDT,development,1867,1,0.0,-0.9999999999999999,0.0,0.0
BTCUSDT,development,1868,1,1.0,2.951362696510674,inf,0.0
ETHUSDT,development,1868,1,0.0,-1.0000000000000004,0.0,0.0
BTCUSDT,development,1869,0,,,,0.0
ETHUSDT,development,1869,0,,,,0.0
BTCUSDT,development,1870,0,,,,0.0
ETHUSDT,development,1870,0,,,,0.0
BTCUSDT,development,1871,0,,,,0.0
ETHUSDT,development,1871,0,,,,0.0
BTCUSDT,development,1872,12,0.3333333333333333,0.30077942965465104,1.4511691444819763,-2.0000000000000036
ETHUSDT,development,1872,7,0.0,-0.9999999999999997,0.0,-5.9999999999999964
BTCUSDT,development,1873,12,0.3333333333333333,0.30179103653671846,1.4526865548050778,-2.0000000000000004
ETHUSDT,development,1873,7,0.0,-0.9999999999999993,0.0,-5.9999999999999964
BTCUSDT,development,1874,12,0.3333333333333333,0.3033295857520412,1.454994378628062,-2.000000000000001
ETHUSDT,development,1874,7,0.0,-0.9999999999999994,0.0,-5.999999999999997
BTCUSDT,development,1875,8,0.25,-0.013854441665398093,0.9815274111128024,-1.9999999999999998
ETHUSDT,development,1875,2,0.0,-0.9999999999999993,0.0,-0.999999999999999
BTCUSDT,development,1876,8,0.25,-0.013654496649145448,0.9817940044678058,-2.0000000000000018
ETHUSDT,development,1876,2,0.0,-0.9999999999999989,0.0,-0.999999999999999
BTCUSDT,development,1877,8,0.25,-0.013333894589406703,0.9822214738807912,-2.0000000000000018
ETHUSDT,development,1877,2,0.0,-0.9999999999999998,0.0,-0.9999999999999991
BTCUSDT,development,1878,5,0.4,0.5778328933353633,1.9630548222256055,-1.9999999999999991
ETHUSDT,development,1878,1,0.0,-0.9999999999999997,0.0,0.0
BTCUSDT,development,1879,5,0.4,0.5781528053613672,1.9635880089356117,-1.9999999999999991
ETHUSDT,development,1879,1,0.0,-0.9999999999999988,0.0,0.0
BTCUSDT,development,1880,5,0.4,0.5786657686569493,1.964442947761583,-1.9999999999999964
ETHUSDT,development,1880,1,0.0,-1.0000000000000004,0.0,0.0
BTCUSDT,development,1881,0,,,,0.0
ETHUSDT,development,1881,0,,,,0.0
BTCUSDT,development,1882,0,,,,0.0
ETHUSDT,development,1882,0,,,,0.0
BTCUSDT,development,1883,0,,,,0.0
ETHUSDT,development,1883,0,,,,0.0
BTCUSDT,development,1884,5,0.4,0.559845626437936,1.9330760440632266,-1.0000000000000018
ETHUSDT,development,1884,5,0.0,-0.9999999999999997,0.0,-3.999999999999998
BTCUSDT,development,1885,5,0.4,0.5611870305430979,1.9353117175718297,-1.0000000000000009
ETHUSDT,development,1885,5,0.0,-0.9999999999999994,0.0,-3.9999999999999982
BTCUSDT,development,1886,5,0.4,0.5632121703692441,1.9386869506154065,-1.0000000000000013
ETHUSDT,development,1886,5,0.0,-0.9999999999999997,0.0,-3.999999999999999
BTCUSDT,development,1887,3,0.3333333333333333,0.3165571458190626,1.4748357187285943,-0.999999999999999
ETHUSDT,development,1887,1,0.0,-0.9999999999999997,0.0,0.0
BTCUSDT,development,1888,3,0.3333333333333333,0.3167730885871058,1.4751596328806587,-1.0000000000000009
ETHUSDT,development,1888,1,0.0,-0.9999999999999988,0.0,0.0
BTCUSDT,development,1889,3,0.3333333333333333,0.3171208988368914,1.475681348255337,-1.0000000000000009
ETHUSDT,development,1889,1,0.0,-1.0000000000000004,0.0,0.0
BTCUSDT,development,1890,1,1.0,2.949671437457186,inf,0.0
ETHUSDT,development,1890,1,0.0,-0.9999999999999997,0.0,0.0
BTCUSDT,development,1891,1,1.0,2.9503192657613173,inf,0.0
ETHUSDT,development,1891,1,0.0,-0.9999999999999988,0.0,0.0
BTCUSDT,development,1892,1,1.0,2.951362696510674,inf,0.0
ETHUSDT,development,1892,1,0.0,-1.0000000000000004,0.0,0.0
BTCUSDT,development,1893,0,,,,0.0
ETHUSDT,development,1893,0,,,,0.0
BTCUSDT,development,1894,0,,,,0.0
ETHUSDT,development,1894,0,,,,0.0
BTCUSDT,development,1895,0,,,,0.0
ETHUSDT,development,1895,0,,,,0.0
BTCUSDT,development,1896,4,0.5,0.9498070330474198,2.8996140660948386,-1.0000000000000018
ETHUSDT,development,1896,3,0.0,-0.9999999999999997,0.0,-1.9999999999999987
BTCUSDT,development,1897,4,0.5,0.9514837881788722,2.9029675763577427,-1.0000000000000009
ETHUSDT,development,1897,3,0.0,-0.9999999999999991,0.0,-1.9999999999999982
BTCUSDT,development,1898,4,0.5,0.9540152129615548,2.908030425923108,-1.0000000000000013
ETHUSDT,development,1898,3,0.0,-0.9999999999999992,0.0,-1.9999999999999987
BTCUSDT,development,1899,2,0.5,0.9748357187285934,2.9496714374571886,0.0
ETHUSDT,development,1899,1,0.0,-0.9999999999999991,0.0,0.0
BTCUSDT,development,1900,2,0.5,0.9751596328806582,2.9503192657613146,0.0
ETHUSDT,development,1900,1,0.0,-0.9999999999999991,0.0,0.0
BTCUSDT,development,1901,2,0.5,0.9756813482553366,2.9513626965106714,0.0
ETHUSDT,development,1901,1,0.0,-0.9999999999999992,0.0,0.0
BTCUSDT,development,1902,1,1.0,2.949671437457186,inf,0.0
ETHUSDT,development,1902,0,,,,0.0
BTCUSDT,development,1903,1,1.0,2.9503192657613173,inf,0.0
ETHUSDT,development,1903,0,,,,0.0
BTCUSDT,development,1904,1,1.0,2.951362696510674,inf,0.0
ETHUSDT,development,1904,0,,,,0.0
BTCUSDT,development,1905,0,,,,0.0
ETHUSDT,development,1905,0,,,,0.0
BTCUSDT,development,1906,0,,,,0.0
ETHUSDT,development,1906,0,,,,0.0
BTCUSDT,development,1907,0,,,,0.0
ETHUSDT,development,1907,0,,,,0.0
BTCUSDT,development,1908,6,0.3333333333333333,0.31486074444613565,1.4722911166692032,-2.0000000000000044
ETHUSDT,development,1908,2,0.0,-1.0000000000000002,0.0,-1.0000000000000009
BTCUSDT,development,1909,6,0.3333333333333333,0.3151273378011389,1.472691006701708,-2.0000000000000018
ETHUSDT,development,1909,2,0.0,-0.9999999999999992,0.0,-0.9999999999999997
BTCUSDT,development,1910,6,0.3333333333333333,0.31555480721412366,1.4733322108211853,-2.0000000000000013
ETHUSDT,development,1910,2,0.0,-1.0,0.0,-0.9999999999999996
BTCUSDT,development,1911,5,0.4,0.5778328933353631,1.9630548222256052,-1.0000000000000022
ETHUSDT,development,1911,1,0.0,-0.9999999999999997,0.0,0.0
BTCUSDT,development,1912,5,0.4,0.5781528053613668,1.9635880089356108,-1.0000000000000013
ETHUSDT,development,1912,1,0.0,-0.9999999999999988,0.0,0.0
BTCUSDT,development,1913,5,0.4,0.5786657686569486,1.9644429477615812,-1.0000000000000009
ETHUSDT,development,1913,1,0.0,-1.0000000000000004,0.0,0.0
BTCUSDT,development,1914,3,0.6666666666666666,1.6297214888922713,5.889164466676803,-1.0000000000000027
ETHUSDT,development,1914,1,0.0,-0.9999999999999997,0.0,0.0
BTCUSDT,development,1915,3,0.6666666666666666,1.6302546756022778,5.890764026806827,-1.0000000000000018
ETHUSDT,development,1915,1,0.0,-0.9999999999999988,0.0,0.0
BTCUSDT,development,1916,3,0.6666666666666666,1.631109614428248,5.893328843284744,-1.0
ETHUSDT,development,1916,1,0.0,-1.0000000000000004,0.0,0.0
BTCUSDT,development,1917,0,,,,0.0
ETHUSDT,development,1917,0,,,,0.0
BTCUSDT,development,1918,0,,,,0.0
ETHUSDT,development,1918,0,,,,0.0
BTCUSDT,development,1919,0,,,,0.0
ETHUSDT,development,1919,0,,,,0.0
BTCUSDT,development,1920,4,0.25,-0.012582140635703565,0.9832238124857287,-1.000000000000002
ETHUSDT,development,1920,1,0.0,-0.9999999999999997,0.0,0.0
BTCUSDT,development,1921,4,0.25,-0.012420183559670839,0.9834397552537721,-1.0000000000000009
ETHUSDT,development,1921,1,0.0,-0.9999999999999988,0.0,0.0
BTCUSDT,development,1922,4,0.25,-0.012159325872331816,0.9837875655035576,-1.0000000000000013
ETHUSDT,development,1922,1,0.0,-1.0000000000000004,0.0,0.0
BTCUSDT,development,1923,3,0.3333333333333333,0.3165571458190626,1.4748357187285943,-0.999999999999999
ETHUSDT,development,1923,1,0.0,-0.9999999999999997,0.0,0.0
BTCUSDT,development,1924,3,0.3333333333333333,0.3167730885871058,1.4751596328806587,-1.0000000000000009
ETHUSDT,development,1924,1,0.0,-0.9999999999999988,0.0,0.0
BTCUSDT,development,1925,3,0.3333333333333333,0.3171208988368914,1.475681348255337,-1.0000000000000009
ETHUSDT,development,1925,1,0.0,-1.0000000000000004,0.0,0.0
BTCUSDT,development,1926,1,1.0,2.949671437457186,inf,0.0
ETHUSDT,development,1926,1,0.0,-0.9999999999999997,0.0,0.0
BTCUSDT,development,1927,1,1.0,2.9503192657613173,inf,0.0
ETHUSDT,development,1927,1,0.0,-0.9999999999999988,0.0,0.0
BTCUSDT,development,1928,1,1.0,2.951362696510674,inf,0.0
ETHUSDT,development,1928,1,0.0,-1.0000000000000004,0.0,0.0
BTCUSDT,development,1929,0,,,,0.0
ETHUSDT,development,1929,0,,,,0.0
BTCUSDT,development,1930,0,,,,0.0
ETHUSDT,development,1930,0,,,,0.0
BTCUSDT,development,1931,0,,,,0.0
ETHUSDT,development,1931,0,,,,0.0
BTCUSDT,development,1932,3,0.3333333333333333,0.31655714581906164,1.4748357187285923,-1.000000000000002
ETHUSDT,development,1932,0,,,,0.0
BTCUSDT,development,1933,3,0.3333333333333333,0.31677308858710523,1.4751596328806573,-1.0000000000000007
ETHUSDT,development,1933,0,,,,0.0
BTCUSDT,development,1934,3,0.3333333333333333,0.3171208988368906,1.4756813482553355,-1.0000000000000013
ETHUSDT,development,1934,0,,,,0.0
BTCUSDT,development,1935,2,0.5,0.9748357187285934,2.9496714374571886,0.0
ETHUSDT,development,1935,0,,,,0.0
BTCUSDT,development,1936,2,0.5,0.9751596328806582,2.9503192657613146,0.0
ETHUSDT,development,1936,0,,,,0.0
BTCUSDT,development,1937,2,0.5,0.9756813482553366,2.9513626965106714,0.0
ETHUSDT,development,1937,0,,,,0.0
BTCUSDT,development,1938,1,1.0,2.949671437457186,inf,0.0
ETHUSDT,development,1938,0,,,,0.0
BTCUSDT,development,1939,1,1.0,2.9503192657613173,inf,0.0
ETHUSDT,development,1939,0,,,,0.0
BTCUSDT,development,1940,1,1.0,2.951362696510674,inf,0.0
ETHUSDT,development,1940,0,,,,0.0
BTCUSDT,development,1941,0,,,,0.0
ETHUSDT,development,1941,0,,,,0.0
BTCUSDT,development,1942,0,,,,0.0
ETHUSDT,development,1942,0,,,,0.0
BTCUSDT,development,1943,0,,,,0.0
ETHUSDT,development,1943,0,,,,0.0
BTCUSDT,development,1944,14,0.2857142857142857,0.10970113693319596,1.153581591706474,-4.000000000000002
ETHUSDT,development,1944,12,0.3333333333333333,0.3011183845048857,1.4516775767573284,-5.000000000000001
BTCUSDT,development,1945,14,0.2857142857142857,0.1109148706061598,1.1552808188486234,-4.0000000000000036
ETHUSDT,development,1945,12,0.3333333333333333,0.3019686603270437,1.4529529904905658,-4.9999999999999964
BTCUSDT,development,1946,14,0.2857142857142857,0.11273209879864513,1.1578249383181032,-3.9999999999999973
ETHUSDT,development,1946,12,0.3333333333333333,0.3032880241100387,1.4549320361650584,-4.999999999999999
BTCUSDT,development,1947,8,0.375,0.45814799032728193,1.733036784523651,-2.0000000000000013
ETHUSDT,development,1947,5,0.2,-0.21545989000471844,0.7306751374941018,-1.9999999999999987
BTCUSDT,development,1948,8,0.375,0.45971195797582953,1.7355391327613272,-2.0000000000000018
ETHUSDT,development,1948,5,0.2,-0.21514439479200725,0.7310695065099907,-1.9999999999999973
BTCUSDT,development,1949,8,0.375,0.4620401690971034,1.7392642705553658,-2.0000000000000027
ETHUSDT,development,1949,5,0.2,-0.2146462433748498,0.7316921957814377,-2.0000000000000004
BTCUSDT,development,1950,5,0.4,0.5525370453020662,1.920895075503443,-1.9999999999999991
ETHUSDT,development,1950,3,0.3333333333333333,0.30756684999213535,1.461350274988203,-0.9999999999999996
BTCUSDT,development,1951,5,0.4,0.5545328435172443,1.924221405862074,-1.9999999999999991
ETHUSDT,development,1951,3,0.3333333333333333,0.3080926753466538,1.462139013019981,-0.9999999999999988
BTCUSDT,development,1952,5,0.4,0.5574697863449355,1.929116310574893,-1.9999999999999964
ETHUSDT,development,1952,3,0.3333333333333333,0.3089229277085834,1.4633843915628748,-1.0000000000000004
BTCUSDT,development,1953,1,1.0,2.8130137890531457,inf,0.0
ETHUSDT,development,1953,1,1.0,2.922700549976406,inf,0.0
BTCUSDT,development,1954,1,1.0,2.8223449518249044,inf,0.0
ETHUSDT,development,1954,1,1.0,2.92427802603996,inf,0.0
BTCUSDT,development,1955,1,1.0,2.8359862352140017,inf,0.0
ETHUSDT,development,1955,1,1.0,2.926768783125751,inf,0.0
BTCUSDT,development,1956,6,0.3333333333333333,0.29378087108505485,1.440671306627582,-2.0000000000000013
ETHUSDT,development,1956,8,0.375,0.4626638775813901,1.7402622041302245,-4.999999999999998
BTCUSDT,development,1957,6,0.3333333333333333,0.29544403626437005,1.4431660543965548,-2.0000000000000018
ETHUSDT,development,1957,8,0.375,0.4636829263432179,1.7418926821491494,-4.999999999999996
BTCUSDT,development,1958,6,0.3333333333333333,0.2978914886207788,1.4468372329311676,-2.0000000000000027
ETHUSDT,development,1958,8,0.375,0.465260289589701,1.7444164633435217,-4.999999999999999
BTCUSDT,development,1959,5,0.4,0.5525370453020663,1.9208950755034435,-2.0000000000000013
ETHUSDT,development,1959,4,0.25,-0.019324862505898266,0.9742335166588023,-1.9999999999999987
BTCUSDT,development,1960,5,0.4,0.5545328435172442,1.9242214058620732,-2.0000000000000018
ETHUSDT,development,1960,4,0.25,-0.018930493490009304,0.9747593420133209,-1.9999999999999973
BTCUSDT,development,1961,5,0.4,0.5574697863449348,1.9291163105748907,-2.0000000000000027
ETHUSDT,development,1961,4,0.25,-0.018307804218562485,0.9755895943752501,-2.0000000000000004
BTCUSDT,development,1962,3,0.6666666666666666,1.58756174217011,5.76268522651032,0.0
ETHUSDT,development,1962,3,0.3333333333333333,0.30756684999213535,1.461350274988203,-0.9999999999999996
BTCUSDT,development,1963,3,0.6666666666666666,1.5908880725287402,5.772664217586216,0.0
ETHUSDT,development,1963,3,0.3333333333333333,0.3080926753466538,1.462139013019981,-0.9999999999999988
BTCUSDT,development,1964,3,0.6666666666666666,1.595782977241558,5.787348931724667,0.0
ETHUSDT,development,1964,3,0.3333333333333333,0.3089229277085834,1.4633843915628748,-1.0000000000000004
BTCUSDT,development,1965,1,1.0,2.8130137890531457,inf,0.0
ETHUSDT,development,1965,1,1.0,2.922700549976406,inf,0.0
BTCUSDT,development,1966,1,1.0,2.8223449518249044,inf,0.0
ETHUSDT,development,1966,1,1.0,2.92427802603996,inf,0.0
BTCUSDT,development,1967,1,1.0,2.8359862352140017,inf,0.0
ETHUSDT,development,1967,1,1.0,2.926768783125751,inf,0.0
BTCUSDT,development,1968,5,0.4,0.5525370453020658,1.9208950755034422,-1.0000000000000018
ETHUSDT,development,1968,8,0.375,0.46266387758139016,1.7402622041302247,-3.999999999999999
BTCUSDT,development,1969,5,0.4,0.5545328435172439,1.9242214058620721,-1.0000000000000009
ETHUSDT,development,1969,8,0.375,0.46368292634321784,1.7418926821491492,-3.999999999999997
BTCUSDT,development,1970,5,0.4,0.5574697863449344,1.9291163105748894,-1.0000000000000013
ETHUSDT,development,1970,8,0.375,0.46526028958970117,1.744416463343522,-3.999999999999999
BTCUSDT,development,1971,4,0.5,0.9406713066275827,2.8813426132551645,-0.9999999999999989
ETHUSDT,development,1971,4,0.25,-0.019324862505898155,0.9742335166588024,-0.9999999999999991
BTCUSDT,development,1972,4,0.5,0.943166054396555,2.886332108793108,-1.0000000000000009
ETHUSDT,development,1972,4,0.25,-0.018930493490009415,0.9747593420133207,-0.9999999999999991
BTCUSDT,development,1973,4,0.5,0.9468372329311683,2.893674465862334,-1.000000000000001
ETHUSDT,development,1973,4,0.25,-0.018307804218562068,0.9755895943752506,-0.9999999999999996
BTCUSDT,development,1974,3,0.6666666666666666,1.58756174217011,5.76268522651032,0.0
ETHUSDT,development,1974,2,0.5,0.9613502749882028,2.9227005499764047,0.0
BTCUSDT,development,1975,3,0.6666666666666666,1.5908880725287402,5.772664217586216,0.0
ETHUSDT,development,1975,2,0.5,0.9621390130199801,2.9242780260399606,0.0
BTCUSDT,development,1976,3,0.6666666666666666,1.595782977241558,5.787348931724667,0.0
ETHUSDT,development,1976,2,0.5,0.9633843915628753,2.9267687831257496,0.0
BTCUSDT,development,1977,1,1.0,2.8130137890531457,inf,0.0
ETHUSDT,development,1977,1,1.0,2.922700549976406,inf,0.0
BTCUSDT,development,1978,1,1.0,2.8223449518249044,inf,0.0
ETHUSDT,development,1978,1,1.0,2.92427802603996,inf,0.0
BTCUSDT,development,1979,1,1.0,2.8359862352140017,inf,0.0
ETHUSDT,development,1979,1,1.0,2.926768783125751,inf,0.0
BTCUSDT,development,1980,12,0.3333333333333333,0.2946513264220622,1.4419769896330923,-3.0000000000000018
ETHUSDT,development,1980,8,0.25,-0.024381758326643327,0.967490988897809,-5.0
BTCUSDT,development,1981,12,0.3333333333333333,0.2960673490405201,1.4441010235607799,-3.0000000000000027
ETHUSDT,development,1981,8,0.25,-0.02372096220554945,0.9683720503926008,-4.999999999999996
BTCUSDT,development,1982,12,0.3333333333333333,0.2981874485984194,1.4472811728976294,-3.0000000000000036
ETHUSDT,development,1982,8,0.25,-0.02269859363763782,0.9697352084831495,-4.999999999999998
BTCUSDT,development,1983,8,0.375,0.45814799032728193,1.733036784523651,-2.0000000000000013
ETHUSDT,development,1983,4,0.25,-0.019324862505897933,0.9742335166588028,-0.9999999999999991
BTCUSDT,development,1984,8,0.375,0.45971195797582953,1.7355391327613272,-2.0000000000000018
ETHUSDT,development,1984,4,0.25,-0.018930493490009137,0.9747593420133212,-0.9999999999999991
BTCUSDT,development,1985,8,0.375,0.4620401690971034,1.7392642705553658,-2.0000000000000027
ETHUSDT,development,1985,4,0.25,-0.018307804218562068,0.9755895943752506,-0.9999999999999996
BTCUSDT,development,1986,5,0.4,0.5525370453020662,1.920895075503443,-1.9999999999999991
ETHUSDT,development,1986,2,0.5,0.9613502749882032,2.922700549976407,0.0
BTCUSDT,development,1987,5,0.4,0.5545328435172443,1.924221405862074,-1.9999999999999991
ETHUSDT,development,1987,2,0.5,0.9621390130199807,2.9242780260399637,0.0
BTCUSDT,development,1988,5,0.4,0.5574697863449355,1.929116310574893,-1.9999999999999964
ETHUSDT,development,1988,2,0.5,0.9633843915628753,2.9267687831257496,0.0
BTCUSDT,development,1989,1,1.0,2.8130137890531457,inf,0.0
ETHUSDT,development,1989,1,1.0,2.922700549976406,inf,0.0
BTCUSDT,development,1990,1,1.0,2.8223449518249044,inf,0.0
ETHUSDT,development,1990,1,1.0,2.92427802603996,inf,0.0
BTCUSDT,development,1991,1,1.0,2.8359862352140017,inf,0.0
ETHUSDT,development,1991,1,1.0,2.926768783125751,inf,0.0
BTCUSDT,development,1992,6,0.3333333333333333,0.29378087108505485,1.440671306627582,-2.0000000000000013
ETHUSDT,development,1992,6,0.3333333333333333,0.3008243222311422,1.4512364833467135,-3.9999999999999987
BTCUSDT,development,1993,6,0.3333333333333333,0.29544403626437005,1.4431660543965548,-2.0000000000000018
ETHUSDT,development,1993,6,0.3333333333333333,0.30170538372593386,1.4525580755889014,-3.999999999999996
BTCUSDT,development,1994,6,0.3333333333333333,0.2978914886207788,1.4468372329311676,-2.0000000000000027
ETHUSDT,development,1994,6,0.3333333333333333,0.30306854181648263,1.454602812724724,-3.999999999999999
BTCUSDT,development,1995,5,0.4,0.5525370453020663,1.9208950755034435,-2.0000000000000013
ETHUSDT,development,1995,3,0.3333333333333333,0.3075668499921358,1.461350274988204,-0.999999999999999
BTCUSDT,development,1996,5,0.4,0.5545328435172442,1.9242214058620732,-2.0000000000000018
ETHUSDT,development,1996,3,0.3333333333333333,0.3080926753466542,1.4621390130199818,-0.9999999999999988
BTCUSDT,development,1997,5,0.4,0.5574697863449348,1.9291163105748907,-2.0000000000000027
ETHUSDT,development,1997,3,0.3333333333333333,0.30892292770858365,1.4633843915628755,-0.9999999999999996
BTCUSDT,development,1998,3,0.6666666666666666,1.58756174217011,5.76268522651032,0.0
ETHUSDT,development,1998,2,0.5,0.9613502749882032,2.922700549976407,0.0
BTCUSDT,development,1999,3,0.6666666666666666,1.5908880725287402,5.772664217586216,0.0
ETHUSDT,development,1999,2,0.5,0.9621390130199807,2.9242780260399637,0.0
BTCUSDT,development,2000,3,0.6666666666666666,1.595782977241558,5.787348931724667,0.0
ETHUSDT,development,2000,2,0.5,0.9633843915628753,2.9267687831257496,0.0
BTCUSDT,development,2001,1,1.0,2.8130137890531457,inf,0.0
ETHUSDT,development,2001,1,1.0,2.922700549976406,inf,0.0
BTCUSDT,development,2002,1,1.0,2.8223449518249044,inf,0.0
ETHUSDT,development,2002,1,1.0,2.92427802603996,inf,0.0
BTCUSDT,development,2003,1,1.0,2.8359862352140017,inf,0.0
ETHUSDT,development,2003,1,1.0,2.926768783125751,inf,0.0
BTCUSDT,development,2004,5,0.4,0.5525370453020658,1.9208950755034422,-1.0000000000000018
ETHUSDT,development,2004,6,0.3333333333333333,0.30082432223114225,1.4512364833467137,-2.999999999999999
BTCUSDT,development,2005,5,0.4,0.5545328435172439,1.9242214058620721,-1.0000000000000009
ETHUSDT,development,2005,6,0.3333333333333333,0.3017053837259338,1.4525580755889014,-2.9999999999999973
BTCUSDT,development,2006,5,0.4,0.5574697863449344,1.9291163105748894,-1.0000000000000013
ETHUSDT,development,2006,6,0.3333333333333333,0.30306854181648285,1.4546028127247246,-2.9999999999999987
BTCUSDT,development,2007,4,0.5,0.9406713066275827,2.8813426132551645,-0.9999999999999989
ETHUSDT,development,2007,3,0.3333333333333333,0.30756684999213596,1.4613502749882044,-0.9999999999999991
BTCUSDT,development,2008,4,0.5,0.943166054396555,2.886332108793108,-1.0000000000000009
ETHUSDT,development,2008,3,0.3333333333333333,0.30809267534665413,1.4621390130199816,-0.9999999999999991
BTCUSDT,development,2009,4,0.5,0.9468372329311683,2.893674465862334,-1.000000000000001
ETHUSDT,development,2009,3,0.3333333333333333,0.308922927708584,1.4633843915628761,-0.9999999999999992
BTCUSDT,development,2010,3,0.6666666666666666,1.58756174217011,5.76268522651032,0.0
ETHUSDT,development,2010,1,1.0,2.922700549976406,inf,0.0
BTCUSDT,development,2011,3,0.6666666666666666,1.5908880725287402,5.772664217586216,0.0
ETHUSDT,development,2011,1,1.0,2.92427802603996,inf,0.0
BTCUSDT,development,2012,3,0.6666666666666666,1.595782977241558,5.787348931724667,0.0
ETHUSDT,development,2012,1,1.0,2.926768783125751,inf,0.0
BTCUSDT,development,2013,1,1.0,2.8130137890531457,inf,0.0
ETHUSDT,development,2013,1,1.0,2.922700549976406,inf,0.0
BTCUSDT,development,2014,1,1.0,2.8223449518249044,inf,0.0
ETHUSDT,development,2014,1,1.0,2.92427802603996,inf,0.0
BTCUSDT,development,2015,1,1.0,2.8359862352140017,inf,0.0
ETHUSDT,development,2015,1,1.0,2.926768783125751,inf,0.0
BTCUSDT,development,2016,8,0.375,0.45814799032728126,1.7330367845236494,-2.0000000000000036
ETHUSDT,development,2016,5,0.4,0.5609891866773704,1.9349819777956176,-2.999999999999999
BTCUSDT,development,2017,8,0.375,0.4597119579758292,1.7355391327613263,-2.0000000000000027
ETHUSDT,development,2017,5,0.4,0.5620464604711204,1.9367441007852015,-2.9999999999999973
BTCUSDT,development,2018,8,0.375,0.46204016909710277,1.7392642705553638,-2.0000000000000027
ETHUSDT,development,2018,5,0.4,0.563682250179779,1.9394704169662982,-2.9999999999999996
BTCUSDT,development,2019,7,0.42857142857142855,0.6664548460883218,2.1662959806545623,-2.0000000000000013
ETHUSDT,development,2019,3,0.3333333333333333,0.3075668499921358,1.461350274988204,-0.999999999999999
BTCUSDT,development,2020,7,0.42857142857142855,0.668242237686662,2.169423915951658,-2.0000000000000018
ETHUSDT,development,2020,3,0.3333333333333333,0.3080926753466542,1.4621390130199818,-0.9999999999999988
BTCUSDT,development,2021,7,0.42857142857142855,0.6709030503966892,2.1740803381942055,-2.0000000000000027
ETHUSDT,development,2021,3,0.3333333333333333,0.30892292770858365,1.4633843915628755,-0.9999999999999996
BTCUSDT,development,2022,4,0.5,0.9406713066275819,2.8813426132551596,-1.0000000000000022
ETHUSDT,development,2022,2,0.5,0.9613502749882032,2.922700549976407,0.0
BTCUSDT,development,2023,4,0.5,0.9431660543965549,2.8863321087931078,-1.0000000000000013
ETHUSDT,development,2023,2,0.5,0.9621390130199807,2.9242780260399637,0.0
BTCUSDT,development,2024,4,0.5,0.9468372329311685,2.8936744658623352,-1.0
ETHUSDT,development,2024,2,0.5,0.9633843915628753,2.9267687831257496,0.0
BTCUSDT,development,2025,1,1.0,2.8130137890531457,inf,0.0
ETHUSDT,development,2025,1,1.0,2.922700549976406,inf,0.0
BTCUSDT,development,2026,1,1.0,2.8223449518249044,inf,0.0
ETHUSDT,development,2026,1,1.0,2.92427802603996,inf,0.0
BTCUSDT,development,2027,1,1.0,2.8359862352140017,inf,0.0
ETHUSDT,development,2027,1,1.0,2.926768783125751,inf,0.0
BTCUSDT,development,2028,6,0.3333333333333333,0.29378087108505485,1.440671306627582,-2.0000000000000013
ETHUSDT,development,2028,4,0.5,0.9512364833467133,2.902472966693428,-1.9999999999999987
BTCUSDT,development,2029,6,0.3333333333333333,0.29544403626437005,1.4431660543965548,-2.0000000000000018
ETHUSDT,development,2029,4,0.5,0.9525580755889005,2.905116151177803,-1.9999999999999973
BTCUSDT,development,2030,6,0.3333333333333333,0.2978914886207788,1.4468372329311676,-2.0000000000000027
ETHUSDT,development,2030,4,0.5,0.9546028127247237,2.9092056254494474,-2.0
BTCUSDT,development,2031,5,0.4,0.5525370453020663,1.9208950755034435,-2.0000000000000013
ETHUSDT,development,2031,3,0.3333333333333333,0.3075668499921358,1.461350274988204,-0.999999999999999
BTCUSDT,development,2032,5,0.4,0.5545328435172442,1.9242214058620732,-2.0000000000000018
ETHUSDT,development,2032,3,0.3333333333333333,0.3080926753466542,1.4621390130199818,-0.9999999999999988
BTCUSDT,development,2033,5,0.4,0.5574697863449348,1.9291163105748907,-2.0000000000000027
ETHUSDT,development,2033,3,0.3333333333333333,0.30892292770858365,1.4633843915628755,-0.9999999999999996
BTCUSDT,development,2034,3,0.6666666666666666,1.58756174217011,5.76268522651032,0.0
ETHUSDT,development,2034,2,0.5,0.9613502749882032,2.922700549976407,0.0
BTCUSDT,development,2035,3,0.6666666666666666,1.5908880725287402,5.772664217586216,0.0
ETHUSDT,development,2035,2,0.5,0.9621390130199807,2.9242780260399637,0.0
BTCUSDT,development,2036,3,0.6666666666666666,1.595782977241558,5.787348931724667,0.0
ETHUSDT,development,2036,2,0.5,0.9633843915628753,2.9267687831257496,0.0
BTCUSDT,development,2037,1,1.0,2.8130137890531457,inf,0.0
ETHUSDT,development,2037,1,1.0,2.922700549976406,inf,0.0
BTCUSDT,development,2038,1,1.0,2.8223449518249044,inf,0.0
ETHUSDT,development,2038,1,1.0,2.92427802603996,inf,0.0
BTCUSDT,development,2039,1,1.0,2.8359862352140017,inf,0.0
ETHUSDT,development,2039,1,1.0,2.926768783125751,inf,0.0
BTCUSDT,development,2040,5,0.4,0.5525370453020658,1.9208950755034422,-1.0000000000000018
ETHUSDT,development,2040,3,0.6666666666666666,1.6016486444622842,5.804945933386858,-0.9999999999999991
BTCUSDT,development,2041,5,0.4,0.5545328435172439,1.9242214058620721,-1.0000000000000009
ETHUSDT,development,2041,3,0.6666666666666666,1.603410767451867,5.810232302355606,-0.9999999999999987
BTCUSDT,development,2042,5,0.4,0.5574697863449344,1.9291163105748894,-1.0000000000000013
ETHUSDT,development,2042,3,0.6666666666666666,1.606137083632965,5.818411250898896,-0.9999999999999998
BTCUSDT,development,2043,4,0.5,0.9406713066275827,2.8813426132551645,-0.9999999999999989
ETHUSDT,development,2043,2,0.5,0.9613502749882035,2.9227005499764087,0.0
BTCUSDT,development,2044,4,0.5,0.943166054396555,2.886332108793108,-1.0000000000000009
ETHUSDT,development,2044,2,0.5,0.9621390130199807,2.9242780260399637,0.0
BTCUSDT,development,2045,4,0.5,0.9468372329311683,2.893674465862334,-1.000000000000001
ETHUSDT,development,2045,2,0.5,0.9633843915628756,2.9267687831257514,0.0
BTCUSDT,development,2046,3,0.6666666666666666,1.58756174217011,5.76268522651032,0.0
ETHUSDT,development,2046,1,1.0,2.922700549976406,inf,0.0
BTCUSDT,development,2047,3,0.6666666666666666,1.5908880725287402,5.772664217586216,0.0
ETHUSDT,development,2047,1,1.0,2.92427802603996,inf,0.0
BTCUSDT,development,2048,3,0.6666666666666666,1.595782977241558,5.787348931724667,0.0
ETHUSDT,development,2048,1,1.0,2.926768783125751,inf,0.0
BTCUSDT,development,2049,1,1.0,2.8130137890531457,inf,0.0
ETHUSDT,development,2049,1,1.0,2.922700549976406,inf,0.0
BTCUSDT,development,2050,1,1.0,2.8223449518249044,inf,0.0
ETHUSDT,development,2050,1,1.0,2.92427802603996,inf,0.0
BTCUSDT,development,2051,1,1.0,2.8359862352140017,inf,0.0
ETHUSDT,development,2051,1,1.0,2.926768783125751,inf,0.0
BTCUSDT,development,2052,21,0.2857142857142857,0.10989329052820247,1.1538506067394836,-5.999999999999998
ETHUSDT,development,2052,14,0.2857142857142857,0.11524432957561627,1.1613420614058627,-5.000000000000001
BTCUSDT,development,2053,21,0.2857142857142857,0.11110525872308666,1.1555473622123211,-6.000000000000002
ETHUSDT,development,2053,14,0.2857142857142857,0.11597313742318012,1.1623623923924524,-4.9999999999999964
BTCUSDT,development,2054,21,0.2857142857142857,0.11291876682744666,1.1580862735584256,-6.0000000000000036
ETHUSDT,development,2054,14,0.2857142857142857,0.11710402066574742,1.1639456289320467,-4.999999999999999
BTCUSDT,development,2055,10,0.4,0.5604676951837885,1.934112825306314,-3.0000000000000018
ETHUSDT,development,2055,6,0.16666666666666666,-0.3462165750039315,0.5845401099952818,-2.999999999999999
BTCUSDT,development,2056,10,0.4,0.5618140424852152,1.9363567374753583,-3.0000000000000027
ETHUSDT,development,2056,6,0.16666666666666666,-0.3459536623266726,0.5848556052079925,-2.9999999999999973
BTCUSDT,development,2057,10,0.4,0.5638287499550895,1.9397145832584828,-3.000000000000003
ETHUSDT,development,2057,6,0.16666666666666666,-0.345538536145708,0.5853537566251503,-3.000000000000001
BTCUSDT,development,2058,7,0.42857142857142855,0.6717397508185657,2.1755445639324895,-2.0000000000000027
ETHUSDT,development,2058,3,0.3333333333333333,0.30756684999213535,1.461350274988203,-0.9999999999999996
BTCUSDT,development,2059,7,0.42857142857142855,0.673301282661677,2.1782772446579344,-2.0000000000000018
ETHUSDT,development,2059,3,0.3333333333333333,0.3080926753466538,1.462139013019981,-0.9999999999999988
BTCUSDT,development,2060,7,0.42857142857142855,0.6756164397855352,2.182328769624687,-2.000000000000002
ETHUSDT,development,2060,3,0.3333333333333333,0.3089229277085834,1.4633843915628748,-1.0000000000000004
BTCUSDT,development,2061,1,1.0,2.8130137890531457,inf,0.0
ETHUSDT,development,2061,1,1.0,2.922700549976406,inf,0.0
BTCUSDT,development,2062,1,1.0,2.8223449518249044,inf,0.0
ETHUSDT,development,2062,1,1.0,2.92427802603996,inf,0.0
BTCUSDT,development,2063,1,1.0,2.8359862352140017,inf,0.0
ETHUSDT,development,2063,1,1.0,2.926768783125751,inf,0.0
BTCUSDT,development,2064,10,0.2,-0.223731477348967,0.7203356533137913,-4.999999999999998
ETHUSDT,development,2064,9,0.3333333333333333,0.30014566896123596,1.4502185034418542,-4.999999999999999
BTCUSDT,development,2065,10,0.2,-0.2227335782413779,0.7215830271982777,-5.000000000000001
ETHUSDT,development,2065,9,0.3333333333333333,0.3010514900828604,1.451577235124291,-4.999999999999996
BTCUSDT,development,2066,10,0.2,-0.22126510682753278,0.7234186164655841,-5.000000000000004
ETHUSDT,development,2066,9,0.3333333333333333,0.302453590746401,1.4536803861196017,-4.999999999999999
BTCUSDT,development,2067,5,0.4,0.5525370453020663,1.9208950755034435,-2.0000000000000013
ETHUSDT,development,2067,5,0.2,-0.215459890004718,0.7306751374941023,-2.999999999999999
BTCUSDT,development,2068,5,0.4,0.5545328435172442,1.9242214058620732,-2.0000000000000018
ETHUSDT,development,2068,5,0.2,-0.21514439479200725,0.7310695065099907,-2.9999999999999973
BTCUSDT,development,2069,5,0.4,0.5574697863449348,1.9291163105748907,-2.0000000000000027
ETHUSDT,development,2069,5,0.2,-0.2146462433748498,0.7316921957814377,-3.000000000000001
BTCUSDT,development,2070,3,0.6666666666666666,1.58756174217011,5.76268522651032,0.0
ETHUSDT,development,2070,3,0.3333333333333333,0.30756684999213535,1.461350274988203,-0.9999999999999996
BTCUSDT,development,2071,3,0.6666666666666666,1.5908880725287402,5.772664217586216,0.0
ETHUSDT,development,2071,3,0.3333333333333333,0.3080926753466538,1.462139013019981,-0.9999999999999988
BTCUSDT,development,2072,3,0.6666666666666666,1.595782977241558,5.787348931724667,0.0
ETHUSDT,development,2072,3,0.3333333333333333,0.3089229277085834,1.4633843915628748,-1.0000000000000004
BTCUSDT,development,2073,1,1.0,2.8130137890531457,inf,0.0
ETHUSDT,development,2073,1,1.0,2.922700549976406,inf,0.0
BTCUSDT,development,2074,1,1.0,2.8223449518249044,inf,0.0
ETHUSDT,development,2074,1,1.0,2.92427802603996,inf,0.0
BTCUSDT,development,2075,1,1.0,2.8359862352140017,inf,0.0
ETHUSDT,development,2075,1,1.0,2.926768783125751,inf,0.0
BTCUSDT,development,2076,9,0.2222222222222222,-0.1374794192766301,0.8232407466443329,-3.9999999999999964
ETHUSDT,development,2076,9,0.3333333333333333,0.300145668961236,1.4502185034418544,-3.9999999999999996
BTCUSDT,development,2077,9,0.2222222222222222,-0.13637064249041997,0.8246663167980315,-3.999999999999999
ETHUSDT,development,2077,9,0.3333333333333333,0.30105149008286036,1.451577235124291,-3.999999999999997
BTCUSDT,development,2078,9,0.2222222222222222,-0.13473900758614757,0.8267641331035247,-4.000000000000002
ETHUSDT,development,2078,9,0.3333333333333333,0.3024535907464011,1.453680386119602,-3.999999999999999
BTCUSDT,development,2079,4,0.5,0.9406713066275827,2.8813426132551645,-0.9999999999999989
ETHUSDT,development,2079,5,0.2,-0.2154598900047179,0.7306751374941023,-1.9999999999999996
BTCUSDT,development,2080,4,0.5,0.943166054396555,2.886332108793108,-1.0000000000000009
ETHUSDT,development,2080,5,0.2,-0.21514439479200737,0.7310695065099906,-1.9999999999999987
BTCUSDT,development,2081,4,0.5,0.9468372329311683,2.893674465862334,-1.000000000000001
ETHUSDT,development,2081,5,0.2,-0.21464624337484944,0.7316921957814381,-2.0
BTCUSDT,development,2082,3,0.6666666666666666,1.58756174217011,5.76268522651032,0.0
ETHUSDT,development,2082,2,0.5,0.9613502749882028,2.9227005499764047,0.0
BTCUSDT,development,2083,3,0.6666666666666666,1.5908880725287402,5.772664217586216,0.0
ETHUSDT,development,2083,2,0.5,0.9621390130199801,2.9242780260399606,0.0
BTCUSDT,development,2084,3,0.6666666666666666,1.595782977241558,5.787348931724667,0.0
ETHUSDT,development,2084,2,0.5,0.9633843915628753,2.9267687831257496,0.0
BTCUSDT,development,2085,1,1.0,2.8130137890531457,inf,0.0
ETHUSDT,development,2085,1,1.0,2.922700549976406,inf,0.0
BTCUSDT,development,2086,1,1.0,2.8223449518249044,inf,0.0
ETHUSDT,development,2086,1,1.0,2.92427802603996,inf,0.0
BTCUSDT,development,2087,1,1.0,2.8359862352140017,inf,0.0
ETHUSDT,development,2087,1,1.0,2.926768783125751,inf,0.0
BTCUSDT,development,2088,16,0.3125,0.2172068091427736,1.3159371769349428,-3.999999999999998
ETHUSDT,development,2088,8,0.25,-0.024381758326643327,0.967490988897809,-5.0
BTCUSDT,development,2089,16,0.3125,0.21832830934573505,1.3175684499574325,-3.9999999999999996
ETHUSDT,development,2089,8,0.25,-0.02372096220554945,0.9683720503926008,-4.999999999999996
BTCUSDT,development,2090,16,0.3125,0.22001347062219417,1.3200195936322825,-3.9999999999999996
ETHUSDT,development,2090,8,0.25,-0.02269859363763782,0.9697352084831495,-4.999999999999998
BTCUSDT,development,2091,10,0.4,0.5604676951837885,1.934112825306314,-3.0000000000000018
ETHUSDT,development,2091,4,0.25,-0.019324862505897933,0.9742335166588028,-0.9999999999999991
BTCUSDT,development,2092,10,0.4,0.5618140424852152,1.9363567374753583,-3.0000000000000027
ETHUSDT,development,2092,4,0.25,-0.018930493490009137,0.9747593420133212,-0.9999999999999991
BTCUSDT,development,2093,10,0.4,0.5638287499550895,1.9397145832584828,-3.000000000000003
ETHUSDT,development,2093,4,0.25,-0.018307804218562068,0.9755895943752506,-0.9999999999999996
BTCUSDT,development,2094,7,0.42857142857142855,0.6717397508185657,2.1755445639324895,-2.0000000000000027
ETHUSDT,development,2094,2,0.5,0.9613502749882032,2.922700549976407,0.0
BTCUSDT,development,2095,7,0.42857142857142855,0.673301282661677,2.1782772446579344,-2.0000000000000018
ETHUSDT,development,2095,2,0.5,0.9621390130199807,2.9242780260399637,0.0
BTCUSDT,development,2096,7,0.42857142857142855,0.6756164397855352,2.182328769624687,-2.000000000000002
ETHUSDT,development,2096,2,0.5,0.9633843915628753,2.9267687831257496,0.0
BTCUSDT,development,2097,1,1.0,2.8130137890531457,inf,0.0
ETHUSDT,development,2097,1,1.0,2.922700549976406,inf,0.0
BTCUSDT,development,2098,1,1.0,2.8223449518249044,inf,0.0
ETHUSDT,development,2098,1,1.0,2.92427802603996,inf,0.0
BTCUSDT,development,2099,1,1.0,2.8359862352140017,inf,0.0
ETHUSDT,development,2099,1,1.0,2.926768783125751,inf,0.0
BTCUSDT,development,2100,8,0.25,-0.029664346686208598,0.960447537751722,-2.9999999999999973
ETHUSDT,development,2100,6,0.3333333333333333,0.3008243222311422,1.4512364833467135,-3.9999999999999987
BTCUSDT,development,2101,8,0.25,-0.02841697280172223,0.962110702931037,-2.999999999999999
ETHUSDT,development,2101,6,0.3333333333333333,0.30170538372593386,1.4525580755889014,-3.999999999999996
BTCUSDT,development,2102,8,0.25,-0.02658138353441536,0.9645581552874463,-2.999999999999999
ETHUSDT,development,2102,6,0.3333333333333333,0.30306854181648263,1.454602812724724,-3.999999999999999
BTCUSDT,development,2103,5,0.4,0.5525370453020663,1.9208950755034435,-2.0000000000000013
ETHUSDT,development,2103,3,0.3333333333333333,0.3075668499921358,1.461350274988204,-0.999999999999999
BTCUSDT,development,2104,5,0.4,0.5545328435172442,1.9242214058620732,-2.0000000000000018
ETHUSDT,development,2104,3,0.3333333333333333,0.3080926753466542,1.4621390130199818,-0.9999999999999988
BTCUSDT,development,2105,5,0.4,0.5574697863449348,1.9291163105748907,-2.0000000000000027
ETHUSDT,development,2105,3,0.3333333333333333,0.30892292770858365,1.4633843915628755,-0.9999999999999996
BTCUSDT,development,2106,3,0.6666666666666666,1.58756174217011,5.76268522651032,0.0
ETHUSDT,development,2106,2,0.5,0.9613502749882032,2.922700549976407,0.0
BTCUSDT,development,2107,3,0.6666666666666666,1.5908880725287402,5.772664217586216,0.0
ETHUSDT,development,2107,2,0.5,0.9621390130199807,2.9242780260399637,0.0
BTCUSDT,development,2108,3,0.6666666666666666,1.595782977241558,5.787348931724667,0.0
ETHUSDT,development,2108,2,0.5,0.9633843915628753,2.9267687831257496,0.0
BTCUSDT,development,2109,1,1.0,2.8130137890531457,inf,0.0
ETHUSDT,development,2109,1,1.0,2.922700549976406,inf,0.0
BTCUSDT,development,2110,1,1.0,2.8223449518249044,inf,0.0
ETHUSDT,development,2110,1,1.0,2.92427802603996,inf,0.0
BTCUSDT,development,2111,1,1.0,2.8359862352140017,inf,0.0
ETHUSDT,development,2111,1,1.0,2.926768783125751,inf,0.0
BTCUSDT,development,2112,7,0.2857142857142857,0.10895503235861861,1.152537045302066,-1.9999999999999953
ETHUSDT,development,2112,6,0.3333333333333333,0.30082432223114225,1.4512364833467137,-2.999999999999999
BTCUSDT,development,2113,7,0.2857142857142857,0.11038060251231732,1.1545328435172442,-1.9999999999999982
ETHUSDT,development,2113,6,0.3333333333333333,0.3017053837259338,1.4525580755889014,-2.9999999999999973
BTCUSDT,development,2114,7,0.2857142857142857,0.11247841881781095,1.1574697863449355,-1.9999999999999971
ETHUSDT,development,2114,6,0.3333333333333333,0.30306854181648285,1.4546028127247246,-2.9999999999999987
BTCUSDT,development,2115,4,0.5,0.9406713066275827,2.8813426132551645,-0.9999999999999989
ETHUSDT,development,2115,3,0.3333333333333333,0.30756684999213596,1.4613502749882044,-0.9999999999999991
BTCUSDT,development,2116,4,0.5,0.943166054396555,2.886332108793108,-1.0000000000000009
ETHUSDT,development,2116,3,0.3333333333333333,0.30809267534665413,1.4621390130199816,-0.9999999999999991
BTCUSDT,development,2117,4,0.5,0.9468372329311683,2.893674465862334,-1.000000000000001
ETHUSDT,development,2117,3,0.3333333333333333,0.308922927708584,1.4633843915628761,-0.9999999999999992
BTCUSDT,development,2118,3,0.6666666666666666,1.58756174217011,5.76268522651032,0.0
ETHUSDT,development,2118,1,1.0,2.922700549976406,inf,0.0
BTCUSDT,development,2119,3,0.6666666666666666,1.5908880725287402,5.772664217586216,0.0
ETHUSDT,development,2119,1,1.0,2.92427802603996,inf,0.0
BTCUSDT,development,2120,3,0.6666666666666666,1.595782977241558,5.787348931724667,0.0
ETHUSDT,development,2120,1,1.0,2.926768783125751,inf,0.0
BTCUSDT,development,2121,1,1.0,2.8130137890531457,inf,0.0
ETHUSDT,development,2121,1,1.0,2.922700549976406,inf,0.0
BTCUSDT,development,2122,1,1.0,2.8223449518249044,inf,0.0
ETHUSDT,development,2122,1,1.0,2.92427802603996,inf,0.0
BTCUSDT,development,2123,1,1.0,2.8359862352140017,inf,0.0
ETHUSDT,development,2123,1,1.0,2.926768783125751,inf,0.0
BTCUSDT,development,2124,9,0.4444444444444444,0.7338529946486534,2.3209353903675747,-2.0000000000000036
ETHUSDT,development,2124,5,0.4,0.5609891866773704,1.9349819777956176,-2.999999999999999
BTCUSDT,development,2125,9,0.4444444444444444,0.7353489360946834,2.3236280849704296,-2.0000000000000027
ETHUSDT,development,2125,5,0.4,0.5620464604711204,1.9367441007852015,-2.9999999999999973
BTCUSDT,development,2126,9,0.4444444444444444,0.7375874999500991,2.327657499910177,-2.0000000000000027
ETHUSDT,development,2126,5,0.4,0.563682250179779,1.9394704169662982,-2.9999999999999996
BTCUSDT,development,2127,8,0.5,0.9505846189797353,2.9011692379594693,-2.000000000000001
ETHUSDT,development,2127,3,0.3333333333333333,0.3075668499921358,1.461350274988204,-0.999999999999999
BTCUSDT,development,2128,8,0.5,0.952267553106519,2.904535106213037,-2.0000000000000018
ETHUSDT,development,2128,3,0.3333333333333333,0.3080926753466542,1.4621390130199818,-0.9999999999999988
BTCUSDT,development,2129,8,0.5,0.9547859374438616,2.9095718748877224,-2.0000000000000027
ETHUSDT,development,2129,3,0.3333333333333333,0.30892292770858365,1.4633843915628755,-0.9999999999999996
BTCUSDT,development,2130,5,0.6,1.3404356511459916,4.351089127864971,-1.000000000000002
ETHUSDT,development,2130,2,0.5,0.9613502749882032,2.922700549976407,0.0
BTCUSDT,development,2131,5,0.6,1.3426217957263475,4.356554489315865,-1.0000000000000018
ETHUSDT,development,2131,2,0.5,0.9621390130199807,2.9242780260399637,0.0
BTCUSDT,development,2132,5,0.6,1.3458630156997486,4.364657539249369,-1.0000000000000016
ETHUSDT,development,2132,2,0.5,0.9633843915628753,2.9267687831257496,0.0
BTCUSDT,development,2133,1,1.0,2.8130137890531457,inf,0.0
ETHUSDT,development,2133,1,1.0,2.922700549976406,inf,0.0
BTCUSDT,development,2134,1,1.0,2.8223449518249044,inf,0.0
ETHUSDT,development,2134,1,1.0,2.92427802603996,inf,0.0
BTCUSDT,development,2135,1,1.0,2.8359862352140017,inf,0.0
ETHUSDT,development,2135,1,1.0,2.926768783125751,inf,0.0
BTCUSDT,development,2136,6,0.3333333333333333,0.29378087108505485,1.440671306627582,-2.0000000000000013
ETHUSDT,development,2136,4,0.5,0.9512364833467133,2.902472966693428,-1.9999999999999987
BTCUSDT,development,2137,6,0.3333333333333333,0.29544403626437005,1.4431660543965548,-2.0000000000000018
ETHUSDT,development,2137,4,0.5,0.9525580755889005,2.905116151177803,-1.9999999999999973
BTCUSDT,development,2138,6,0.3333333333333333,0.2978914886207788,1.4468372329311676,-2.0000000000000027
ETHUSDT,development,2138,4,0.5,0.9546028127247237,2.9092056254494474,-2.0
BTCUSDT,development,2139,5,0.4,0.5525370453020663,1.9208950755034435,-2.0000000000000013
ETHUSDT,development,2139,3,0.3333333333333333,0.3075668499921358,1.461350274988204,-0.999999999999999
BTCUSDT,development,2140,5,0.4,0.5545328435172442,1.9242214058620732,-2.0000000000000018
ETHUSDT,development,2140,3,0.3333333333333333,0.3080926753466542,1.4621390130199818,-0.9999999999999988
BTCUSDT,development,2141,5,0.4,0.5574697863449348,1.9291163105748907,-2.0000000000000027
ETHUSDT,development,2141,3,0.3333333333333333,0.30892292770858365,1.4633843915628755,-0.9999999999999996
BTCUSDT,development,2142,3,0.6666666666666666,1.58756174217011,5.76268522651032,0.0
ETHUSDT,development,2142,2,0.5,0.9613502749882032,2.922700549976407,0.0
BTCUSDT,development,2143,3,0.6666666666666666,1.5908880725287402,5.772664217586216,0.0
ETHUSDT,development,2143,2,0.5,0.9621390130199807,2.9242780260399637,0.0
BTCUSDT,development,2144,3,0.6666666666666666,1.595782977241558,5.787348931724667,0.0
ETHUSDT,development,2144,2,0.5,0.9633843915628753,2.9267687831257496,0.0
BTCUSDT,development,2145,1,1.0,2.8130137890531457,inf,0.0
ETHUSDT,development,2145,1,1.0,2.922700549976406,inf,0.0
BTCUSDT,development,2146,1,1.0,2.8223449518249044,inf,0.0
ETHUSDT,development,2146,1,1.0,2.92427802603996,inf,0.0
BTCUSDT,development,2147,1,1.0,2.8359862352140017,inf,0.0
ETHUSDT,development,2147,1,1.0,2.926768783125751,inf,0.0
BTCUSDT,development,2148,5,0.4,0.5525370453020658,1.9208950755034422,-1.0000000000000018
ETHUSDT,development,2148,3,0.6666666666666666,1.6016486444622842,5.804945933386858,-0.9999999999999991
BTCUSDT,development,2149,5,0.4,0.5545328435172439,1.9242214058620721,-1.0000000000000009
ETHUSDT,development,2149,3,0.6666666666666666,1.603410767451867,5.810232302355606,-0.9999999999999987
BTCUSDT,development,2150,5,0.4,0.5574697863449344,1.9291163105748894,-1.0000000000000013
ETHUSDT,development,2150,3,0.6666666666666666,1.606137083632965,5.818411250898896,-0.9999999999999998
BTCUSDT,development,2151,4,0.5,0.9406713066275827,2.8813426132551645,-0.9999999999999989
ETHUSDT,development,2151,2,0.5,0.9613502749882035,2.9227005499764087,0.0
BTCUSDT,development,2152,4,0.5,0.943166054396555,2.886332108793108,-1.0000000000000009
ETHUSDT,development,2152,2,0.5,0.9621390130199807,2.9242780260399637,0.0
BTCUSDT,development,2153,4,0.5,0.9468372329311683,2.893674465862334,-1.000000000000001
ETHUSDT,development,2153,2,0.5,0.9633843915628756,2.9267687831257514,0.0
BTCUSDT,development,2154,3,0.6666666666666666,1.58756174217011,5.76268522651032,0.0
ETHUSDT,development,2154,1,1.0,2.922700549976406,inf,0.0
BTCUSDT,development,2155,3,0.6666666666666666,1.5908880725287402,5.772664217586216,0.0
ETHUSDT,development,2155,1,1.0,2.92427802603996,inf,0.0
BTCUSDT,development,2156,3,0.6666666666666666,1.595782977241558,5.787348931724667,0.0
ETHUSDT,development,2156,1,1.0,2.926768783125751,inf,0.0
BTCUSDT,development,2157,1,1.0,2.8130137890531457,inf,0.0
ETHUSDT,development,2157,1,1.0,2.922700549976406,inf,0.0
BTCUSDT,development,2158,1,1.0,2.8223449518249044,inf,0.0
ETHUSDT,development,2158,1,1.0,2.92427802603996,inf,0.0
BTCUSDT,development,2159,1,1.0,2.8359862352140017,inf,0.0
ETHUSDT,development,2159,1,1.0,2.926768783125751,inf,0.0
BTCUSDT,development,2160,26,0.34615384615384615,0.3330366603778003,1.5093501864601646,-5.0000000000000036
ETHUSDT,development,2160,18,0.2777777777777778,0.08053706673312061,1.1115128616304746,-6.999999999999999
BTCUSDT,development,2161,26,0.34615384615384615,0.335578734115554,1.5132380639414351,-5.000000000000002
ETHUSDT,development,2161,18,0.2777777777777778,0.08150242657487253,1.1128495137190544,-6.9999999999999964
BTCUSDT,development,2162,26,0.34615384615384615,0.3392280636341218,1.5188193914404216,-4.999999999999997
ETHUSDT,development,2162,18,0.2777777777777778,0.08297387870061926,1.114886908970088,-6.999999999999998
BTCUSDT,development,2163,11,0.36363636363636365,0.41860699562162557,1.657810993119697,-3.0000000000000018
ETHUSDT,development,2163,6,0.16666666666666666,-0.3462165750039315,0.5845401099952818,-2.999999999999999
BTCUSDT,development,2164,11,0.36363636363636365,0.41983094771383217,1.6597343464074505,-3.000000000000002
ETHUSDT,development,2164,6,0.16666666666666666,-0.3459536623266726,0.5848556052079925,-2.9999999999999973
BTCUSDT,development,2165,11,0.36363636363636365,0.4216624999591723,1.6626124999358425,-3.0000000000000027
ETHUSDT,development,2165,6,0.16666666666666666,-0.345538536145708,0.5853537566251503,-3.000000000000001
BTCUSDT,development,2166,7,0.42857142857142855,0.6717397508185657,2.1755445639324895,-2.0000000000000027
ETHUSDT,development,2166,3,0.3333333333333333,0.30756684999213535,1.461350274988203,-0.9999999999999996
BTCUSDT,development,2167,7,0.42857142857142855,0.673301282661677,2.1782772446579344,-2.0000000000000018
ETHUSDT,development,2167,3,0.3333333333333333,0.3080926753466538,1.462139013019981,-0.9999999999999988
BTCUSDT,development,2168,7,0.42857142857142855,0.6756164397855352,2.182328769624687,-2.000000000000002
ETHUSDT,development,2168,3,0.3333333333333333,0.3089229277085834,1.4633843915628748,-1.0000000000000004
BTCUSDT,development,2169,1,1.0,2.8130137890531457,inf,0.0
ETHUSDT,development,2169,1,1.0,2.922700549976406,inf,0.0
BTCUSDT,development,2170,1,1.0,2.8223449518249044,inf,0.0
ETHUSDT,development,2170,1,1.0,2.92427802603996,inf,0.0
BTCUSDT,development,2171,1,1.0,2.8359862352140017,inf,0.0
ETHUSDT,development,2171,1,1.0,2.926768783125751,inf,0.0
BTCUSDT,development,2172,13,0.38461538461538464,0.4702984073262223,1.764234911905112,-3.9999999999999885
ETHUSDT,development,2172,13,0.3076923076923077,0.19519673906066629,1.2819508453098516,-6.999999999999997
BTCUSDT,development,2173,13,0.38461538461538464,0.47419237472352316,1.7705626089257254,-3.999999999999996
ETHUSDT,development,2173,13,0.3076923076923077,0.19637562808991746,1.2836536850187699,-6.999999999999996
BTCUSDT,development,2174,13,0.38461538461538464,0.47969111406426607,1.7794980603544321,-4.0
ETHUSDT,development,2174,13,0.3076923076923077,0.19816583415448344,1.2862395382231429,-6.999999999999998
BTCUSDT,development,2175,5,0.4,0.5525370453020663,1.9208950755034435,-2.0000000000000013
ETHUSDT,development,2175,5,0.2,-0.215459890004718,0.7306751374941023,-2.999999999999999
BTCUSDT,development,2176,5,0.4,0.5545328435172442,1.9242214058620732,-2.0000000000000018
ETHUSDT,development,2176,5,0.2,-0.21514439479200725,0.7310695065099907,-2.9999999999999973
BTCUSDT,development,2177,5,0.4,0.5574697863449348,1.9291163105748907,-2.0000000000000027
ETHUSDT,development,2177,5,0.2,-0.2146462433748498,0.7316921957814377,-3.000000000000001
BTCUSDT,development,2178,3,0.6666666666666666,1.58756174217011,5.76268522651032,0.0
ETHUSDT,development,2178,3,0.3333333333333333,0.30756684999213535,1.461350274988203,-0.9999999999999996
BTCUSDT,development,2179,3,0.6666666666666666,1.5908880725287402,5.772664217586216,0.0
ETHUSDT,development,2179,3,0.3333333333333333,0.3080926753466538,1.462139013019981,-0.9999999999999988
BTCUSDT,development,2180,3,0.6666666666666666,1.595782977241558,5.787348931724667,0.0
ETHUSDT,development,2180,3,0.3333333333333333,0.3089229277085834,1.4633843915628748,-1.0000000000000004
BTCUSDT,development,2181,1,1.0,2.8130137890531457,inf,0.0
ETHUSDT,development,2181,1,1.0,2.922700549976406,inf,0.0
BTCUSDT,development,2182,1,1.0,2.8223449518249044,inf,0.0
ETHUSDT,development,2182,1,1.0,2.92427802603996,inf,0.0
BTCUSDT,development,2183,1,1.0,2.8359862352140017,inf,0.0
ETHUSDT,development,2183,1,1.0,2.926768783125751,inf,0.0
BTCUSDT,development,2184,12,0.4166666666666667,0.5928232746034076,2.0162684707486993,-3.9999999999999885
ETHUSDT,development,2184,10,0.4,0.5537557607788662,1.922926267964778,-3.999999999999999
BTCUSDT,development,2185,12,0.4166666666666667,0.5970417392838167,2.0235001244865427,-3.999999999999996
ETHUSDT,development,2185,10,0.4,0.5552883165168927,1.925480527528155,-3.999999999999997
BTCUSDT,development,2186,12,0.4166666666666667,0.6029987069029548,2.033712068976494,-4.0
ETHUSDT,development,2186,10,0.4,0.557615584400829,1.9293593073347155,-3.999999999999999
BTCUSDT,development,2187,4,0.5,0.9406713066275827,2.8813426132551645,-0.9999999999999989
ETHUSDT,development,2187,5,0.2,-0.2154598900047179,0.7306751374941023,-1.9999999999999996
BTCUSDT,development,2188,4,0.5,0.943166054396555,2.886332108793108,-1.0000000000000009
ETHUSDT,development,2188,5,0.2,-0.21514439479200737,0.7310695065099906,-1.9999999999999987
BTCUSDT,development,2189,4,0.5,0.9468372329311683,2.893674465862334,-1.000000000000001
ETHUSDT,development,2189,5,0.2,-0.21464624337484944,0.7316921957814381,-2.0
BTCUSDT,development,2190,3,0.6666666666666666,1.58756174217011,5.76268522651032,0.0
ETHUSDT,development,2190,2,0.5,0.9613502749882028,2.9227005499764047,0.0
BTCUSDT,development,2191,3,0.6666666666666666,1.5908880725287402,5.772664217586216,0.0
ETHUSDT,development,2191,2,0.5,0.9621390130199801,2.9242780260399606,0.0
BTCUSDT,development,2192,3,0.6666666666666666,1.595782977241558,5.787348931724667,0.0
ETHUSDT,development,2192,2,0.5,0.9633843915628753,2.9267687831257496,0.0
BTCUSDT,development,2193,1,1.0,2.8130137890531457,inf,0.0
ETHUSDT,development,2193,1,1.0,2.922700549976406,inf,0.0
BTCUSDT,development,2194,1,1.0,2.8223449518249044,inf,0.0
ETHUSDT,development,2194,1,1.0,2.92427802603996,inf,0.0
BTCUSDT,development,2195,1,1.0,2.8359862352140017,inf,0.0
ETHUSDT,development,2195,1,1.0,2.926768783125751,inf,0.0
BTCUSDT,development,2196,18,0.3333333333333333,0.2958258689453816,1.4437388034180718,-2.000000000000014
ETHUSDT,development,2196,10,0.2,-0.21950540666131454,0.7256182416733569,-6.999999999999998
BTCUSDT,development,2197,18,0.3333333333333333,0.2971593798047742,1.4457390697071608,-2.000000000000008
ETHUSDT,development,2197,10,0.2,-0.21897676976443958,0.7262790377944504,-6.9999999999999964
BTCUSDT,development,2198,18,0.3333333333333333,0.2991618714050363,1.4487428071075548,-2.000000000000002
ETHUSDT,development,2198,10,0.2,-0.21815887491011007,0.7273014063623622,-6.999999999999997
BTCUSDT,development,2199,11,0.36363636363636365,0.41860699562162557,1.657810993119697,-3.0000000000000018
ETHUSDT,development,2199,4,0.25,-0.019324862505897933,0.9742335166588028,-0.9999999999999991
BTCUSDT,development,2200,11,0.36363636363636365,0.41983094771383217,1.6597343464074505,-3.000000000000002
ETHUSDT,development,2200,4,0.25,-0.018930493490009137,0.9747593420133212,-0.9999999999999991
BTCUSDT,development,2201,11,0.36363636363636365,0.4216624999591723,1.6626124999358425,-3.0000000000000027
ETHUSDT,development,2201,4,0.25,-0.018307804218562068,0.9755895943752506,-0.9999999999999996
BTCUSDT,development,2202,7,0.42857142857142855,0.6717397508185657,2.1755445639324895,-2.0000000000000027
ETHUSDT,development,2202,2,0.5,0.9613502749882032,2.922700549976407,0.0
BTCUSDT,development,2203,7,0.42857142857142855,0.673301282661677,2.1782772446579344,-2.0000000000000018
ETHUSDT,development,2203,2,0.5,0.9621390130199807,2.9242780260399637,0.0
BTCUSDT,development,2204,7,0.42857142857142855,0.6756164397855352,2.182328769624687,-2.000000000000002
ETHUSDT,development,2204,2,0.5,0.9633843915628753,2.9267687831257496,0.0
BTCUSDT,development,2205,1,1.0,2.8130137890531457,inf,0.0
ETHUSDT,development,2205,1,1.0,2.922700549976406,inf,0.0
BTCUSDT,development,2206,1,1.0,2.8223449518249044,inf,0.0
ETHUSDT,development,2206,1,1.0,2.92427802603996,inf,0.0
BTCUSDT,development,2207,1,1.0,2.8359862352140017,inf,0.0
ETHUSDT,development,2207,1,1.0,2.926768783125751,inf,0.0
BTCUSDT,development,2208,9,0.3333333333333333,0.2902491023603139,1.4353736535404709,-1.9999999999999953
ETHUSDT,development,2208,8,0.25,-0.024381758326643188,0.9674909888978092,-5.999999999999997
BTCUSDT,development,2209,9,0.3333333333333333,0.29203112272671056,1.4380466840900656,-1.9999999999999982
ETHUSDT,development,2209,8,0.25,-0.02372096220554959,0.9683720503926004,-5.9999999999999964
BTCUSDT,development,2210,9,0.3333333333333333,0.2946718985622472,1.442007847843371,-1.9999999999999973
ETHUSDT,development,2210,8,0.25,-0.02269859363763785,0.9697352084831494,-5.999999999999998
BTCUSDT,development,2211,5,0.4,0.5525370453020663,1.9208950755034435,-2.0000000000000013
ETHUSDT,development,2211,3,0.3333333333333333,0.3075668499921358,1.461350274988204,-0.999999999999999
BTCUSDT,development,2212,5,0.4,0.5545328435172442,1.9242214058620732,-2.0000000000000018
ETHUSDT,development,2212,3,0.3333333333333333,0.3080926753466542,1.4621390130199818,-0.9999999999999988
BTCUSDT,development,2213,5,0.4,0.5574697863449348,1.9291163105748907,-2.0000000000000027
ETHUSDT,development,2213,3,0.3333333333333333,0.30892292770858365,1.4633843915628755,-0.9999999999999996
BTCUSDT,development,2214,3,0.6666666666666666,1.58756174217011,5.76268522651032,0.0
ETHUSDT,development,2214,2,0.5,0.9613502749882032,2.922700549976407,0.0
BTCUSDT,development,2215,3,0.6666666666666666,1.5908880725287402,5.772664217586216,0.0
ETHUSDT,development,2215,2,0.5,0.9621390130199807,2.9242780260399637,0.0
BTCUSDT,development,2216,3,0.6666666666666666,1.595782977241558,5.787348931724667,0.0
ETHUSDT,development,2216,2,0.5,0.9633843915628753,2.9267687831257496,0.0
BTCUSDT,development,2217,1,1.0,2.8130137890531457,inf,0.0
ETHUSDT,development,2217,1,1.0,2.922700549976406,inf,0.0
BTCUSDT,development,2218,1,1.0,2.8223449518249044,inf,0.0
ETHUSDT,development,2218,1,1.0,2.92427802603996,inf,0.0
BTCUSDT,development,2219,1,1.0,2.8359862352140017,inf,0.0
ETHUSDT,development,2219,1,1.0,2.926768783125751,inf,0.0
BTCUSDT,development,2220,8,0.375,0.45153024015535304,1.7224483842485647,-1.9999999999999953
ETHUSDT,development,2220,6,0.3333333333333333,0.30082432223114225,1.4512364833467137,-2.999999999999999
BTCUSDT,development,2221,8,0.375,0.45353501306754934,1.7256560209080785,-1.9999999999999982
ETHUSDT,development,2221,6,0.3333333333333333,0.3017053837259338,1.4525580755889014,-2.9999999999999973
BTCUSDT,development,2222,8,0.375,0.45650588588252805,1.730409417412045,-1.9999999999999973
ETHUSDT,development,2222,6,0.3333333333333333,0.30306854181648285,1.4546028127247246,-2.9999999999999987
BTCUSDT,development,2223,4,0.5,0.9406713066275827,2.8813426132551645,-0.9999999999999989
ETHUSDT,development,2223,3,0.3333333333333333,0.30756684999213596,1.4613502749882044,-0.9999999999999991
BTCUSDT,development,2224,4,0.5,0.943166054396555,2.886332108793108,-1.0000000000000009
ETHUSDT,development,2224,3,0.3333333333333333,0.30809267534665413,1.4621390130199816,-0.9999999999999991
BTCUSDT,development,2225,4,0.5,0.9468372329311683,2.893674465862334,-1.000000000000001
ETHUSDT,development,2225,3,0.3333333333333333,0.308922927708584,1.4633843915628761,-0.9999999999999992
BTCUSDT,development,2226,3,0.6666666666666666,1.58756174217011,5.76268522651032,0.0
ETHUSDT,development,2226,1,1.0,2.922700549976406,inf,0.0
BTCUSDT,development,2227,3,0.6666666666666666,1.5908880725287402,5.772664217586216,0.0
ETHUSDT,development,2227,1,1.0,2.92427802603996,inf,0.0
BTCUSDT,development,2228,3,0.6666666666666666,1.595782977241558,5.787348931724667,0.0
ETHUSDT,development,2228,1,1.0,2.926768783125751,inf,0.0
BTCUSDT,development,2229,1,1.0,2.8130137890531457,inf,0.0
ETHUSDT,development,2229,1,1.0,2.922700549976406,inf,0.0
BTCUSDT,development,2230,1,1.0,2.8223449518249044,inf,0.0
ETHUSDT,development,2230,1,1.0,2.92427802603996,inf,0.0
BTCUSDT,development,2231,1,1.0,2.8359862352140017,inf,0.0
ETHUSDT,development,2231,1,1.0,2.926768783125751,inf,0.0
BTCUSDT,development,2232,9,0.4444444444444444,0.7338529946486534,2.3209353903675747,-2.0000000000000036
ETHUSDT,development,2232,5,0.4,0.5609891866773704,1.9349819777956176,-2.999999999999999
BTCUSDT,development,2233,9,0.4444444444444444,0.7353489360946834,2.3236280849704296,-2.0000000000000027
ETHUSDT,development,2233,5,0.4,0.5620464604711204,1.9367441007852015,-2.9999999999999973
BTCUSDT,development,2234,9,0.4444444444444444,0.7375874999500991,2.327657499910177,-2.0000000000000027
ETHUSDT,development,2234,5,0.4,0.563682250179779,1.9394704169662982,-2.9999999999999996
BTCUSDT,development,2235,8,0.5,0.9505846189797353,2.9011692379594693,-2.000000000000001
ETHUSDT,development,2235,3,0.3333333333333333,0.3075668499921358,1.461350274988204,-0.999999999999999
BTCUSDT,development,2236,8,0.5,0.952267553106519,2.904535106213037,-2.0000000000000018
ETHUSDT,development,2236,3,0.3333333333333333,0.3080926753466542,1.4621390130199818,-0.9999999999999988
BTCUSDT,development,2237,8,0.5,0.9547859374438616,2.9095718748877224,-2.0000000000000027
ETHUSDT,development,2237,3,0.3333333333333333,0.30892292770858365,1.4633843915628755,-0.9999999999999996
BTCUSDT,development,2238,5,0.6,1.3404356511459916,4.351089127864971,-1.000000000000002
ETHUSDT,development,2238,2,0.5,0.9613502749882032,2.922700549976407,0.0
BTCUSDT,development,2239,5,0.6,1.3426217957263475,4.356554489315865,-1.0000000000000018
ETHUSDT,development,2239,2,0.5,0.9621390130199807,2.9242780260399637,0.0
BTCUSDT,development,2240,5,0.6,1.3458630156997486,4.364657539249369,-1.0000000000000016
ETHUSDT,development,2240,2,0.5,0.9633843915628753,2.9267687831257496,0.0
BTCUSDT,development,2241,1,1.0,2.8130137890531457,inf,0.0
ETHUSDT,development,2241,1,1.0,2.922700549976406,inf,0.0
BTCUSDT,development,2242,1,1.0,2.8223449518249044,inf,0.0
ETHUSDT,development,2242,1,1.0,2.92427802603996,inf,0.0
BTCUSDT,development,2243,1,1.0,2.8359862352140017,inf,0.0
ETHUSDT,development,2243,1,1.0,2.926768783125751,inf,0.0
BTCUSDT,development,2244,6,0.3333333333333333,0.29378087108505485,1.440671306627582,-2.0000000000000013
ETHUSDT,development,2244,4,0.5,0.9512364833467133,2.902472966693428,-1.9999999999999987
BTCUSDT,development,2245,6,0.3333333333333333,0.29544403626437005,1.4431660543965548,-2.0000000000000018
ETHUSDT,development,2245,4,0.5,0.9525580755889005,2.905116151177803,-1.9999999999999973
BTCUSDT,development,2246,6,0.3333333333333333,0.2978914886207788,1.4468372329311676,-2.0000000000000027
ETHUSDT,development,2246,4,0.5,0.9546028127247237,2.9092056254494474,-2.0
BTCUSDT,development,2247,5,0.4,0.5525370453020663,1.9208950755034435,-2.0000000000000013
ETHUSDT,development,2247,3,0.3333333333333333,0.3075668499921358,1.461350274988204,-0.999999999999999
BTCUSDT,development,2248,5,0.4,0.5545328435172442,1.9242214058620732,-2.0000000000000018
ETHUSDT,development,2248,3,0.3333333333333333,0.3080926753466542,1.4621390130199818,-0.9999999999999988
BTCUSDT,development,2249,5,0.4,0.5574697863449348,1.9291163105748907,-2.0000000000000027
ETHUSDT,development,2249,3,0.3333333333333333,0.30892292770858365,1.4633843915628755,-0.9999999999999996
BTCUSDT,development,2250,3,0.6666666666666666,1.58756174217011,5.76268522651032,0.0
ETHUSDT,development,2250,2,0.5,0.9613502749882032,2.922700549976407,0.0
BTCUSDT,development,2251,3,0.6666666666666666,1.5908880725287402,5.772664217586216,0.0
ETHUSDT,development,2251,2,0.5,0.9621390130199807,2.9242780260399637,0.0
BTCUSDT,development,2252,3,0.6666666666666666,1.595782977241558,5.787348931724667,0.0
ETHUSDT,development,2252,2,0.5,0.9633843915628753,2.9267687831257496,0.0
BTCUSDT,development,2253,1,1.0,2.8130137890531457,inf,0.0
ETHUSDT,development,2253,1,1.0,2.922700549976406,inf,0.0
BTCUSDT,development,2254,1,1.0,2.8223449518249044,inf,0.0
ETHUSDT,development,2254,1,1.0,2.92427802603996,inf,0.0
BTCUSDT,development,2255,1,1.0,2.8359862352140017,inf,0.0
ETHUSDT,development,2255,1,1.0,2.926768783125751,inf,0.0
BTCUSDT,development,2256,5,0.4,0.5525370453020658,1.9208950755034422,-1.0000000000000018
ETHUSDT,development,2256,3,0.6666666666666666,1.6016486444622842,5.804945933386858,-0.9999999999999991
BTCUSDT,development,2257,5,0.4,0.5545328435172439,1.9242214058620721,-1.0000000000000009
ETHUSDT,development,2257,3,0.6666666666666666,1.603410767451867,5.810232302355606,-0.9999999999999987
BTCUSDT,development,2258,5,0.4,0.5574697863449344,1.9291163105748894,-1.0000000000000013
ETHUSDT,development,2258,3,0.6666666666666666,1.606137083632965,5.818411250898896,-0.9999999999999998
BTCUSDT,development,2259,4,0.5,0.9406713066275827,2.8813426132551645,-0.9999999999999989
ETHUSDT,development,2259,2,0.5,0.9613502749882035,2.9227005499764087,0.0
BTCUSDT,development,2260,4,0.5,0.943166054396555,2.886332108793108,-1.0000000000000009
ETHUSDT,development,2260,2,0.5,0.9621390130199807,2.9242780260399637,0.0
BTCUSDT,development,2261,4,0.5,0.9468372329311683,2.893674465862334,-1.000000000000001
ETHUSDT,development,2261,2,0.5,0.9633843915628756,2.9267687831257514,0.0
BTCUSDT,development,2262,3,0.6666666666666666,1.58756174217011,5.76268522651032,0.0
ETHUSDT,development,2262,1,1.0,2.922700549976406,inf,0.0
BTCUSDT,development,2263,3,0.6666666666666666,1.5908880725287402,5.772664217586216,0.0
ETHUSDT,development,2263,1,1.0,2.92427802603996,inf,0.0
BTCUSDT,development,2264,3,0.6666666666666666,1.595782977241558,5.787348931724667,0.0
ETHUSDT,development,2264,1,1.0,2.926768783125751,inf,0.0
BTCUSDT,development,2265,1,1.0,2.8130137890531457,inf,0.0
ETHUSDT,development,2265,1,1.0,2.922700549976406,inf,0.0
BTCUSDT,development,2266,1,1.0,2.8223449518249044,inf,0.0
ETHUSDT,development,2266,1,1.0,2.92427802603996,inf,0.0
BTCUSDT,development,2267,1,1.0,2.8359862352140017,inf,0.0
ETHUSDT,development,2267,1,1.0,2.926768783125751,inf,0.0
BTCUSDT,development,2268,27,0.37037037037037035,0.43667965828795346,1.6935500455161603,-4.000000000000002
ETHUSDT,development,2268,19,0.3157894736842105,0.2336041990471384,1.3414215216842795,-6.0
BTCUSDT,development,2269,27,0.37037037037037035,0.43844320635599593,1.696350974800699,-3.9999999999999982
ETHUSDT,development,2269,19,0.3157894736842105,0.2343557664552078,1.3425199663576115,-5.999999999999997
BTCUSDT,development,2270,27,0.37037037037037035,0.44105555669177066,1.700500001804577,-4.000000000000001
ETHUSDT,development,2270,19,0.3157894736842105,0.23552517035743795,1.344229095137794,-5.999999999999999
BTCUSDT,development,2271,16,0.375,0.4634423143710156,1.7415077029936257,-4.000000000000002
ETHUSDT,development,2271,8,0.25,-0.019947486314185803,0.9734033515810855,-2.999999999999999
BTCUSDT,development,2272,16,0.375,0.464611929927441,1.7433790878839053,-3.9999999999999982
ETHUSDT,development,2272,8,0.25,-0.019526227449540162,0.9739650300672797,-2.9999999999999973
BTCUSDT,development,2273,16,0.375,0.4663770208206739,1.7462032333130788,-4.0
ETHUSDT,development,2273,8,0.25,-0.018862362106898123,0.9748501838574691,-3.000000000000001
BTCUSDT,development,2274,8,0.375,0.4636846777873398,1.7418954844597434,-2.000000000000001
ETHUSDT,development,2274,6,0.3333333333333333,0.3067366849144188,1.460105027371628,-2.0
BTCUSDT,development,2275,8,0.375,0.4650230498606448,1.7440368797770325,-1.9999999999999991
ETHUSDT,development,2275,6,0.3333333333333333,0.3072983634006128,1.4609475451009195,-1.9999999999999987
BTCUSDT,development,2276,8,0.375,0.4670048926728633,1.747207828276582,-1.9999999999999976
ETHUSDT,development,2276,6,0.3333333333333333,0.3081835171908025,1.4622752757862039,-2.000000000000001
BTCUSDT,development,2277,3,0.6666666666666666,1.586601994947178,5.759805984841531,0.0
ETHUSDT,development,2277,4,0.5,0.9601050273716282,2.920210054743256,-0.9999999999999996
BTCUSDT,development,2278,3,0.6666666666666666,1.5899550443746122,5.769865133123835,0.0
ETHUSDT,development,2278,4,0.5,0.9609475451009188,2.9218950902018386,-1.0
BTCUSDT,development,2279,3,0.6666666666666666,1.5948921482907423,5.78467644487222,0.0
ETHUSDT,development,2279,4,0.5,0.9622752757862039,2.924550551572408,-0.9999999999999991
BTCUSDT,development,2280,14,0.42857142857142855,0.6649437032478428,2.1636514806837255,-3.000000000000001
ETHUSDT,development,2280,14,0.35714285714285715,0.3947407277491511,1.6140411320542354,-5.999999999999999
BTCUSDT,development,2281,14,0.42857142857142855,0.6668410656009736,2.1669718648017042,-2.9999999999999973
ETHUSDT,development,2281,14,0.35714285714285715,0.3956142178192974,1.615399894385574,-5.9999999999999964
BTCUSDT,development,2282,14,0.42857142857142855,0.6696589070870557,2.171903087402348,-2.999999999999999
ETHUSDT,development,2282,14,0.35714285714285715,0.39697173315631895,1.6175115849098298,-5.999999999999997
BTCUSDT,development,2283,10,0.4,0.5586976640656516,1.9311627734427523,-3.0000000000000013
ETHUSDT,development,2283,7,0.2857142857142857,0.12006001564093052,1.1680840218973028,-2.999999999999999
BTCUSDT,development,2284,10,0.4,0.5601699360110238,1.9336165600183735,-2.999999999999998
ETHUSDT,development,2284,7,0.2857142857142857,0.12054145434338259,1.1687580360807357,-2.9999999999999973
BTCUSDT,development,2285,10,0.4,0.5623692243752529,1.9372820406254219,-2.9999999999999987
ETHUSDT,development,2285,7,0.2857142857142857,0.12130015759211646,1.1698202206289632,-3.000000000000001
BTCUSDT,development,2286,5,0.6,1.3418954844597437,4.354738711149356,-1.0000000000000002
ETHUSDT,development,2286,6,0.3333333333333333,0.3067366849144188,1.460105027371628,-2.0
BTCUSDT,development,2287,5,0.6,1.3440368797770315,4.360092199442585,-0.999999999999996
ETHUSDT,development,2287,6,0.3333333333333333,0.3072983634006128,1.4609475451009195,-1.9999999999999987
BTCUSDT,development,2288,5,0.6,1.347207828276581,4.368019570691455,-0.9999999999999962
ETHUSDT,development,2288,6,0.3333333333333333,0.3081835171908025,1.4622752757862039,-2.000000000000001
BTCUSDT,development,2289,2,1.0,2.8799029924207673,inf,0.0
ETHUSDT,development,2289,4,0.5,0.9601050273716282,2.920210054743256,-0.9999999999999996
BTCUSDT,development,2290,2,1.0,2.8849325665619188,inf,0.0
ETHUSDT,development,2290,4,0.5,0.9609475451009188,2.9218950902018386,-1.0
BTCUSDT,development,2291,2,1.0,2.892338222436114,inf,0.0
ETHUSDT,development,2291,4,0.5,0.9622752757862039,2.924550551572408,-0.9999999999999991
BTCUSDT,development,2292,11,0.45454545454545453,0.7665193297374551,2.405285437852001,-3.000000000000001
ETHUSDT,development,2292,11,0.45454545454545453,0.7751245625898288,2.421061698081353,-3.999999999999999
BTCUSDT,development,2293,11,0.45454545454545453,0.7685690870171403,2.4090433261980917,-2.999999999999998
ETHUSDT,development,2293,11,0.45454545454545453,0.7762362772245605,2.4230998415783613,-3.9999999999999973
BTCUSDT,development,2294,11,0.45454545454545453,0.7715974178953776,2.414595266141525,-2.999999999999999
ETHUSDT,development,2294,11,0.45454545454545453,0.7779640240171329,2.4262673773647445,-3.9999999999999982
BTCUSDT,development,2295,8,0.375,0.4636846777873401,1.741895484459744,-1.999999999999999
ETHUSDT,development,2295,6,0.3333333333333333,0.3067366849144189,1.4601050273716283,-1.9999999999999996
BTCUSDT,development,2296,8,0.375,0.4650230498606445,1.7440368797770318,-1.999999999999997
ETHUSDT,development,2296,6,0.3333333333333333,0.30729836340061295,1.4609475451009197,-1.9999999999999987
BTCUSDT,development,2297,8,0.375,0.4670048926728629,1.7472078282765806,-1.9999999999999976
ETHUSDT,development,2297,6,0.3333333333333333,0.30818351719080256,1.4622752757862039,-2.0
BTCUSDT,development,2298,5,0.6,1.3418954844597437,4.354738711149356,-1.0000000000000002
ETHUSDT,development,2298,5,0.4,0.5680840218973024,1.9468067031621705,-1.0000000000000004
BTCUSDT,development,2299,5,0.6,1.3440368797770315,4.360092199442585,-0.999999999999996
ETHUSDT,development,2299,5,0.4,0.568758036080735,1.9479300601345588,-1.0
BTCUSDT,development,2300,5,0.6,1.347207828276581,4.368019570691455,-0.9999999999999962
ETHUSDT,development,2300,5,0.4,0.5698202206289631,1.9497003677149385,-1.0000000000000004
BTCUSDT,development,2301,2,1.0,2.8799029924207673,inf,0.0
ETHUSDT,development,2301,4,0.5,0.9601050273716282,2.920210054743256,-0.9999999999999996
BTCUSDT,development,2302,2,1.0,2.8849325665619188,inf,0.0
ETHUSDT,development,2302,4,0.5,0.9609475451009188,2.9218950902018386,-1.0
BTCUSDT,development,2303,2,1.0,2.892338222436114,inf,0.0
ETHUSDT,development,2303,4,0.5,0.9622752757862039,2.924550551572408,-0.9999999999999991
BTCUSDT,development,2304,22,0.45454545454545453,0.7631977624443067,2.3991958978145607,-3.000000000000001
ETHUSDT,development,2304,12,0.3333333333333333,0.3025004251019874,1.4537506376529812,-4.999999999999999
BTCUSDT,development,2305,22,0.45454545454545453,0.7653621168914498,2.403163880967657,-2.9999999999999964
ETHUSDT,development,2305,12,0.3333333333333333,0.3032806617566688,1.4549209926350035,-4.999999999999995
BTCUSDT,development,2306,22,0.45454545454545453,0.7685681832126275,2.4090416692231518,-2.999999999999999
ETHUSDT,development,2306,12,0.3333333333333333,0.30449443319747926,1.456741649796219,-4.999999999999999
BTCUSDT,development,2307,13,0.46153846153846156,0.8011597715335579,2.4878681471337503,-3.000000000000001
ETHUSDT,development,2307,7,0.2857142857142857,0.12006001564093058,1.1680840218973028,-1.9999999999999987
BTCUSDT,development,2308,13,0.46153846153846156,0.8025992983722353,2.4905415541198654,-2.999999999999998
ETHUSDT,development,2308,7,0.2857142857142857,0.12054145434338268,1.168758036080736,-1.9999999999999976
BTCUSDT,development,2309,13,0.46153846153846156,0.8047717179331373,2.4945760475901135,-2.999999999999999
ETHUSDT,development,2309,7,0.2857142857142857,0.12130015759211644,1.1698202206289632,-2.0
BTCUSDT,development,2310,7,0.42857142857142855,0.6727824888998171,2.177369355574679,-1.9999999999999991
ETHUSDT,development,2310,5,0.4,0.5680840218973027,1.946806703162171,-0.9999999999999997
BTCUSDT,development,2311,7,0.42857142857142855,0.6743120569835942,2.180046099721291,-1.9999999999999991
ETHUSDT,development,2311,5,0.4,0.5687580360807354,1.9479300601345595,-1.0
BTCUSDT,development,2312,7,0.42857142857142855,0.6765770201975583,2.1840097853457285,-1.9999999999999964
ETHUSDT,development,2312,5,0.4,0.5698202206289631,1.9497003677149385,-1.0000000000000004
BTCUSDT,development,2313,2,1.0,2.8799029924207673,inf,0.0
ETHUSDT,development,2313,4,0.5,0.9601050273716282,2.920210054743256,-0.9999999999999996
BTCUSDT,development,2314,2,1.0,2.8849325665619188,inf,0.0
ETHUSDT,development,2314,4,0.5,0.9609475451009188,2.9218950902018386,-1.0
BTCUSDT,development,2315,2,1.0,2.892338222436114,inf,0.0
ETHUSDT,development,2315,4,0.5,0.9622752757862039,2.924550551572408,-0.9999999999999991
BTCUSDT,development,2316,13,0.46153846153846156,0.793016295805369,2.472744549352828,-3.000000000000001
ETHUSDT,development,2316,10,0.4,0.563000510122385,1.938334183537309,-4.0
BTCUSDT,development,2317,13,0.46153846153846156,0.7950596091087407,2.476539274059091,-2.9999999999999973
ETHUSDT,development,2317,10,0.4,0.5639367941080025,1.9398946568466715,-3.999999999999996
BTCUSDT,development,2318,13,0.46153846153846156,0.7980942076322138,2.482174957031254,-2.999999999999999
ETHUSDT,development,2318,10,0.4,0.5653933198369752,1.9423221997282922,-4.0
BTCUSDT,development,2319,9,0.4444444444444444,0.7318862934062794,2.3173953281313024,-3.0000000000000013
ETHUSDT,development,2319,6,0.3333333333333333,0.306736684914419,1.4601050273716285,-1.9999999999999987
BTCUSDT,development,2320,9,0.4444444444444444,0.7335221511233596,2.3203398720220476,-2.999999999999998
ETHUSDT,development,2320,6,0.3333333333333333,0.307298363400613,1.46094754510092,-1.9999999999999976
BTCUSDT,development,2321,9,0.4444444444444444,0.735965804861392,2.324738448750506,-2.9999999999999987
ETHUSDT,development,2321,6,0.3333333333333333,0.30818351719080256,1.4622752757862039,-2.0
BTCUSDT,development,2322,5,0.6,1.3418954844597437,4.354738711149356,-1.0000000000000002
ETHUSDT,development,2322,5,0.4,0.5680840218973027,1.946806703162171,-0.9999999999999997
BTCUSDT,development,2323,5,0.6,1.3440368797770315,4.360092199442585,-0.999999999999996
ETHUSDT,development,2323,5,0.4,0.5687580360807354,1.9479300601345595,-1.0
BTCUSDT,development,2324,5,0.6,1.347207828276581,4.368019570691455,-0.9999999999999962
ETHUSDT,development,2324,5,0.4,0.5698202206289631,1.9497003677149385,-1.0000000000000004
BTCUSDT,development,2325,2,1.0,2.8799029924207673,inf,0.0
ETHUSDT,development,2325,4,0.5,0.9601050273716282,2.920210054743256,-0.9999999999999996
BTCUSDT,development,2326,2,1.0,2.8849325665619188,inf,0.0
ETHUSDT,development,2326,4,0.5,0.9609475451009188,2.9218950902018386,-1.0
BTCUSDT,development,2327,2,1.0,2.892338222436114,inf,0.0
ETHUSDT,development,2327,4,0.5,0.9622752757862039,2.924550551572408,-0.9999999999999991
BTCUSDT,development,2328,10,0.5,0.9431712627112006,2.8863425254224007,-3.000000000000001
ETHUSDT,development,2328,9,0.4444444444444444,0.7366672334693165,2.3260010202447705,-3.0
BTCUSDT,development,2329,10,0.5,0.9454259957188544,2.8908519914377093,-2.999999999999998
ETHUSDT,development,2329,9,0.4444444444444444,0.7377075490088916,2.3278735882160064,-2.9999999999999973
BTCUSDT,development,2330,10,0.5,0.9487571596849154,2.89751431936983,-2.999999999999999
ETHUSDT,development,2330,9,0.4444444444444444,0.7393259109299726,2.3307866396739505,-2.999999999999999
BTCUSDT,development,2331,7,0.42857142857142855,0.6727824888998172,2.1773693555746796,-1.999999999999999
ETHUSDT,development,2331,5,0.4,0.5680840218973028,1.9468067031621716,-0.9999999999999991
BTCUSDT,development,2332,7,0.42857142857142855,0.6743120569835936,2.1800460997212894,-1.999999999999997
ETHUSDT,development,2332,5,0.4,0.5687580360807355,1.9479300601345602,-0.9999999999999991
BTCUSDT,development,2333,7,0.42857142857142855,0.6765770201975575,2.1840097853457254,-1.9999999999999976
ETHUSDT,development,2333,5,0.4,0.5698202206289633,1.9497003677149392,-0.9999999999999998
BTCUSDT,development,2334,5,0.6,1.3418954844597437,4.354738711149356,-1.0000000000000002
ETHUSDT,development,2334,4,0.5,0.9601050273716282,2.920210054743256,-0.9999999999999996
BTCUSDT,development,2335,5,0.6,1.3440368797770315,4.360092199442585,-0.999999999999996
ETHUSDT,development,2335,4,0.5,0.9609475451009188,2.9218950902018386,-1.0
BTCUSDT,development,2336,5,0.6,1.347207828276581,4.368019570691455,-0.9999999999999962
ETHUSDT,development,2336,4,0.5,0.9622752757862039,2.924550551572408,-0.9999999999999991
BTCUSDT,development,2337,2,1.0,2.8799029924207673,inf,0.0
ETHUSDT,development,2337,4,0.5,0.9601050273716282,2.920210054743256,-0.9999999999999996
BTCUSDT,development,2338,2,1.0,2.8849325665619188,inf,0.0
ETHUSDT,development,2338,4,0.5,0.9609475451009188,2.9218950902018386,-1.0
BTCUSDT,development,2339,2,1.0,2.892338222436114,inf,0.0
ETHUSDT,development,2339,4,0.5,0.9622752757862039,2.924550551572408,-0.9999999999999991
BTCUSDT,development,2340,10,0.5,0.9489475336764436,2.8978950673528856,-3.0000000000000013
ETHUSDT,development,2340,9,0.3333333333333333,0.30251838809966203,1.4537775821494932,-2.999999999999999
BTCUSDT,development,2341,10,0.5,0.9506730806330651,2.9013461612661313,-2.999999999999998
ETHUSDT,development,2341,9,0.3333333333333333,0.3033049396354797,1.4549574094532198,-2.999999999999997
BTCUSDT,development,2342,10,0.5,0.953266466480468,2.9065329329609364,-2.9999999999999987
ETHUSDT,development,2342,9,0.3333333333333333,0.3045270634353288,1.4567905951529934,-3.0
BTCUSDT,development,2343,10,0.5,0.9489475336764436,2.8978950673528856,-3.0000000000000013
ETHUSDT,development,2343,7,0.2857142857142857,0.12006001564093052,1.1680840218973028,-1.9999999999999987
BTCUSDT,development,2344,10,0.5,0.9506730806330651,2.9013461612661313,-2.999999999999998
ETHUSDT,development,2344,7,0.2857142857142857,0.12054145434338256,1.1687580360807357,-1.9999999999999976
BTCUSDT,development,2345,10,0.5,0.953266466480468,2.9065329329609364,-2.9999999999999987
ETHUSDT,development,2345,7,0.2857142857142857,0.12130015759211646,1.1698202206289632,-2.0
BTCUSDT,development,2346,6,0.5,0.9515795703831195,2.9031591407662356,-1.0000000000000022
ETHUSDT,development,2346,5,0.4,0.5680840218973027,1.946806703162171,-0.9999999999999997
BTCUSDT,development,2347,6,0.5,0.9533640664808595,2.9067281329617205,-1.0000000000000013
ETHUSDT,development,2347,5,0.4,0.5687580360807354,1.9479300601345595,-1.0
BTCUSDT,development,2348,6,0.5,0.9560065235638174,2.912013047127636,-1.0
ETHUSDT,development,2348,5,0.4,0.5698202206289631,1.9497003677149385,-1.0000000000000004
BTCUSDT,development,2349,2,1.0,2.8799029924207673,inf,0.0
ETHUSDT,development,2349,4,0.5,0.9601050273716282,2.920210054743256,-0.9999999999999996
BTCUSDT,development,2350,2,1.0,2.8849325665619188,inf,0.0
ETHUSDT,development,2350,4,0.5,0.9609475451009188,2.9218950902018386,-1.0
BTCUSDT,development,2351,2,1.0,2.892338222436114,inf,0.0
ETHUSDT,development,2351,4,0.5,0.9622752757862039,2.924550551572408,-0.9999999999999991
BTCUSDT,development,2352,8,0.5,0.9483720800820643,2.896744160164128,-3.0000000000000013
ETHUSDT,development,2352,7,0.42857142857142855,0.67466649898528,2.1806663732242404,-1.9999999999999987
BTCUSDT,development,2353,8,0.5,0.9502124200137799,2.900424840027561,-2.999999999999998
ETHUSDT,development,2353,7,0.42857142857142855,0.675677779531331,2.18243611417983,-1.9999999999999973
BTCUSDT,development,2354,8,0.5,0.9529615304690661,2.9059230609381332,-2.9999999999999987
ETHUSDT,development,2354,7,0.42857142857142855,0.6772490815597086,2.18518589272949,-2.0
BTCUSDT,development,2355,8,0.5,0.9483720800820643,2.896744160164128,-3.0000000000000013
ETHUSDT,development,2355,6,0.3333333333333333,0.306736684914419,1.4601050273716285,-1.9999999999999987
BTCUSDT,development,2356,8,0.5,0.9502124200137799,2.900424840027561,-2.999999999999998
ETHUSDT,development,2356,6,0.3333333333333333,0.307298363400613,1.46094754510092,-1.9999999999999976
BTCUSDT,development,2357,8,0.5,0.9529615304690661,2.9059230609381332,-2.9999999999999987
ETHUSDT,development,2357,6,0.3333333333333333,0.30818351719080256,1.4622752757862039,-2.0
BTCUSDT,development,2358,5,0.6,1.3418954844597437,4.354738711149356,-1.0000000000000002
ETHUSDT,development,2358,5,0.4,0.5680840218973027,1.946806703162171,-0.9999999999999997
BTCUSDT,development,2359,5,0.6,1.3440368797770315,4.360092199442585,-0.999999999999996
ETHUSDT,development,2359,5,0.4,0.5687580360807354,1.9479300601345595,-1.0
BTCUSDT,development,2360,5,0.6,1.347207828276581,4.368019570691455,-0.9999999999999962
ETHUSDT,development,2360,5,0.4,0.5698202206289631,1.9497003677149385,-1.0000000000000004
BTCUSDT,development,2361,2,1.0,2.8799029924207673,inf,0.0
ETHUSDT,development,2361,4,0.5,0.9601050273716282,2.920210054743256,-0.9999999999999996
BTCUSDT,development,2362,2,1.0,2.8849325665619188,inf,0.0
ETHUSDT,development,2362,4,0.5,0.9609475451009188,2.9218950902018386,-1.0
BTCUSDT,development,2363,2,1.0,2.892338222436114,inf,0.0
ETHUSDT,development,2363,4,0.5,0.9622752757862039,2.924550551572408,-0.9999999999999991
BTCUSDT,development,2364,6,0.5,0.95157957038312,2.903159140766239,-1.999999999999999
ETHUSDT,development,2364,6,0.5,0.9537775821494932,2.9075551642989867,-1.0000000000000004
BTCUSDT,development,2365,6,0.5,0.9533640664808596,2.906728132961721,-1.999999999999997
ETHUSDT,development,2365,6,0.5,0.9549574094532193,2.90991481890644,-1.0
BTCUSDT,development,2366,6,0.5,0.9560065235638172,2.9120130471276346,-1.9999999999999976
ETHUSDT,development,2366,6,0.5,0.9567905951529934,2.9135811903059876,-1.0000000000000004
BTCUSDT,development,2367,6,0.5,0.95157957038312,2.903159140766239,-1.999999999999999
ETHUSDT,development,2367,5,0.4,0.5680840218973027,1.9468067031621714,-0.9999999999999996
BTCUSDT,development,2368,6,0.5,0.9533640664808596,2.906728132961721,-1.999999999999997
ETHUSDT,development,2368,5,0.4,0.5687580360807354,1.9479300601345595,-1.0
BTCUSDT,development,2369,6,0.5,0.9560065235638172,2.9120130471276346,-1.9999999999999976
ETHUSDT,development,2369,5,0.4,0.5698202206289633,1.9497003677149392,-0.9999999999999998
BTCUSDT,development,2370,5,0.6,1.3418954844597437,4.354738711149356,-1.0000000000000002
ETHUSDT,development,2370,4,0.5,0.9601050273716282,2.920210054743256,-0.9999999999999996
BTCUSDT,development,2371,5,0.6,1.3440368797770315,4.360092199442585,-0.999999999999996
ETHUSDT,development,2371,4,0.5,0.9609475451009188,2.9218950902018386,-1.0
BTCUSDT,development,2372,5,0.6,1.347207828276581,4.368019570691455,-0.9999999999999962
ETHUSDT,development,2372,4,0.5,0.9622752757862039,2.924550551572408,-0.9999999999999991
BTCUSDT,development,2373,2,1.0,2.8799029924207673,inf,0.0
ETHUSDT,development,2373,4,0.5,0.9601050273716282,2.920210054743256,-0.9999999999999996
BTCUSDT,development,2374,2,1.0,2.8849325665619188,inf,0.0
ETHUSDT,development,2374,4,0.5,0.9609475451009188,2.9218950902018386,-1.0
BTCUSDT,development,2375,2,1.0,2.892338222436114,inf,0.0
ETHUSDT,development,2375,4,0.5,0.9622752757862039,2.924550551572408,-0.9999999999999991
BTCUSDT,development,2376,33,0.36363636363636365,0.39876614179634895,1.626632508537119,-6.999999999999998
ETHUSDT,development,2376,24,0.25,-0.0233966757543486,0.9688044323275352,-6.000000000000002
BTCUSDT,development,2377,33,0.36363636363636365,0.40237633598622524,1.632305670835496,-6.999999999999994
ETHUSDT,development,2377,24,0.25,-0.022801684889627194,0.9695977534804968,-5.999999999999998
BTCUSDT,development,2378,33,0.36363636363636365,0.4071514711908324,1.6398094547284507,-7.000000000000002
ETHUSDT,development,2378,24,0.25,-0.021875906800361517,0.9708321242661846,-5.999999999999998
BTCUSDT,development,2379,16,0.375,0.4673169275498804,1.7477070840798092,-4.000000000000002
ETHUSDT,development,2379,9,0.2222222222222222,-0.12884221005705368,0.8343457299266451,-2.999999999999999
BTCUSDT,development,2380,16,0.375,0.4682950424162183,1.7492720678659492,-3.9999999999999982
ETHUSDT,development,2380,9,0.2222222222222222,-0.12846775773292446,0.8348271686290969,-2.9999999999999973
BTCUSDT,development,2381,16,0.375,0.4697715860959517,1.7516345377535234,-4.0
ETHUSDT,development,2381,9,0.2222222222222222,-0.12787765520613162,0.8355858718778308,-3.000000000000001
BTCUSDT,development,2382,9,0.4444444444444444,0.7387744946131498,2.329794090303669,-3.0000000000000027
ETHUSDT,development,2382,6,0.3333333333333333,0.3067366849144188,1.460105027371628,-2.0
BTCUSDT,development,2383,9,0.4444444444444444,0.7400699066589641,2.332125831986136,-2.9999999999999973
ETHUSDT,development,2383,6,0.3333333333333333,0.3072983634006128,1.4609475451009195,-1.9999999999999987
BTCUSDT,development,2384,9,0.4444444444444444,0.7420005875729974,2.335601057631396,-2.999999999999999
ETHUSDT,development,2384,6,0.3333333333333333,0.3081835171908025,1.4622752757862039,-2.000000000000001
BTCUSDT,development,2385,4,0.75,1.923882092689157,8.695528370756623,-1.0000000000000007
ETHUSDT,development,2385,4,0.5,0.9601050273716282,2.920210054743256,-0.9999999999999996
BTCUSDT,development,2386,4,0.75,1.9266665822535058,8.70666632901402,-1.0000000000000004
ETHUSDT,development,2386,4,0.5,0.9609475451009188,2.9218950902018386,-1.0
BTCUSDT,development,2387,4,0.75,1.9307993436594875,8.72319737463794,-1.0000000000000013
ETHUSDT,development,2387,4,0.5,0.9622752757862039,2.924550551572408,-0.9999999999999991
BTCUSDT,development,2388,18,0.3333333333333333,0.2949562136372111,1.442434320455817,-6.186986210946856
ETHUSDT,development,2388,17,0.29411764705882354,0.14861001108753663,1.2105308490406772,-6.0
BTCUSDT,development,2389,18,0.3333333333333333,0.2964319399118683,1.4446479098678027,-6.177655048175092
ETHUSDT,development,2389,17,0.29411764705882354,0.1493293558511863,1.211549920789181,-5.9999999999999964
BTCUSDT,development,2390,18,0.3333333333333333,0.29862359440104336,1.4479353916015654,-6.164013764785999
ETHUSDT,development,2390,17,0.29411764705882354,0.1504473096581452,1.2131336886823727,-5.999999999999999
BTCUSDT,development,2391,10,0.4,0.5586976640656516,1.9311627734427523,-3.0000000000000013
ETHUSDT,development,2391,8,0.25,-0.019947486314185414,0.973403351581086,-2.999999999999999
BTCUSDT,development,2392,10,0.4,0.5601699360110238,1.9336165600183735,-2.999999999999998
ETHUSDT,development,2392,8,0.25,-0.019526227449540162,0.9739650300672797,-2.9999999999999973
BTCUSDT,development,2393,10,0.4,0.5623692243752529,1.9372820406254219,-2.9999999999999987
ETHUSDT,development,2393,8,0.25,-0.018862362106897956,0.9748501838574694,-3.0000000000000004
BTCUSDT,development,2394,5,0.6,1.3418954844597437,4.354738711149356,-1.0000000000000002
ETHUSDT,development,2394,6,0.3333333333333333,0.3067366849144188,1.460105027371628,-2.0
BTCUSDT,development,2395,5,0.6,1.3440368797770315,4.360092199442585,-0.999999999999996
ETHUSDT,development,2395,6,0.3333333333333333,0.3072983634006128,1.4609475451009195,-1.9999999999999987
BTCUSDT,development,2396,5,0.6,1.347207828276581,4.368019570691455,-0.9999999999999962
ETHUSDT,development,2396,6,0.3333333333333333,0.3081835171908025,1.4622752757862039,-2.000000000000001
BTCUSDT,development,2397,2,1.0,2.8799029924207673,inf,0.0
ETHUSDT,development,2397,4,0.5,0.9601050273716282,2.920210054743256,-0.9999999999999996
BTCUSDT,development,2398,2,1.0,2.8849325665619188,inf,0.0
ETHUSDT,development,2398,4,0.5,0.9609475451009188,2.9218950902018386,-1.0
BTCUSDT,development,2399,2,1.0,2.892338222436114,inf,0.0
ETHUSDT,development,2399,4,0.5,0.9622752757862039,2.924550551572408,-0.9999999999999991
BTCUSDT,development,2400,15,0.3333333333333333,0.2954475084741338,1.443171262711201,-5.999999999999998
ETHUSDT,development,2400,14,0.35714285714285715,0.3947407277491517,1.6140411320542365,-3.999999999999999
BTCUSDT,development,2401,15,0.3333333333333333,0.29695066381256974,1.4454259957188547,-5.9999999999999964
ETHUSDT,development,2401,14,0.35714285714285715,0.3956142178192977,1.6153998943855743,-3.999999999999997
BTCUSDT,development,2402,15,0.3333333333333333,0.29917143978994365,1.4487571596849156,-6.0
ETHUSDT,development,2402,14,0.35714285714285715,0.396971733156319,1.6175115849098298,-3.999999999999999
BTCUSDT,development,2403,8,0.375,0.4636846777873401,1.741895484459744,-1.999999999999999
ETHUSDT,development,2403,7,0.2857142857142857,0.12006001564093095,1.1680840218973032,-1.9999999999999996
BTCUSDT,development,2404,8,0.375,0.4650230498606445,1.7440368797770318,-1.999999999999997
ETHUSDT,development,2404,7,0.2857142857142857,0.12054145434338263,1.1687580360807357,-1.9999999999999987
BTCUSDT,development,2405,8,0.375,0.4670048926728629,1.7472078282765806,-1.9999999999999976
ETHUSDT,development,2405,7,0.2857142857142857,0.12130015759211664,1.1698202206289634,-2.0
BTCUSDT,development,2406,5,0.6,1.3418954844597437,4.354738711149356,-1.0000000000000002
ETHUSDT,development,2406,5,0.4,0.5680840218973024,1.9468067031621705,-1.0000000000000004
BTCUSDT,development,2407,5,0.6,1.3440368797770315,4.360092199442585,-0.999999999999996
ETHUSDT,development,2407,5,0.4,0.568758036080735,1.9479300601345588,-1.0
BTCUSDT,development,2408,5,0.6,1.347207828276581,4.368019570691455,-0.9999999999999962
ETHUSDT,development,2408,5,0.4,0.5698202206289631,1.9497003677149385,-1.0000000000000004
BTCUSDT,development,2409,2,1.0,2.8799029924207673,inf,0.0
ETHUSDT,development,2409,4,0.5,0.9601050273716282,2.920210054743256,-0.9999999999999996
BTCUSDT,development,2410,2,1.0,2.8849325665619188,inf,0.0
ETHUSDT,development,2410,4,0.5,0.9609475451009188,2.9218950902018386,-1.0
BTCUSDT,development,2411,2,1.0,2.892338222436114,inf,0.0
ETHUSDT,development,2411,4,0.5,0.9622752757862039,2.924550551572408,-0.9999999999999991
BTCUSDT,development,2412,26,0.4230769230769231,0.6284422447224451,2.0892998908522373,-4.9999999999999964
ETHUSDT,development,2412,15,0.26666666666666666,0.04200034008159014,1.0572731910203503,-5.082280440489889
BTCUSDT,development,2413,26,0.4230769230769231,0.6326788335138869,2.09664331142407,-4.999999999999992
ETHUSDT,development,2413,15,0.26666666666666666,0.04262452940533512,1.0581243582800024,-5.080487845636277
BTCUSDT,development,2414,26,0.4230769230769231,0.6382368817876061,2.1062772617651846,-4.9999999999999964
ETHUSDT,development,2414,15,0.26666666666666666,0.04359554655798364,1.0594484725790685,-5.077667679980932
BTCUSDT,development,2415,14,0.42857142857142855,0.6769336314855776,2.184633855099761,-4.000000000000002
ETHUSDT,development,2415,7,0.2857142857142857,0.12006001564093058,1.1680840218973028,-1.9999999999999987
BTCUSDT,development,2416,14,0.42857142857142855,0.6780514770471068,2.1865900848324373,-3.9999999999999987
ETHUSDT,development,2416,7,0.2857142857142857,0.12054145434338268,1.168758036080736,-1.9999999999999976
BTCUSDT,development,2417,14,0.42857142857142855,0.6797389555382305,2.1895431721919043,-4.0
ETHUSDT,development,2417,7,0.2857142857142857,0.12130015759211644,1.1698202206289632,-2.0
BTCUSDT,development,2418,9,0.4444444444444444,0.7387744946131498,2.329794090303669,-3.0000000000000027
ETHUSDT,development,2418,5,0.4,0.5680840218973027,1.946806703162171,-0.9999999999999997
BTCUSDT,development,2419,9,0.4444444444444444,0.7400699066589641,2.332125831986136,-2.9999999999999973
ETHUSDT,development,2419,5,0.4,0.5687580360807354,1.9479300601345595,-1.0
BTCUSDT,development,2420,9,0.4444444444444444,0.7420005875729974,2.3356010576313966,-2.9999999999999987
ETHUSDT,development,2420,5,0.4,0.5698202206289631,1.9497003677149385,-1.0000000000000004
BTCUSDT,development,2421,3,1.0,2.8985094569188763,inf,0.0
ETHUSDT,development,2421,4,0.5,0.9601050273716282,2.920210054743256,-0.9999999999999996
BTCUSDT,development,2422,3,1.0,2.902222109671341,inf,0.0
ETHUSDT,development,2422,4,0.5,0.9609475451009188,2.9218950902018386,-1.0
BTCUSDT,development,2423,3,1.0,2.9077324582126507,inf,0.0
ETHUSDT,development,2423,4,0.5,0.9622752757862039,2.924550551572408,-0.9999999999999991
BTCUSDT,development,2424,15,0.4,0.5539474563646534,1.923245760607756,-4.186986210946856
ETHUSDT,development,2424,12,0.3333333333333333,0.30250042510198777,1.453750637652982,-4.082280440489889
BTCUSDT,development,2425,15,0.4,0.555718327894242,1.9261972131570704,-4.177655048175092
ETHUSDT,development,2425,12,0.3333333333333333,0.303280661756669,1.454920992635004,-4.080487845636278
BTCUSDT,development,2426,15,0.4,0.5583483132812522,1.930580522135421,-4.164013764785993
ETHUSDT,development,2426,12,0.3333333333333333,0.3044944331974795,1.4567416497962193,-4.077667679980933
BTCUSDT,development,2427,9,0.4444444444444444,0.7318862934062794,2.3173953281313024,-3.0000000000000013
ETHUSDT,development,2427,6,0.3333333333333333,0.306736684914419,1.4601050273716285,-1.9999999999999987
BTCUSDT,development,2428,9,0.4444444444444444,0.7335221511233596,2.3203398720220476,-2.999999999999998
ETHUSDT,development,2428,6,0.3333333333333333,0.307298363400613,1.46094754510092,-1.9999999999999976
BTCUSDT,development,2429,9,0.4444444444444444,0.735965804861392,2.324738448750506,-2.9999999999999987
ETHUSDT,development,2429,6,0.3333333333333333,0.30818351719080256,1.4622752757862039,-2.0
BTCUSDT,development,2430,5,0.6,1.3418954844597437,4.354738711149356,-1.0000000000000002
ETHUSDT,development,2430,5,0.4,0.5680840218973027,1.946806703162171,-0.9999999999999997
BTCUSDT,development,2431,5,0.6,1.3440368797770315,4.360092199442585,-0.999999999999996
ETHUSDT,development,2431,5,0.4,0.5687580360807354,1.9479300601345595,-1.0
BTCUSDT,development,2432,5,0.6,1.347207828276581,4.368019570691455,-0.9999999999999962
ETHUSDT,development,2432,5,0.4,0.5698202206289631,1.9497003677149385,-1.0000000000000004
BTCUSDT,development,2433,2,1.0,2.8799029924207673,inf,0.0
ETHUSDT,development,2433,4,0.5,0.9601050273716282,2.920210054743256,-0.9999999999999996
BTCUSDT,development,2434,2,1.0,2.8849325665619188,inf,0.0
ETHUSDT,development,2434,4,0.5,0.9609475451009188,2.9218950902018386,-1.0
BTCUSDT,development,2435,2,1.0,2.892338222436114,inf,0.0
ETHUSDT,development,2435,4,0.5,0.9622752757862039,2.924550551572408,-0.9999999999999991
BTCUSDT,development,2436,12,0.4166666666666667,0.6193093855926672,2.0616732324445723,-3.9999999999999973
ETHUSDT,development,2436,11,0.36363636363636365,0.420909554656714,1.6614293001748368,-3.0822804404898894
BTCUSDT,development,2437,12,0.4166666666666667,0.6211883297657123,2.0648942795983647,-3.999999999999995
ETHUSDT,development,2437,11,0.36363636363636365,0.4217607219163661,1.6627668487257188,-3.0804878456362794
BTCUSDT,development,2438,12,0.4166666666666667,0.6239642997374298,2.0696530852641657,-3.9999999999999956
ETHUSDT,development,2438,11,0.36363636363636365,0.4230848362154322,1.664847599767108,-3.077667679980932
BTCUSDT,development,2439,7,0.42857142857142855,0.6727824888998172,2.1773693555746796,-1.999999999999999
ETHUSDT,development,2439,5,0.4,0.5680840218973028,1.9468067031621716,-0.9999999999999991
BTCUSDT,development,2440,7,0.42857142857142855,0.6743120569835936,2.1800460997212894,-1.999999999999997
ETHUSDT,development,2440,5,0.4,0.5687580360807355,1.9479300601345602,-0.9999999999999991
BTCUSDT,development,2441,7,0.42857142857142855,0.6765770201975575,2.1840097853457254,-1.9999999999999976
ETHUSDT,development,2441,5,0.4,0.5698202206289633,1.9497003677149392,-0.9999999999999998
BTCUSDT,development,2442,5,0.6,1.3418954844597437,4.354738711149356,-1.0000000000000002
ETHUSDT,development,2442,4,0.5,0.9601050273716282,2.920210054743256,-0.9999999999999996
BTCUSDT,development,2443,5,0.6,1.3440368797770315,4.360092199442585,-0.999999999999996
ETHUSDT,development,2443,4,0.5,0.9609475451009188,2.9218950902018386,-1.0
BTCUSDT,development,2444,5,0.6,1.347207828276581,4.368019570691455,-0.9999999999999962
ETHUSDT,development,2444,4,0.5,0.9622752757862039,2.924550551572408,-0.9999999999999991
BTCUSDT,development,2445,2,1.0,2.8799029924207673,inf,0.0
ETHUSDT,development,2445,4,0.5,0.9601050273716282,2.920210054743256,-0.9999999999999996
BTCUSDT,development,2446,2,1.0,2.8849325665619188,inf,0.0
ETHUSDT,development,2446,4,0.5,0.9609475451009188,2.9218950902018386,-1.0
BTCUSDT,development,2447,2,1.0,2.892338222436114,inf,0.0
ETHUSDT,development,2447,4,0.5,0.9622752757862039,2.924550551572408,-0.9999999999999991
BTCUSDT,development,2448,10,0.5,0.9551469147626271,2.9102938295252527,-3.0000000000000013
ETHUSDT,development,2448,9,0.3333333333333333,0.30251838809966203,1.4537775821494932,-2.999999999999999
BTCUSDT,development,2449,10,0.5,0.9565660606151087,2.913132121230219,-2.999999999999998
ETHUSDT,development,2449,9,0.3333333333333333,0.3033049396354797,1.4549574094532198,-2.999999999999997
BTCUSDT,development,2450,10,0.5,0.9586977709209122,2.917395541841825,-2.9999999999999987
ETHUSDT,development,2450,9,0.3333333333333333,0.3045270634353288,1.4567905951529934,-3.0
BTCUSDT,development,2451,10,0.5,0.9551469147626271,2.9102938295252527,-3.0000000000000013
ETHUSDT,development,2451,7,0.2857142857142857,0.12006001564093052,1.1680840218973028,-1.9999999999999987
BTCUSDT,development,2452,10,0.5,0.9565660606151087,2.913132121230219,-2.999999999999998
ETHUSDT,development,2452,7,0.2857142857142857,0.12054145434338256,1.1687580360807357,-1.9999999999999976
BTCUSDT,development,2453,10,0.5,0.9586977709209122,2.917395541841825,-2.9999999999999987
ETHUSDT,development,2453,7,0.2857142857142857,0.12130015759211646,1.1698202206289632,-2.0
BTCUSDT,development,2454,7,0.5714285714285714,1.2355672073597639,3.882990150506111,-2.000000000000002
ETHUSDT,development,2454,5,0.4,0.5680840218973027,1.946806703162171,-0.9999999999999997
BTCUSDT,development,2455,7,0.5714285714285714,1.2372327371329537,3.8868763866435594,-1.999999999999997
ETHUSDT,development,2455,5,0.4,0.5687580360807354,1.9479300601345595,-1.0
BTCUSDT,development,2456,7,0.5714285714285714,1.2397150411652818,3.89266842938566,-1.9999999999999978
ETHUSDT,development,2456,5,0.4,0.5698202206289631,1.9497003677149385,-1.0000000000000004
BTCUSDT,development,2457,3,1.0,2.8985094569188763,inf,0.0
ETHUSDT,development,2457,4,0.5,0.9601050273716282,2.920210054743256,-0.9999999999999996
BTCUSDT,development,2458,3,1.0,2.902222109671341,inf,0.0
ETHUSDT,development,2458,4,0.5,0.9609475451009188,2.9218950902018386,-1.0
BTCUSDT,development,2459,3,1.0,2.9077324582126507,inf,0.0
ETHUSDT,development,2459,4,0.5,0.9622752757862039,2.924550551572408,-0.9999999999999991
BTCUSDT,development,2460,8,0.5,0.9483720800820643,2.896744160164128,-3.0000000000000013
ETHUSDT,development,2460,7,0.42857142857142855,0.67466649898528,2.1806663732242404,-1.9999999999999987
BTCUSDT,development,2461,8,0.5,0.9502124200137799,2.900424840027561,-2.999999999999998
ETHUSDT,development,2461,7,0.42857142857142855,0.675677779531331,2.18243611417983,-1.9999999999999973
BTCUSDT,development,2462,8,0.5,0.9529615304690661,2.9059230609381332,-2.9999999999999987
ETHUSDT,development,2462,7,0.42857142857142855,0.6772490815597086,2.18518589272949,-2.0
BTCUSDT,development,2463,8,0.5,0.9483720800820643,2.896744160164128,-3.0000000000000013
ETHUSDT,development,2463,6,0.3333333333333333,0.306736684914419,1.4601050273716285,-1.9999999999999987
BTCUSDT,development,2464,8,0.5,0.9502124200137799,2.900424840027561,-2.999999999999998
ETHUSDT,development,2464,6,0.3333333333333333,0.307298363400613,1.46094754510092,-1.9999999999999976
BTCUSDT,development,2465,8,0.5,0.9529615304690661,2.9059230609381332,-2.9999999999999987
ETHUSDT,development,2465,6,0.3333333333333333,0.30818351719080256,1.4622752757862039,-2.0
BTCUSDT,development,2466,5,0.6,1.3418954844597437,4.354738711149356,-1.0000000000000002
ETHUSDT,development,2466,5,0.4,0.5680840218973027,1.946806703162171,-0.9999999999999997
BTCUSDT,development,2467,5,0.6,1.3440368797770315,4.360092199442585,-0.999999999999996
ETHUSDT,development,2467,5,0.4,0.5687580360807354,1.9479300601345595,-1.0
BTCUSDT,development,2468,5,0.6,1.347207828276581,4.368019570691455,-0.9999999999999962
ETHUSDT,development,2468,5,0.4,0.5698202206289631,1.9497003677149385,-1.0000000000000004
BTCUSDT,development,2469,2,1.0,2.8799029924207673,inf,0.0
ETHUSDT,development,2469,4,0.5,0.9601050273716282,2.920210054743256,-0.9999999999999996
BTCUSDT,development,2470,2,1.0,2.8849325665619188,inf,0.0
ETHUSDT,development,2470,4,0.5,0.9609475451009188,2.9218950902018386,-1.0
BTCUSDT,development,2471,2,1.0,2.892338222436114,inf,0.0
ETHUSDT,development,2471,4,0.5,0.9622752757862039,2.924550551572408,-0.9999999999999991
BTCUSDT,development,2472,6,0.5,0.95157957038312,2.903159140766239,-1.999999999999999
ETHUSDT,development,2472,6,0.5,0.9537775821494932,2.9075551642989867,-1.0000000000000004
BTCUSDT,development,2473,6,0.5,0.9533640664808596,2.906728132961721,-1.999999999999997
ETHUSDT,development,2473,6,0.5,0.9549574094532193,2.90991481890644,-1.0
BTCUSDT,development,2474,6,0.5,0.9560065235638172,2.9120130471276346,-1.9999999999999976
ETHUSDT,development,2474,6,0.5,0.9567905951529934,2.9135811903059876,-1.0000000000000004
BTCUSDT,development,2475,6,0.5,0.95157957038312,2.903159140766239,-1.999999999999999
ETHUSDT,development,2475,5,0.4,0.5680840218973027,1.9468067031621714,-0.9999999999999996
BTCUSDT,development,2476,6,0.5,0.9533640664808596,2.906728132961721,-1.999999999999997
ETHUSDT,development,2476,5,0.4,0.5687580360807354,1.9479300601345595,-1.0
BTCUSDT,development,2477,6,0.5,0.9560065235638172,2.9120130471276346,-1.9999999999999976
ETHUSDT,development,2477,5,0.4,0.5698202206289633,1.9497003677149392,-0.9999999999999998
BTCUSDT,development,2478,5,0.6,1.3418954844597437,4.354738711149356,-1.0000000000000002
ETHUSDT,development,2478,4,0.5,0.9601050273716282,2.920210054743256,-0.9999999999999996
BTCUSDT,development,2479,5,0.6,1.3440368797770315,4.360092199442585,-0.999999999999996
ETHUSDT,development,2479,4,0.5,0.9609475451009188,2.9218950902018386,-1.0
BTCUSDT,development,2480,5,0.6,1.347207828276581,4.368019570691455,-0.9999999999999962
ETHUSDT,development,2480,4,0.5,0.9622752757862039,2.924550551572408,-0.9999999999999991
BTCUSDT,development,2481,2,1.0,2.8799029924207673,inf,0.0
ETHUSDT,development,2481,4,0.5,0.9601050273716282,2.920210054743256,-0.9999999999999996
BTCUSDT,development,2482,2,1.0,2.8849325665619188,inf,0.0
ETHUSDT,development,2482,4,0.5,0.9609475451009188,2.9218950902018386,-1.0
BTCUSDT,development,2483,2,1.0,2.892338222436114,inf,0.0
ETHUSDT,development,2483,4,0.5,0.9622752757862039,2.924550551572408,-0.9999999999999991
BTCUSDT,development,2484,37,0.35135135135135137,0.3515902533516767,1.5420349739171684,-4.999999999999988
ETHUSDT,development,2484,25,0.24,-0.06571972761907743,0.9135266741854245,-8.0
BTCUSDT,development,2485,37,0.35135135135135137,0.3549739182297191,1.5472514572708167,-4.999999999999992
ETHUSDT,development,2485,25,0.24,-0.06493331349166345,0.9145614296162321,-7.999999999999997
BTCUSDT,development,2486,36,0.3611111111111111,0.39724157512869507,1.6217694219405663,-4.9999999999999964
ETHUSDT,development,2486,25,0.24,-0.06373122223748243,0.9161431286348916,-7.9999999999999964
BTCUSDT,development,2487,17,0.35294117647058826,0.38100416710576956,1.5888246218907347,-4.000000000000002
ETHUSDT,development,2487,9,0.2222222222222222,-0.12884221005705368,0.8343457299266451,-2.999999999999999
BTCUSDT,development,2488,17,0.35294117647058826,0.3819247458034997,1.5902473344235908,-3.9999999999999982
ETHUSDT,development,2488,9,0.2222222222222222,-0.12846775773292446,0.8348271686290969,-2.9999999999999973
BTCUSDT,development,2489,17,0.35294117647058826,0.3833144339726604,1.5923950343213849,-4.0
ETHUSDT,development,2489,9,0.2222222222222222,-0.12787765520613162,0.8355858718778308,-3.000000000000001
BTCUSDT,development,2490,9,0.4444444444444444,0.7387744946131498,2.329794090303669,-3.0000000000000027
ETHUSDT,development,2490,6,0.3333333333333333,0.3067366849144188,1.460105027371628,-2.0
BTCUSDT,development,2491,9,0.4444444444444444,0.7400699066589641,2.332125831986136,-2.9999999999999973
ETHUSDT,development,2491,6,0.3333333333333333,0.3072983634006128,1.4609475451009195,-1.9999999999999987
BTCUSDT,development,2492,9,0.4444444444444444,0.7420005875729974,2.335601057631396,-2.999999999999999
ETHUSDT,development,2492,6,0.3333333333333333,0.3081835171908025,1.4622752757862039,-2.000000000000001
BTCUSDT,development,2493,4,0.75,1.923882092689157,8.695528370756623,-1.0000000000000007
ETHUSDT,development,2493,4,0.5,0.9601050273716282,2.920210054743256,-0.9999999999999996
BTCUSDT,development,2494,4,0.75,1.9266665822535058,8.70666632901402,-1.0000000000000004
ETHUSDT,development,2494,4,0.5,0.9609475451009188,2.9218950902018386,-1.0
BTCUSDT,development,2495,4,0.75,1.9307993436594875,8.72319737463794,-1.0000000000000013
ETHUSDT,development,2495,4,0.5,0.9622752757862039,2.924550551572408,-0.9999999999999991
BTCUSDT,development,2496,19,0.3684210526315789,0.4294088705369633,1.6798973783501927,-5.186986210946847
ETHUSDT,development,2496,17,0.29411764705882354,0.14381748330091487,1.2037414346762962,-7.999999999999998
BTCUSDT,development,2497,19,0.3684210526315789,0.43112583186146347,1.6826159004473176,-5.177655048175087
ETHUSDT,development,2497,17,0.29411764705882354,0.14485333232527256,1.205208887460803,-7.9999999999999964
BTCUSDT,development,2498,19,0.3684210526315789,0.4336801502397016,1.686660237879528,-5.164013764785993
ETHUSDT,development,2498,17,0.29411764705882354,0.14643208655647544,1.207445455955007,-7.999999999999998
BTCUSDT,development,2499,10,0.4,0.5586976640656516,1.9311627734427523,-3.0000000000000013
ETHUSDT,development,2499,8,0.25,-0.019947486314185414,0.973403351581086,-2.999999999999999
BTCUSDT,development,2500,10,0.4,0.5601699360110238,1.9336165600183735,-2.999999999999998
ETHUSDT,development,2500,8,0.25,-0.019526227449540162,0.9739650300672797,-2.9999999999999973
BTCUSDT,development,2501,10,0.4,0.5623692243752529,1.9372820406254219,-2.9999999999999987
ETHUSDT,development,2501,8,0.25,-0.018862362106897956,0.9748501838574694,-3.0000000000000004
BTCUSDT,development,2502,5,0.6,1.3418954844597437,4.354738711149356,-1.0000000000000002
ETHUSDT,development,2502,6,0.3333333333333333,0.3067366849144188,1.460105027371628,-2.0
BTCUSDT,development,2503,5,0.6,1.3440368797770315,4.360092199442585,-0.999999999999996
ETHUSDT,development,2503,6,0.3333333333333333,0.3072983634006128,1.4609475451009195,-1.9999999999999987
BTCUSDT,development,2504,5,0.6,1.347207828276581,4.368019570691455,-0.9999999999999962
ETHUSDT,development,2504,6,0.3333333333333333,0.3081835171908025,1.4622752757862039,-2.000000000000001
BTCUSDT,development,2505,2,1.0,2.8799029924207673,inf,0.0
ETHUSDT,development,2505,4,0.5,0.9601050273716282,2.920210054743256,-0.9999999999999996
BTCUSDT,development,2506,2,1.0,2.8849325665619188,inf,0.0
ETHUSDT,development,2506,4,0.5,0.9609475451009188,2.9218950902018386,-1.0
BTCUSDT,development,2507,2,1.0,2.892338222436114,inf,0.0
ETHUSDT,development,2507,4,0.5,0.9622752757862039,2.924550551572408,-0.9999999999999991
BTCUSDT,development,2508,16,0.375,0.4550793326152818,1.7281269321844517,-4.9999999999999885
ETHUSDT,development,2508,12,0.4166666666666667,0.6204081013429626,2.0635567451593655,-3.999999999999999
BTCUSDT,development,2509,16,0.375,0.4568672402589201,1.7309875844142726,-4.999999999999992
ETHUSDT,development,2509,12,0.4166666666666667,0.6218755541274693,2.066072378504234,-3.9999999999999964
BTCUSDT,development,2510,16,0.375,0.4595168595115441,1.7352269752184704,-4.9999999999999964
ETHUSDT,development,2510,12,0.4166666666666667,0.6241121226216734,2.0699064959228695,-3.9999999999999982
BTCUSDT,development,2511,8,0.375,0.4636846777873401,1.741895484459744,-1.999999999999999
ETHUSDT,development,2511,7,0.2857142857142857,0.12006001564093095,1.1680840218973032,-1.9999999999999996
BTCUSDT,development,2512,8,0.375,0.4650230498606445,1.7440368797770318,-1.999999999999997
ETHUSDT,development,2512,7,0.2857142857142857,0.12054145434338263,1.1687580360807357,-1.9999999999999987
BTCUSDT,development,2513,8,0.375,0.4670048926728629,1.7472078282765806,-1.9999999999999976
ETHUSDT,development,2513,7,0.2857142857142857,0.12130015759211664,1.1698202206289634,-2.0
BTCUSDT,development,2514,5,0.6,1.3418954844597437,4.354738711149356,-1.0000000000000002
ETHUSDT,development,2514,5,0.4,0.5680840218973024,1.9468067031621705,-1.0000000000000004
BTCUSDT,development,2515,5,0.6,1.3440368797770315,4.360092199442585,-0.999999999999996
ETHUSDT,development,2515,5,0.4,0.568758036080735,1.9479300601345588,-1.0
BTCUSDT,development,2516,5,0.6,1.347207828276581,4.368019570691455,-0.9999999999999962
ETHUSDT,development,2516,5,0.4,0.5698202206289631,1.9497003677149385,-1.0000000000000004
BTCUSDT,development,2517,2,1.0,2.8799029924207673,inf,0.0
ETHUSDT,development,2517,4,0.5,0.9601050273716282,2.920210054743256,-0.9999999999999996
BTCUSDT,development,2518,2,1.0,2.8849325665619188,inf,0.0
ETHUSDT,development,2518,4,0.5,0.9609475451009188,2.9218950902018386,-1.0
BTCUSDT,development,2519,2,1.0,2.892338222436114,inf,0.0
ETHUSDT,development,2519,4,0.5,0.9622752757862039,2.924550551572408,-0.9999999999999991
BTCUSDT,development,2520,29,0.41379310344827586,0.5927260364660719,2.011120885736241,-3.0000000000000036
ETHUSDT,development,2520,17,0.23529411764705882,-0.08058793522212626,0.8946157770172194,-7.082280440489888
BTCUSDT,development,2521,29,0.41379310344827586,0.596733295114318,2.0179567975479538,-3.0000000000000213
ETHUSDT,development,2521,17,0.23529411764705882,-0.08003717993646904,0.8953359954676943,-7.080487845636277
BTCUSDT,development,2522,28,0.42857142857142855,0.6592448957790468,2.153678567613333,-2.9999999999999982
ETHUSDT,development,2522,17,0.23529411764705882,-0.07918040009589676,0.8964563998745965,-7.077667679980932
BTCUSDT,development,2523,15,0.4,0.5651380560532056,1.9418967600886756,-4.000000000000002
ETHUSDT,development,2523,7,0.2857142857142857,0.12006001564093058,1.1680840218973028,-1.9999999999999987
BTCUSDT,development,2524,15,0.4,0.5661813785772997,1.9436356309621665,-3.9999999999999982
ETHUSDT,development,2524,7,0.2857142857142857,0.12054145434338268,1.168758036080736,-1.9999999999999976
BTCUSDT,development,2525,15,0.4,0.5677563585023486,1.946260597503915,-3.999999999999999
ETHUSDT,development,2525,7,0.2857142857142857,0.12130015759211644,1.1698202206289632,-2.0
BTCUSDT,development,2526,9,0.4444444444444444,0.7387744946131498,2.329794090303669,-3.0000000000000027
ETHUSDT,development,2526,5,0.4,0.5680840218973027,1.946806703162171,-0.9999999999999997
BTCUSDT,development,2527,9,0.4444444444444444,0.7400699066589641,2.332125831986136,-2.9999999999999973
ETHUSDT,development,2527,5,0.4,0.5687580360807354,1.9479300601345595,-1.0
BTCUSDT,development,2528,9,0.4444444444444444,0.7420005875729974,2.3356010576313966,-2.9999999999999987
ETHUSDT,development,2528,5,0.4,0.5698202206289631,1.9497003677149385,-1.0000000000000004
BTCUSDT,development,2529,3,1.0,2.8985094569188763,inf,0.0
ETHUSDT,development,2529,4,0.5,0.9601050273716282,2.920210054743256,-0.9999999999999996
BTCUSDT,development,2530,3,1.0,2.902222109671341,inf,0.0
ETHUSDT,development,2530,4,0.5,0.9609475451009188,2.9218950902018386,-1.0
BTCUSDT,development,2531,3,1.0,2.9077324582126507,inf,0.0
ETHUSDT,development,2531,4,0.5,0.9622752757862039,2.924550551572408,-0.9999999999999991
BTCUSDT,development,2532,16,0.4375,0.6974230337626434,2.239863171133589,-3.186986210946854
ETHUSDT,development,2532,14,0.2857142857142857,0.11642893580170391,1.1630005101223857,-6.082280440489887
BTCUSDT,development,2533,16,0.4375,0.6994619253354877,2.24348786726309,-3.1776550481750885
ETHUSDT,development,2533,14,0.2857142857142857,0.1170977100771448,1.163936794108003,-6.080487845636278
BTCUSDT,development,2534,16,0.4375,0.7024951784096458,2.2488803171727043,-3.1640137647859916
ETHUSDT,development,2534,14,0.2857142857142857,0.11813808559783963,1.1653933198369752,-6.077667679980931
BTCUSDT,development,2535,9,0.4444444444444444,0.7318862934062794,2.3173953281313024,-3.0000000000000013
ETHUSDT,development,2535,6,0.3333333333333333,0.306736684914419,1.4601050273716285,-1.9999999999999987
BTCUSDT,development,2536,9,0.4444444444444444,0.7335221511233596,2.3203398720220476,-2.999999999999998
ETHUSDT,development,2536,6,0.3333333333333333,0.307298363400613,1.46094754510092,-1.9999999999999976
BTCUSDT,development,2537,9,0.4444444444444444,0.735965804861392,2.324738448750506,-2.9999999999999987
ETHUSDT,development,2537,6,0.3333333333333333,0.30818351719080256,1.4622752757862039,-2.0
BTCUSDT,development,2538,5,0.6,1.3418954844597437,4.354738711149356,-1.0000000000000002
ETHUSDT,development,2538,5,0.4,0.5680840218973027,1.946806703162171,-0.9999999999999997
BTCUSDT,development,2539,5,0.6,1.3440368797770315,4.360092199442585,-0.999999999999996
ETHUSDT,development,2539,5,0.4,0.5687580360807354,1.9479300601345595,-1.0
BTCUSDT,development,2540,5,0.6,1.347207828276581,4.368019570691455,-0.9999999999999962
ETHUSDT,development,2540,5,0.4,0.5698202206289631,1.9497003677149385,-1.0000000000000004
BTCUSDT,development,2541,2,1.0,2.8799029924207673,inf,0.0
ETHUSDT,development,2541,4,0.5,0.9601050273716282,2.920210054743256,-0.9999999999999996
BTCUSDT,development,2542,2,1.0,2.8849325665619188,inf,0.0
ETHUSDT,development,2542,4,0.5,0.9609475451009188,2.9218950902018386,-1.0
BTCUSDT,development,2543,2,1.0,2.892338222436114,inf,0.0
ETHUSDT,development,2543,4,0.5,0.9622752757862039,2.924550551572408,-0.9999999999999991
BTCUSDT,development,2544,13,0.46153846153846156,0.7908668709111153,2.4687527602635004,-2.9999999999999956
ETHUSDT,development,2544,11,0.36363636363636365,0.420909554656714,1.6614293001748368,-3.0822804404898894
BTCUSDT,development,2545,13,0.46153846153846156,0.7930673726263631,2.4728394063061034,-2.999999999999994
ETHUSDT,development,2545,11,0.36363636363636365,0.4217607219163661,1.6627668487257188,-3.0804878456362794
BTCUSDT,development,2546,13,0.46153846153846156,0.7963284424757467,2.47889567888353,-2.999999999999994
ETHUSDT,development,2546,11,0.36363636363636365,0.4230848362154322,1.664847599767108,-3.077667679980932
BTCUSDT,development,2547,7,0.42857142857142855,0.6727824888998172,2.1773693555746796,-1.999999999999999
ETHUSDT,development,2547,5,0.4,0.5680840218973028,1.9468067031621716,-0.9999999999999991
BTCUSDT,development,2548,7,0.42857142857142855,0.6743120569835936,2.1800460997212894,-1.999999999999997
ETHUSDT,development,2548,5,0.4,0.5687580360807355,1.9479300601345602,-0.9999999999999991
BTCUSDT,development,2549,7,0.42857142857142855,0.6765770201975575,2.1840097853457254,-1.9999999999999976
ETHUSDT,development,2549,5,0.4,0.5698202206289633,1.9497003677149392,-0.9999999999999998
BTCUSDT,development,2550,5,0.6,1.3418954844597437,4.354738711149356,-1.0000000000000002
ETHUSDT,development,2550,4,0.5,0.9601050273716282,2.920210054743256,-0.9999999999999996
BTCUSDT,development,2551,5,0.6,1.3440368797770315,4.360092199442585,-0.999999999999996
ETHUSDT,development,2551,4,0.5,0.9609475451009188,2.9218950902018386,-1.0
BTCUSDT,development,2552,5,0.6,1.347207828276581,4.368019570691455,-0.9999999999999962
ETHUSDT,development,2552,4,0.5,0.9622752757862039,2.924550551572408,-0.9999999999999991
BTCUSDT,development,2553,2,1.0,2.8799029924207673,inf,0.0
ETHUSDT,development,2553,4,0.5,0.9601050273716282,2.920210054743256,-0.9999999999999996
BTCUSDT,development,2554,2,1.0,2.8849325665619188,inf,0.0
ETHUSDT,development,2554,4,0.5,0.9609475451009188,2.9218950902018386,-1.0
BTCUSDT,development,2555,2,1.0,2.892338222436114,inf,0.0
ETHUSDT,development,2555,4,0.5,0.9622752757862039,2.924550551572408,-0.9999999999999991
BTCUSDT,development,2556,10,0.5,0.9551469147626271,2.9102938295252527,-3.0000000000000013
ETHUSDT,development,2556,9,0.3333333333333333,0.30251838809966203,1.4537775821494932,-2.999999999999999
BTCUSDT,development,2557,10,0.5,0.9565660606151087,2.913132121230219,-2.999999999999998
ETHUSDT,development,2557,9,0.3333333333333333,0.3033049396354797,1.4549574094532198,-2.999999999999997
BTCUSDT,development,2558,10,0.5,0.9586977709209122,2.917395541841825,-2.9999999999999987
ETHUSDT,development,2558,9,0.3333333333333333,0.3045270634353288,1.4567905951529934,-3.0
BTCUSDT,development,2559,10,0.5,0.9551469147626271,2.9102938295252527,-3.0000000000000013
ETHUSDT,development,2559,7,0.2857142857142857,0.12006001564093052,1.1680840218973028,-1.9999999999999987
BTCUSDT,development,2560,10,0.5,0.9565660606151087,2.913132121230219,-2.999999999999998
ETHUSDT,development,2560,7,0.2857142857142857,0.12054145434338256,1.1687580360807357,-1.9999999999999976
BTCUSDT,development,2561,10,0.5,0.9586977709209122,2.917395541841825,-2.9999999999999987
ETHUSDT,development,2561,7,0.2857142857142857,0.12130015759211646,1.1698202206289632,-2.0
BTCUSDT,development,2562,7,0.5714285714285714,1.2355672073597639,3.882990150506111,-2.000000000000002
ETHUSDT,development,2562,5,0.4,0.5680840218973027,1.946806703162171,-0.9999999999999997
BTCUSDT,development,2563,7,0.5714285714285714,1.2372327371329537,3.8868763866435594,-1.999999999999997
ETHUSDT,development,2563,5,0.4,0.5687580360807354,1.9479300601345595,-1.0
BTCUSDT,development,2564,7,0.5714285714285714,1.2397150411652818,3.89266842938566,-1.9999999999999978
ETHUSDT,development,2564,5,0.4,0.5698202206289631,1.9497003677149385,-1.0000000000000004
BTCUSDT,development,2565,3,1.0,2.8985094569188763,inf,0.0
ETHUSDT,development,2565,4,0.5,0.9601050273716282,2.920210054743256,-0.9999999999999996
BTCUSDT,development,2566,3,1.0,2.902222109671341,inf,0.0
ETHUSDT,development,2566,4,0.5,0.9609475451009188,2.9218950902018386,-1.0
BTCUSDT,development,2567,3,1.0,2.9077324582126507,inf,0.0
ETHUSDT,development,2567,4,0.5,0.9622752757862039,2.924550551572408,-0.9999999999999991
BTCUSDT,development,2568,8,0.5,0.9483720800820643,2.896744160164128,-3.0000000000000013
ETHUSDT,development,2568,7,0.42857142857142855,0.67466649898528,2.1806663732242404,-1.9999999999999987
BTCUSDT,development,2569,8,0.5,0.9502124200137799,2.900424840027561,-2.999999999999998
ETHUSDT,development,2569,7,0.42857142857142855,0.675677779531331,2.18243611417983,-1.9999999999999973
BTCUSDT,development,2570,8,0.5,0.9529615304690661,2.9059230609381332,-2.9999999999999987
ETHUSDT,development,2570,7,0.42857142857142855,0.6772490815597086,2.18518589272949,-2.0
BTCUSDT,development,2571,8,0.5,0.9483720800820643,2.896744160164128,-3.0000000000000013
ETHUSDT,development,2571,6,0.3333333333333333,0.306736684914419,1.4601050273716285,-1.9999999999999987
BTCUSDT,development,2572,8,0.5,0.9502124200137799,2.900424840027561,-2.999999999999998
ETHUSDT,development,2572,6,0.3333333333333333,0.307298363400613,1.46094754510092,-1.9999999999999976
BTCUSDT,development,2573,8,0.5,0.9529615304690661,2.9059230609381332,-2.9999999999999987
ETHUSDT,development,2573,6,0.3333333333333333,0.30818351719080256,1.4622752757862039,-2.0
BTCUSDT,development,2574,5,0.6,1.3418954844597437,4.354738711149356,-1.0000000000000002
ETHUSDT,development,2574,5,0.4,0.5680840218973027,1.946806703162171,-0.9999999999999997
BTCUSDT,development,2575,5,0.6,1.3440368797770315,4.360092199442585,-0.999999999999996
ETHUSDT,development,2575,5,0.4,0.5687580360807354,1.9479300601345595,-1.0
BTCUSDT,development,2576,5,0.6,1.347207828276581,4.368019570691455,-0.9999999999999962
ETHUSDT,development,2576,5,0.4,0.5698202206289631,1.9497003677149385,-1.0000000000000004
BTCUSDT,development,2577,2,1.0,2.8799029924207673,inf,0.0
ETHUSDT,development,2577,4,0.5,0.9601050273716282,2.920210054743256,-0.9999999999999996
BTCUSDT,development,2578,2,1.0,2.8849325665619188,inf,0.0
ETHUSDT,development,2578,4,0.5,0.9609475451009188,2.9218950902018386,-1.0
BTCUSDT,development,2579,2,1.0,2.892338222436114,inf,0.0
ETHUSDT,development,2579,4,0.5,0.9622752757862039,2.924550551572408,-0.9999999999999991
BTCUSDT,development,2580,6,0.5,0.95157957038312,2.903159140766239,-1.999999999999999
ETHUSDT,development,2580,6,0.5,0.9537775821494932,2.9075551642989867,-1.0000000000000004
BTCUSDT,development,2581,6,0.5,0.9533640664808596,2.906728132961721,-1.999999999999997
ETHUSDT,development,2581,6,0.5,0.9549574094532193,2.90991481890644,-1.0
BTCUSDT,development,2582,6,0.5,0.9560065235638172,2.9120130471276346,-1.9999999999999976
ETHUSDT,development,2582,6,0.5,0.9567905951529934,2.9135811903059876,-1.0000000000000004
BTCUSDT,development,2583,6,0.5,0.95157957038312,2.903159140766239,-1.999999999999999
ETHUSDT,development,2583,5,0.4,0.5680840218973027,1.9468067031621714,-0.9999999999999996
BTCUSDT,development,2584,6,0.5,0.9533640664808596,2.906728132961721,-1.999999999999997
ETHUSDT,development,2584,5,0.4,0.5687580360807354,1.9479300601345595,-1.0
BTCUSDT,development,2585,6,0.5,0.9560065235638172,2.9120130471276346,-1.9999999999999976
ETHUSDT,development,2585,5,0.4,0.5698202206289633,1.9497003677149392,-0.9999999999999998
BTCUSDT,development,2586,5,0.6,1.3418954844597437,4.354738711149356,-1.0000000000000002
ETHUSDT,development,2586,4,0.5,0.9601050273716282,2.920210054743256,-0.9999999999999996
BTCUSDT,development,2587,5,0.6,1.3440368797770315,4.360092199442585,-0.999999999999996
ETHUSDT,development,2587,4,0.5,0.9609475451009188,2.9218950902018386,-1.0
BTCUSDT,development,2588,5,0.6,1.347207828276581,4.368019570691455,-0.9999999999999962
ETHUSDT,development,2588,4,0.5,0.9622752757862039,2.924550551572408,-0.9999999999999991
BTCUSDT,development,2589,2,1.0,2.8799029924207673,inf,0.0
ETHUSDT,development,2589,4,0.5,0.9601050273716282,2.920210054743256,-0.9999999999999996
BTCUSDT,development,2590,2,1.0,2.8849325665619188,inf,0.0
ETHUSDT,development,2590,4,0.5,0.9609475451009188,2.9218950902018386,-1.0
BTCUSDT,development,2591,2,1.0,2.892338222436114,inf,0.0
ETHUSDT,development,2591,4,0.5,0.9622752757862039,2.924550551572408,-0.9999999999999991
BTCUSDT,development,2592,6,0.0,-1.0000000000000002,0.0,-5.000000000000003
ETHUSDT,development,2592,7,0.5714285714285714,1.2234235609979278,3.8546549756618336,-1.9999999999999996
BTCUSDT,development,2593,6,0.0,-1.0000000000000004,0.0,-5.0000000000000036
ETHUSDT,development,2593,7,0.5714285714285714,1.2252792089169593,3.858984820806239,-1.9999999999999998
BTCUSDT,development,2594,6,0.0,-1.0000000000000002,0.0,-5.000000000000002
ETHUSDT,development,2594,7,0.5714285714285714,1.2281328590075609,3.86564333768431,-1.9999999999999993
BTCUSDT,development,2595,4,0.0,-0.9999999999999999,0.0,-3.0000000000000004
ETHUSDT,development,2595,5,0.4,0.5510980492627444,1.918496748771241,-1.9999999999999996
BTCUSDT,development,2596,4,0.0,-1.0000000000000002,0.0,-3.0000000000000018
ETHUSDT,development,2596,5,0.4,0.5527125681699593,1.921187613616599,-1.9999999999999998
BTCUSDT,development,2597,4,0.0,-1.0,0.0,-3.000000000000001
ETHUSDT,development,2597,5,0.4,0.5551769949262718,1.925294991543787,-1.9999999999999993
BTCUSDT,development,2598,1,0.0,-1.0000000000000022,0.0,0.0
ETHUSDT,development,2598,1,0.0,-0.9999999999999989,0.0,0.0
BTCUSDT,development,2599,1,0.0,-1.0000000000000013,0.0,0.0
ETHUSDT,development,2599,1,0.0,-0.9999999999999997,0.0,0.0
BTCUSDT,development,2600,1,0.0,-1.0,0.0,0.0
ETHUSDT,development,2600,1,0.0,-0.9999999999999989,0.0,0.0
BTCUSDT,development,2601,0,,,,0.0
ETHUSDT,development,2601,1,0.0,-0.9999999999999989,0.0,0.0
BTCUSDT,development,2602,0,,,,0.0
ETHUSDT,development,2602,1,0.0,-0.9999999999999997,0.0,0.0
BTCUSDT,development,2603,0,,,,0.0
ETHUSDT,development,2603,1,0.0,-0.9999999999999989,0.0,0.0
BTCUSDT,development,2604,3,0.0,-0.9999999999999991,0.0,-1.9999999999999982
ETHUSDT,development,2604,1,1.0,2.8963650872642677,inf,0.0
BTCUSDT,development,2605,3,0.0,-1.0,0.0,-2.000000000000001
ETHUSDT,development,2605,1,1.0,2.899231108390139,inf,0.0
BTCUSDT,development,2606,3,0.0,-1.0,0.0,-2.000000000000001
ETHUSDT,development,2606,1,1.0,2.9036710658187124,inf,0.0
BTCUSDT,development,2607,3,0.0,-0.9999999999999991,0.0,-1.9999999999999982
ETHUSDT,development,2607,0,,,,0.0
BTCUSDT,development,2608,3,0.0,-1.0,0.0,-2.000000000000001
ETHUSDT,development,2608,0,,,,0.0
BTCUSDT,development,2609,3,0.0,-1.0,0.0,-2.000000000000001
ETHUSDT,development,2609,0,,,,0.0
BTCUSDT,development,2610,0,,,,0.0
ETHUSDT,development,2610,0,,,,0.0
BTCUSDT,development,2611,0,,,,0.0
ETHUSDT,development,2611,0,,,,0.0
BTCUSDT,development,2612,0,,,,0.0
ETHUSDT,development,2612,0,,,,0.0
BTCUSDT,development,2613,0,,,,0.0
ETHUSDT,development,2613,0,,,,0.0
BTCUSDT,development,2614,0,,,,0.0
ETHUSDT,development,2614,0,,,,0.0
BTCUSDT,development,2615,0,,,,0.0
ETHUSDT,development,2615,0,,,,0.0
BTCUSDT,development,2616,2,0.0,-0.9999999999999991,0.0,-0.9999999999999991
ETHUSDT,development,2616,3,0.3333333333333333,0.2987883624214232,1.4481825436321354,-0.9999999999999991
BTCUSDT,development,2617,2,0.0,-1.0000000000000004,0.0,-1.0
ETHUSDT,development,2617,3,0.3333333333333333,0.2997437027967134,1.4496155541950704,-0.9999999999999991
BTCUSDT,development,2618,2,0.0,-1.0000000000000004,0.0,-1.0
ETHUSDT,development,2618,3,0.3333333333333333,0.3012236886062381,1.4518355329093575,-0.9999999999999992
BTCUSDT,development,2619,2,0.0,-0.9999999999999991,0.0,-0.9999999999999991
ETHUSDT,development,2619,2,0.0,-0.999999999999999,0.0,-0.9999999999999991
BTCUSDT,development,2620,2,0.0,-1.0000000000000004,0.0,-1.0
ETHUSDT,development,2620,2,0.0,-0.9999999999999993,0.0,-0.999999999999999
BTCUSDT,development,2621,2,0.0,-1.0000000000000004,0.0,-1.0
ETHUSDT,development,2621,2,0.0,-0.9999999999999991,0.0,-0.9999999999999993
BTCUSDT,development,2622,0,,,,0.0
ETHUSDT,development,2622,1,0.0,-0.9999999999999989,0.0,0.0
BTCUSDT,development,2623,0,,,,0.0
ETHUSDT,development,2623,1,0.0,-0.9999999999999997,0.0,0.0
BTCUSDT,development,2624,0,,,,0.0
ETHUSDT,development,2624,1,0.0,-0.9999999999999989,0.0,0.0
BTCUSDT,development,2625,0,,,,0.0
ETHUSDT,development,2625,1,0.0,-0.9999999999999989,0.0,0.0
BTCUSDT,development,2626,0,,,,0.0
ETHUSDT,development,2626,1,0.0,-0.9999999999999997,0.0,0.0
BTCUSDT,development,2627,0,,,,0.0
ETHUSDT,development,2627,1,0.0,-0.9999999999999989,0.0,0.0
BTCUSDT,development,2628,5,0.0,-1.0000000000000002,0.0,-4.000000000000002
ETHUSDT,development,2628,3,0.3333333333333333,0.2965358954301742,1.4448038431452614,-1.9999999999999998
BTCUSDT,development,2629,5,0.0,-1.0000000000000004,0.0,-4.0000000000000036
ETHUSDT,development,2629,3,0.3333333333333333,0.2976213237186403,1.4464319855779606,-1.9999999999999993
BTCUSDT,development,2630,5,0.0,-1.0000000000000004,0.0,-4.000000000000003
ETHUSDT,development,2630,3,0.3333333333333333,0.2992947397014278,1.4489421095521418,-1.9999999999999996
BTCUSDT,development,2631,4,0.0,-0.9999999999999999,0.0,-3.0000000000000004
ETHUSDT,development,2631,3,0.3333333333333333,0.2965358954301742,1.4448038431452614,-1.9999999999999998
BTCUSDT,development,2632,4,0.0,-1.0000000000000002,0.0,-3.0000000000000018
ETHUSDT,development,2632,3,0.3333333333333333,0.2976213237186403,1.4464319855779606,-1.9999999999999993
BTCUSDT,development,2633,4,0.0,-1.0,0.0,-3.000000000000001
ETHUSDT,development,2633,3,0.3333333333333333,0.2992947397014278,1.4489421095521418,-1.9999999999999996
BTCUSDT,development,2634,1,0.0,-1.0000000000000022,0.0,0.0
ETHUSDT,development,2634,0,,,,0.0
BTCUSDT,development,2635,1,0.0,-1.0000000000000013,0.0,0.0
ETHUSDT,development,2635,0,,,,0.0
BTCUSDT,development,2636,1,0.0,-1.0,0.0,0.0
ETHUSDT,development,2636,0,,,,0.0
BTCUSDT,development,2637,0,,,,0.0
ETHUSDT,development,2637,0,,,,0.0
BTCUSDT,development,2638,0,,,,0.0
ETHUSDT,development,2638,0,,,,0.0
BTCUSDT,development,2639,0,,,,0.0
ETHUSDT,development,2639,0,,,,0.0
BTCUSDT,development,2640,3,0.0,-0.9999999999999991,0.0,-1.9999999999999982
ETHUSDT,development,2640,0,,,,0.0
BTCUSDT,development,2641,3,0.0,-1.0,0.0,-2.000000000000001
ETHUSDT,development,2641,0,,,,0.0
BTCUSDT,development,2642,3,0.0,-1.0,0.0,-2.000000000000001
ETHUSDT,development,2642,0,,,,0.0
BTCUSDT,development,2643,3,0.0,-0.9999999999999991,0.0,-1.9999999999999982
ETHUSDT,development,2643,0,,,,0.0
BTCUSDT,development,2644,3,0.0,-1.0,0.0,-2.000000000000001
ETHUSDT,development,2644,0,,,,0.0
BTCUSDT,development,2645,3,0.0,-1.0,0.0,-2.000000000000001
ETHUSDT,development,2645,0,,,,0.0
BTCUSDT,development,2646,0,,,,0.0
ETHUSDT,development,2646,0,,,,0.0
BTCUSDT,development,2647,0,,,,0.0
ETHUSDT,development,2647,0,,,,0.0
BTCUSDT,development,2648,0,,,,0.0
ETHUSDT,development,2648,0,,,,0.0
BTCUSDT,development,2649,0,,,,0.0
ETHUSDT,development,2649,0,,,,0.0
BTCUSDT,development,2650,0,,,,0.0
ETHUSDT,development,2650,0,,,,0.0
BTCUSDT,development,2651,0,,,,0.0
ETHUSDT,development,2651,0,,,,0.0
BTCUSDT,development,2652,2,0.0,-0.9999999999999991,0.0,-0.9999999999999991
ETHUSDT,development,2652,1,0.0,-0.9999999999999991,0.0,0.0
BTCUSDT,development,2653,2,0.0,-1.0000000000000004,0.0,-1.0
ETHUSDT,development,2653,1,0.0,-0.9999999999999991,0.0,0.0
BTCUSDT,development,2654,2,0.0,-1.0000000000000004,0.0,-1.0
ETHUSDT,development,2654,1,0.0,-0.9999999999999992,0.0,0.0
BTCUSDT,development,2655,2,0.0,-0.9999999999999991,0.0,-0.9999999999999991
ETHUSDT,development,2655,1,0.0,-0.9999999999999991,0.0,0.0
BTCUSDT,development,2656,2,0.0,-1.0000000000000004,0.0,-1.0
ETHUSDT,development,2656,1,0.0,-0.9999999999999991,0.0,0.0
BTCUSDT,development,2657,2,0.0,-1.0000000000000004,0.0,-1.0
ETHUSDT,development,2657,1,0.0,-0.9999999999999992,0.0,0.0
BTCUSDT,development,2658,0,,,,0.0
ETHUSDT,development,2658,0,,,,0.0
BTCUSDT,development,2659,0,,,,0.0
ETHUSDT,development,2659,0,,,,0.0
BTCUSDT,development,2660,0,,,,0.0
ETHUSDT,development,2660,0,,,,0.0
BTCUSDT,development,2661,0,,,,0.0
ETHUSDT,development,2661,0,,,,0.0
BTCUSDT,development,2662,0,,,,0.0
ETHUSDT,development,2662,0,,,,0.0
BTCUSDT,development,2663,0,,,,0.0
ETHUSDT,development,2663,0,,,,0.0
BTCUSDT,development,2664,3,0.0,-1.0000000000000002,0.0,-2.0000000000000013
ETHUSDT,development,2664,2,0.5,0.9448038431452609,2.8896076862905207,-1.0000000000000007
BTCUSDT,development,2665,3,0.0,-1.0000000000000004,0.0,-2.000000000000002
ETHUSDT,development,2665,2,0.5,0.94643198557796,2.89286397115592,-1.0000000000000002
BTCUSDT,development,2666,3,0.0,-1.0,0.0,-2.000000000000001
ETHUSDT,development,2666,2,0.5,0.9489421095521413,2.8978842191042817,-1.0000000000000004
BTCUSDT,development,2667,3,0.0,-1.0000000000000002,0.0,-2.0000000000000013
ETHUSDT,development,2667,2,0.5,0.9448038431452609,2.8896076862905207,-1.0000000000000007
BTCUSDT,development,2668,3,0.0,-1.0000000000000004,0.0,-2.000000000000002
ETHUSDT,development,2668,2,0.5,0.94643198557796,2.89286397115592,-1.0000000000000002
BTCUSDT,development,2669,3,0.0,-1.0,0.0,-2.000000000000001
ETHUSDT,development,2669,2,0.5,0.9489421095521413,2.8978842191042817,-1.0000000000000004
BTCUSDT,development,2670,1,0.0,-1.0000000000000022,0.0,0.0
ETHUSDT,development,2670,0,,,,0.0
BTCUSDT,development,2671,1,0.0,-1.0000000000000013,0.0,0.0
ETHUSDT,development,2671,0,,,,0.0
BTCUSDT,development,2672,1,0.0,-1.0,0.0,0.0
ETHUSDT,development,2672,0,,,,0.0
BTCUSDT,development,2673,0,,,,0.0
ETHUSDT,development,2673,0,,,,0.0
BTCUSDT,development,2674,0,,,,0.0
ETHUSDT,development,2674,0,,,,0.0
BTCUSDT,development,2675,0,,,,0.0
ETHUSDT,development,2675,0,,,,0.0
BTCUSDT,development,2676,2,0.0,-0.9999999999999991,0.0,-0.999999999999999
ETHUSDT,development,2676,0,,,,0.0
BTCUSDT,development,2677,2,0.0,-1.0,0.0,-1.0000000000000009
ETHUSDT,development,2677,0,,,,0.0
BTCUSDT,development,2678,2,0.0,-1.0,0.0,-1.0000000000000009
ETHUSDT,development,2678,0,,,,0.0
BTCUSDT,development,2679,2,0.0,-0.9999999999999991,0.0,-0.999999999999999
ETHUSDT,development,2679,0,,,,0.0
BTCUSDT,development,2680,2,0.0,-1.0,0.0,-1.0000000000000009
ETHUSDT,development,2680,0,,,,0.0
BTCUSDT,development,2681,2,0.0,-1.0,0.0,-1.0000000000000009
ETHUSDT,development,2681,0,,,,0.0
BTCUSDT,development,2682,0,,,,0.0
ETHUSDT,development,2682,0,,,,0.0
BTCUSDT,development,2683,0,,,,0.0
ETHUSDT,development,2683,0,,,,0.0
BTCUSDT,development,2684,0,,,,0.0
ETHUSDT,development,2684,0,,,,0.0
BTCUSDT,development,2685,0,,,,0.0
ETHUSDT,development,2685,0,,,,0.0
BTCUSDT,development,2686,0,,,,0.0
ETHUSDT,development,2686,0,,,,0.0
BTCUSDT,development,2687,0,,,,0.0
ETHUSDT,development,2687,0,,,,0.0
BTCUSDT,development,2688,1,0.0,-0.9999999999999991,0.0,0.0
ETHUSDT,development,2688,0,,,,0.0
BTCUSDT,development,2689,1,0.0,-1.0000000000000009,0.0,0.0
ETHUSDT,development,2689,0,,,,0.0
BTCUSDT,development,2690,1,0.0,-1.0000000000000009,0.0,0.0
ETHUSDT,development,2690,0,,,,0.0
BTCUSDT,development,2691,1,0.0,-0.9999999999999991,0.0,0.0
ETHUSDT,development,2691,0,,,,0.0
BTCUSDT,development,2692,1,0.0,-1.0000000000000009,0.0,0.0
ETHUSDT,development,2692,0,,,,0.0
BTCUSDT,development,2693,1,0.0,-1.0000000000000009,0.0,0.0
ETHUSDT,development,2693,0,,,,0.0
BTCUSDT,development,2694,0,,,,0.0
ETHUSDT,development,2694,0,,,,0.0
BTCUSDT,development,2695,0,,,,0.0
ETHUSDT,development,2695,0,,,,0.0
BTCUSDT,development,2696,0,,,,0.0
ETHUSDT,development,2696,0,,,,0.0
BTCUSDT,development,2697,0,,,,0.0
ETHUSDT,development,2697,0,,,,0.0
BTCUSDT,development,2698,0,,,,0.0
ETHUSDT,development,2698,0,,,,0.0
BTCUSDT,development,2699,0,,,,0.0
ETHUSDT,development,2699,0,,,,0.0
BTCUSDT,development,2700,10,0.1,-0.6279973703584234,0.3022251440461963,-7.000000000000003
ETHUSDT,development,2700,10,0.4,0.5563964926985493,1.9273274878309152,-3.0000000000000044
BTCUSDT,development,2701,10,0.1,-0.625938123507438,0.3045131961028474,-7.0000000000000115
ETHUSDT,development,2701,10,0.4,0.5576954462418712,1.9294924104031184,-3.0000000000000053
BTCUSDT,development,2702,10,0.1,-0.623105695015555,0.30766033887160604,-7.000000000000008
ETHUSDT,development,2702,10,0.4,0.5596930013052922,1.9328216688421531,-3.0000000000000027
BTCUSDT,development,2703,5,0.2,-0.2559947407168465,0.6800065741039418,-2.0000000000000013
ETHUSDT,development,2703,5,0.4,0.5510980492627444,1.918496748771241,-1.9999999999999996
BTCUSDT,development,2704,5,0.2,-0.2518762470148743,0.6851546912314073,-2.000000000000002
ETHUSDT,development,2704,5,0.4,0.5527125681699593,1.921187613616599,-1.9999999999999998
BTCUSDT,development,2705,5,0.2,-0.24621139003110862,0.6922357624611142,-2.000000000000001
ETHUSDT,development,2705,5,0.4,0.5551769949262718,1.925294991543787,-1.9999999999999993
BTCUSDT,development,2706,2,0.5,0.8600131482078823,2.7200262964157607,0.0
ETHUSDT,development,2706,1,0.0,-0.9999999999999989,0.0,0.0
BTCUSDT,development,2707,2,0.5,0.8703093824628141,2.740618764925626,0.0
ETHUSDT,development,2707,1,0.0,-0.9999999999999997,0.0,0.0
BTCUSDT,development,2708,2,0.5,0.8844715249222284,2.7689430498444567,0.0
ETHUSDT,development,2708,1,0.0,-0.9999999999999989,0.0,0.0
BTCUSDT,development,2709,0,,,,0.0
ETHUSDT,development,2709,1,0.0,-0.9999999999999989,0.0,0.0
BTCUSDT,development,2710,0,,,,0.0
ETHUSDT,development,2710,1,0.0,-0.9999999999999997,0.0,0.0
BTCUSDT,development,2711,0,,,,0.0
ETHUSDT,development,2711,1,0.0,-0.9999999999999989,0.0,0.0
BTCUSDT,development,2712,5,0.0,-0.9999999999999993,0.0,-3.9999999999999973
ETHUSDT,development,2712,2,0.5,0.9481825436321327,2.8963650872642615,-1.0000000000000022
BTCUSDT,development,2713,5,0.0,-1.0000000000000018,0.0,-4.00000000000001
ETHUSDT,development,2713,2,0.5,0.9496155541950686,2.8992311083901336,-1.0000000000000018
BTCUSDT,development,2714,5,0.0,-1.0000000000000013,0.0,-4.000000000000007
ETHUSDT,development,2714,2,0.5,0.9518355329093552,2.9036710658187066,-1.000000000000002
BTCUSDT,development,2715,3,0.0,-0.9999999999999991,0.0,-1.9999999999999982
ETHUSDT,development,2715,0,,,,0.0
BTCUSDT,development,2716,3,0.0,-1.0,0.0,-2.000000000000001
ETHUSDT,development,2716,0,,,,0.0
BTCUSDT,development,2717,3,0.0,-1.0,0.0,-2.000000000000001
ETHUSDT,development,2717,0,,,,0.0
BTCUSDT,development,2718,0,,,,0.0
ETHUSDT,development,2718,0,,,,0.0
BTCUSDT,development,2719,0,,,,0.0
ETHUSDT,development,2719,0,,,,0.0
BTCUSDT,development,2720,0,,,,0.0
ETHUSDT,development,2720,0,,,,0.0
BTCUSDT,development,2721,0,,,,0.0
ETHUSDT,development,2721,0,,,,0.0
BTCUSDT,development,2722,0,,,,0.0
ETHUSDT,development,2722,0,,,,0.0
BTCUSDT,development,2723,0,,,,0.0
ETHUSDT,development,2723,0,,,,0.0
BTCUSDT,development,2724,4,0.0,-0.9999999999999993,0.0,-2.9999999999999982
ETHUSDT,development,2724,4,0.25,-0.02590872818393314,0.9654550290880892,-2.0000000000000013
BTCUSDT,development,2725,4,0.0,-1.0000000000000024,0.0,-3.000000000000008
ETHUSDT,development,2725,4,0.25,-0.025192222902465367,0.9664103694633795,-2.000000000000001
BTCUSDT,development,2726,4,0.0,-1.0000000000000018,0.0,-3.0000000000000013
ETHUSDT,development,2726,4,0.25,-0.024082233545321935,0.9678903552729041,-2.0000000000000013
BTCUSDT,development,2727,2,0.0,-0.9999999999999991,0.0,-0.9999999999999991
ETHUSDT,development,2727,2,0.0,-0.999999999999999,0.0,-0.9999999999999991
BTCUSDT,development,2728,2,0.0,-1.0000000000000004,0.0,-1.0
ETHUSDT,development,2728,2,0.0,-0.9999999999999993,0.0,-0.999999999999999
BTCUSDT,development,2729,2,0.0,-1.0000000000000004,0.0,-1.0
ETHUSDT,development,2729,2,0.0,-0.9999999999999991,0.0,-0.9999999999999993
BTCUSDT,development,2730,0,,,,0.0
ETHUSDT,development,2730,1,0.0,-0.9999999999999989,0.0,0.0
BTCUSDT,development,2731,0,,,,0.0
ETHUSDT,development,2731,1,0.0,-0.9999999999999997,0.0,0.0
BTCUSDT,development,2732,0,,,,0.0
ETHUSDT,development,2732,1,0.0,-0.9999999999999989,0.0,0.0
BTCUSDT,development,2733,0,,,,0.0
ETHUSDT,development,2733,1,0.0,-0.9999999999999989,0.0,0.0
BTCUSDT,development,2734,0,,,,0.0
ETHUSDT,development,2734,1,0.0,-0.9999999999999997,0.0,0.0
BTCUSDT,development,2735,0,,,,0.0
ETHUSDT,development,2735,1,0.0,-0.9999999999999989,0.0,0.0
BTCUSDT,development,2736,5,0.0,-1.0000000000000002,0.0,-4.000000000000002
ETHUSDT,development,2736,4,0.25,-0.027598078427369888,0.9632025620968403,-3.0000000000000018
BTCUSDT,development,2737,5,0.0,-1.0000000000000004,0.0,-4.0000000000000036
ETHUSDT,development,2737,4,0.25,-0.0267840072110202,0.9642879903853064,-3.000000000000001
BTCUSDT,development,2738,5,0.0,-1.0000000000000004,0.0,-4.000000000000003
ETHUSDT,development,2738,4,0.25,-0.02552894522392965,0.9659614063680938,-3.0000000000000018
BTCUSDT,development,2739,4,0.0,-0.9999999999999999,0.0,-3.0000000000000004
ETHUSDT,development,2739,3,0.3333333333333333,0.2965358954301742,1.4448038431452614,-1.9999999999999998
BTCUSDT,development,2740,4,0.0,-1.0000000000000002,0.0,-3.0000000000000018
ETHUSDT,development,2740,3,0.3333333333333333,0.2976213237186403,1.4464319855779606,-1.9999999999999993
BTCUSDT,development,2741,4,0.0,-1.0,0.0,-3.000000000000001
ETHUSDT,development,2741,3,0.3333333333333333,0.2992947397014278,1.4489421095521418,-1.9999999999999996
BTCUSDT,development,2742,1,0.0,-1.0000000000000022,0.0,0.0
ETHUSDT,development,2742,0,,,,0.0
BTCUSDT,development,2743,1,0.0,-1.0000000000000013,0.0,0.0
ETHUSDT,development,2743,0,,,,0.0
BTCUSDT,development,2744,1,0.0,-1.0,0.0,0.0
ETHUSDT,development,2744,0,,,,0.0
BTCUSDT,development,2745,0,,,,0.0
ETHUSDT,development,2745,0,,,,0.0
BTCUSDT,development,2746,0,,,,0.0
ETHUSDT,development,2746,0,,,,0.0
BTCUSDT,development,2747,0,,,,0.0
ETHUSDT,development,2747,0,,,,0.0
BTCUSDT,development,2748,3,0.0,-0.9999999999999991,0.0,-1.9999999999999982
ETHUSDT,development,2748,1,0.0,-1.0000000000000022,0.0,0.0
BTCUSDT,development,2749,3,0.0,-1.0,0.0,-2.000000000000001
ETHUSDT,development,2749,1,0.0,-1.0000000000000018,0.0,0.0
BTCUSDT,development,2750,3,0.0,-1.0,0.0,-2.000000000000001
ETHUSDT,development,2750,1,0.0,-1.000000000000002,0.0,0.0
BTCUSDT,development,2751,3,0.0,-0.9999999999999991,0.0,-1.9999999999999982
ETHUSDT,development,2751,0,,,,0.0
BTCUSDT,development,2752,3,0.0,-1.0,0.0,-2.000000000000001
ETHUSDT,development,2752,0,,,,0.0
BTCUSDT,development,2753,3,0.0,-1.0,0.0,-2.000000000000001
ETHUSDT,development,2753,0,,,,0.0
BTCUSDT,development,2754,0,,,,0.0
ETHUSDT,development,2754,0,,,,0.0
BTCUSDT,development,2755,0,,,,0.0
ETHUSDT,development,2755,0,,,,0.0
BTCUSDT,development,2756,0,,,,0.0
ETHUSDT,development,2756,0,,,,0.0
BTCUSDT,development,2757,0,,,,0.0
ETHUSDT,development,2757,0,,,,0.0
BTCUSDT,development,2758,0,,,,0.0
ETHUSDT,development,2758,0,,,,0.0
BTCUSDT,development,2759,0,,,,0.0
ETHUSDT,development,2759,0,,,,0.0
BTCUSDT,development,2760,2,0.0,-0.9999999999999991,0.0,-0.9999999999999991
ETHUSDT,development,2760,2,0.0,-1.0000000000000007,0.0,-0.9999999999999991
BTCUSDT,development,2761,2,0.0,-1.0000000000000004,0.0,-1.0
ETHUSDT,development,2761,2,0.0,-1.0000000000000004,0.0,-0.9999999999999991
BTCUSDT,development,2762,2,0.0,-1.0000000000000004,0.0,-1.0
ETHUSDT,development,2762,2,0.0,-1.0000000000000007,0.0,-0.9999999999999993
BTCUSDT,development,2763,2,0.0,-0.9999999999999991,0.0,-0.9999999999999991
ETHUSDT,development,2763,1,0.0,-0.9999999999999991,0.0,0.0
BTCUSDT,development,2764,2,0.0,-1.0000000000000004,0.0,-1.0
ETHUSDT,development,2764,1,0.0,-0.9999999999999991,0.0,0.0
BTCUSDT,development,2765,2,0.0,-1.0000000000000004,0.0,-1.0
ETHUSDT,development,2765,1,0.0,-0.9999999999999992,0.0,0.0
BTCUSDT,development,2766,0,,,,0.0
ETHUSDT,development,2766,0,,,,0.0
BTCUSDT,development,2767,0,,,,0.0
ETHUSDT,development,2767,0,,,,0.0
BTCUSDT,development,2768,0,,,,0.0
ETHUSDT,development,2768,0,,,,0.0
BTCUSDT,development,2769,0,,,,0.0
ETHUSDT,development,2769,0,,,,0.0
BTCUSDT,development,2770,0,,,,0.0
ETHUSDT,development,2770,0,,,,0.0
BTCUSDT,development,2771,0,,,,0.0
ETHUSDT,development,2771,0,,,,0.0
BTCUSDT,development,2772,3,0.0,-1.0000000000000002,0.0,-2.0000000000000013
ETHUSDT,development,2772,2,0.5,0.9448038431452609,2.8896076862905207,-1.0000000000000007
BTCUSDT,development,2773,3,0.0,-1.0000000000000004,0.0,-2.000000000000002
ETHUSDT,development,2773,2,0.5,0.94643198557796,2.89286397115592,-1.0000000000000002
BTCUSDT,development,2774,3,0.0,-1.0,0.0,-2.000000000000001
ETHUSDT,development,2774,2,0.5,0.9489421095521413,2.8978842191042817,-1.0000000000000004
BTCUSDT,development,2775,3,0.0,-1.0000000000000002,0.0,-2.0000000000000013
ETHUSDT,development,2775,2,0.5,0.9448038431452609,2.8896076862905207,-1.0000000000000007
BTCUSDT,development,2776,3,0.0,-1.0000000000000004,0.0,-2.000000000000002
ETHUSDT,development,2776,2,0.5,0.94643198557796,2.89286397115592,-1.0000000000000002
BTCUSDT,development,2777,3,0.0,-1.0,0.0,-2.000000000000001
ETHUSDT,development,2777,2,0.5,0.9489421095521413,2.8978842191042817,-1.0000000000000004
BTCUSDT,development,2778,1,0.0,-1.0000000000000022,0.0,0.0
ETHUSDT,development,2778,0,,,,0.0
BTCUSDT,development,2779,1,0.0,-1.0000000000000013,0.0,0.0
ETHUSDT,development,2779,0,,,,0.0
BTCUSDT,development,2780,1,0.0,-1.0,0.0,0.0
ETHUSDT,development,2780,0,,,,0.0
BTCUSDT,development,2781,0,,,,0.0
ETHUSDT,development,2781,0,,,,0.0
BTCUSDT,development,2782,0,,,,0.0
ETHUSDT,development,2782,0,,,,0.0
BTCUSDT,development,2783,0,,,,0.0
ETHUSDT,development,2783,0,,,,0.0
BTCUSDT,development,2784,2,0.0,-0.9999999999999991,0.0,-0.999999999999999
ETHUSDT,development,2784,0,,,,0.0
BTCUSDT,development,2785,2,0.0,-1.0,0.0,-1.0000000000000009
ETHUSDT,development,2785,0,,,,0.0
BTCUSDT,development,2786,2,0.0,-1.0,0.0,-1.0000000000000009
ETHUSDT,development,2786,0,,,,0.0
BTCUSDT,development,2787,2,0.0,-0.9999999999999991,0.0,-0.999999999999999
ETHUSDT,development,2787,0,,,,0.0
BTCUSDT,development,2788,2,0.0,-1.0,0.0,-1.0000000000000009
ETHUSDT,development,2788,0,,,,0.0
BTCUSDT,development,2789,2,0.0,-1.0,0.0,-1.0000000000000009
ETHUSDT,development,2789,0,,,,0.0
BTCUSDT,development,2790,0,,,,0.0
ETHUSDT,development,2790,0,,,,0.0
BTCUSDT,development,2791,0,,,,0.0
ETHUSDT,development,2791,0,,,,0.0
BTCUSDT,development,2792,0,,,,0.0
ETHUSDT,development,2792,0,,,,0.0
BTCUSDT,development,2793,0,,,,0.0
ETHUSDT,development,2793,0,,,,0.0
BTCUSDT,development,2794,0,,,,0.0
ETHUSDT,development,2794,0,,,,0.0
BTCUSDT,development,2795,0,,,,0.0
ETHUSDT,development,2795,0,,,,0.0
BTCUSDT,development,2796,1,0.0,-0.9999999999999991,0.0,0.0
ETHUSDT,development,2796,0,,,,0.0
BTCUSDT,development,2797,1,0.0,-1.0000000000000009,0.0,0.0
ETHUSDT,development,2797,0,,,,0.0
BTCUSDT,development,2798,1,0.0,-1.0000000000000009,0.0,0.0
ETHUSDT,development,2798,0,,,,0.0
BTCUSDT,development,2799,1,0.0,-0.9999999999999991,0.0,0.0
ETHUSDT,development,2799,0,,,,0.0
BTCUSDT,development,2800,1,0.0,-1.0000000000000009,0.0,0.0
ETHUSDT,development,2800,0,,,,0.0
BTCUSDT,development,2801,1,0.0,-1.0000000000000009,0.0,0.0
ETHUSDT,development,2801,0,,,,0.0
BTCUSDT,development,2802,0,,,,0.0
ETHUSDT,development,2802,0,,,,0.0
BTCUSDT,development,2803,0,,,,0.0
ETHUSDT,development,2803,0,,,,0.0
BTCUSDT,development,2804,0,,,,0.0
ETHUSDT,development,2804,0,,,,0.0
BTCUSDT,development,2805,0,,,,0.0
ETHUSDT,development,2805,0,,,,0.0
BTCUSDT,development,2806,0,,,,0.0
ETHUSDT,development,2806,0,,,,0.0
BTCUSDT,development,2807,0,,,,0.0
ETHUSDT,development,2807,0,,,,0.0
BTCUSDT,development,2808,15,0.26666666666666666,0.0047480243430874465,1.006474578649665,-5.000000000000001
ETHUSDT,development,2808,14,0.42857142857142855,0.6587072260313762,2.152737645554909,-3.9999999999999956
BTCUSDT,development,2809,15,0.26666666666666666,0.008830361249679708,1.0120414017041084,-5.0000000000000115
ETHUSDT,development,2809,14,0.42857142857142855,0.6607541173181168,2.156319705306704,-3.999999999999999
BTCUSDT,development,2810,15,0.26666666666666666,0.014505240063682241,1.0197798728141123,-5.000000000000006
ETHUSDT,development,2810,14,0.42857142857142855,0.6638340930024137,2.1617096627542245,-3.9999999999999964
BTCUSDT,development,2811,6,0.16666666666666666,-0.3799956172640393,0.5440052592831531,-3.0000000000000044
ETHUSDT,development,2811,7,0.42857142857142855,0.653882842375707,2.1442949741574884,-1.9999999999999996
BTCUSDT,development,2812,6,0.16666666666666666,-0.37656353917906166,0.548123752985126,-3.000000000000001
ETHUSDT,development,2812,7,0.42857142857142855,0.6562494666373614,2.148436566615383,-1.9999999999999998
BTCUSDT,development,2813,6,0.16666666666666666,-0.37184282502592386,0.5537886099688913,-3.000000000000001
ETHUSDT,development,2813,7,0.42857142857142855,0.6597941051887926,2.154639684080388,-1.9999999999999993
BTCUSDT,development,2814,2,0.5,0.8600131482078823,2.7200262964157607,0.0
ETHUSDT,development,2814,2,0.5,0.9108448251581126,2.821689650316227,0.0
BTCUSDT,development,2815,2,0.5,0.8703093824628141,2.740618764925626,0.0
ETHUSDT,development,2815,2,0.5,0.9150917128058664,2.8301834256117333,0.0
BTCUSDT,development,2816,2,0.5,0.8844715249222284,2.7689430498444567,0.0
ETHUSDT,development,2816,2,0.5,0.9213368808450931,2.8426737616901883,0.0
BTCUSDT,development,2817,0,,,,0.0
ETHUSDT,development,2817,1,0.0,-0.9999999999999989,0.0,0.0
BTCUSDT,development,2818,0,,,,0.0
ETHUSDT,development,2818,1,0.0,-0.9999999999999997,0.0,0.0
BTCUSDT,development,2819,0,,,,0.0
ETHUSDT,development,2819,1,0.0,-0.9999999999999989,0.0,0.0
BTCUSDT,development,2820,8,0.375,0.41889925859131943,1.6702388137461115,-3.9999999999999973
ETHUSDT,development,2820,4,0.5,0.9331529186004511,2.8663058372008994,-2.000000000000002
BTCUSDT,development,2821,8,0.375,0.4239795817274459,1.6783673307639122,-4.00000000000001
ETHUSDT,development,2821,4,0.5,0.9356627157033297,2.8713254314066563,-2.0000000000000036
BTCUSDT,development,2822,8,0.375,0.43107944388884734,1.6897271102221545,-4.000000000000007
ETHUSDT,development,2822,4,0.5,0.9394361482773474,2.878872296554693,-2.0000000000000018
BTCUSDT,development,2823,3,0.0,-0.9999999999999991,0.0,-1.9999999999999982
ETHUSDT,development,2823,0,,,,0.0
BTCUSDT,development,2824,3,0.0,-1.0,0.0,-2.000000000000001
ETHUSDT,development,2824,0,,,,0.0
BTCUSDT,development,2825,3,0.0,-1.0,0.0,-2.000000000000001
ETHUSDT,development,2825,0,,,,0.0
BTCUSDT,development,2826,0,,,,0.0
ETHUSDT,development,2826,0,,,,0.0
BTCUSDT,development,2827,0,,,,0.0
ETHUSDT,development,2827,0,,,,0.0
BTCUSDT,development,2828,0,,,,0.0
ETHUSDT,development,2828,0,,,,0.0
BTCUSDT,development,2829,0,,,,0.0
ETHUSDT,development,2829,0,,,,0.0
BTCUSDT,development,2830,0,,,,0.0
ETHUSDT,development,2830,0,,,,0.0
BTCUSDT,development,2831,0,,,,0.0
ETHUSDT,development,2831,0,,,,0.0
BTCUSDT,development,2832,7,0.42857142857142855,0.6215991526757936,2.087798517182639,-3.9999999999999973
ETHUSDT,development,2832,6,0.3333333333333333,0.28876861240030105,1.4331529186004517,-3.0000000000000013
BTCUSDT,development,2833,7,0.42857142857142855,0.627405236259938,2.0979591634548886,-4.00000000000001
ETHUSDT,development,2833,6,0.3333333333333333,0.2904418104688866,1.4356627157033297,-3.0000000000000027
BTCUSDT,development,2834,7,0.42857142857142855,0.6355193644443967,2.1121588877776922,-4.000000000000007
ETHUSDT,development,2834,6,0.3333333333333333,0.2929574321848987,1.439436148277348,-3.000000000000001
BTCUSDT,development,2835,2,0.0,-0.9999999999999991,0.0,-0.9999999999999991
ETHUSDT,development,2835,2,0.0,-0.999999999999999,0.0,-0.9999999999999991
BTCUSDT,development,2836,2,0.0,-1.0000000000000004,0.0,-1.0
ETHUSDT,development,2836,2,0.0,-0.9999999999999993,0.0,-0.999999999999999
BTCUSDT,development,2837,2,0.0,-1.0000000000000004,0.0,-1.0
ETHUSDT,development,2837,2,0.0,-0.9999999999999991,0.0,-0.9999999999999993
BTCUSDT,development,2838,0,,,,0.0
ETHUSDT,development,2838,1,0.0,-0.9999999999999989,0.0,0.0
BTCUSDT,development,2839,0,,,,0.0
ETHUSDT,development,2839,1,0.0,-0.9999999999999997,0.0,0.0
BTCUSDT,development,2840,0,,,,0.0
ETHUSDT,development,2840,1,0.0,-0.9999999999999989,0.0,0.0
BTCUSDT,development,2841,0,,,,0.0
ETHUSDT,development,2841,1,0.0,-0.9999999999999989,0.0,0.0
BTCUSDT,development,2842,0,,,,0.0
ETHUSDT,development,2842,1,0.0,-0.9999999999999997,0.0,0.0
BTCUSDT,development,2843,0,,,,0.0
ETHUSDT,development,2843,1,0.0,-0.9999999999999989,0.0,0.0
BTCUSDT,development,2844,8,0.125,-0.518805413158439,0.4070795278189274,-3.150443305267512
ETHUSDT,development,2844,5,0.4,0.5422594673213489,1.9037657788689142,-3.0000000000000018
BTCUSDT,development,2845,8,0.125,-0.5180480141307288,0.40794512670773886,-3.14438411304583
ETHUSDT,development,2845,5,0.4,0.5446094793535303,1.907682465589217,-3.000000000000001
BTCUSDT,development,2846,8,0.125,-0.5169127305830565,0.40924259361936394,-3.135301844664453
ETHUSDT,development,2846,5,0.4,0.5481115961588933,1.9135193269314885,-3.0000000000000018
BTCUSDT,development,2847,5,0.0,-1.0000000000000004,0.0,-4.0000000000000036
ETHUSDT,development,2847,4,0.5,0.9278243341516867,2.8556486683033735,-1.9999999999999998
BTCUSDT,development,2848,5,0.0,-1.0,0.0,-4.000000000000001
ETHUSDT,development,2848,4,0.5,0.9307618491919134,2.8615236983838273,-1.9999999999999993
BTCUSDT,development,2849,5,0.0,-1.0,0.0,-4.000000000000001
ETHUSDT,development,2849,4,0.5,0.9351394951986172,2.8702789903972348,-1.9999999999999996
BTCUSDT,development,2850,1,0.0,-1.0000000000000022,0.0,0.0
ETHUSDT,development,2850,1,1.0,2.821689650316224,inf,0.0
BTCUSDT,development,2851,1,0.0,-1.0000000000000013,0.0,0.0
ETHUSDT,development,2851,1,1.0,2.8301834256117324,inf,0.0
BTCUSDT,development,2852,1,0.0,-1.0,0.0,0.0
ETHUSDT,development,2852,1,1.0,2.842673761690185,inf,0.0
BTCUSDT,development,2853,0,,,,0.0
ETHUSDT,development,2853,0,,,,0.0
BTCUSDT,development,2854,0,,,,0.0
ETHUSDT,development,2854,0,,,,0.0
BTCUSDT,development,2855,0,,,,0.0
ETHUSDT,development,2855,0,,,,0.0
BTCUSDT,development,2856,4,0.25,-0.03761082631687582,0.9498522315774989,-1.9999999999999982
ETHUSDT,development,2856,1,0.0,-1.0000000000000022,0.0,0.0
BTCUSDT,development,2857,4,0.25,-0.03609602826145658,0.9518719623180578,-2.000000000000001
ETHUSDT,development,2857,1,0.0,-1.0000000000000018,0.0,0.0
BTCUSDT,development,2858,4,0.25,-0.03382546116611301,0.9548993851118492,-2.000000000000001
ETHUSDT,development,2858,1,0.0,-1.000000000000002,0.0,0.0
BTCUSDT,development,2859,3,0.0,-0.9999999999999991,0.0,-1.9999999999999982
ETHUSDT,development,2859,0,,,,0.0
BTCUSDT,development,2860,3,0.0,-1.0,0.0,-2.000000000000001
ETHUSDT,development,2860,0,,,,0.0
BTCUSDT,development,2861,3,0.0,-1.0,0.0,-2.000000000000001
ETHUSDT,development,2861,0,,,,0.0
BTCUSDT,development,2862,0,,,,0.0
ETHUSDT,development,2862,0,,,,0.0
BTCUSDT,development,2863,0,,,,0.0
ETHUSDT,development,2863,0,,,,0.0
BTCUSDT,development,2864,0,,,,0.0
ETHUSDT,development,2864,0,,,,0.0
BTCUSDT,development,2865,0,,,,0.0
ETHUSDT,development,2865,0,,,,0.0
BTCUSDT,development,2866,0,,,,0.0
ETHUSDT,development,2866,0,,,,0.0
BTCUSDT,development,2867,0,,,,0.0
ETHUSDT,development,2867,0,,,,0.0
BTCUSDT,development,2868,3,0.3333333333333333,0.28318556491083197,1.4247783473662483,-1.9999999999999982
ETHUSDT,development,2868,2,0.0,-1.0000000000000007,0.0,-0.9999999999999991
BTCUSDT,development,2869,3,0.3333333333333333,0.2852052956513909,1.427807943477086,-2.000000000000001
ETHUSDT,development,2869,2,0.0,-1.0000000000000004,0.0,-0.9999999999999991
BTCUSDT,development,2870,3,0.3333333333333333,0.28823271844518233,1.4323490776677732,-2.000000000000001
ETHUSDT,development,2870,2,0.0,-1.0000000000000007,0.0,-0.9999999999999993
BTCUSDT,development,2871,2,0.0,-0.9999999999999991,0.0,-0.9999999999999991
ETHUSDT,development,2871,1,0.0,-0.9999999999999991,0.0,0.0
BTCUSDT,development,2872,2,0.0,-1.0000000000000004,0.0,-1.0
ETHUSDT,development,2872,1,0.0,-0.9999999999999991,0.0,0.0
BTCUSDT,development,2873,2,0.0,-1.0000000000000004,0.0,-1.0
ETHUSDT,development,2873,1,0.0,-0.9999999999999992,0.0,0.0
BTCUSDT,development,2874,0,,,,0.0
ETHUSDT,development,2874,0,,,,0.0
BTCUSDT,development,2875,0,,,,0.0
ETHUSDT,development,2875,0,,,,0.0
BTCUSDT,development,2876,0,,,,0.0
ETHUSDT,development,2876,0,,,,0.0
BTCUSDT,development,2877,0,,,,0.0
ETHUSDT,development,2877,0,,,,0.0
BTCUSDT,development,2878,0,,,,0.0
ETHUSDT,development,2878,0,,,,0.0
BTCUSDT,development,2879,0,,,,0.0
ETHUSDT,development,2879,0,,,,0.0
BTCUSDT,development,2880,3,0.0,-1.0000000000000002,0.0,-2.0000000000000013
ETHUSDT,development,2880,2,0.5,0.9448038431452609,2.8896076862905207,-1.0000000000000007
BTCUSDT,development,2881,3,0.0,-1.0000000000000004,0.0,-2.000000000000002
ETHUSDT,development,2881,2,0.5,0.94643198557796,2.89286397115592,-1.0000000000000002
BTCUSDT,development,2882,3,0.0,-1.0,0.0,-2.000000000000001
ETHUSDT,development,2882,2,0.5,0.9489421095521413,2.8978842191042817,-1.0000000000000004
BTCUSDT,development,2883,3,0.0,-1.0000000000000002,0.0,-2.0000000000000013
ETHUSDT,development,2883,2,0.5,0.9448038431452609,2.8896076862905207,-1.0000000000000007
BTCUSDT,development,2884,3,0.0,-1.0000000000000004,0.0,-2.000000000000002
ETHUSDT,development,2884,2,0.5,0.94643198557796,2.89286397115592,-1.0000000000000002
BTCUSDT,development,2885,3,0.0,-1.0,0.0,-2.000000000000001
ETHUSDT,development,2885,2,0.5,0.9489421095521413,2.8978842191042817,-1.0000000000000004
BTCUSDT,development,2886,1,0.0,-1.0000000000000022,0.0,0.0
ETHUSDT,development,2886,0,,,,0.0
BTCUSDT,development,2887,1,0.0,-1.0000000000000013,0.0,0.0
ETHUSDT,development,2887,0,,,,0.0
BTCUSDT,development,2888,1,0.0,-1.0,0.0,0.0
ETHUSDT,development,2888,0,,,,0.0
BTCUSDT,development,2889,0,,,,0.0
ETHUSDT,development,2889,0,,,,0.0
BTCUSDT,development,2890,0,,,,0.0
ETHUSDT,development,2890,0,,,,0.0
BTCUSDT,development,2891,0,,,,0.0
ETHUSDT,development,2891,0,,,,0.0
BTCUSDT,development,2892,2,0.0,-0.9999999999999991,0.0,-0.999999999999999
ETHUSDT,development,2892,0,,,,0.0
BTCUSDT,development,2893,2,0.0,-1.0,0.0,-1.0000000000000009
ETHUSDT,development,2893,0,,,,0.0
BTCUSDT,development,2894,2,0.0,-1.0,0.0,-1.0000000000000009
ETHUSDT,development,2894,0,,,,0.0
BTCUSDT,development,2895,2,0.0,-0.9999999999999991,0.0,-0.999999999999999
ETHUSDT,development,2895,0,,,,0.0
BTCUSDT,development,2896,2,0.0,-1.0,0.0,-1.0000000000000009
ETHUSDT,development,2896,0,,,,0.0
BTCUSDT,development,2897,2,0.0,-1.0,0.0,-1.0000000000000009
ETHUSDT,development,2897,0,,,,0.0
BTCUSDT,development,2898,0,,,,0.0
ETHUSDT,development,2898,0,,,,0.0
BTCUSDT,development,2899,0,,,,0.0
ETHUSDT,development,2899,0,,,,0.0
BTCUSDT,development,2900,0,,,,0.0
ETHUSDT,development,2900,0,,,,0.0
BTCUSDT,development,2901,0,,,,0.0
ETHUSDT,development,2901,0,,,,0.0
BTCUSDT,development,2902,0,,,,0.0
ETHUSDT,development,2902,0,,,,0.0
BTCUSDT,development,2903,0,,,,0.0
ETHUSDT,development,2903,0,,,,0.0
BTCUSDT,development,2904,1,0.0,-0.9999999999999991,0.0,0.0
ETHUSDT,development,2904,0,,,,0.0
BTCUSDT,development,2905,1,0.0,-1.0000000000000009,0.0,0.0
ETHUSDT,development,2905,0,,,,0.0
BTCUSDT,development,2906,1,0.0,-1.0000000000000009,0.0,0.0
ETHUSDT,development,2906,0,,,,0.0
BTCUSDT,development,2907,1,0.0,-0.9999999999999991,0.0,0.0
ETHUSDT,development,2907,0,,,,0.0
BTCUSDT,development,2908,1,0.0,-1.0000000000000009,0.0,0.0
ETHUSDT,development,2908,0,,,,0.0
BTCUSDT,development,2909,1,0.0,-1.0000000000000009,0.0,0.0
ETHUSDT,development,2909,0,,,,0.0
BTCUSDT,development,2910,0,,,,0.0
ETHUSDT,development,2910,0,,,,0.0
BTCUSDT,development,2911,0,,,,0.0
ETHUSDT,development,2911,0,,,,0.0
BTCUSDT,development,2912,0,,,,0.0
ETHUSDT,development,2912,0,,,,0.0
BTCUSDT,development,2913,0,,,,0.0
ETHUSDT,development,2913,0,,,,0.0
BTCUSDT,development,2914,0,,,,0.0
ETHUSDT,development,2914,0,,,,0.0
BTCUSDT,development,2915,0,,,,0.0
ETHUSDT,development,2915,0,,,,0.0
BTCUSDT,development,2916,16,0.25,-0.04425275466316586,0.9409963271157791,-4.0
ETHUSDT,development,2916,16,0.25,-0.027252192063406483,0.9636637439154582,-6.999999999999999
BTCUSDT,development,2917,16,0.25,-0.04146026606697922,0.9447196452440277,-4.000000000000002
ETHUSDT,development,2917,16,0.25,-0.026440346098829892,0.9647462052015601,-6.999999999999995
BTCUSDT,development,2918,16,0.25,-0.03761615923432782,0.9498451210208964,-4.000000000000002
ETHUSDT,development,2918,16,0.25,-0.025191874184192276,0.9664108344210768,-7.000000000000001
BTCUSDT,development,2919,7,0.2857142857142857,0.10895503235861934,1.1525370453020671,-2.9999999999999982
ETHUSDT,development,2919,8,0.25,-0.030563719210784684,0.9592483743856204,-4.999999999999999
BTCUSDT,development,2920,7,0.2857142857142857,0.11038060251231754,1.1545328435172446,-2.999999999999999
ETHUSDT,development,2920,8,0.25,-0.02955464489377524,0.9605938068082996,-4.999999999999998
BTCUSDT,development,2921,7,0.2857142857142857,0.11247841881781137,1.157469786344936,-2.9999999999999964
ETHUSDT,development,2921,8,0.25,-0.02801437817108035,0.9626474957718929,-5.000000000000002
BTCUSDT,development,2922,4,0.5,0.940671306627583,2.881342613255167,-1.9999999999999996
ETHUSDT,development,2922,3,0.0,-0.9999999999999997,0.0,-2.0
BTCUSDT,development,2923,4,0.5,0.9431660543965555,2.886332108793112,-1.9999999999999996
ETHUSDT,development,2923,3,0.0,-0.9999999999999994,0.0,-1.9999999999999987
BTCUSDT,development,2924,4,0.5,0.9468372329311698,2.8936744658623432,-1.9999999999999964
ETHUSDT,development,2924,3,0.0,-1.0,0.0,-2.000000000000001
BTCUSDT,development,2925,1,1.0,2.8130137890531457,inf,0.0
ETHUSDT,development,2925,1,0.0,-0.9999999999999989,0.0,0.0
BTCUSDT,development,2926,1,1.0,2.8223449518249044,inf,0.0
ETHUSDT,development,2926,1,0.0,-0.9999999999999997,0.0,0.0
BTCUSDT,development,2927,1,1.0,2.8359862352140017,inf,0.0
ETHUSDT,development,2927,1,0.0,-0.9999999999999989,0.0,0.0
BTCUSDT,development,2928,6,0.3333333333333333,0.2937808710850554,1.4406713066275831,-2.000000000000001
ETHUSDT,development,2928,8,0.125,-0.5129543640919664,0.4137664410377526,-6.999999999999998
BTCUSDT,development,2929,6,0.3333333333333333,0.29544403626437016,1.4431660543965552,-2.000000000000001
ETHUSDT,development,2929,8,0.125,-0.512596111451232,0.41417587262716304,-6.999999999999995
BTCUSDT,development,2930,6,0.3333333333333333,0.29789148862077913,1.4468372329311687,-2.000000000000001
ETHUSDT,development,2930,8,0.125,-0.5120411167726615,0.41481015225981577,-7.000000000000004
BTCUSDT,development,2931,5,0.4,0.5525370453020668,1.9208950755034455,-0.9999999999999991
ETHUSDT,development,2931,3,0.0,-0.9999999999999999,0.0,-1.9999999999999991
BTCUSDT,development,2932,5,0.4,0.5545328435172443,1.924221405862074,-1.0000000000000009
ETHUSDT,development,2932,3,0.0,-0.9999999999999994,0.0,-1.9999999999999982
BTCUSDT,development,2933,5,0.4,0.5574697863449352,1.9291163105748919,-1.0000000000000009
ETHUSDT,development,2933,3,0.0,-1.0000000000000007,0.0,-2.0000000000000018
BTCUSDT,development,2934,2,1.0,2.881342613255166,inf,0.0
ETHUSDT,development,2934,2,0.0,-1.0,0.0,-0.9999999999999996
BTCUSDT,development,2935,2,1.0,2.886332108793111,inf,0.0
ETHUSDT,development,2935,2,0.0,-0.9999999999999993,0.0,-0.9999999999999988
BTCUSDT,development,2936,2,1.0,2.893674465862338,inf,0.0
ETHUSDT,development,2936,2,0.0,-1.0000000000000004,0.0,-1.0000000000000004
BTCUSDT,development,2937,1,1.0,2.8130137890531457,inf,0.0
ETHUSDT,development,2937,0,,,,0.0
BTCUSDT,development,2938,1,1.0,2.8223449518249044,inf,0.0
ETHUSDT,development,2938,0,,,,0.0
BTCUSDT,development,2939,1,1.0,2.8359862352140017,inf,0.0
ETHUSDT,development,2939,0,,,,0.0
BTCUSDT,development,2940,5,0.4,0.5525370453020664,1.920895075503444,-2.000000000000001
ETHUSDT,development,2940,7,0.14285714285714285,-0.4433764161051044,0.48272751454404467,-5.0
BTCUSDT,development,2941,5,0.4,0.554532843517244,1.9242214058620728,-2.000000000000001
ETHUSDT,development,2941,7,0.14285714285714285,-0.44296698451569394,0.48320518473169005,-4.9999999999999964
BTCUSDT,development,2942,5,0.4,0.5574697863449348,1.9291163105748907,-2.000000000000001
ETHUSDT,development,2942,7,0.14285714285714285,-0.4423327048830411,0.4839451776364521,-5.000000000000001
BTCUSDT,development,2943,4,0.5,0.9406713066275834,2.8813426132551685,-0.9999999999999991
ETHUSDT,development,2943,3,0.0,-0.9999999999999994,0.0,-1.9999999999999993
BTCUSDT,development,2944,4,0.5,0.9431660543965552,2.8863321087931095,-1.0
ETHUSDT,development,2944,3,0.0,-0.9999999999999996,0.0,-1.9999999999999991
BTCUSDT,development,2945,4,0.5,0.9468372329311687,2.8936744658623366,-1.0
ETHUSDT,development,2945,3,0.0,-0.9999999999999996,0.0,-1.9999999999999998
BTCUSDT,development,2946,2,1.0,2.881342613255166,inf,0.0
ETHUSDT,development,2946,2,0.0,-0.9999999999999997,0.0,-1.0000000000000004
BTCUSDT,development,2947,2,1.0,2.886332108793111,inf,0.0
ETHUSDT,development,2947,2,0.0,-0.9999999999999998,0.0,-0.9999999999999999
BTCUSDT,development,2948,2,1.0,2.893674465862338,inf,0.0
ETHUSDT,development,2948,2,0.0,-0.9999999999999997,0.0,-1.0000000000000004
BTCUSDT,development,2949,1,1.0,2.8130137890531457,inf,0.0
ETHUSDT,development,2949,1,0.0,-0.9999999999999989,0.0,0.0
BTCUSDT,development,2950,1,1.0,2.8223449518249044,inf,0.0
ETHUSDT,development,2950,1,0.0,-0.9999999999999997,0.0,0.0
BTCUSDT,development,2951,1,1.0,2.8359862352140017,inf,0.0
ETHUSDT,development,2951,1,0.0,-0.9999999999999989,0.0,0.0
BTCUSDT,development,2952,15,0.26666666666666666,0.01946372835928983,1.026541447762668,-4.0
ETHUSDT,development,2952,9,0.1111111111111111,-0.5678213681899419,0.36120096078631536,-8.0
BTCUSDT,development,2953,15,0.26666666666666666,0.022442382861888828,1.030603249357121,-4.000000000000002
ETHUSDT,development,2953,9,0.1111111111111111,-0.5674595587604526,0.3616079963944903,-7.999999999999994
BTCUSDT,development,2954,15,0.26666666666666666,0.02654276348338362,1.0361946774773414,-4.000000000000002
ETHUSDT,development,2954,9,0.1111111111111111,-0.5669017534328575,0.3622355273880353,-8.000000000000002
BTCUSDT,development,2955,7,0.2857142857142857,0.10895503235861934,1.1525370453020671,-2.9999999999999982
ETHUSDT,development,2955,4,0.25,-0.02759807842736925,0.963202562096841,-2.9999999999999996
BTCUSDT,development,2956,7,0.2857142857142857,0.11038060251231754,1.1545328435172446,-2.999999999999999
ETHUSDT,development,2956,4,0.25,-0.02678400721101945,0.9642879903853073,-2.9999999999999982
BTCUSDT,development,2957,7,0.2857142857142857,0.11247841881781137,1.157469786344936,-2.9999999999999964
ETHUSDT,development,2957,4,0.25,-0.02552894522392926,0.9659614063680944,-3.0
BTCUSDT,development,2958,4,0.5,0.940671306627583,2.881342613255167,-1.9999999999999996
ETHUSDT,development,2958,1,0.0,-0.9999999999999997,0.0,0.0
BTCUSDT,development,2959,4,0.5,0.9431660543965555,2.886332108793112,-1.9999999999999996
ETHUSDT,development,2959,1,0.0,-0.9999999999999988,0.0,0.0
BTCUSDT,development,2960,4,0.5,0.9468372329311698,2.8936744658623432,-1.9999999999999964
ETHUSDT,development,2960,1,0.0,-1.0000000000000004,0.0,0.0
BTCUSDT,development,2961,1,1.0,2.8130137890531457,inf,0.0
ETHUSDT,development,2961,0,,,,0.0
BTCUSDT,development,2962,1,1.0,2.8223449518249044,inf,0.0
ETHUSDT,development,2962,0,,,,0.0
BTCUSDT,development,2963,1,1.0,2.8359862352140017,inf,0.0
ETHUSDT,development,2963,0,,,,0.0
BTCUSDT,development,2964,6,0.3333333333333333,0.2937808710850554,1.4406713066275831,-2.000000000000001
ETHUSDT,development,2964,5,0.0,-0.9999999999999997,0.0,-3.999999999999998
BTCUSDT,development,2965,6,0.3333333333333333,0.29544403626437016,1.4431660543965552,-2.000000000000001
ETHUSDT,development,2965,5,0.0,-0.9999999999999989,0.0,-3.9999999999999956
BTCUSDT,development,2966,6,0.3333333333333333,0.29789148862077913,1.4468372329311687,-2.000000000000001
ETHUSDT,development,2966,5,0.0,-1.0000000000000004,0.0,-4.0000000000000036
BTCUSDT,development,2967,5,0.4,0.5525370453020668,1.9208950755034455,-0.9999999999999991
ETHUSDT,development,2967,1,0.0,-0.9999999999999997,0.0,0.0
BTCUSDT,development,2968,5,0.4,0.5545328435172443,1.924221405862074,-1.0000000000000009
ETHUSDT,development,2968,1,0.0,-0.9999999999999988,0.0,0.0
BTCUSDT,development,2969,5,0.4,0.5574697863449352,1.9291163105748919,-1.0000000000000009
ETHUSDT,development,2969,1,0.0,-1.0000000000000004,0.0,0.0
BTCUSDT,development,2970,2,1.0,2.881342613255166,inf,0.0
ETHUSDT,development,2970,1,0.0,-0.9999999999999997,0.0,0.0
BTCUSDT,development,2971,2,1.0,2.886332108793111,inf,0.0
ETHUSDT,development,2971,1,0.0,-0.9999999999999988,0.0,0.0
BTCUSDT,development,2972,2,1.0,2.893674465862338,inf,0.0
ETHUSDT,development,2972,1,0.0,-1.0000000000000004,0.0,0.0
BTCUSDT,development,2973,1,1.0,2.8130137890531457,inf,0.0
ETHUSDT,development,2973,0,,,,0.0
BTCUSDT,development,2974,1,1.0,2.8223449518249044,inf,0.0
ETHUSDT,development,2974,0,,,,0.0
BTCUSDT,development,2975,1,1.0,2.8359862352140017,inf,0.0
ETHUSDT,development,2975,0,,,,0.0
BTCUSDT,development,2976,5,0.4,0.5525370453020664,1.920895075503444,-2.000000000000001
ETHUSDT,development,2976,4,0.0,-0.9999999999999999,0.0,-2.999999999999999
BTCUSDT,development,2977,5,0.4,0.554532843517244,1.9242214058620728,-2.000000000000001
ETHUSDT,development,2977,4,0.0,-0.9999999999999993,0.0,-2.9999999999999982
BTCUSDT,development,2978,5,0.4,0.5574697863449348,1.9291163105748907,-2.000000000000001
ETHUSDT,development,2978,4,0.0,-1.0000000000000002,0.0,-3.0000000000000018
BTCUSDT,development,2979,4,0.5,0.9406713066275834,2.8813426132551685,-0.9999999999999991
ETHUSDT,development,2979,1,0.0,-0.9999999999999991,0.0,0.0
BTCUSDT,development,2980,4,0.5,0.9431660543965552,2.8863321087931095,-1.0
ETHUSDT,development,2980,1,0.0,-0.9999999999999991,0.0,0.0
BTCUSDT,development,2981,4,0.5,0.9468372329311687,2.8936744658623366,-1.0
ETHUSDT,development,2981,1,0.0,-0.9999999999999992,0.0,0.0
BTCUSDT,development,2982,2,1.0,2.881342613255166,inf,0.0
ETHUSDT,development,2982,0,,,,0.0
BTCUSDT,development,2983,2,1.0,2.886332108793111,inf,0.0
ETHUSDT,development,2983,0,,,,0.0
BTCUSDT,development,2984,2,1.0,2.893674465862338,inf,0.0
ETHUSDT,development,2984,0,,,,0.0
BTCUSDT,development,2985,1,1.0,2.8130137890531457,inf,0.0
ETHUSDT,development,2985,0,,,,0.0
BTCUSDT,development,2986,1,1.0,2.8223449518249044,inf,0.0
ETHUSDT,development,2986,0,,,,0.0
BTCUSDT,development,2987,1,1.0,2.8359862352140017,inf,0.0
ETHUSDT,development,2987,0,,,,0.0
BTCUSDT,development,2988,7,0.2857142857142857,0.10895503235861859,1.152537045302066,-3.0000000000000036
ETHUSDT,development,2988,4,0.25,-0.027598078427369638,0.9632025620968405,-3.000000000000001
BTCUSDT,development,2989,7,0.2857142857142857,0.11038060251231704,1.1545328435172437,-3.0000000000000027
ETHUSDT,development,2989,4,0.25,-0.02678400721101959,0.9642879903853072,-2.9999999999999987
BTCUSDT,development,2990,7,0.2857142857142857,0.11247841881781076,1.1574697863449352,-3.0000000000000004
ETHUSDT,development,2990,4,0.25,-0.025528945223929317,0.9659614063680942,-3.0000000000000004
BTCUSDT,development,2991,5,0.4,0.5525370453020663,1.9208950755034435,-1.0000000000000022
ETHUSDT,development,2991,3,0.3333333333333333,0.29653589543017406,1.444803843145261,-2.0000000000000004
BTCUSDT,development,2992,5,0.4,0.5545328435172441,1.924221405862073,-1.0000000000000013
ETHUSDT,development,2992,3,0.3333333333333333,0.2976213237186404,1.4464319855779608,-1.9999999999999991
BTCUSDT,development,2993,5,0.4,0.5574697863449352,1.9291163105748919,-1.0000000000000009
ETHUSDT,development,2993,3,0.3333333333333333,0.2992947397014274,1.4489421095521409,-2.000000000000001
BTCUSDT,development,2994,3,0.6666666666666666,1.58756174217011,5.762685226510319,-1.0000000000000018
ETHUSDT,development,2994,1,0.0,-0.9999999999999997,0.0,0.0
BTCUSDT,development,2995,3,0.6666666666666666,1.59088807252874,5.772664217586214,-1.0000000000000018
ETHUSDT,development,2995,1,0.0,-0.9999999999999988,0.0,0.0
BTCUSDT,development,2996,3,0.6666666666666666,1.5957829772415586,5.787348931724676,-1.0
ETHUSDT,development,2996,1,0.0,-1.0000000000000004,0.0,0.0
BTCUSDT,development,2997,1,1.0,2.8130137890531457,inf,0.0
ETHUSDT,development,2997,0,,,,0.0
BTCUSDT,development,2998,1,1.0,2.8223449518249044,inf,0.0
ETHUSDT,development,2998,0,,,,0.0
BTCUSDT,development,2999,1,1.0,2.8359862352140017,inf,0.0
ETHUSDT,development,2999,0,,,,0.0
BTCUSDT,development,3000,5,0.4,0.5525370453020664,1.920895075503444,-1.0000000000000018
ETHUSDT,development,3000,1,0.0,-0.9999999999999997,0.0,0.0
BTCUSDT,development,3001,5,0.4,0.5545328435172442,1.9242214058620732,-1.0000000000000009
ETHUSDT,development,3001,1,0.0,-0.9999999999999988,0.0,0.0
BTCUSDT,development,3002,5,0.4,0.5574697863449349,1.929116310574891,-1.0000000000000013
ETHUSDT,development,3002,1,0.0,-1.0000000000000004,0.0,0.0
BTCUSDT,development,3003,4,0.5,0.9406713066275834,2.8813426132551685,-0.999999999999999
ETHUSDT,development,3003,1,0.0,-0.9999999999999997,0.0,0.0
BTCUSDT,development,3004,4,0.5,0.9431660543965554,2.886332108793111,-1.0000000000000009
ETHUSDT,development,3004,1,0.0,-0.9999999999999988,0.0,0.0
BTCUSDT,development,3005,4,0.5,0.946837232931169,2.893674465862338,-1.0000000000000009
ETHUSDT,development,3005,1,0.0,-1.0000000000000004,0.0,0.0
BTCUSDT,development,3006,2,1.0,2.881342613255166,inf,0.0
ETHUSDT,development,3006,1,0.0,-0.9999999999999997,0.0,0.0
BTCUSDT,development,3007,2,1.0,2.886332108793111,inf,0.0
ETHUSDT,development,3007,1,0.0,-0.9999999999999988,0.0,0.0
BTCUSDT,development,3008,2,1.0,2.893674465862338,inf,0.0
ETHUSDT,development,3008,1,0.0,-1.0000000000000004,0.0,0.0
BTCUSDT,development,3009,1,1.0,2.8130137890531457,inf,0.0
ETHUSDT,development,3009,0,,,,0.0
BTCUSDT,development,3010,1,1.0,2.8223449518249044,inf,0.0
ETHUSDT,development,3010,0,,,,0.0
BTCUSDT,development,3011,1,1.0,2.8359862352140017,inf,0.0
ETHUSDT,development,3011,0,,,,0.0
BTCUSDT,development,3012,4,0.5,0.9406713066275827,2.8813426132551645,-1.0000000000000018
ETHUSDT,development,3012,0,,,,0.0
BTCUSDT,development,3013,4,0.5,0.943166054396555,2.886332108793108,-1.0000000000000009
ETHUSDT,development,3013,0,,,,0.0
BTCUSDT,development,3014,4,0.5,0.9468372329311684,2.893674465862335,-1.0000000000000013
ETHUSDT,development,3014,0,,,,0.0
BTCUSDT,development,3015,3,0.6666666666666666,1.587561742170111,5.762685226510337,0.0
ETHUSDT,development,3015,0,,,,0.0
BTCUSDT,development,3016,3,0.6666666666666666,1.5908880725287402,5.772664217586216,0.0
ETHUSDT,development,3016,0,,,,0.0
BTCUSDT,development,3017,3,0.6666666666666666,1.5957829772415584,5.7873489317246705,0.0
ETHUSDT,development,3017,0,,,,0.0
BTCUSDT,development,3018,2,1.0,2.881342613255166,inf,0.0
ETHUSDT,development,3018,0,,,,0.0
BTCUSDT,development,3019,2,1.0,2.886332108793111,inf,0.0
ETHUSDT,development,3019,0,,,,0.0
BTCUSDT,development,3020,2,1.0,2.893674465862338,inf,0.0
ETHUSDT,development,3020,0,,,,0.0
BTCUSDT,development,3021,1,1.0,2.8130137890531457,inf,0.0
ETHUSDT,development,3021,0,,,,0.0
BTCUSDT,development,3022,1,1.0,2.8223449518249044,inf,0.0
ETHUSDT,development,3022,0,,,,0.0
BTCUSDT,development,3023,1,1.0,2.8359862352140017,inf,0.0
ETHUSDT,development,3023,0,,,,0.0
BTCUSDT,development,3024,20,0.3,0.15652311217501355,1.2236044459643052,-3.9999999999999987
ETHUSDT,development,3024,20,0.2,-0.22180175365072535,0.7227478079365934,-6.999999999999998
BTCUSDT,development,3025,20,0.3,0.1586759771191555,1.2266799673130788,-4.000000000000011
ETHUSDT,development,3025,20,0.2,-0.22115227687906397,0.7235596539011699,-6.999999999999995
BTCUSDT,development,3026,20,0.3,0.1617675758370539,1.2310965369100768,-4.000000000000007
ETHUSDT,development,3026,20,0.2,-0.2201534993473541,0.7248081258158074,-7.000000000000001
BTCUSDT,development,3027,10,0.4,0.5422204552145732,1.9037007586909556,-1.9999999999999998
ETHUSDT,development,3027,9,0.2222222222222222,-0.1382788615206976,0.8222128923305316,-4.999999999999999
BTCUSDT,development,3028,10,0.4,0.545372774355737,1.9089546239262283,-2.0000000000000018
ETHUSDT,development,3028,9,0.2222222222222222,-0.13738190657224447,0.8233661201213999,-4.999999999999998
BTCUSDT,development,3029,10,0.4,0.5498258128343204,1.916376354723868,-2.0000000000000018
ETHUSDT,development,3029,9,0.2222222222222222,-0.136012780596516,0.8251264249473367,-5.000000000000002
BTCUSDT,development,3030,7,0.5714285714285714,1.2031720788779612,3.80740151738191,-2.0
ETHUSDT,development,3030,4,0.0,-1.0,0.0,-3.000000000000001
BTCUSDT,development,3031,7,0.5714285714285714,1.207675391936767,3.8179092478524566,-2.0
ETHUSDT,development,3031,4,0.0,-0.9999999999999991,0.0,-2.999999999999997
BTCUSDT,development,3032,7,0.5714285714285714,1.214036875477601,3.8327527094477376,-1.9999999999999964
ETHUSDT,development,3032,4,0.0,-1.0000000000000002,0.0,-3.0000000000000018
BTCUSDT,development,3033,1,1.0,2.8130137890531457,inf,0.0
ETHUSDT,development,3033,2,0.0,-0.9999999999999999,0.0,-1.0000000000000009
BTCUSDT,development,3034,1,1.0,2.8223449518249044,inf,0.0
ETHUSDT,development,3034,2,0.0,-0.9999999999999989,0.0,-0.9999999999999981
BTCUSDT,development,3035,1,1.0,2.8359862352140017,inf,0.0
ETHUSDT,development,3035,2,0.0,-1.0,0.0,-1.000000000000001
BTCUSDT,development,3036,9,0.3333333333333333,0.28892343593537406,1.433385153903061,-2.9999999999999982
ETHUSDT,development,3036,9,0.1111111111111111,-0.567070545859526,0.36204563590803346,-8.000000000000002
BTCUSDT,development,3037,9,0.3333333333333333,0.2908159435258171,1.4362239152887248,-3.00000000000001
ETHUSDT,development,3037,9,0.1111111111111111,-0.5667520990677619,0.36240388854876754,-7.9999999999999964
BTCUSDT,development,3038,9,0.3333333333333333,0.29361269885759433,1.440419048286391,-3.000000000000007
ETHUSDT,development,3038,9,0.1111111111111111,-0.5662587704645882,0.3629588832273387,-8.000000000000007
BTCUSDT,development,3039,5,0.4,0.5525370453020668,1.9208950755034455,-0.9999999999999991
ETHUSDT,development,3039,3,0.0,-0.9999999999999999,0.0,-1.9999999999999991
BTCUSDT,development,3040,5,0.4,0.5545328435172443,1.924221405862074,-1.0000000000000009
ETHUSDT,development,3040,3,0.0,-0.9999999999999994,0.0,-1.9999999999999982
BTCUSDT,development,3041,5,0.4,0.5574697863449352,1.9291163105748919,-1.0000000000000009
ETHUSDT,development,3041,3,0.0,-1.0000000000000007,0.0,-2.0000000000000018
BTCUSDT,development,3042,2,1.0,2.881342613255166,inf,0.0
ETHUSDT,development,3042,2,0.0,-1.0,0.0,-0.9999999999999996
BTCUSDT,development,3043,2,1.0,2.886332108793111,inf,0.0
ETHUSDT,development,3043,2,0.0,-0.9999999999999993,0.0,-0.9999999999999988
BTCUSDT,development,3044,2,1.0,2.893674465862338,inf,0.0
ETHUSDT,development,3044,2,0.0,-1.0000000000000004,0.0,-1.0000000000000004
BTCUSDT,development,3045,1,1.0,2.8130137890531457,inf,0.0
ETHUSDT,development,3045,0,,,,0.0
BTCUSDT,development,3046,1,1.0,2.8223449518249044,inf,0.0
ETHUSDT,development,3046,0,,,,0.0
BTCUSDT,development,3047,1,1.0,2.8359862352140017,inf,0.0
ETHUSDT,development,3047,0,,,,0.0
BTCUSDT,development,3048,8,0.375,0.4500388654272957,1.7200621846836732,-2.9999999999999982
ETHUSDT,development,3048,8,0.125,-0.5129543640919666,0.41376644103775245,-6.000000000000003
BTCUSDT,development,3049,8,0.375,0.452167936466544,1.7234686983464689,-3.00000000000001
ETHUSDT,development,3049,8,0.125,-0.5125961114512323,0.41417587262716277,-5.999999999999998
BTCUSDT,development,3050,8,0.375,0.4553142862147936,1.728502857943668,-3.000000000000007
ETHUSDT,development,3050,8,0.125,-0.5120411167726612,0.414810152259816,-6.000000000000003
BTCUSDT,development,3051,4,0.5,0.9406713066275834,2.8813426132551685,-0.9999999999999991
ETHUSDT,development,3051,3,0.0,-0.9999999999999994,0.0,-1.9999999999999993
BTCUSDT,development,3052,4,0.5,0.9431660543965552,2.8863321087931095,-1.0
ETHUSDT,development,3052,3,0.0,-0.9999999999999996,0.0,-1.9999999999999991
BTCUSDT,development,3053,4,0.5,0.9468372329311687,2.8936744658623366,-1.0
ETHUSDT,development,3053,3,0.0,-0.9999999999999996,0.0,-1.9999999999999998
BTCUSDT,development,3054,2,1.0,2.881342613255166,inf,0.0
ETHUSDT,development,3054,2,0.0,-0.9999999999999997,0.0,-1.0000000000000004
BTCUSDT,development,3055,2,1.0,2.886332108793111,inf,0.0
ETHUSDT,development,3055,2,0.0,-0.9999999999999998,0.0,-0.9999999999999999
BTCUSDT,development,3056,2,1.0,2.893674465862338,inf,0.0
ETHUSDT,development,3056,2,0.0,-0.9999999999999997,0.0,-1.0000000000000004
BTCUSDT,development,3057,1,1.0,2.8130137890531457,inf,0.0
ETHUSDT,development,3057,1,0.0,-0.9999999999999989,0.0,0.0
BTCUSDT,development,3058,1,1.0,2.8223449518249044,inf,0.0
ETHUSDT,development,3058,1,0.0,-0.9999999999999997,0.0,0.0
BTCUSDT,development,3059,1,1.0,2.8359862352140017,inf,0.0
ETHUSDT,development,3059,1,0.0,-0.9999999999999989,0.0,0.0
BTCUSDT,development,3060,17,0.35294117647058826,0.3570043912657065,1.5517340592288194,-2.9999999999999987
ETHUSDT,development,3060,11,0.09090909090909091,-0.6463993012463164,0.28896076862905223,-10.000000000000004
BTCUSDT,development,3061,17,0.35294117647058826,0.36010351635999943,1.5565236161927263,-3.0
ETHUSDT,development,3061,11,0.09090909090909091,-0.6461032753494612,0.2892863971155922,-9.999999999999993
BTCUSDT,development,3062,17,0.35294117647058826,0.3644278210010884,1.5632066324562275,-2.9999999999999956
ETHUSDT,development,3062,11,0.09090909090909091,-0.6456468891723383,0.2897884219104281,-10.000000000000004
BTCUSDT,development,3063,9,0.3333333333333333,0.3002420284144406,1.450363042621661,-2.9999999999999987
ETHUSDT,development,3063,5,0.2,-0.2220784627418956,0.7224019215726306,-4.0
BTCUSDT,development,3064,9,0.3333333333333333,0.3014565531813045,1.4521848297719566,-2.999999999999999
ETHUSDT,development,3064,5,0.2,-0.2214272057688152,0.7232159927889807,-3.9999999999999964
BTCUSDT,development,3065,9,0.3333333333333333,0.3032572309443053,1.4548858464164582,-2.9999999999999964
ETHUSDT,development,3065,5,0.2,-0.22042315617914365,0.7244710547760707,-4.000000000000002
BTCUSDT,development,3066,6,0.5,0.9503630426216603,2.9007260852433205,-2.0
ETHUSDT,development,3066,2,0.0,-1.0000000000000002,0.0,-1.0000000000000009
BTCUSDT,development,3067,6,0.5,0.9521848297719565,2.9043696595439132,-2.0
ETHUSDT,development,3067,2,0.0,-0.9999999999999984,0.0,-0.9999999999999981
BTCUSDT,development,3068,6,0.5,0.9548858464164581,2.9097716928329174,-1.9999999999999964
ETHUSDT,development,3068,2,0.0,-1.0000000000000009,0.0,-1.0000000000000013
BTCUSDT,development,3069,1,1.0,2.8130137890531457,inf,0.0
ETHUSDT,development,3069,1,0.0,-1.0000000000000009,0.0,0.0
BTCUSDT,development,3070,1,1.0,2.8223449518249044,inf,0.0
ETHUSDT,development,3070,1,0.0,-0.9999999999999981,0.0,0.0
BTCUSDT,development,3071,1,1.0,2.8359862352140017,inf,0.0
ETHUSDT,development,3071,1,0.0,-1.000000000000001,0.0,0.0
BTCUSDT,development,3072,7,0.42857142857142855,0.6571872747740521,2.1500777308545915,-2.000000000000001
ETHUSDT,development,3072,6,0.0,-1.0,0.0,-5.0
BTCUSDT,development,3073,7,0.42857142857142855,0.6596204988189089,2.1543358729330904,-2.000000000000001
ETHUSDT,development,3073,6,0.0,-0.9999999999999994,0.0,-4.999999999999997
BTCUSDT,development,3074,7,0.42857142857142855,0.663216327102622,2.1606285724295886,-2.0000000000000018
ETHUSDT,development,3074,6,0.0,-1.0000000000000007,0.0,-5.000000000000005
BTCUSDT,development,3075,5,0.4,0.5525370453020668,1.9208950755034455,-0.9999999999999991
ETHUSDT,development,3075,1,0.0,-0.9999999999999997,0.0,0.0
BTCUSDT,development,3076,5,0.4,0.5545328435172443,1.924221405862074,-1.0000000000000009
ETHUSDT,development,3076,1,0.0,-0.9999999999999988,0.0,0.0
BTCUSDT,development,3077,5,0.4,0.5574697863449352,1.9291163105748919,-1.0000000000000009
ETHUSDT,development,3077,1,0.0,-1.0000000000000004,0.0,0.0
BTCUSDT,development,3078,2,1.0,2.881342613255166,inf,0.0
ETHUSDT,development,3078,1,0.0,-0.9999999999999997,0.0,0.0
BTCUSDT,development,3079,2,1.0,2.886332108793111,inf,0.0
ETHUSDT,development,3079,1,0.0,-0.9999999999999988,0.0,0.0
BTCUSDT,development,3080,2,1.0,2.893674465862338,inf,0.0
ETHUSDT,development,3080,1,0.0,-1.0000000000000004,0.0,0.0
BTCUSDT,development,3081,1,1.0,2.8130137890531457,inf,0.0
ETHUSDT,development,3081,0,,,,0.0
BTCUSDT,development,3082,1,1.0,2.8223449518249044,inf,0.0
ETHUSDT,development,3082,0,,,,0.0
BTCUSDT,development,3083,1,1.0,2.8359862352140017,inf,0.0
ETHUSDT,development,3083,0,,,,0.0
BTCUSDT,development,3084,6,0.5,0.9333851539030609,2.8667703078061213,-2.000000000000001
ETHUSDT,development,3084,5,0.0,-1.0000000000000004,0.0,-4.000000000000002
BTCUSDT,development,3085,6,0.5,0.9362239152887267,2.872447830577453,-2.000000000000001
ETHUSDT,development,3085,5,0.0,-0.9999999999999998,0.0,-4.0
BTCUSDT,development,3086,6,0.5,0.9404190482863924,2.880838096572784,-2.0000000000000018
ETHUSDT,development,3086,5,0.0,-1.0000000000000004,0.0,-4.0000000000000036
BTCUSDT,development,3087,4,0.5,0.9406713066275834,2.8813426132551685,-0.9999999999999991
ETHUSDT,development,3087,1,0.0,-0.9999999999999991,0.0,0.0
BTCUSDT,development,3088,4,0.5,0.9431660543965552,2.8863321087931095,-1.0
ETHUSDT,development,3088,1,0.0,-0.9999999999999991,0.0,0.0
BTCUSDT,development,3089,4,0.5,0.9468372329311687,2.8936744658623366,-1.0
ETHUSDT,development,3089,1,0.0,-0.9999999999999992,0.0,0.0
BTCUSDT,development,3090,2,1.0,2.881342613255166,inf,0.0
ETHUSDT,development,3090,0,,,,0.0
BTCUSDT,development,3091,2,1.0,2.886332108793111,inf,0.0
ETHUSDT,development,3091,0,,,,0.0
BTCUSDT,development,3092,2,1.0,2.893674465862338,inf,0.0
ETHUSDT,development,3092,0,,,,0.0
BTCUSDT,development,3093,1,1.0,2.8130137890531457,inf,0.0
ETHUSDT,development,3093,0,,,,0.0
BTCUSDT,development,3094,1,1.0,2.8223449518249044,inf,0.0
ETHUSDT,development,3094,0,,,,0.0
BTCUSDT,development,3095,1,1.0,2.8359862352140017,inf,0.0
ETHUSDT,development,3095,0,,,,0.0
BTCUSDT,development,3096,9,0.4444444444444444,0.7266448836264439,2.307960790527598,-3.0000000000000027
ETHUSDT,development,3096,5,0.2,-0.22207846274189585,0.7224019215726303,-4.000000000000002
BTCUSDT,development,3097,9,0.4444444444444444,0.728643139197542,2.311557650555575,-3.0000000000000027
ETHUSDT,development,3097,5,0.2,-0.2214272057688153,0.7232159927889806,-3.999999999999997
BTCUSDT,development,3098,9,0.4444444444444444,0.7316089373880472,2.316896087298485,-3.0
ETHUSDT,development,3098,5,0.2,-0.22042315617914365,0.7244710547760704,-4.000000000000002
BTCUSDT,development,3099,6,0.5,0.9503630426216603,2.90072608524332,-1.0000000000000018
ETHUSDT,development,3099,4,0.25,-0.027598078427369693,0.9632025620968404,-3.0000000000000013
BTCUSDT,development,3100,6,0.5,0.9521848297719563,2.904369659543912,-1.0000000000000018
ETHUSDT,development,3100,4,0.25,-0.0267840072110192,0.9642879903853077,-2.9999999999999973
BTCUSDT,development,3101,6,0.5,0.9548858464164575,2.909771692832915,-1.0000000000000009
ETHUSDT,development,3101,4,0.25,-0.025528945223929733,0.9659614063680938,-3.0000000000000018
BTCUSDT,development,3102,4,0.75,1.92554456393249,8.702178255729942,-1.0000000000000018
ETHUSDT,development,3102,2,0.0,-1.0000000000000002,0.0,-1.0000000000000009
BTCUSDT,development,3103,4,0.75,1.9282772446579344,8.713108978631727,-1.0000000000000018
ETHUSDT,development,3103,2,0.0,-0.9999999999999984,0.0,-0.9999999999999981
BTCUSDT,development,3104,4,0.75,1.9323287696246862,8.729315078498745,-1.0
ETHUSDT,development,3104,2,0.0,-1.0000000000000009,0.0,-1.0000000000000013
BTCUSDT,development,3105,1,1.0,2.8130137890531457,inf,0.0
ETHUSDT,development,3105,1,0.0,-1.0000000000000009,0.0,0.0
BTCUSDT,development,3106,1,1.0,2.8223449518249044,inf,0.0
ETHUSDT,development,3106,1,0.0,-0.9999999999999981,0.0,0.0
BTCUSDT,development,3107,1,1.0,2.8359862352140017,inf,0.0
ETHUSDT,development,3107,1,0.0,-1.000000000000001,0.0,0.0
BTCUSDT,development,3108,6,0.5,0.9333851539030608,2.8667703078061213,-1.0000000000000018
ETHUSDT,development,3108,1,0.0,-0.9999999999999997,0.0,0.0
BTCUSDT,development,3109,6,0.5,0.9362239152887271,2.8724478305774537,-1.0000000000000009
ETHUSDT,development,3109,1,0.0,-0.9999999999999988,0.0,0.0
BTCUSDT,development,3110,6,0.5,0.9404190482863924,2.8808380965727842,-1.0000000000000018
ETHUSDT,development,3110,1,0.0,-1.0000000000000004,0.0,0.0
BTCUSDT,development,3111,4,0.5,0.9406713066275834,2.8813426132551685,-0.999999999999999
ETHUSDT,development,3111,1,0.0,-0.9999999999999997,0.0,0.0
BTCUSDT,development,3112,4,0.5,0.9431660543965554,2.886332108793111,-1.0000000000000009
ETHUSDT,development,3112,1,0.0,-0.9999999999999988,0.0,0.0
BTCUSDT,development,3113,4,0.5,0.946837232931169,2.893674465862338,-1.0000000000000009
ETHUSDT,development,3113,1,0.0,-1.0000000000000004,0.0,0.0
BTCUSDT,development,3114,2,1.0,2.881342613255166,inf,0.0
ETHUSDT,development,3114,1,0.0,-0.9999999999999997,0.0,0.0
BTCUSDT,development,3115,2,1.0,2.886332108793111,inf,0.0
ETHUSDT,development,3115,1,0.0,-0.9999999999999988,0.0,0.0
BTCUSDT,development,3116,2,1.0,2.893674465862338,inf,0.0
ETHUSDT,development,3116,1,0.0,-1.0000000000000004,0.0,0.0
BTCUSDT,development,3117,1,1.0,2.8130137890531457,inf,0.0
ETHUSDT,development,3117,0,,,,0.0
BTCUSDT,development,3118,1,1.0,2.8223449518249044,inf,0.0
ETHUSDT,development,3118,0,,,,0.0
BTCUSDT,development,3119,1,1.0,2.8359862352140017,inf,0.0
ETHUSDT,development,3119,0,,,,0.0
BTCUSDT,development,3120,5,0.6,1.3200621846836729,4.30015546170918,-1.0000000000000018
ETHUSDT,development,3120,0,,,,0.0
BTCUSDT,development,3121,5,0.6,1.323468698346472,4.308671745866178,-1.0000000000000009
ETHUSDT,development,3121,0,,,,0.0
BTCUSDT,development,3122,5,0.6,1.3285028579436708,4.321257144859174,-1.0000000000000018
ETHUSDT,development,3122,0,,,,0.0
BTCUSDT,development,3123,3,0.6666666666666666,1.587561742170111,5.762685226510337,0.0
ETHUSDT,development,3123,0,,,,0.0
BTCUSDT,development,3124,3,0.6666666666666666,1.5908880725287402,5.772664217586216,0.0
ETHUSDT,development,3124,0,,,,0.0
BTCUSDT,development,3125,3,0.6666666666666666,1.5957829772415584,5.7873489317246705,0.0
ETHUSDT,development,3125,0,,,,0.0
BTCUSDT,development,3126,2,1.0,2.881342613255166,inf,0.0
ETHUSDT,development,3126,0,,,,0.0
BTCUSDT,development,3127,2,1.0,2.886332108793111,inf,0.0
ETHUSDT,development,3127,0,,,,0.0
BTCUSDT,development,3128,2,1.0,2.893674465862338,inf,0.0
ETHUSDT,development,3128,0,,,,0.0
BTCUSDT,development,3129,1,1.0,2.8130137890531457,inf,0.0
ETHUSDT,development,3129,0,,,,0.0
BTCUSDT,development,3130,1,1.0,2.8223449518249044,inf,0.0
ETHUSDT,development,3130,0,,,,0.0
BTCUSDT,development,3131,1,1.0,2.8359862352140017,inf,0.0
ETHUSDT,development,3131,0,,,,0.0
BTCUSDT,development,3132,25,0.36,0.37926625248923274,1.5926035195144261,-5.0
ETHUSDT,development,3132,27,0.2222222222222222,-0.139929586502249,0.8200905316399656,-10.222007846569278
BTCUSDT,development,3133,25,0.36,0.38261424784810744,1.5978347622626674,-5.0
ETHUSDT,development,3133,27,0.2222222222222222,-0.1388682354646797,0.8214551258311259,-10.215140617127329
BTCUSDT,development,3134,25,0.36,0.3873594827140745,1.605249191740741,-4.999999999999994
ETHUSDT,development,3134,27,0.2222222222222222,-0.13727121103578543,0.82350844295399,-10.204625271870068
BTCUSDT,development,3135,12,0.3333333333333333,0.28518371267881076,1.4277755690182161,-2.999999999999999
ETHUSDT,development,3135,11,0.2727272727272727,0.05247089969363173,1.0721474870787435,-5.134117439976798
BTCUSDT,development,3136,12,0.3333333333333333,0.28781064529644756,1.4317159679446714,-2.9999999999999987
ETHUSDT,development,3136,11,0.2727272727272727,0.05397693331468483,1.0742182833076916,-5.12930113030612
BTCUSDT,development,3137,12,0.3333333333333333,0.29152151069526716,1.4372822660429012,-2.999999999999995
ETHUSDT,development,3137,11,0.2727272727272727,0.05623261239286767,1.077319842040193,-5.121999244472924
BTCUSDT,development,3138,7,0.5714285714285714,1.2031720788779612,3.80740151738191,-2.0
ETHUSDT,development,3138,5,0.2,-0.23566206993675518,0.705422412579056,-3.000000000000001
BTCUSDT,development,3139,7,0.5714285714285714,1.207675391936767,3.8179092478524566,-2.0
ETHUSDT,development,3139,5,0.2,-0.23396331487765282,0.7075458564029338,-2.999999999999997
BTCUSDT,development,3140,7,0.5714285714285714,1.214036875477601,3.8327527094477376,-1.9999999999999964
ETHUSDT,development,3140,5,0.2,-0.23146524766196314,0.7106684404225462,-3.0000000000000018
BTCUSDT,development,3141,1,1.0,2.8130137890531457,inf,0.0
ETHUSDT,development,3141,2,0.0,-0.9999999999999999,0.0,-1.0000000000000009
BTCUSDT,development,3142,1,1.0,2.8223449518249044,inf,0.0
ETHUSDT,development,3142,2,0.0,-0.9999999999999989,0.0,-0.9999999999999981
BTCUSDT,development,3143,1,1.0,2.8359862352140017,inf,0.0
ETHUSDT,development,3143,2,0.0,-1.0,0.0,-1.000000000000001
BTCUSDT,development,3144,12,0.5,0.91262541601241,2.82525083202482,-2.9999999999999982
ETHUSDT,development,3144,14,0.14285714285714285,-0.4476705946855853,0.4777176395334839,-11.000000000000002
BTCUSDT,development,3145,12,0.5,0.9174316787959941,2.8348633575919857,-3.0000000000000098
ETHUSDT,development,3145,14,0.14285714285714285,-0.4469535097990483,0.47855423856777696,-10.999999999999996
BTCUSDT,development,3146,12,0.5,0.9242624867357611,2.8485249734715197,-3.000000000000006
ETHUSDT,development,3146,14,0.14285714285714285,-0.4458753862064727,0.4798120494257822,-11.00000000000001
BTCUSDT,development,3147,5,0.4,0.5525370453020668,1.9208950755034455,-0.9999999999999991
ETHUSDT,development,3147,3,0.0,-0.9999999999999999,0.0,-1.9999999999999991
BTCUSDT,development,3148,5,0.4,0.5545328435172443,1.924221405862074,-1.0000000000000009
ETHUSDT,development,3148,3,0.0,-0.9999999999999994,0.0,-1.9999999999999982
BTCUSDT,development,3149,5,0.4,0.5574697863449352,1.9291163105748919,-1.0000000000000009
ETHUSDT,development,3149,3,0.0,-1.0000000000000007,0.0,-2.0000000000000018
BTCUSDT,development,3150,2,1.0,2.881342613255166,inf,0.0
ETHUSDT,development,3150,2,0.0,-1.0,0.0,-0.9999999999999996
BTCUSDT,development,3151,2,1.0,2.886332108793111,inf,0.0
ETHUSDT,development,3151,2,0.0,-0.9999999999999993,0.0,-0.9999999999999988
BTCUSDT,development,3152,2,1.0,2.893674465862338,inf,0.0
ETHUSDT,development,3152,2,0.0,-1.0000000000000004,0.0,-1.0000000000000004
BTCUSDT,development,3153,1,1.0,2.8130137890531457,inf,0.0
ETHUSDT,development,3153,0,,,,0.0
BTCUSDT,development,3154,1,1.0,2.8223449518249044,inf,0.0
ETHUSDT,development,3154,0,,,,0.0
BTCUSDT,development,3155,1,1.0,2.8359862352140017,inf,0.0
ETHUSDT,development,3155,0,,,,0.0
BTCUSDT,development,3156,11,0.5454545454545454,1.08650045383172,3.3903009984297836,-2.9999999999999982
ETHUSDT,development,3156,10,0.2,-0.22673883255981947,0.7165764593002258,-7.000000000000003
BTCUSDT,development,3157,11,0.5454545454545454,1.0917436495956299,3.401836029110381,-3.0000000000000107
ETHUSDT,development,3157,10,0.2,-0.22573491371866786,0.7178313578516653,-7.000000000000001
BTCUSDT,development,3158,11,0.5454545454545454,1.0991954400753756,3.418229968165822,-3.000000000000006
ETHUSDT,development,3158,10,0.2,-0.2242255406890609,0.7197180741386738,-7.000000000000003
BTCUSDT,development,3159,4,0.5,0.9406713066275834,2.8813426132551685,-0.9999999999999991
ETHUSDT,development,3159,3,0.0,-0.9999999999999994,0.0,-1.9999999999999993
BTCUSDT,development,3160,4,0.5,0.9431660543965552,2.8863321087931095,-1.0
ETHUSDT,development,3160,3,0.0,-0.9999999999999996,0.0,-1.9999999999999991
BTCUSDT,development,3161,4,0.5,0.9468372329311687,2.8936744658623366,-1.0
ETHUSDT,development,3161,3,0.0,-0.9999999999999996,0.0,-1.9999999999999998
BTCUSDT,development,3162,2,1.0,2.881342613255166,inf,0.0
ETHUSDT,development,3162,2,0.0,-0.9999999999999997,0.0,-1.0000000000000004
BTCUSDT,development,3163,2,1.0,2.886332108793111,inf,0.0
ETHUSDT,development,3163,2,0.0,-0.9999999999999998,0.0,-0.9999999999999999
BTCUSDT,development,3164,2,1.0,2.893674465862338,inf,0.0
ETHUSDT,development,3164,2,0.0,-0.9999999999999997,0.0,-1.0000000000000004
BTCUSDT,development,3165,1,1.0,2.8130137890531457,inf,0.0
ETHUSDT,development,3165,1,0.0,-0.9999999999999989,0.0,0.0
BTCUSDT,development,3166,1,1.0,2.8223449518249044,inf,0.0
ETHUSDT,development,3166,1,0.0,-0.9999999999999997,0.0,0.0
BTCUSDT,development,3167,1,1.0,2.8359862352140017,inf,0.0
ETHUSDT,development,3167,1,0.0,-0.9999999999999989,0.0,0.0
BTCUSDT,development,3168,19,0.3684210526315789,0.41677007085523704,1.6598859455207924,-3.0000000000000027
ETHUSDT,development,3168,15,0.13333333333333333,-0.4859135108928834,0.43933056435436507,-11.999999999999998
BTCUSDT,development,3169,19,0.3684210526315789,0.4198618771091665,1.6647813054228469,-3.0000000000000027
ETHUSDT,development,3169,15,0.13333333333333333,-0.48513017354882293,0.44023441513597344,-11.999999999999995
BTCUSDT,development,3170,19,0.3684210526315789,0.4242090059133711,1.6716642593628375,-3.000000000000001
ETHUSDT,development,3170,15,0.13333333333333333,-0.48396280128036917,0.4415813831380358,-12.000000000000005
BTCUSDT,development,3171,10,0.3,0.1702178255729962,1.2431683222471372,-2.9999999999999982
ETHUSDT,development,3171,6,0.3333333333333333,0.285216222767791,1.4278243341516865,-4.0
BTCUSDT,development,3172,10,0.3,0.17131089786317408,1.2447298540902485,-2.999999999999999
ETHUSDT,development,3172,6,0.3333333333333333,0.28717456612794273,1.4307618491919145,-3.9999999999999964
BTCUSDT,development,3173,10,0.3,0.17293150784987482,1.2470450112141072,-2.9999999999999964
ETHUSDT,development,3173,6,0.3333333333333333,0.2900929967990778,1.435139495198617,-4.000000000000002
BTCUSDT,development,3174,6,0.5,0.9503630426216603,2.9007260852433205,-2.0
ETHUSDT,development,3174,3,0.3333333333333333,0.27389655010540787,1.4108448251581118,-1.0000000000000009
BTCUSDT,development,3175,6,0.5,0.9521848297719565,2.9043696595439132,-2.0
ETHUSDT,development,3175,3,0.3333333333333333,0.27672780853724516,1.4150917128058684,-0.9999999999999981
BTCUSDT,development,3176,6,0.5,0.9548858464164581,2.9097716928329174,-1.9999999999999964
ETHUSDT,development,3176,3,0.3333333333333333,0.2808912538967278,1.4213368808450912,-1.0000000000000013
BTCUSDT,development,3177,1,1.0,2.8130137890531457,inf,0.0
ETHUSDT,development,3177,1,0.0,-1.0000000000000009,0.0,0.0
BTCUSDT,development,3178,1,1.0,2.8223449518249044,inf,0.0
ETHUSDT,development,3178,1,0.0,-0.9999999999999981,0.0,0.0
BTCUSDT,development,3179,1,1.0,2.8359862352140017,inf,0.0
ETHUSDT,development,3179,1,0.0,-1.000000000000001,0.0,0.0
BTCUSDT,development,3180,8,0.5,0.9312334522688575,2.862466904537715,-2.000000000000001
ETHUSDT,development,3180,9,0.0,-0.9999999999999998,0.0,-7.999999999999999
BTCUSDT,development,3181,8,0.5,0.934119922335817,2.8682398446716335,-2.0
ETHUSDT,development,3181,9,0.0,-0.9999999999999998,0.0,-7.9999999999999964
BTCUSDT,development,3182,8,0.5,0.9384015556317379,2.8768031112634755,-2.0000000000000018
ETHUSDT,development,3182,9,0.0,-1.0000000000000004,0.0,-8.000000000000004
BTCUSDT,development,3183,5,0.4,0.5525370453020668,1.9208950755034455,-0.9999999999999991
ETHUSDT,development,3183,1,0.0,-0.9999999999999997,0.0,0.0
BTCUSDT,development,3184,5,0.4,0.5545328435172443,1.924221405862074,-1.0000000000000009
ETHUSDT,development,3184,1,0.0,-0.9999999999999988,0.0,0.0
BTCUSDT,development,3185,5,0.4,0.5574697863449352,1.9291163105748919,-1.0000000000000009
ETHUSDT,development,3185,1,0.0,-1.0000000000000004,0.0,0.0
BTCUSDT,development,3186,2,1.0,2.881342613255166,inf,0.0
ETHUSDT,development,3186,1,0.0,-0.9999999999999997,0.0,0.0
BTCUSDT,development,3187,2,1.0,2.886332108793111,inf,0.0
ETHUSDT,development,3187,1,0.0,-0.9999999999999988,0.0,0.0
BTCUSDT,development,3188,2,1.0,2.893674465862338,inf,0.0
ETHUSDT,development,3188,1,0.0,-1.0000000000000004,0.0,0.0
BTCUSDT,development,3189,1,1.0,2.8130137890531457,inf,0.0
ETHUSDT,development,3189,0,,,,0.0
BTCUSDT,development,3190,1,1.0,2.8223449518249044,inf,0.0
ETHUSDT,development,3190,0,,,,0.0
BTCUSDT,development,3191,1,1.0,2.8359862352140017,inf,0.0
ETHUSDT,development,3191,0,,,,0.0
BTCUSDT,development,3192,7,0.5714285714285714,1.2071239454501228,3.8166225393836193,-2.0
ETHUSDT,development,3192,5,0.0,-1.0000000000000004,0.0,-4.000000000000002
BTCUSDT,development,3193,7,0.5714285714285714,1.210422768383791,3.8243197928955097,-2.0
ETHUSDT,development,3193,5,0.0,-0.9999999999999998,0.0,-4.0
BTCUSDT,development,3194,7,0.5714285714285714,1.215316063579129,3.8357374816846326,-2.0000000000000018
ETHUSDT,development,3194,5,0.0,-1.0000000000000004,0.0,-4.0000000000000036
BTCUSDT,development,3195,4,0.5,0.9406713066275834,2.8813426132551685,-0.9999999999999991
ETHUSDT,development,3195,1,0.0,-0.9999999999999991,0.0,0.0
BTCUSDT,development,3196,4,0.5,0.9431660543965552,2.8863321087931095,-1.0
ETHUSDT,development,3196,1,0.0,-0.9999999999999991,0.0,0.0
BTCUSDT,development,3197,4,0.5,0.9468372329311687,2.8936744658623366,-1.0
ETHUSDT,development,3197,1,0.0,-0.9999999999999992,0.0,0.0
BTCUSDT,development,3198,2,1.0,2.881342613255166,inf,0.0
ETHUSDT,development,3198,0,,,,0.0
BTCUSDT,development,3199,2,1.0,2.886332108793111,inf,0.0
ETHUSDT,development,3199,0,,,,0.0
BTCUSDT,development,3200,2,1.0,2.893674465862338,inf,0.0
ETHUSDT,development,3200,0,,,,0.0
BTCUSDT,development,3201,1,1.0,2.8130137890531457,inf,0.0
ETHUSDT,development,3201,0,,,,0.0
BTCUSDT,development,3202,1,1.0,2.8223449518249044,inf,0.0
ETHUSDT,development,3202,0,,,,0.0
BTCUSDT,development,3203,1,1.0,2.8359862352140017,inf,0.0
ETHUSDT,development,3203,0,,,,0.0
BTCUSDT,development,3204,9,0.4444444444444444,0.7266448836264439,2.307960790527598,-3.0000000000000027
ETHUSDT,development,3204,5,0.2,-0.22207846274189585,0.7224019215726303,-4.000000000000002
BTCUSDT,development,3205,9,0.4444444444444444,0.728643139197542,2.311557650555575,-3.0000000000000027
ETHUSDT,development,3205,5,0.2,-0.2214272057688153,0.7232159927889806,-3.999999999999997
BTCUSDT,development,3206,9,0.4444444444444444,0.7316089373880472,2.316896087298485,-3.0
ETHUSDT,development,3206,5,0.2,-0.22042315617914365,0.7244710547760704,-4.000000000000002
BTCUSDT,development,3207,6,0.5,0.9503630426216603,2.90072608524332,-1.0000000000000018
ETHUSDT,development,3207,4,0.25,-0.027598078427369693,0.9632025620968404,-3.0000000000000013
BTCUSDT,development,3208,6,0.5,0.9521848297719563,2.904369659543912,-1.0000000000000018
ETHUSDT,development,3208,4,0.25,-0.0267840072110192,0.9642879903853077,-2.9999999999999973
BTCUSDT,development,3209,6,0.5,0.9548858464164575,2.909771692832915,-1.0000000000000009
ETHUSDT,development,3209,4,0.25,-0.025528945223929733,0.9659614063680938,-3.0000000000000018
BTCUSDT,development,3210,4,0.75,1.92554456393249,8.702178255729942,-1.0000000000000018
ETHUSDT,development,3210,2,0.0,-1.0000000000000002,0.0,-1.0000000000000009
BTCUSDT,development,3211,4,0.75,1.9282772446579344,8.713108978631727,-1.0000000000000018
ETHUSDT,development,3211,2,0.0,-0.9999999999999984,0.0,-0.9999999999999981
BTCUSDT,development,3212,4,0.75,1.9323287696246862,8.729315078498745,-1.0
ETHUSDT,development,3212,2,0.0,-1.0000000000000009,0.0,-1.0000000000000013
BTCUSDT,development,3213,1,1.0,2.8130137890531457,inf,0.0
ETHUSDT,development,3213,1,0.0,-1.0000000000000009,0.0,0.0
BTCUSDT,development,3214,1,1.0,2.8223449518249044,inf,0.0
ETHUSDT,development,3214,1,0.0,-0.9999999999999981,0.0,0.0
BTCUSDT,development,3215,1,1.0,2.8359862352140017,inf,0.0
ETHUSDT,development,3215,1,0.0,-1.000000000000001,0.0,0.0
BTCUSDT,development,3216,6,0.5,0.9333851539030608,2.8667703078061213,-1.0000000000000018
ETHUSDT,development,3216,1,0.0,-0.9999999999999997,0.0,0.0
BTCUSDT,development,3217,6,0.5,0.9362239152887271,2.8724478305774537,-1.0000000000000009
ETHUSDT,development,3217,1,0.0,-0.9999999999999988,0.0,0.0
BTCUSDT,development,3218,6,0.5,0.9404190482863924,2.8808380965727842,-1.0000000000000018
ETHUSDT,development,3218,1,0.0,-1.0000000000000004,0.0,0.0
BTCUSDT,development,3219,4,0.5,0.9406713066275834,2.8813426132551685,-0.999999999999999
ETHUSDT,development,3219,1,0.0,-0.9999999999999997,0.0,0.0
BTCUSDT,development,3220,4,0.5,0.9431660543965554,2.886332108793111,-1.0000000000000009
ETHUSDT,development,3220,1,0.0,-0.9999999999999988,0.0,0.0
BTCUSDT,development,3221,4,0.5,0.946837232931169,2.893674465862338,-1.0000000000000009
ETHUSDT,development,3221,1,0.0,-1.0000000000000004,0.0,0.0
BTCUSDT,development,3222,2,1.0,2.881342613255166,inf,0.0
ETHUSDT,development,3222,1,0.0,-0.9999999999999997,0.0,0.0
BTCUSDT,development,3223,2,1.0,2.886332108793111,inf,0.0
ETHUSDT,development,3223,1,0.0,-0.9999999999999988,0.0,0.0
BTCUSDT,development,3224,2,1.0,2.893674465862338,inf,0.0
ETHUSDT,development,3224,1,0.0,-1.0000000000000004,0.0,0.0
BTCUSDT,development,3225,1,1.0,2.8130137890531457,inf,0.0
ETHUSDT,development,3225,0,,,,0.0
BTCUSDT,development,3226,1,1.0,2.8223449518249044,inf,0.0
ETHUSDT,development,3226,0,,,,0.0
BTCUSDT,development,3227,1,1.0,2.8359862352140017,inf,0.0
ETHUSDT,development,3227,0,,,,0.0
BTCUSDT,development,3228,5,0.6,1.3200621846836729,4.30015546170918,-1.0000000000000018
ETHUSDT,development,3228,0,,,,0.0
BTCUSDT,development,3229,5,0.6,1.323468698346472,4.308671745866178,-1.0000000000000009
ETHUSDT,development,3229,0,,,,0.0
BTCUSDT,development,3230,5,0.6,1.3285028579436708,4.321257144859174,-1.0000000000000018
ETHUSDT,development,3230,0,,,,0.0
BTCUSDT,development,3231,3,0.6666666666666666,1.587561742170111,5.762685226510337,0.0
ETHUSDT,development,3231,0,,,,0.0
BTCUSDT,development,3232,3,0.6666666666666666,1.5908880725287402,5.772664217586216,0.0
ETHUSDT,development,3232,0,,,,0.0
BTCUSDT,development,3233,3,0.6666666666666666,1.5957829772415584,5.7873489317246705,0.0
ETHUSDT,development,3233,0,,,,0.0
BTCUSDT,development,3234,2,1.0,2.881342613255166,inf,0.0
ETHUSDT,development,3234,0,,,,0.0
BTCUSDT,development,3235,2,1.0,2.886332108793111,inf,0.0
ETHUSDT,development,3235,0,,,,0.0
BTCUSDT,development,3236,2,1.0,2.893674465862338,inf,0.0
ETHUSDT,development,3236,0,,,,0.0
BTCUSDT,development,3237,1,1.0,2.8130137890531457,inf,0.0
ETHUSDT,development,3237,0,,,,0.0
BTCUSDT,development,3238,1,1.0,2.8223449518249044,inf,0.0
ETHUSDT,development,3238,0,,,,0.0
BTCUSDT,development,3239,1,1.0,2.8359862352140017,inf,0.0
ETHUSDT,development,3239,0,,,,0.0
BTCUSDT,development,3240,24,0.20833333333333334,-0.2002310574376144,0.7470765590261714,-8.000000000000002
ETHUSDT,development,3240,25,0.32,0.24420554807420192,1.3591258059914735,-6.999999999999998
BTCUSDT,development,3241,24,0.20833333333333334,-0.19826386711880248,0.7495614310078285,-7.999999999999998
ETHUSDT,development,3241,25,0.32,0.2453601479120395,1.36082374692947,-6.999999999999995
BTCUSDT,development,3242,24,0.20833333333333334,-0.19553692194571184,0.7530059933317323,-7.999999999999999
ETHUSDT,development,3242,25,0.36,0.40447595755853755,1.6319936836852151,-7.0
BTCUSDT,development,3243,11,0.2727272727272727,0.060471265692568804,1.083147990327282,-4.000000000000001
ETHUSDT,development,3243,14,0.35714285714285715,0.38674418841234476,1.6016020708636478,-2.9999999999999996
BTCUSDT,development,3244,11,0.2727272727272727,0.06160869670969455,1.0847119579758302,-3.9999999999999973
ETHUSDT,development,3244,14,0.35714285714285715,0.3881898428511733,1.6038508666573812,-2.9999999999999987
BTCUSDT,development,3245,11,0.2727272727272727,0.06330194116153011,1.0870401690971039,-3.999999999999999
ETHUSDT,development,3245,14,0.35714285714285715,0.3903713169712405,1.6072442708441521,-3.000000000000002
BTCUSDT,development,3246,7,0.2857142857142857,0.10895503235861868,1.152537045302066,-2.000000000000002
ETHUSDT,development,3246,7,0.42857142857142855,0.6655611987798722,2.164732097864777,-2.0
BTCUSDT,development,3247,7,0.2857142857142857,0.11038060251231796,1.154532843517245,-1.9999999999999991
ETHUSDT,development,3247,7,0.42857142857142855,0.6672992798666616,2.1677737397666585,-1.9999999999999987
BTCUSDT,development,3248,7,0.2857142857142857,0.11247841881781165,1.1574697863449364,-1.999999999999998
ETHUSDT,development,3248,7,0.42857142857142855,0.6699019232808586,2.172328365741503,-2.000000000000001
BTCUSDT,development,3249,2,0.5,0.9065068945265731,2.813013789053147,0.0
ETHUSDT,development,3249,4,0.5,0.960105027371629,2.9202100547432606,-0.9999999999999982
BTCUSDT,development,3250,2,0.5,0.9111724759124522,2.822344951824905,0.0
ETHUSDT,development,3250,4,0.5,0.9609475451009188,2.921895090201839,-0.9999999999999991
BTCUSDT,development,3251,2,0.5,0.917993117607001,2.835986235214002,0.0
ETHUSDT,development,3251,4,0.5,0.9622752757862045,2.924550551572412,-0.9999999999999982
BTCUSDT,development,3252,9,0.2222222222222222,-0.13747941927662993,0.823240746644333,-3.0000000000000018
ETHUSDT,development,3252,14,0.2857142857142857,0.11564504144008783,1.161903058016123,-7.999999999999997
BTCUSDT,development,3253,9,0.2222222222222222,-0.1363706424904194,0.824666316798032,-2.9999999999999996
ETHUSDT,development,3253,14,0.2857142857142857,0.1163553975078185,1.162897556510946,-7.999999999999993
BTCUSDT,development,3254,9,0.2222222222222222,-0.13473900758614665,0.8267641331035255,-2.999999999999999
ETHUSDT,development,3254,14,0.2857142857142857,0.11745818833833345,1.1644414636736669,-8.000000000000005
BTCUSDT,development,3255,7,0.2857142857142857,0.10895503235861882,1.1525370453020662,-3.0000000000000018
ETHUSDT,development,3255,7,0.2857142857142857,0.12006001564093084,1.1680840218973032,-3.9999999999999987
BTCUSDT,development,3256,7,0.2857142857142857,0.11038060251231786,1.154532843517245,-2.999999999999998
ETHUSDT,development,3256,7,0.2857142857142857,0.12054145434338259,1.168758036080736,-3.9999999999999973
BTCUSDT,development,3257,7,0.2857142857142857,0.11247841881781111,1.1574697863449355,-2.999999999999999
ETHUSDT,development,3257,7,0.2857142857142857,0.1213001575921165,1.1698202206289632,-4.000000000000002
BTCUSDT,development,3258,4,0.5,0.9406713066275824,2.8813426132551627,-1.0000000000000002
ETHUSDT,development,3258,5,0.4,0.5680840218973029,1.9468067031621719,-2.0
BTCUSDT,development,3259,4,0.5,0.9431660543965562,2.8863321087931153,-0.999999999999996
ETHUSDT,development,3259,5,0.4,0.5687580360807354,1.9479300601345595,-1.9999999999999987
BTCUSDT,development,3260,4,0.5,0.9468372329311695,2.893674465862341,-0.9999999999999962
ETHUSDT,development,3260,5,0.4,0.5698202206289633,1.9497003677149392,-2.000000000000001
BTCUSDT,development,3261,1,1.0,2.8130137890531457,inf,0.0
ETHUSDT,development,3261,3,0.6666666666666666,1.613473369828838,5.840420109486523,-0.9999999999999982
BTCUSDT,development,3262,1,1.0,2.8223449518249044,inf,0.0
ETHUSDT,development,3262,3,0.6666666666666666,1.6145967268012251,5.843790180403681,-0.9999999999999991
BTCUSDT,development,3263,1,1.0,2.8359862352140017,inf,0.0
ETHUSDT,development,3263,3,0.6666666666666666,1.6163670343816057,5.849101103144827,-0.9999999999999982
BTCUSDT,development,3264,8,0.25,-0.02966434668620871,0.9604475377517218,-3.0000000000000004
ETHUSDT,development,3264,14,0.2857142857142857,0.1156450414400878,1.161903058016123,-5.0
BTCUSDT,development,3265,8,0.25,-0.02841697280172198,0.9621107029310374,-2.9999999999999996
ETHUSDT,development,3265,14,0.2857142857142857,0.11635539750781813,1.1628975565109456,-4.9999999999999964
BTCUSDT,development,3266,8,0.25,-0.026581383534415137,0.9645581552874465,-2.999999999999998
ETHUSDT,development,3266,14,0.2857142857142857,0.11745818833833375,1.1644414636736673,-5.000000000000002
BTCUSDT,development,3267,6,0.3333333333333333,0.2937808710850553,1.440671306627583,-1.999999999999999
ETHUSDT,development,3267,8,0.25,-0.019947486314185442,0.9734033515810859,-1.9999999999999996
BTCUSDT,development,3268,6,0.3333333333333333,0.2954440362643707,1.4431660543965563,-1.999999999999997
ETHUSDT,development,3268,8,0.25,-0.01952622744954058,0.9739650300672792,-1.9999999999999987
BTCUSDT,development,3269,6,0.3333333333333333,0.29789148862077947,1.4468372329311692,-1.9999999999999976
ETHUSDT,development,3269,8,0.25,-0.01886236210689765,0.9748501838574698,-2.0
BTCUSDT,development,3270,4,0.5,0.9406713066275824,2.8813426132551627,-1.0000000000000002
ETHUSDT,development,3270,5,0.4,0.568084021897303,1.9468067031621725,-1.0000000000000004
BTCUSDT,development,3271,4,0.5,0.9431660543965562,2.8863321087931153,-0.999999999999996
ETHUSDT,development,3271,5,0.4,0.5687580360807352,1.947930060134559,-0.9999999999999999
BTCUSDT,development,3272,4,0.5,0.9468372329311695,2.893674465862341,-0.9999999999999962
ETHUSDT,development,3272,5,0.4,0.5698202206289636,1.9497003677149403,-1.0000000000000004
BTCUSDT,development,3273,1,1.0,2.8130137890531457,inf,0.0
ETHUSDT,development,3273,4,0.5,0.960105027371629,2.9202100547432606,-0.9999999999999982
BTCUSDT,development,3274,1,1.0,2.8223449518249044,inf,0.0
ETHUSDT,development,3274,4,0.5,0.9609475451009188,2.921895090201839,-0.9999999999999991
BTCUSDT,development,3275,1,1.0,2.8359862352140017,inf,0.0
ETHUSDT,development,3275,4,0.5,0.9622752757862045,2.924550551572412,-0.9999999999999982
BTCUSDT,development,3276,22,0.22727272727272727,-0.12752478993194288,0.8349679189116035,-8.000000000000002
ETHUSDT,development,3276,17,0.23529411764705882,-0.0816309894595598,0.8932517830144219,-7.999999999999999
BTCUSDT,development,3277,22,0.22727272727272727,-0.1253787641296025,0.8377451287734555,-7.999999999999998
ETHUSDT,development,3277,17,0.23529411764705882,-0.08102303365439777,0.894046802144249,-7.999999999999995
BTCUSDT,development,3278,22,0.22727272727272727,-0.12240391484986744,0.8415949337237009,-7.999999999999999
ETHUSDT,development,3278,17,0.29411764705882354,0.15133181089374143,1.214386732099467,-8.000000000000002
BTCUSDT,development,3279,11,0.2727272727272727,0.060471265692568804,1.083147990327282,-4.000000000000001
ETHUSDT,development,3279,9,0.3333333333333333,0.3033364217530042,1.4550046326295067,-1.9999999999999987
BTCUSDT,development,3280,11,0.2727272727272727,0.06160869670969455,1.0847119579758302,-3.9999999999999973
ETHUSDT,development,3280,9,0.3333333333333333,0.30407268350662187,1.456109025259933,-1.9999999999999982
BTCUSDT,development,3281,11,0.2727272727272727,0.06330194116153011,1.0870401690971039,-3.999999999999999
ETHUSDT,development,3281,9,0.3333333333333333,0.3052205913610112,1.4578308870415169,-2.0
BTCUSDT,development,3282,7,0.2857142857142857,0.10895503235861868,1.152537045302066,-2.000000000000002
ETHUSDT,development,3282,4,0.5,0.9601050273716287,2.9202100547432592,-0.9999999999999996
BTCUSDT,development,3283,7,0.2857142857142857,0.11038060251231796,1.154532843517245,-1.9999999999999991
ETHUSDT,development,3283,4,0.5,0.9609475451009193,2.9218950902018404,-0.9999999999999991
BTCUSDT,development,3284,7,0.2857142857142857,0.11247841881781165,1.1574697863449364,-1.999999999999998
ETHUSDT,development,3284,4,0.5,0.9622752757862041,2.92455055157241,-1.0000000000000004
BTCUSDT,development,3285,2,0.5,0.9065068945265731,2.813013789053147,0.0
ETHUSDT,development,3285,3,0.6666666666666666,1.613473369828838,5.840420109486523,-0.9999999999999982
BTCUSDT,development,3286,2,0.5,0.9111724759124522,2.822344951824905,0.0
ETHUSDT,development,3286,3,0.6666666666666666,1.6145967268012251,5.843790180403681,-0.9999999999999991
BTCUSDT,development,3287,2,0.5,0.917993117607001,2.835986235214002,0.0
ETHUSDT,development,3287,3,0.6666666666666666,1.6163670343816057,5.849101103144827,-0.9999999999999982
BTCUSDT,development,3288,9,0.2222222222222222,-0.13747941927662993,0.823240746644333,-3.0000000000000018
ETHUSDT,development,3288,11,0.2727272727272727,0.06569686299063292,1.0903331866121202,-6.999999999999998
BTCUSDT,development,3289,9,0.2222222222222222,-0.1363706424904194,0.824666316798032,-2.9999999999999996
ETHUSDT,development,3289,11,0.2727272727272727,0.06634040515630178,1.0912180570899148,-6.999999999999995
BTCUSDT,development,3290,9,0.2222222222222222,-0.13473900758614665,0.8267641331035255,-2.999999999999999
ETHUSDT,development,3290,11,0.2727272727272727,0.06734032462890527,1.0925929463647448,-7.0000000000000036
BTCUSDT,development,3291,7,0.2857142857142857,0.10895503235861882,1.1525370453020662,-3.0000000000000018
ETHUSDT,development,3291,5,0.4,0.5680840218973031,1.9468067031621727,-1.9999999999999987
BTCUSDT,development,3292,7,0.2857142857142857,0.11038060251231786,1.154532843517245,-2.999999999999998
ETHUSDT,development,3292,5,0.4,0.5687580360807356,1.9479300601345604,-1.9999999999999973
BTCUSDT,development,3293,7,0.2857142857142857,0.11247841881781111,1.1574697863449355,-2.999999999999999
ETHUSDT,development,3293,5,0.4,0.5698202206289634,1.9497003677149396,-2.0
BTCUSDT,development,3294,4,0.5,0.9406713066275824,2.8813426132551627,-1.0000000000000002
ETHUSDT,development,3294,4,0.5,0.9601050273716287,2.9202100547432592,-0.9999999999999996
BTCUSDT,development,3295,4,0.5,0.9431660543965562,2.8863321087931153,-0.999999999999996
ETHUSDT,development,3295,4,0.5,0.9609475451009193,2.9218950902018404,-0.9999999999999991
BTCUSDT,development,3296,4,0.5,0.9468372329311695,2.893674465862341,-0.9999999999999962
ETHUSDT,development,3296,4,0.5,0.9622752757862041,2.92455055157241,-1.0000000000000004
BTCUSDT,development,3297,1,1.0,2.8130137890531457,inf,0.0
ETHUSDT,development,3297,3,0.6666666666666666,1.613473369828838,5.840420109486523,-0.9999999999999982
BTCUSDT,development,3298,1,1.0,2.8223449518249044,inf,0.0
ETHUSDT,development,3298,3,0.6666666666666666,1.6145967268012251,5.843790180403681,-0.9999999999999991
BTCUSDT,development,3299,1,1.0,2.8359862352140017,inf,0.0
ETHUSDT,development,3299,3,0.6666666666666666,1.6163670343816057,5.849101103144827,-0.9999999999999982
BTCUSDT,development,3300,8,0.25,-0.02966434668620871,0.9604475377517218,-3.0000000000000004
ETHUSDT,development,3300,11,0.2727272727272727,0.06569686299063279,1.09033318661212,-5.0
BTCUSDT,development,3301,8,0.25,-0.02841697280172198,0.9621107029310374,-2.9999999999999996
ETHUSDT,development,3301,11,0.2727272727272727,0.06634040515630132,1.0912180570899144,-4.999999999999999
BTCUSDT,development,3302,8,0.25,-0.026581383534415137,0.9645581552874465,-2.999999999999998
ETHUSDT,development,3302,11,0.2727272727272727,0.06734032462890539,1.092592946364745,-5.000000000000002
BTCUSDT,development,3303,6,0.3333333333333333,0.2937808710850553,1.440671306627583,-1.999999999999999
ETHUSDT,development,3303,6,0.3333333333333333,0.3067366849144193,1.4601050273716292,-1.9999999999999973
BTCUSDT,development,3304,6,0.3333333333333333,0.2954440362643707,1.4431660543965563,-1.999999999999997
ETHUSDT,development,3304,6,0.3333333333333333,0.3072983634006125,1.4609475451009188,-1.9999999999999982
BTCUSDT,development,3305,6,0.3333333333333333,0.29789148862077947,1.4468372329311692,-1.9999999999999976
ETHUSDT,development,3305,6,0.3333333333333333,0.308183517190803,1.4622752757862048,-1.9999999999999973
BTCUSDT,development,3306,4,0.5,0.9406713066275824,2.8813426132551627,-1.0000000000000002
ETHUSDT,development,3306,3,0.6666666666666666,1.613473369828838,5.840420109486523,-0.9999999999999982
BTCUSDT,development,3307,4,0.5,0.9431660543965562,2.8863321087931153,-0.999999999999996
ETHUSDT,development,3307,3,0.6666666666666666,1.6145967268012251,5.843790180403681,-0.9999999999999991
BTCUSDT,development,3308,4,0.5,0.9468372329311695,2.893674465862341,-0.9999999999999962
ETHUSDT,development,3308,3,0.6666666666666666,1.6163670343816057,5.849101103144827,-0.9999999999999982
BTCUSDT,development,3309,1,1.0,2.8130137890531457,inf,0.0
ETHUSDT,development,3309,3,0.6666666666666666,1.613473369828838,5.840420109486523,-0.9999999999999982
BTCUSDT,development,3310,1,1.0,2.8223449518249044,inf,0.0
ETHUSDT,development,3310,3,0.6666666666666666,1.6145967268012251,5.843790180403681,-0.9999999999999991
BTCUSDT,development,3311,1,1.0,2.8359862352140017,inf,0.0
ETHUSDT,development,3311,3,0.6666666666666666,1.6163670343816057,5.849101103144827,-0.9999999999999982
BTCUSDT,development,3312,12,0.25,-0.02790133978181228,0.9627982136242503,-5.0
ETHUSDT,development,3312,11,0.36363636363636365,0.4192975617443164,1.6588961684553545,-3.0
BTCUSDT,development,3313,12,0.25,-0.02685869468278022,0.9641884070896264,-4.9999999999999964
ETHUSDT,development,3313,11,0.36363636363636365,0.42023712980683947,1.6603726325536046,-2.9999999999999973
BTCUSDT,development,3314,12,0.25,-0.025306553935264143,0.9662579280863145,-4.999999999999997
ETHUSDT,development,3314,11,0.45454545454545453,0.7793309804721459,2.4287734641989345,-2.999999999999999
BTCUSDT,development,3315,9,0.3333333333333333,0.29613154695758365,1.4441973204363754,-4.000000000000001
ETHUSDT,development,3315,8,0.375,0.4662534744721296,1.746005559155408,-1.9999999999999987
BTCUSDT,development,3316,9,0.3333333333333333,0.29752174042295976,1.4462826106344397,-3.9999999999999973
ETHUSDT,development,3316,8,0.375,0.46708176894494946,1.7473308303119193,-1.9999999999999973
BTCUSDT,development,3317,9,0.3333333333333333,0.2995912614196475,1.4493868921294715,-3.999999999999999
ETHUSDT,development,3317,8,0.375,0.4683731652811375,1.74939706444982,-2.0
BTCUSDT,development,3318,6,0.3333333333333333,0.29378087108505463,1.4406713066275816,-2.000000000000002
ETHUSDT,development,3318,4,0.5,0.9601050273716287,2.9202100547432592,-0.9999999999999996
BTCUSDT,development,3319,6,0.3333333333333333,0.2954440362643706,1.443166054396556,-1.999999999999997
ETHUSDT,development,3319,4,0.5,0.9609475451009193,2.9218950902018404,-0.9999999999999991
BTCUSDT,development,3320,6,0.3333333333333333,0.2978914886207797,1.4468372329311698,-1.999999999999998
ETHUSDT,development,3320,4,0.5,0.9622752757862041,2.92455055157241,-1.0000000000000004
BTCUSDT,development,3321,2,0.5,0.9065068945265731,2.813013789053147,0.0
ETHUSDT,development,3321,3,0.6666666666666666,1.613473369828838,5.840420109486523,-0.9999999999999982
BTCUSDT,development,3322,2,0.5,0.9111724759124522,2.822344951824905,0.0
ETHUSDT,development,3322,3,0.6666666666666666,1.6145967268012251,5.843790180403681,-0.9999999999999991
BTCUSDT,development,3323,2,0.5,0.917993117607001,2.835986235214002,0.0
ETHUSDT,development,3323,3,0.6666666666666666,1.6163670343816057,5.849101103144827,-0.9999999999999982
BTCUSDT,development,3324,7,0.2857142857142857,0.10895503235861839,1.1525370453020658,-3.0000000000000018
ETHUSDT,development,3324,6,0.5,0.9537775821494936,2.907555164298989,-1.9999999999999991
BTCUSDT,development,3325,7,0.2857142857142857,0.11038060251231774,1.154532843517245,-2.999999999999998
ETHUSDT,development,3325,6,0.5,0.9549574094532195,2.909914818906441,-1.9999999999999978
BTCUSDT,development,3326,7,0.2857142857142857,0.11247841881781089,1.1574697863449352,-2.999999999999999
ETHUSDT,development,3326,6,0.5,0.9567905951529935,2.9135811903059885,-2.0
BTCUSDT,development,3327,6,0.3333333333333333,0.29378087108505513,1.4406713066275827,-3.0000000000000018
ETHUSDT,development,3327,5,0.4,0.5680840218973031,1.9468067031621727,-1.9999999999999987
BTCUSDT,development,3328,6,0.3333333333333333,0.2954440362643708,1.4431660543965565,-2.999999999999998
ETHUSDT,development,3328,5,0.4,0.5687580360807356,1.9479300601345604,-1.9999999999999973
BTCUSDT,development,3329,6,0.3333333333333333,0.2978914886207796,1.4468372329311696,-2.999999999999999
ETHUSDT,development,3329,5,0.4,0.5698202206289634,1.9497003677149396,-2.0
BTCUSDT,development,3330,4,0.5,0.9406713066275824,2.8813426132551627,-1.0000000000000002
ETHUSDT,development,3330,4,0.5,0.9601050273716287,2.9202100547432592,-0.9999999999999996
BTCUSDT,development,3331,4,0.5,0.9431660543965562,2.8863321087931153,-0.999999999999996
ETHUSDT,development,3331,4,0.5,0.9609475451009193,2.9218950902018404,-0.9999999999999991
BTCUSDT,development,3332,4,0.5,0.9468372329311695,2.893674465862341,-0.9999999999999962
ETHUSDT,development,3332,4,0.5,0.9622752757862041,2.92455055157241,-1.0000000000000004
BTCUSDT,development,3333,1,1.0,2.8130137890531457,inf,0.0
ETHUSDT,development,3333,3,0.6666666666666666,1.613473369828838,5.840420109486523,-0.9999999999999982
BTCUSDT,development,3334,1,1.0,2.8223449518249044,inf,0.0
ETHUSDT,development,3334,3,0.6666666666666666,1.6145967268012251,5.843790180403681,-0.9999999999999991
BTCUSDT,development,3335,1,1.0,2.8359862352140017,inf,0.0
ETHUSDT,development,3335,3,0.6666666666666666,1.6163670343816057,5.849101103144827,-0.9999999999999982
BTCUSDT,development,3336,6,0.3333333333333333,0.2937808710850548,1.440671306627582,-1.999999999999999
ETHUSDT,development,3336,6,0.5,0.9537775821494933,2.907555164298988,-1.0000000000000004
BTCUSDT,development,3337,6,0.3333333333333333,0.29544403626437055,1.443166054396556,-1.999999999999997
ETHUSDT,development,3337,6,0.5,0.9549574094532188,2.9099148189064374,-1.0000000000000024
BTCUSDT,development,3338,6,0.3333333333333333,0.29789148862077924,1.446837232931169,-1.9999999999999976
ETHUSDT,development,3338,6,0.5,0.9567905951529935,2.9135811903059885,-1.0000000000000002
BTCUSDT,development,3339,5,0.4,0.5525370453020662,1.9208950755034433,-1.999999999999999
ETHUSDT,development,3339,5,0.4,0.568084021897303,1.946806703162172,-0.9999999999999991
BTCUSDT,development,3340,5,0.4,0.5545328435172447,1.9242214058620752,-1.999999999999997
ETHUSDT,development,3340,5,0.4,0.5687580360807348,1.947930060134558,-0.9999999999999991
BTCUSDT,development,3341,5,0.4,0.5574697863449354,1.9291163105748925,-1.9999999999999976
ETHUSDT,development,3341,5,0.4,0.5698202206289634,1.9497003677149396,-0.9999999999999998
BTCUSDT,development,3342,4,0.5,0.9406713066275824,2.8813426132551627,-1.0000000000000002
ETHUSDT,development,3342,3,0.6666666666666666,1.613473369828838,5.840420109486523,-0.9999999999999982
BTCUSDT,development,3343,4,0.5,0.9431660543965562,2.8863321087931153,-0.999999999999996
ETHUSDT,development,3343,3,0.6666666666666666,1.6145967268012251,5.843790180403681,-0.9999999999999991
BTCUSDT,development,3344,4,0.5,0.9468372329311695,2.893674465862341,-0.9999999999999962
ETHUSDT,development,3344,3,0.6666666666666666,1.6163670343816057,5.849101103144827,-0.9999999999999982
BTCUSDT,development,3345,1,1.0,2.8130137890531457,inf,0.0
ETHUSDT,development,3345,3,0.6666666666666666,1.613473369828838,5.840420109486523,-0.9999999999999982
BTCUSDT,development,3346,1,1.0,2.8223449518249044,inf,0.0
ETHUSDT,development,3346,3,0.6666666666666666,1.6145967268012251,5.843790180403681,-0.9999999999999991
BTCUSDT,development,3347,1,1.0,2.8359862352140017,inf,0.0
ETHUSDT,development,3347,3,0.6666666666666666,1.6163670343816057,5.849101103144827,-0.9999999999999982
BTCUSDT,development,3348,33,0.30303030303030304,0.1681985098840268,1.241328296790125,-7.999999999999999
ETHUSDT,development,3348,30,0.26666666666666666,0.03828931870394883,1.0522127073235668,-6.999999999999999
BTCUSDT,development,3349,33,0.30303030303030304,0.17025642648336017,1.2442809597369948,-8.000000000000005
ETHUSDT,development,3349,30,0.26666666666666666,0.039128129868651114,1.0533565407299788,-6.999999999999995
BTCUSDT,development,3350,33,0.30303030303030304,0.17324121162021233,1.2485634775420438,-8.000000000000002
ETHUSDT,development,3350,30,0.3,0.1715512174480408,1.2450731677829157,-7.000000000000002
BTCUSDT,development,3351,13,0.38461538461538464,0.48651563448105023,1.7905879060317065,-4.000000000000002
ETHUSDT,development,3351,16,0.3125,0.2161224685647655,1.314359954276023,-3.0822804404898894
BTCUSDT,development,3352,13,0.38461538461538464,0.48913532229059903,1.7948448987222239,-3.9999999999999982
ETHUSDT,development,3352,16,0.3125,0.2171561248859358,1.315863454379543,-3.080487845636283
BTCUSDT,development,3353,13,0.38461538461538464,0.4928638884150274,1.80090381867442,-3.9999999999999996
ETHUSDT,development,3353,16,0.3125,0.21873975137969726,1.3181669110977416,-3.0776676799809364
BTCUSDT,development,3354,9,0.4444444444444444,0.7135782835717475,2.284440910429145,-3.0000000000000027
ETHUSDT,development,3354,8,0.375,0.4628086563403154,1.7404938501445049,-2.0
BTCUSDT,development,3355,9,0.4444444444444444,0.7170808603952636,2.2907455487114756,-2.9999999999999973
ETHUSDT,development,3355,8,0.375,0.4638668946656472,1.742187031465036,-1.9999999999999987
BTCUSDT,development,3356,9,0.4444444444444444,0.722028680927023,2.299651625668643,-2.9999999999999987
ETHUSDT,development,3356,8,0.375,0.46549388093047483,1.74479020948876,-2.000000000000001
BTCUSDT,development,3357,2,0.5,0.9065068945265731,2.813013789053147,0.0
ETHUSDT,development,3357,6,0.5,0.9504115417870872,2.900823083574176,-1.9999999999999991
BTCUSDT,development,3358,2,0.5,0.9111724759124522,2.822344951824905,0.0
ETHUSDT,development,3358,6,0.5,0.9518225262208625,2.903645052441727,-1.9999999999999973
BTCUSDT,development,3359,2,0.5,0.917993117607001,2.835986235214002,0.0
ETHUSDT,development,3359,6,0.5,0.9539918412406333,2.9079836824812677,-1.9999999999999991
BTCUSDT,development,3360,15,0.2,-0.22664593843877565,0.7166925769515303,-6.999999999999998
ETHUSDT,development,3360,16,0.25,-0.02381058873992306,0.9682525483467691,-7.999999999999998
BTCUSDT,development,3361,15,0.2,-0.2255104338845094,0.7181119576443634,-7.0000000000000036
ETHUSDT,development,3361,16,0.25,-0.023189027180658864,0.969081297092455,-7.999999999999993
BTCUSDT,development,3362,15,0.2,-0.22383238068544256,0.7202095241431966,-7.0
ETHUSDT,development,3362,16,0.25,-0.0222240852039583,0.9703678863947225,-8.000000000000005
BTCUSDT,development,3363,7,0.2857142857142857,0.10895503235861882,1.1525370453020662,-3.0000000000000018
ETHUSDT,development,3363,8,0.25,-0.019947486314185137,0.9734033515810864,-3.9999999999999987
BTCUSDT,development,3364,7,0.2857142857142857,0.11038060251231786,1.154532843517245,-2.999999999999998
ETHUSDT,development,3364,8,0.25,-0.019526227449540134,0.9739650300672797,-3.9999999999999973
BTCUSDT,development,3365,7,0.2857142857142857,0.11247841881781111,1.1574697863449355,-2.999999999999999
ETHUSDT,development,3365,8,0.25,-0.01886236210689793,0.9748501838574692,-4.000000000000002
BTCUSDT,development,3366,4,0.5,0.9406713066275824,2.8813426132551627,-1.0000000000000002
ETHUSDT,development,3366,5,0.4,0.5680840218973029,1.9468067031621719,-2.0
BTCUSDT,development,3367,4,0.5,0.9431660543965562,2.8863321087931153,-0.999999999999996
ETHUSDT,development,3367,5,0.4,0.5687580360807354,1.9479300601345595,-1.9999999999999987
BTCUSDT,development,3368,4,0.5,0.9468372329311695,2.893674465862341,-0.9999999999999962
ETHUSDT,development,3368,5,0.4,0.5698202206289633,1.9497003677149392,-2.000000000000001
BTCUSDT,development,3369,1,1.0,2.8130137890531457,inf,0.0
ETHUSDT,development,3369,3,0.6666666666666666,1.613473369828838,5.840420109486523,-0.9999999999999982
BTCUSDT,development,3370,1,1.0,2.8223449518249044,inf,0.0
ETHUSDT,development,3370,3,0.6666666666666666,1.6145967268012251,5.843790180403681,-0.9999999999999991
BTCUSDT,development,3371,1,1.0,2.8359862352140017,inf,0.0
ETHUSDT,development,3371,3,0.6666666666666666,1.6163670343816057,5.849101103144827,-0.9999999999999982
BTCUSDT,development,3372,15,0.26666666666666666,0.025841937175428036,1.03523900523922,-6.999999999999998
ETHUSDT,development,3372,16,0.25,-0.0238105887399232,0.9682525483467691,-5.0772994500235935
BTCUSDT,development,3373,15,0.26666666666666666,0.02777936167592848,1.0378809477399025,-7.0000000000000036
ETHUSDT,development,3373,16,0.25,-0.023189027180659183,0.9690812970924544,-5.075721973960037
BTCUSDT,development,3374,15,0.26666666666666666,0.030609735805526186,1.0417405488257176,-7.0
ETHUSDT,development,3374,16,0.25,-0.022224085203958077,0.9703678863947228,-5.07323121687425
BTCUSDT,development,3375,6,0.3333333333333333,0.2937808710850553,1.440671306627583,-1.999999999999999
ETHUSDT,development,3375,9,0.2222222222222222,-0.12884221005705337,0.8343457299266454,-1.9999999999999996
BTCUSDT,development,3376,6,0.3333333333333333,0.2954440362643707,1.4431660543965563,-1.999999999999997
ETHUSDT,development,3376,9,0.2222222222222222,-0.12846775773292485,0.8348271686290966,-1.999999999999999
BTCUSDT,development,3377,6,0.3333333333333333,0.29789148862077947,1.4468372329311692,-1.9999999999999976
ETHUSDT,development,3377,9,0.2222222222222222,-0.12787765520613112,0.8355858718778313,-2.0
BTCUSDT,development,3378,4,0.5,0.9406713066275824,2.8813426132551627,-1.0000000000000002
ETHUSDT,development,3378,5,0.4,0.568084021897303,1.9468067031621725,-1.0000000000000004
BTCUSDT,development,3379,4,0.5,0.9431660543965562,2.8863321087931153,-0.999999999999996
ETHUSDT,development,3379,5,0.4,0.5687580360807352,1.947930060134559,-0.9999999999999999
BTCUSDT,development,3380,4,0.5,0.9468372329311695,2.893674465862341,-0.9999999999999962
ETHUSDT,development,3380,5,0.4,0.5698202206289636,1.9497003677149403,-1.0000000000000004
BTCUSDT,development,3381,1,1.0,2.8130137890531457,inf,0.0
ETHUSDT,development,3381,4,0.5,0.960105027371629,2.9202100547432606,-0.9999999999999982
BTCUSDT,development,3382,1,1.0,2.8223449518249044,inf,0.0
ETHUSDT,development,3382,4,0.5,0.9609475451009188,2.921895090201839,-0.9999999999999991
BTCUSDT,development,3383,1,1.0,2.8359862352140017,inf,0.0
ETHUSDT,development,3383,4,0.5,0.9622752757862045,2.924550551572412,-0.9999999999999982
BTCUSDT,development,3384,26,0.3076923076923077,0.1830342877629991,1.2643828601021097,-4.999999999999998
ETHUSDT,development,3384,20,0.25,-0.02628388397882555,0.964954821361566,-6.215250308787585
BTCUSDT,development,3385,26,0.3076923076923077,0.18562069837488354,1.268118786541498,-4.999999999999996
ETHUSDT,development,3385,20,0.25,-0.025512329760163217,0.9659835603197825,-6.208576997038535
BTCUSDT,development,3386,26,0.3076923076923077,0.189264504824431,1.2733820625241783,-4.9999999999999964
ETHUSDT,development,3386,20,0.3,0.1723745364746292,1.2462493378208988,-6.198381272575269
BTCUSDT,development,3387,12,0.3333333333333333,0.30038974598649043,1.4505846189797356,-4.000000000000002
ETHUSDT,development,3387,11,0.36363636363636365,0.4174615397284587,1.656010991001864,-2.9999999999999982
BTCUSDT,development,3388,12,0.3333333333333333,0.30151170207101313,1.45226755310652,-3.9999999999999982
ETHUSDT,development,3388,11,0.36363636363636365,0.4185271934982815,1.657685589783014,-2.9999999999999964
BTCUSDT,development,3389,12,0.3333333333333333,0.30319062496257493,1.4547859374438628,-3.9999999999999996
ETHUSDT,development,3389,11,0.36363636363636365,0.420166842413462,1.6602621809354405,-2.9999999999999982
BTCUSDT,development,3390,8,0.375,0.462772281966245,1.7404356511459917,-3.0000000000000027
ETHUSDT,development,3390,6,0.5,0.9504115417870872,2.900823083574175,-1.9999999999999991
BTCUSDT,development,3391,8,0.375,0.4641386223289679,1.742621795726349,-2.9999999999999973
ETHUSDT,development,3391,6,0.5,0.9518225262208628,2.903645052441728,-1.9999999999999973
BTCUSDT,development,3392,8,0.375,0.4661643848123438,1.7458630156997508,-2.9999999999999987
ETHUSDT,development,3392,6,0.5,0.953991841240633,2.9079836824812664,-1.9999999999999991
BTCUSDT,development,3393,2,0.5,0.9065068945265731,2.813013789053147,0.0
ETHUSDT,development,3393,5,0.6,1.3404938501445043,4.351234625361262,-1.9999999999999991
BTCUSDT,development,3394,2,0.5,0.9111724759124522,2.822344951824905,0.0
ETHUSDT,development,3394,5,0.6,1.342187031465035,4.3554675786625925,-1.9999999999999973
BTCUSDT,development,3395,2,0.5,0.917993117607001,2.835986235214002,0.0
ETHUSDT,development,3395,5,0.6,1.3447902094887598,4.361975523721901,-1.9999999999999991
BTCUSDT,development,3396,12,0.25,-0.033307423048469516,0.9555901026020405,-3.999999999999998
ETHUSDT,development,3396,12,0.25,-0.02311120892525334,0.9691850547663289,-6.999999999999998
BTCUSDT,development,3397,12,0.25,-0.031888042355636,0.9574826101924854,-3.999999999999995
ETHUSDT,development,3397,12,0.25,-0.022521295273390186,0.9699716063021465,-6.999999999999995
BTCUSDT,development,3398,12,0.25,-0.029790475856802907,0.9602793655242627,-3.999999999999995
ETHUSDT,development,3398,12,0.25,-0.02160470242350367,0.9711937301019952,-7.0000000000000036
BTCUSDT,development,3399,7,0.2857142857142857,0.10895503235861882,1.1525370453020662,-3.0000000000000018
ETHUSDT,development,3399,5,0.4,0.5680840218973031,1.9468067031621727,-1.9999999999999987
BTCUSDT,development,3400,7,0.2857142857142857,0.11038060251231786,1.154532843517245,-2.999999999999998
ETHUSDT,development,3400,5,0.4,0.5687580360807356,1.9479300601345604,-1.9999999999999973
BTCUSDT,development,3401,7,0.2857142857142857,0.11247841881781111,1.1574697863449355,-2.999999999999999
ETHUSDT,development,3401,5,0.4,0.5698202206289634,1.9497003677149396,-2.0
BTCUSDT,development,3402,4,0.5,0.9406713066275824,2.8813426132551627,-1.0000000000000002
ETHUSDT,development,3402,4,0.5,0.9601050273716287,2.9202100547432592,-0.9999999999999996
BTCUSDT,development,3403,4,0.5,0.9431660543965562,2.8863321087931153,-0.999999999999996
ETHUSDT,development,3403,4,0.5,0.9609475451009193,2.9218950902018404,-0.9999999999999991
BTCUSDT,development,3404,4,0.5,0.9468372329311695,2.893674465862341,-0.9999999999999962
ETHUSDT,development,3404,4,0.5,0.9622752757862041,2.92455055157241,-1.0000000000000004
BTCUSDT,development,3405,1,1.0,2.8130137890531457,inf,0.0
ETHUSDT,development,3405,3,0.6666666666666666,1.613473369828838,5.840420109486523,-0.9999999999999982
BTCUSDT,development,3406,1,1.0,2.8223449518249044,inf,0.0
ETHUSDT,development,3406,3,0.6666666666666666,1.6145967268012251,5.843790180403681,-0.9999999999999991
BTCUSDT,development,3407,1,1.0,2.8359862352140017,inf,0.0
ETHUSDT,development,3407,3,0.6666666666666666,1.6163670343816057,5.849101103144827,-0.9999999999999982
BTCUSDT,development,3408,12,0.3333333333333333,0.2823024214692851,1.4234536322039277,-3.9999999999999973
ETHUSDT,development,3408,12,0.25,-0.02311120892525345,0.9691850547663287,-5.0772994500235935
BTCUSDT,development,3409,12,0.3333333333333333,0.2847242020949113,1.4270863031423673,-3.9999999999999947
ETHUSDT,development,3409,12,0.25,-0.022521295273390595,0.969971606302146,-5.0757219739600385
BTCUSDT,development,3410,12,0.3333333333333333,0.2882621697569081,1.4323932546353626,-3.999999999999995
ETHUSDT,development,3410,12,0.25,-0.02160470242350355,0.9711937301019954,-5.07323121687425
BTCUSDT,development,3411,6,0.3333333333333333,0.2937808710850553,1.440671306627583,-1.999999999999999
ETHUSDT,development,3411,6,0.3333333333333333,0.3067366849144193,1.4601050273716292,-1.9999999999999973
BTCUSDT,development,3412,6,0.3333333333333333,0.2954440362643707,1.4431660543965563,-1.999999999999997
ETHUSDT,development,3412,6,0.3333333333333333,0.3072983634006125,1.4609475451009188,-1.9999999999999982
BTCUSDT,development,3413,6,0.3333333333333333,0.29789148862077947,1.4468372329311692,-1.9999999999999976
ETHUSDT,development,3413,6,0.3333333333333333,0.308183517190803,1.4622752757862048,-1.9999999999999973
BTCUSDT,development,3414,4,0.5,0.9406713066275824,2.8813426132551627,-1.0000000000000002
ETHUSDT,development,3414,3,0.6666666666666666,1.613473369828838,5.840420109486523,-0.9999999999999982
BTCUSDT,development,3415,4,0.5,0.9431660543965562,2.8863321087931153,-0.999999999999996
ETHUSDT,development,3415,3,0.6666666666666666,1.6145967268012251,5.843790180403681,-0.9999999999999991
BTCUSDT,development,3416,4,0.5,0.9468372329311695,2.893674465862341,-0.9999999999999962
ETHUSDT,development,3416,3,0.6666666666666666,1.6163670343816057,5.849101103144827,-0.9999999999999982
BTCUSDT,development,3417,1,1.0,2.8130137890531457,inf,0.0
ETHUSDT,development,3417,3,0.6666666666666666,1.613473369828838,5.840420109486523,-0.9999999999999982
BTCUSDT,development,3418,1,1.0,2.8223449518249044,inf,0.0
ETHUSDT,development,3418,3,0.6666666666666666,1.6145967268012251,5.843790180403681,-0.9999999999999991
BTCUSDT,development,3419,1,1.0,2.8359862352140017,inf,0.0
ETHUSDT,development,3419,3,0.6666666666666666,1.6163670343816057,5.849101103144827,-0.9999999999999982
BTCUSDT,development,3420,13,0.38461538461538464,0.49556174221122434,1.8052878310932388,-3.0000000000000027
ETHUSDT,development,3420,13,0.38461538461538464,0.4980247938787299,1.8092902900529362,-2.000000000000001
BTCUSDT,development,3421,13,0.38461538461538464,0.4971399768460228,1.8078524623747874,-3.0000000000000027
ETHUSDT,development,3421,13,0.38461538461538464,0.49921180036897955,1.811219175599592,-1.9999999999999987
BTCUSDT,development,3422,13,0.38461538461538464,0.4994963736572753,1.8116816071930728,-3.0
ETHUSDT,development,3422,13,0.46153846153846156,0.8036531330378912,2.4924986756417984,-2.0
BTCUSDT,development,3423,9,0.4444444444444444,0.7338529946486536,2.320935390367575,-3.0000000000000013
ETHUSDT,development,3423,10,0.4,0.5592076937013044,1.9320128228355078,-1.9999999999999991
BTCUSDT,development,3424,9,0.4444444444444444,0.735348936094684,2.3236280849704314,-2.999999999999998
ETHUSDT,development,3424,10,0.4,0.5603799128481095,1.9339665214135164,-1.9999999999999973
BTCUSDT,development,3425,9,0.4444444444444444,0.7375874999500996,2.32765749991018,-2.9999999999999987
ETHUSDT,development,3425,10,0.4,0.5621835266548081,1.9369725444246804,-1.9999999999999991
BTCUSDT,development,3426,6,0.5,0.9503630426216597,2.900726085243316,-2.000000000000002
ETHUSDT,development,3426,6,0.5,0.9504115417870872,2.900823083574175,-1.9999999999999991
BTCUSDT,development,3427,6,0.5,0.9521848297719568,2.904369659543915,-1.999999999999997
ETHUSDT,development,3427,6,0.5,0.9518225262208628,2.903645052441728,-1.9999999999999973
BTCUSDT,development,3428,6,0.5,0.9548858464164578,2.9097716928329174,-1.9999999999999978
ETHUSDT,development,3428,6,0.5,0.953991841240633,2.9079836824812664,-1.9999999999999991
BTCUSDT,development,3429,2,0.5,0.9065068945265731,2.813013789053147,0.0
ETHUSDT,development,3429,5,0.6,1.3404938501445043,4.351234625361262,-1.9999999999999991
BTCUSDT,development,3430,2,0.5,0.9111724759124522,2.822344951824905,0.0
ETHUSDT,development,3430,5,0.6,1.342187031465035,4.3554675786625925,-1.9999999999999973
BTCUSDT,development,3431,2,0.5,0.917993117607001,2.835986235214002,0.0
ETHUSDT,development,3431,5,0.6,1.3447902094887598,4.361975523721901,-1.9999999999999991
BTCUSDT,development,3432,8,0.375,0.4500388654272953,1.720062184683672,-3.0000000000000013
ETHUSDT,development,3432,6,0.5,0.9537775821494936,2.907555164298989,-1.9999999999999991
BTCUSDT,development,3433,8,0.375,0.4521679364665457,1.7234686983464735,-2.999999999999998
ETHUSDT,development,3433,6,0.5,0.9549574094532195,2.909914818906441,-1.9999999999999978
BTCUSDT,development,3434,8,0.375,0.4553142862147946,1.7285028579436712,-2.9999999999999987
ETHUSDT,development,3434,6,0.5,0.9567905951529935,2.9135811903059885,-2.0
BTCUSDT,development,3435,6,0.3333333333333333,0.29378087108505513,1.4406713066275827,-3.0000000000000018
ETHUSDT,development,3435,5,0.4,0.5680840218973031,1.9468067031621727,-1.9999999999999987
BTCUSDT,development,3436,6,0.3333333333333333,0.2954440362643708,1.4431660543965565,-2.999999999999998
ETHUSDT,development,3436,5,0.4,0.5687580360807356,1.9479300601345604,-1.9999999999999973
BTCUSDT,development,3437,6,0.3333333333333333,0.2978914886207796,1.4468372329311696,-2.999999999999999
ETHUSDT,development,3437,5,0.4,0.5698202206289634,1.9497003677149396,-2.0
BTCUSDT,development,3438,4,0.5,0.9406713066275824,2.8813426132551627,-1.0000000000000002
ETHUSDT,development,3438,4,0.5,0.9601050273716287,2.9202100547432592,-0.9999999999999996
BTCUSDT,development,3439,4,0.5,0.9431660543965562,2.8863321087931153,-0.999999999999996
ETHUSDT,development,3439,4,0.5,0.9609475451009193,2.9218950902018404,-0.9999999999999991
BTCUSDT,development,3440,4,0.5,0.9468372329311695,2.893674465862341,-0.9999999999999962
ETHUSDT,development,3440,4,0.5,0.9622752757862041,2.92455055157241,-1.0000000000000004
BTCUSDT,development,3441,1,1.0,2.8130137890531457,inf,0.0
ETHUSDT,development,3441,3,0.6666666666666666,1.613473369828838,5.840420109486523,-0.9999999999999982
BTCUSDT,development,3442,1,1.0,2.8223449518249044,inf,0.0
ETHUSDT,development,3442,3,0.6666666666666666,1.6145967268012251,5.843790180403681,-0.9999999999999991
BTCUSDT,development,3443,1,1.0,2.8359862352140017,inf,0.0
ETHUSDT,development,3443,3,0.6666666666666666,1.6163670343816057,5.849101103144827,-0.9999999999999982
BTCUSDT,development,3444,7,0.42857142857142855,0.6571872747740517,2.1500777308545898,-3.0000000000000013
ETHUSDT,development,3444,6,0.5,0.9537775821494933,2.907555164298988,-1.0000000000000004
BTCUSDT,development,3445,7,0.42857142857142855,0.6596204988189092,2.1543358729330917,-2.999999999999998
ETHUSDT,development,3445,6,0.5,0.9549574094532188,2.9099148189064374,-1.0000000000000024
BTCUSDT,development,3446,7,0.42857142857142855,0.6632163271026223,2.160628572429589,-2.9999999999999987
ETHUSDT,development,3446,6,0.5,0.9567905951529935,2.9135811903059885,-1.0000000000000002
BTCUSDT,development,3447,5,0.4,0.5525370453020662,1.9208950755034433,-1.999999999999999
ETHUSDT,development,3447,5,0.4,0.568084021897303,1.946806703162172,-0.9999999999999991
BTCUSDT,development,3448,5,0.4,0.5545328435172447,1.9242214058620752,-1.999999999999997
ETHUSDT,development,3448,5,0.4,0.5687580360807348,1.947930060134558,-0.9999999999999991
BTCUSDT,development,3449,5,0.4,0.5574697863449354,1.9291163105748925,-1.9999999999999976
ETHUSDT,development,3449,5,0.4,0.5698202206289634,1.9497003677149396,-0.9999999999999998
BTCUSDT,development,3450,4,0.5,0.9406713066275824,2.8813426132551627,-1.0000000000000002
ETHUSDT,development,3450,3,0.6666666666666666,1.613473369828838,5.840420109486523,-0.9999999999999982
BTCUSDT,development,3451,4,0.5,0.9431660543965562,2.8863321087931153,-0.999999999999996
ETHUSDT,development,3451,3,0.6666666666666666,1.6145967268012251,5.843790180403681,-0.9999999999999991
BTCUSDT,development,3452,4,0.5,0.9468372329311695,2.893674465862341,-0.9999999999999962
ETHUSDT,development,3452,3,0.6666666666666666,1.6163670343816057,5.849101103144827,-0.9999999999999982
BTCUSDT,development,3453,1,1.0,2.8130137890531457,inf,0.0
ETHUSDT,development,3453,3,0.6666666666666666,1.613473369828838,5.840420109486523,-0.9999999999999982
BTCUSDT,development,3454,1,1.0,2.8223449518249044,inf,0.0
ETHUSDT,development,3454,3,0.6666666666666666,1.6145967268012251,5.843790180403681,-0.9999999999999991
BTCUSDT,development,3455,1,1.0,2.8359862352140017,inf,0.0
ETHUSDT,development,3455,3,0.6666666666666666,1.6163670343816057,5.849101103144827,-0.9999999999999982
BTCUSDT,development,3456,39,0.3333333333333333,0.27953192038213953,1.4192978805732088,-7.000000000000003
ETHUSDT,development,3456,38,0.23684210526315788,-0.08187115160362786,0.8927205599676601,-9.999999999999995
BTCUSDT,development,3457,39,0.3333333333333333,0.28231535199411434,1.4234730279911711,-7.000000000000002
ETHUSDT,development,3457,38,0.23684210526315788,-0.08084381784919092,0.894066721438991,-9.999999999999993
BTCUSDT,development,3458,39,0.3333333333333333,0.2862973213994305,1.4294459820991459,-6.999999999999996
ETHUSDT,development,3458,38,0.2631578947368421,0.024235565589553525,1.0328911247286798,-9.999999999999998
BTCUSDT,development,3459,15,0.3333333333333333,0.2883135498835766,1.432470324825365,-4.000000000000002
ETHUSDT,development,3459,19,0.3157894736842105,0.22524469196591976,1.3292037805655754,-4.082280440489889
BTCUSDT,development,3460,15,0.3333333333333333,0.29058394598518583,1.4358759189777788,-3.9999999999999982
ETHUSDT,development,3460,19,0.3157894736842105,0.2265621801993003,1.3311293402912852,-4.080487845636283
BTCUSDT,development,3461,15,0.3333333333333333,0.29381536995969054,1.440723054939536,-3.999999999999999
ETHUSDT,development,3461,19,0.3157894736842105,0.22855314651396555,1.334039214135796,-4.0776676799809355
BTCUSDT,development,3462,9,0.4444444444444444,0.7135782835717475,2.284440910429145,-3.0000000000000027
ETHUSDT,development,3462,10,0.4,0.5524158901038747,1.9206931501731253,-2.9999999999999996
BTCUSDT,development,3463,9,0.4444444444444444,0.7170808603952636,2.2907455487114756,-2.9999999999999973
ETHUSDT,development,3463,10,0.4,0.5541118582936908,1.9235197638228185,-2.999999999999999
BTCUSDT,development,3464,9,0.4444444444444444,0.722028680927023,2.299651625668643,-2.9999999999999987
ETHUSDT,development,3464,10,0.4,0.5566624809133984,1.9277708015223312,-3.0
BTCUSDT,development,3465,2,0.5,0.9065068945265731,2.813013789053147,0.0
ETHUSDT,development,3465,7,0.42857142857142855,0.671781321531789,2.1756173126806315,-1.9999999999999991
BTCUSDT,development,3466,2,0.5,0.9111724759124522,2.822344951824905,0.0
ETHUSDT,development,3466,7,0.42857142857142855,0.6729907367607393,2.1777337893312945,-1.9999999999999973
BTCUSDT,development,3467,2,0.5,0.917993117607001,2.835986235214002,0.0
ETHUSDT,development,3467,7,0.42857142857142855,0.6748501496348286,2.180987761860951,-1.9999999999999991
BTCUSDT,development,3468,18,0.3333333333333333,0.27508361067494025,1.4126254160124108,-5.9999999999999885
ETHUSDT,development,3468,21,0.19047619047619047,-0.26011630439101613,0.6786798592816861,-11.077299450023595
BTCUSDT,development,3469,18,0.3333333333333333,0.2782877858639966,1.417431678795995,-6.0
ETHUSDT,development,3469,21,0.19047619047619047,-0.259386515944337,0.6795813626569954,-11.075721973960036
BTCUSDT,development,3470,18,0.3333333333333333,0.2828416578238414,1.4242624867357623,-5.9999999999999964
ETHUSDT,development,3470,21,0.19047619047619047,-0.2582782931424629,0.680950343765193,-11.073231216874257
BTCUSDT,development,3471,7,0.2857142857142857,0.10895503235861882,1.1525370453020662,-3.0000000000000018
ETHUSDT,development,3471,9,0.2222222222222222,-0.1288422100570534,0.8343457299266454,-4.999999999999998
BTCUSDT,development,3472,7,0.2857142857142857,0.11038060251231786,1.154532843517245,-2.999999999999998
ETHUSDT,development,3472,9,0.2222222222222222,-0.12846775773292463,0.8348271686290968,-4.999999999999998
BTCUSDT,development,3473,7,0.2857142857142857,0.11247841881781111,1.1574697863449355,-2.999999999999999
ETHUSDT,development,3473,9,0.2222222222222222,-0.12787765520613148,0.8355858718778308,-5.000000000000002
BTCUSDT,development,3474,4,0.5,0.9406713066275824,2.8813426132551627,-1.0000000000000002
ETHUSDT,development,3474,6,0.3333333333333333,0.30673668491441913,1.460105027371629,-2.9999999999999996
BTCUSDT,development,3475,4,0.5,0.9431660543965562,2.8863321087931153,-0.999999999999996
ETHUSDT,development,3475,6,0.3333333333333333,0.30729836340061273,1.4609475451009193,-2.999999999999999
BTCUSDT,development,3476,4,0.5,0.9468372329311695,2.893674465862341,-0.9999999999999962
ETHUSDT,development,3476,6,0.3333333333333333,0.30818351719080284,1.4622752757862045,-3.0000000000000004
BTCUSDT,development,3477,1,1.0,2.8130137890531457,inf,0.0
ETHUSDT,development,3477,4,0.5,0.9601050273716287,2.9202100547432597,-0.9999999999999996
BTCUSDT,development,3478,1,1.0,2.8223449518249044,inf,0.0
ETHUSDT,development,3478,4,0.5,0.9609475451009186,2.9218950902018377,-1.0000000000000007
BTCUSDT,development,3479,1,1.0,2.8359862352140017,inf,0.0
ETHUSDT,development,3479,4,0.5,0.9622752757862045,2.9245505515724117,-0.9999999999999996
BTCUSDT,development,3480,18,0.3888888888888889,0.4854901736867766,1.7944384660329076,-5.9999999999999885
ETHUSDT,development,3480,19,0.21052631578947367,-0.18223381011638623,0.7691705071859111,-8.077299450023594
BTCUSDT,development,3481,18,0.3888888888888889,0.4893626154976947,1.800775188996228,-6.0
ETHUSDT,development,3481,19,0.21052631578947367,-0.1814272018332148,0.7701922110112615,-8.07572197396004
BTCUSDT,development,3482,18,0.3888888888888889,0.49487675489964883,1.8097983261994255,-5.999999999999997
ETHUSDT,development,3482,19,0.21052631578947367,-0.18020232399956385,0.7717437229338858,-8.073231216874248
BTCUSDT,development,3483,6,0.3333333333333333,0.2937808710850553,1.440671306627583,-1.999999999999999
ETHUSDT,development,3483,10,0.2,-0.21595798905134797,0.7300525136858147,-2.999999999999999
BTCUSDT,development,3484,6,0.3333333333333333,0.2954440362643707,1.4431660543965563,-1.999999999999997
ETHUSDT,development,3484,10,0.2,-0.21562098195963242,0.7304737725504594,-2.999999999999999
BTCUSDT,development,3485,6,0.3333333333333333,0.29789148862077947,1.4468372329311692,-1.9999999999999976
ETHUSDT,development,3485,10,0.2,-0.21508988968551795,0.7311376378931024,-3.0
BTCUSDT,development,3486,4,0.5,0.9406713066275824,2.8813426132551627,-1.0000000000000002
ETHUSDT,development,3486,6,0.3333333333333333,0.3067366849144193,1.4601050273716292,-2.0
BTCUSDT,development,3487,4,0.5,0.9431660543965562,2.8863321087931153,-0.999999999999996
ETHUSDT,development,3487,6,0.3333333333333333,0.30729836340061256,1.4609475451009188,-2.0000000000000004
BTCUSDT,development,3488,4,0.5,0.9468372329311695,2.893674465862341,-0.9999999999999962
ETHUSDT,development,3488,6,0.3333333333333333,0.3081835171908031,1.4622752757862052,-2.0
BTCUSDT,development,3489,1,1.0,2.8130137890531457,inf,0.0
ETHUSDT,development,3489,5,0.4,0.5680840218973032,1.946806703162173,-0.9999999999999994
BTCUSDT,development,3490,1,1.0,2.8223449518249044,inf,0.0
ETHUSDT,development,3490,5,0.4,0.568758036080735,1.9479300601345584,-1.0000000000000007
BTCUSDT,development,3491,1,1.0,2.8359862352140017,inf,0.0
ETHUSDT,development,3491,5,0.4,0.5698202206289638,1.9497003677149407,-0.9999999999999994
BTCUSDT,development,3492,28,0.32142857142857145,0.23601600630608827,1.347813061924761,-4.000000000000002
ETHUSDT,development,3492,24,0.25,-0.029332834552511917,0.9608895539299842,-8.215250308787583
BTCUSDT,development,3493,28,0.32142857142857145,0.2386340730250409,1.3516712655105865,-4.000000000000002
ETHUSDT,development,3493,24,0.25,-0.02833596539964724,0.9622187128004706,-8.208576997038536
BTCUSDT,development,3494,28,0.32142857142857145,0.2423419743132411,1.3571355410931978,-3.9999999999999996
ETHUSDT,development,3494,24,0.2916666666666667,0.13709018713261537,1.1935390877166336,-8.198381272575268
BTCUSDT,development,3495,13,0.3076923076923077,0.20035976552599094,1.2894085502042092,-4.000000000000002
ETHUSDT,development,3495,12,0.4166666666666667,0.6178138822774392,2.0591095124756102,-2.9999999999999982
BTCUSDT,development,3496,13,0.3076923076923077,0.20139541729631988,1.29090449165024,-3.9999999999999982
ETHUSDT,development,3496,12,0.4166666666666667,0.6194985461744024,2.0619975077275474,-2.9999999999999964
BTCUSDT,development,3497,13,0.3076923076923077,0.2029451922731461,1.2931430555056558,-3.999999999999999
ETHUSDT,development,3497,12,0.4166666666666667,0.6220424190198556,2.066358432605467,-2.9999999999999982
BTCUSDT,development,3498,8,0.375,0.462772281966245,1.7404356511459917,-3.0000000000000027
ETHUSDT,development,3498,7,0.5714285714285714,1.2177369858626783,3.8413863003462505,-1.9999999999999991
BTCUSDT,development,3499,8,0.375,0.4641386223289679,1.742621795726349,-2.9999999999999973
ETHUSDT,development,3499,7,0.5714285714285714,1.2201597975624157,3.84703952764564,-1.9999999999999973
BTCUSDT,development,3500,8,0.375,0.4661643848123438,1.7458630156997508,-2.9999999999999987
ETHUSDT,development,3500,7,0.5714285714285714,1.2238035441619977,3.855541603044662,-1.9999999999999991
BTCUSDT,development,3501,2,0.5,0.9065068945265731,2.813013789053147,0.0
ETHUSDT,development,3501,5,0.6,1.3404938501445043,4.351234625361262,-1.9999999999999991
BTCUSDT,development,3502,2,0.5,0.9111724759124522,2.822344951824905,0.0
ETHUSDT,development,3502,5,0.6,1.342187031465035,4.3554675786625925,-1.9999999999999973
BTCUSDT,development,3503,2,0.5,0.917993117607001,2.835986235214002,0.0
ETHUSDT,development,3503,5,0.6,1.3447902094887598,4.361975523721901,-1.9999999999999991
BTCUSDT,development,3504,13,0.3076923076923077,0.18845135524237383,1.2722075131278732,-3.0
ETHUSDT,development,3504,15,0.2,-0.21848896714020263,0.7268887910747467,-8.999999999999996
BTCUSDT,development,3505,13,0.3076923076923077,0.19022764451434931,1.2747732642985048,-3.0
ETHUSDT,development,3505,15,0.2,-0.2180170362187123,0.7274787047266097,-8.999999999999996
BTCUSDT,development,3506,13,0.3076923076923077,0.1928624957733779,1.2785791605615462,-2.9999999999999973
ETHUSDT,development,3506,15,0.2,-0.21728376193880294,0.7283952975764965,-9.000000000000002
BTCUSDT,development,3507,7,0.2857142857142857,0.10895503235861882,1.1525370453020662,-3.0000000000000018
ETHUSDT,development,3507,5,0.4,0.5680840218973031,1.9468067031621727,-1.9999999999999987
BTCUSDT,development,3508,7,0.2857142857142857,0.11038060251231786,1.154532843517245,-2.999999999999998
ETHUSDT,development,3508,5,0.4,0.5687580360807356,1.9479300601345604,-1.9999999999999973
BTCUSDT,development,3509,7,0.2857142857142857,0.11247841881781111,1.1574697863449355,-2.999999999999999
ETHUSDT,development,3509,5,0.4,0.5698202206289634,1.9497003677149396,-2.0
BTCUSDT,development,3510,4,0.5,0.9406713066275824,2.8813426132551627,-1.0000000000000002
ETHUSDT,development,3510,4,0.5,0.9601050273716287,2.9202100547432592,-0.9999999999999996
BTCUSDT,development,3511,4,0.5,0.9431660543965562,2.8863321087931153,-0.999999999999996
ETHUSDT,development,3511,4,0.5,0.9609475451009193,2.9218950902018404,-0.9999999999999991
BTCUSDT,development,3512,4,0.5,0.9468372329311695,2.893674465862341,-0.9999999999999962
ETHUSDT,development,3512,4,0.5,0.9622752757862041,2.92455055157241,-1.0000000000000004
BTCUSDT,development,3513,1,1.0,2.8130137890531457,inf,0.0
ETHUSDT,development,3513,3,0.6666666666666666,1.613473369828838,5.840420109486523,-0.9999999999999982
BTCUSDT,development,3514,1,1.0,2.8223449518249044,inf,0.0
ETHUSDT,development,3514,3,0.6666666666666666,1.6145967268012251,5.843790180403681,-0.9999999999999991
BTCUSDT,development,3515,1,1.0,2.8359862352140017,inf,0.0
ETHUSDT,development,3515,3,0.6666666666666666,1.6163670343816057,5.849101103144827,-0.9999999999999982
BTCUSDT,development,3516,13,0.38461538461538464,0.4797835194126089,1.7796482190454894,-3.0
ETHUSDT,development,3516,12,0.25,-0.02311120892525345,0.9691850547663287,-5.0772994500235935
BTCUSDT,development,3517,13,0.38461538461538464,0.4824851009302391,1.784038289011639,-3.0
ETHUSDT,development,3517,12,0.25,-0.022521295273390595,0.969971606302146,-5.0757219739600385
BTCUSDT,development,3518,13,0.38461538461538464,0.4864495532629573,1.7904805240523065,-2.9999999999999982
ETHUSDT,development,3518,12,0.25,-0.02160470242350355,0.9711937301019954,-5.07323121687425
BTCUSDT,development,3519,6,0.3333333333333333,0.2937808710850553,1.440671306627583,-1.999999999999999
ETHUSDT,development,3519,6,0.3333333333333333,0.3067366849144193,1.4601050273716292,-1.9999999999999973
BTCUSDT,development,3520,6,0.3333333333333333,0.2954440362643707,1.4431660543965563,-1.999999999999997
ETHUSDT,development,3520,6,0.3333333333333333,0.3072983634006125,1.4609475451009188,-1.9999999999999982
BTCUSDT,development,3521,6,0.3333333333333333,0.29789148862077947,1.4468372329311692,-1.9999999999999976
ETHUSDT,development,3521,6,0.3333333333333333,0.308183517190803,1.4622752757862048,-1.9999999999999973
BTCUSDT,development,3522,4,0.5,0.9406713066275824,2.8813426132551627,-1.0000000000000002
ETHUSDT,development,3522,3,0.6666666666666666,1.613473369828838,5.840420109486523,-0.9999999999999982
BTCUSDT,development,3523,4,0.5,0.9431660543965562,2.8863321087931153,-0.999999999999996
ETHUSDT,development,3523,3,0.6666666666666666,1.6145967268012251,5.843790180403681,-0.9999999999999991
BTCUSDT,development,3524,4,0.5,0.9468372329311695,2.893674465862341,-0.9999999999999962
ETHUSDT,development,3524,3,0.6666666666666666,1.6163670343816057,5.849101103144827,-0.9999999999999982
BTCUSDT,development,3525,1,1.0,2.8130137890531457,inf,0.0
ETHUSDT,development,3525,3,0.6666666666666666,1.613473369828838,5.840420109486523,-0.9999999999999982
BTCUSDT,development,3526,1,1.0,2.8223449518249044,inf,0.0
ETHUSDT,development,3526,3,0.6666666666666666,1.6145967268012251,5.843790180403681,-0.9999999999999991
BTCUSDT,development,3527,1,1.0,2.8359862352140017,inf,0.0
ETHUSDT,development,3527,3,0.6666666666666666,1.6163670343816057,5.849101103144827,-0.9999999999999982
BTCUSDT,development,3528,13,0.38461538461538464,0.49556174221122434,1.8052878310932388,-3.0000000000000027
ETHUSDT,development,3528,13,0.38461538461538464,0.4980247938787299,1.8092902900529362,-2.000000000000001
BTCUSDT,development,3529,13,0.38461538461538464,0.4971399768460228,1.8078524623747874,-3.0000000000000027
ETHUSDT,development,3529,13,0.38461538461538464,0.49921180036897955,1.811219175599592,-1.9999999999999987
BTCUSDT,development,3530,13,0.38461538461538464,0.4994963736572753,1.8116816071930728,-3.0
ETHUSDT,development,3530,13,0.46153846153846156,0.8036531330378912,2.4924986756417984,-2.0
BTCUSDT,development,3531,9,0.4444444444444444,0.7338529946486536,2.320935390367575,-3.0000000000000013
ETHUSDT,development,3531,10,0.4,0.5592076937013044,1.9320128228355078,-1.9999999999999991
BTCUSDT,development,3532,9,0.4444444444444444,0.735348936094684,2.3236280849704314,-2.999999999999998
ETHUSDT,development,3532,10,0.4,0.5603799128481095,1.9339665214135164,-1.9999999999999973
BTCUSDT,development,3533,9,0.4444444444444444,0.7375874999500996,2.32765749991018,-2.9999999999999987
ETHUSDT,development,3533,10,0.4,0.5621835266548081,1.9369725444246804,-1.9999999999999991
BTCUSDT,development,3534,6,0.5,0.9503630426216597,2.900726085243316,-2.000000000000002
ETHUSDT,development,3534,6,0.5,0.9504115417870872,2.900823083574175,-1.9999999999999991
BTCUSDT,development,3535,6,0.5,0.9521848297719568,2.904369659543915,-1.999999999999997
ETHUSDT,development,3535,6,0.5,0.9518225262208628,2.903645052441728,-1.9999999999999973
BTCUSDT,development,3536,6,0.5,0.9548858464164578,2.9097716928329174,-1.9999999999999978
ETHUSDT,development,3536,6,0.5,0.953991841240633,2.9079836824812664,-1.9999999999999991
BTCUSDT,development,3537,2,0.5,0.9065068945265731,2.813013789053147,0.0
ETHUSDT,development,3537,5,0.6,1.3404938501445043,4.351234625361262,-1.9999999999999991
BTCUSDT,development,3538,2,0.5,0.9111724759124522,2.822344951824905,0.0
ETHUSDT,development,3538,5,0.6,1.342187031465035,4.3554675786625925,-1.9999999999999973
BTCUSDT,development,3539,2,0.5,0.917993117607001,2.835986235214002,0.0
ETHUSDT,development,3539,5,0.6,1.3447902094887598,4.361975523721901,-1.9999999999999991
BTCUSDT,development,3540,8,0.375,0.4500388654272953,1.720062184683672,-3.0000000000000013
ETHUSDT,development,3540,6,0.5,0.9537775821494936,2.907555164298989,-1.9999999999999991
BTCUSDT,development,3541,8,0.375,0.4521679364665457,1.7234686983464735,-2.999999999999998
ETHUSDT,development,3541,6,0.5,0.9549574094532195,2.909914818906441,-1.9999999999999978
BTCUSDT,development,3542,8,0.375,0.4553142862147946,1.7285028579436712,-2.9999999999999987
ETHUSDT,development,3542,6,0.5,0.9567905951529935,2.9135811903059885,-2.0
BTCUSDT,development,3543,6,0.3333333333333333,0.29378087108505513,1.4406713066275827,-3.0000000000000018
ETHUSDT,development,3543,5,0.4,0.5680840218973031,1.9468067031621727,-1.9999999999999987
BTCUSDT,development,3544,6,0.3333333333333333,0.2954440362643708,1.4431660543965565,-2.999999999999998
ETHUSDT,development,3544,5,0.4,0.5687580360807356,1.9479300601345604,-1.9999999999999973
BTCUSDT,development,3545,6,0.3333333333333333,0.2978914886207796,1.4468372329311696,-2.999999999999999
ETHUSDT,development,3545,5,0.4,0.5698202206289634,1.9497003677149396,-2.0
BTCUSDT,development,3546,4,0.5,0.9406713066275824,2.8813426132551627,-1.0000000000000002
ETHUSDT,development,3546,4,0.5,0.9601050273716287,2.9202100547432592,-0.9999999999999996
BTCUSDT,development,3547,4,0.5,0.9431660543965562,2.8863321087931153,-0.999999999999996
ETHUSDT,development,3547,4,0.5,0.9609475451009193,2.9218950902018404,-0.9999999999999991
BTCUSDT,development,3548,4,0.5,0.9468372329311695,2.893674465862341,-0.9999999999999962
ETHUSDT,development,3548,4,0.5,0.9622752757862041,2.92455055157241,-1.0000000000000004
BTCUSDT,development,3549,1,1.0,2.8130137890531457,inf,0.0
ETHUSDT,development,3549,3,0.6666666666666666,1.613473369828838,5.840420109486523,-0.9999999999999982
BTCUSDT,development,3550,1,1.0,2.8223449518249044,inf,0.0
ETHUSDT,development,3550,3,0.6666666666666666,1.6145967268012251,5.843790180403681,-0.9999999999999991
BTCUSDT,development,3551,1,1.0,2.8359862352140017,inf,0.0
ETHUSDT,development,3551,3,0.6666666666666666,1.6163670343816057,5.849101103144827,-0.9999999999999982
BTCUSDT,development,3552,7,0.42857142857142855,0.6571872747740517,2.1500777308545898,-3.0000000000000013
ETHUSDT,development,3552,6,0.5,0.9537775821494933,2.907555164298988,-1.0000000000000004
BTCUSDT,development,3553,7,0.42857142857142855,0.6596204988189092,2.1543358729330917,-2.999999999999998
ETHUSDT,development,3553,6,0.5,0.9549574094532188,2.9099148189064374,-1.0000000000000024
BTCUSDT,development,3554,7,0.42857142857142855,0.6632163271026223,2.160628572429589,-2.9999999999999987
ETHUSDT,development,3554,6,0.5,0.9567905951529935,2.9135811903059885,-1.0000000000000002
BTCUSDT,development,3555,5,0.4,0.5525370453020662,1.9208950755034433,-1.999999999999999
ETHUSDT,development,3555,5,0.4,0.568084021897303,1.946806703162172,-0.9999999999999991
BTCUSDT,development,3556,5,0.4,0.5545328435172447,1.9242214058620752,-1.999999999999997
ETHUSDT,development,3556,5,0.4,0.5687580360807348,1.947930060134558,-0.9999999999999991
BTCUSDT,development,3557,5,0.4,0.5574697863449354,1.9291163105748925,-1.9999999999999976
ETHUSDT,development,3557,5,0.4,0.5698202206289634,1.9497003677149396,-0.9999999999999998
BTCUSDT,development,3558,4,0.5,0.9406713066275824,2.8813426132551627,-1.0000000000000002
ETHUSDT,development,3558,3,0.6666666666666666,1.613473369828838,5.840420109486523,-0.9999999999999982
BTCUSDT,development,3559,4,0.5,0.9431660543965562,2.8863321087931153,-0.999999999999996
ETHUSDT,development,3559,3,0.6666666666666666,1.6145967268012251,5.843790180403681,-0.9999999999999991
BTCUSDT,development,3560,4,0.5,0.9468372329311695,2.893674465862341,-0.9999999999999962
ETHUSDT,development,3560,3,0.6666666666666666,1.6163670343816057,5.849101103144827,-0.9999999999999982
BTCUSDT,development,3561,1,1.0,2.8130137890531457,inf,0.0
ETHUSDT,development,3561,3,0.6666666666666666,1.613473369828838,5.840420109486523,-0.9999999999999982
BTCUSDT,development,3562,1,1.0,2.8223449518249044,inf,0.0
ETHUSDT,development,3562,3,0.6666666666666666,1.6145967268012251,5.843790180403681,-0.9999999999999991
BTCUSDT,development,3563,1,1.0,2.8359862352140017,inf,0.0
ETHUSDT,development,3563,3,0.6666666666666666,1.6163670343816057,5.849101103144827,-0.9999999999999982
BTCUSDT,development,3564,33,0.3333333333333333,0.2872543847804121,1.4308815771706178,-3.999999999999999
ETHUSDT,development,3564,38,0.2631578947368421,0.0233661295372705,1.0317111758005815,-13.000000000000007
BTCUSDT,development,3565,33,0.3333333333333333,0.28952913157546056,1.4342936973631906,-3.999999999999999
ETHUSDT,development,3565,38,0.2631578947368421,0.024295123473372583,1.0329719532852912,-12.999999999999996
BTCUSDT,development,3566,33,0.3333333333333333,0.2927622079614596,1.439143311942189,-3.9999999999999947
ETHUSDT,development,3566,38,0.2894736842105263,0.12923722668223242,1.1818894301453642,-13.000000000000004
BTCUSDT,development,3567,16,0.375,0.4653426405926623,1.7445482249482598,-3.0000000000000018
ETHUSDT,development,3567,18,0.2777777777777778,0.07857881320960144,1.1088014336748329,-5.082280440489894
BTCUSDT,development,3568,16,0.375,0.4663391655346791,1.7461426648554863,-3.000000000000002
ETHUSDT,development,3568,18,0.2777777777777778,0.07970321110646822,1.1103582923012638,-5.0804878456362825
BTCUSDT,development,3569,16,0.375,0.46786379219120394,1.7485820675059265,-3.0000000000000036
ETHUSDT,development,3569,18,0.2777777777777778,0.08139991319985368,1.1127075721228743,-5.077667679980939
BTCUSDT,development,3570,8,0.375,0.4674853302306331,1.7479765283690125,-2.000000000000003
ETHUSDT,development,3570,9,0.3333333333333333,0.2954364879399007,1.4431547319098514,-2.0
BTCUSDT,development,3571,8,0.375,0.4684775210751208,1.7495640337201934,-2.0000000000000013
ETHUSDT,development,3571,9,0.3333333333333333,0.29678832878518135,1.4451824931777724,-1.9999999999999991
BTCUSDT,development,3572,8,0.375,0.46997843541392337,1.7519654966622773,-2.0000000000000027
ETHUSDT,development,3572,9,0.3333333333333333,0.29881260699622353,1.4482189104943355,-2.000000000000001
BTCUSDT,development,3573,4,0.5,0.9399514962103837,2.8799029924207673,-1.0000000000000004
ETHUSDT,development,3573,6,0.3333333333333333,0.30673668491441924,1.4601050273716292,-1.9999999999999978
BTCUSDT,development,3574,4,0.5,0.9424662832809593,2.8849325665619183,-1.0000000000000004
ETHUSDT,development,3574,6,0.3333333333333333,0.3072983634006128,1.4609475451009195,-1.9999999999999991
BTCUSDT,development,3575,4,0.5,0.9461691112180568,2.8923382224361127,-1.000000000000001
ETHUSDT,development,3575,6,0.3333333333333333,0.30818351719080317,1.4622752757862052,-1.9999999999999973
BTCUSDT,development,3576,13,0.46153846153846156,0.7953551588473958,2.477088152145164,-2.0000000000000018
ETHUSDT,development,3576,23,0.2608695652173913,0.01746977394445462,1.0236355765130856,-11.000000000000004
BTCUSDT,development,3577,13,0.46153846153846156,0.7971854375484183,2.4804872411613483,-2.0000000000000018
ETHUSDT,development,3577,23,0.2608695652173913,0.01818202431724457,1.0245992093703897,-11.0
BTCUSDT,development,3578,13,0.46153846153846156,0.7999240800882508,2.485573291592465,-2.0000000000000027
ETHUSDT,development,3578,23,0.2608695652173913,0.019283926595567963,1.0260900183351804,-11.000000000000004
BTCUSDT,development,3579,9,0.4444444444444444,0.7352646511336514,2.323476372040573,-2.000000000000001
ETHUSDT,development,3579,10,0.2,-0.2159579890513484,0.7300525136858144,-4.999999999999998
BTCUSDT,development,3580,9,0.4444444444444444,0.736592792202894,2.3258670259652092,-2.0000000000000018
ETHUSDT,development,3580,10,0.2,-0.21562098195963203,0.7304737725504598,-4.9999999999999964
BTCUSDT,development,3581,9,0.4444444444444444,0.7386089539645566,2.3294961171362014,-2.0000000000000027
ETHUSDT,development,3581,10,0.2,-0.2150898896855184,0.7311376378931019,-5.000000000000002
BTCUSDT,development,3582,4,0.75,1.934970660461266,8.739882641845048,0.0
ETHUSDT,development,3582,7,0.2857142857142857,0.12006001564093065,1.1680840218973028,-2.0
BTCUSDT,development,3583,4,0.75,1.9369550421502415,8.74782016860096,0.0
ETHUSDT,development,3583,7,0.2857142857142857,0.12054145434338252,1.1687580360807357,-1.9999999999999991
BTCUSDT,development,3584,4,0.75,1.9399568708278463,8.759827483311371,0.0
ETHUSDT,development,3584,7,0.2857142857142857,0.12130015759211672,1.1698202206289634,-2.000000000000001
BTCUSDT,development,3585,2,1.0,2.8799029924207673,inf,0.0
ETHUSDT,development,3585,5,0.4,0.5680840218973029,1.9468067031621719,-1.9999999999999978
BTCUSDT,development,3586,2,1.0,2.8849325665619188,inf,0.0
ETHUSDT,development,3586,5,0.4,0.5687580360807353,1.9479300601345593,-1.9999999999999991
BTCUSDT,development,3587,2,1.0,2.892338222436114,inf,0.0
ETHUSDT,development,3587,5,0.4,0.5698202206289634,1.9497003677149403,-1.9999999999999973
BTCUSDT,development,3588,10,0.5,0.9462117846658353,2.892423569331671,-2.000000000000001
ETHUSDT,development,3588,21,0.23809523809523808,-0.07017284816723275,0.9078981367805071,-9.000000000000005
BTCUSDT,development,3589,10,0.5,0.9481895726904351,2.89637914538087,-2.0000000000000018
ETHUSDT,development,3589,21,0.23809523809523808,-0.06959052145380207,0.9086624405918848,-9.0
BTCUSDT,development,3590,10,0.5,0.9511359938777634,2.9022719877555248,-2.0000000000000027
ETHUSDT,development,3590,21,0.23809523809523808,-0.06868551122912103,0.9098502665117787,-9.000000000000005
BTCUSDT,development,3591,7,0.42857142857142855,0.6771260916921525,2.184970660461267,-0.9999999999999997
ETHUSDT,development,3591,10,0.2,-0.21595798905134833,0.7300525136858144,-2.999999999999999
BTCUSDT,development,3592,7,0.42857142857142855,0.6782600240858521,2.1869550421502404,-1.0000000000000018
ETHUSDT,development,3592,10,0.2,-0.21562098195963228,0.7304737725504596,-2.999999999999998
BTCUSDT,development,3593,7,0.42857142857142855,0.679975354758769,2.189956870827845,-1.000000000000001
ETHUSDT,development,3593,10,0.2,-0.21508988968551815,0.7311376378931023,-3.0000000000000004
BTCUSDT,development,3594,4,0.75,1.934970660461266,8.739882641845048,0.0
ETHUSDT,development,3594,7,0.2857142857142857,0.12006001564093079,1.168084021897303,-1.9999999999999978
BTCUSDT,development,3595,4,0.75,1.9369550421502415,8.74782016860096,0.0
ETHUSDT,development,3595,7,0.2857142857142857,0.1205414543433824,1.1687580360807355,-1.9999999999999991
BTCUSDT,development,3596,4,0.75,1.9399568708278463,8.759827483311371,0.0
ETHUSDT,development,3596,7,0.2857142857142857,0.1213001575921169,1.1698202206289636,-1.9999999999999971
BTCUSDT,development,3597,2,1.0,2.8799029924207673,inf,0.0
ETHUSDT,development,3597,6,0.3333333333333333,0.30673668491441924,1.4601050273716292,-1.9999999999999978
BTCUSDT,development,3598,2,1.0,2.8849325665619188,inf,0.0
ETHUSDT,development,3598,6,0.3333333333333333,0.3072983634006128,1.4609475451009195,-1.9999999999999991
BTCUSDT,development,3599,2,1.0,2.892338222436114,inf,0.0
ETHUSDT,development,3599,6,0.3333333333333333,0.30818351719080317,1.4622752757862052,-1.9999999999999973
BTCUSDT,development,3600,28,0.39285714285714285,0.5171212392054859,1.8517290998678582,-3.0
ETHUSDT,development,3600,27,0.2222222222222222,-0.13351676297227016,0.8283355904642241,-14.000000000000007
BTCUSDT,development,3601,28,0.39285714285714285,0.5198021907853645,1.8561447848229526,-3.0
ETHUSDT,development,3601,27,0.2222222222222222,-0.13289557696065168,0.8291342581934477,-14.0
BTCUSDT,development,3602,28,0.39285714285714285,0.5236126022402916,1.8624207566310689,-3.0
ETHUSDT,development,3602,27,0.25925925925925924,0.013768757783518255,1.0185878230077496,-14.000000000000009
BTCUSDT,development,3603,13,0.46153846153846156,0.8034986345755845,2.4922117499260854,-2.000000000000001
ETHUSDT,development,3603,13,0.23076923076923078,-0.09769016955561262,0.8730027795777036,-4.0
BTCUSDT,development,3604,13,0.46153846153846156,0.8047251268119128,2.4944895212221234,-2.0000000000000018
ETHUSDT,development,3604,13,0.23076923076923078,-0.097180449880031,0.8736654151559597,-3.9999999999999973
BTCUSDT,development,3605,13,0.46153846153846156,0.8066015903891741,2.497974382151324,-2.0000000000000027
ETHUSDT,development,3605,13,0.23076923076923078,-0.09638574444237707,0.8746985322249098,-4.000000000000002
BTCUSDT,development,3606,7,0.42857142857142855,0.6771260916921522,2.184970660461266,-1.9999999999999991
ETHUSDT,development,3606,6,0.3333333333333333,0.30673668491441913,1.460105027371629,-1.9999999999999978
BTCUSDT,development,3607,7,0.42857142857142855,0.6782600240858524,2.1869550421502417,-1.9999999999999991
ETHUSDT,development,3607,6,0.3333333333333333,0.30729836340061295,1.4609475451009197,-1.9999999999999991
BTCUSDT,development,3608,7,0.42857142857142855,0.6799753547587698,2.1899568708278476,-1.9999999999999964
ETHUSDT,development,3608,6,0.3333333333333333,0.3081835171908029,1.4622752757862045,-1.9999999999999973
BTCUSDT,development,3609,3,0.6666666666666666,1.5866019949471781,5.759805984841537,0.0
ETHUSDT,development,3609,5,0.4,0.5680840218973029,1.9468067031621719,-1.9999999999999978
BTCUSDT,development,3610,3,0.6666666666666666,1.5899550443746124,5.769865133123838,0.0
ETHUSDT,development,3610,5,0.4,0.5687580360807353,1.9479300601345593,-1.9999999999999991
BTCUSDT,development,3611,3,0.6666666666666666,1.5948921482907428,5.784676444872229,0.0
ETHUSDT,development,3611,5,0.4,0.5698202206289634,1.9497003677149403,-1.9999999999999973
BTCUSDT,development,3612,12,0.5,0.9449680887513453,2.8899361775026904,-2.0000000000000018
ETHUSDT,development,3612,19,0.2631578947368421,0.026602090182009996,1.0361028366755851,-11.000000000000002
BTCUSDT,development,3613,12,0.5,0.9469508906774532,2.893901781354906,-2.0000000000000018
ETHUSDT,development,3613,19,0.2631578947368421,0.027313444784551947,1.0370682464933207,-10.999999999999998
BTCUSDT,development,3614,12,0.5,0.9499177534289384,2.8998355068578747,-2.0000000000000027
ETHUSDT,development,3614,19,0.2631578947368421,0.02841364451996578,1.0385613747056681,-11.000000000000005
BTCUSDT,development,3615,8,0.5,0.9521727325253577,2.904345465050715,-2.000000000000001
ETHUSDT,development,3615,8,0.25,-0.019947486314185442,0.973403351581086,-2.9999999999999982
BTCUSDT,development,3616,8,0.5,0.9536668912282557,2.9073337824565106,-2.0000000000000018
ETHUSDT,development,3616,8,0.25,-0.019526227449540023,0.97396503006728,-2.999999999999997
BTCUSDT,development,3617,8,0.5,0.955935073210126,2.911870146420251,-2.0000000000000027
ETHUSDT,development,3617,8,0.25,-0.01886236210689779,0.9748501838574696,-3.0
BTCUSDT,development,3618,4,0.75,1.934970660461266,8.739882641845048,0.0
ETHUSDT,development,3618,6,0.3333333333333333,0.30673668491441913,1.460105027371629,-1.9999999999999978
BTCUSDT,development,3619,4,0.75,1.9369550421502415,8.74782016860096,0.0
ETHUSDT,development,3619,6,0.3333333333333333,0.30729836340061295,1.4609475451009197,-1.9999999999999991
BTCUSDT,development,3620,4,0.75,1.9399568708278463,8.759827483311371,0.0
ETHUSDT,development,3620,6,0.3333333333333333,0.3081835171908029,1.4622752757862045,-1.9999999999999973
BTCUSDT,development,3621,2,1.0,2.8799029924207673,inf,0.0
ETHUSDT,development,3621,5,0.4,0.5680840218973029,1.9468067031621719,-1.9999999999999978
BTCUSDT,development,3622,2,1.0,2.8849325665619188,inf,0.0
ETHUSDT,development,3622,5,0.4,0.5687580360807353,1.9479300601345593,-1.9999999999999991
BTCUSDT,development,3623,2,1.0,2.892338222436114,inf,0.0
ETHUSDT,development,3623,5,0.4,0.5698202206289634,1.9497003677149403,-1.9999999999999973
BTCUSDT,development,3624,9,0.5555555555555556,1.1624575385175948,3.6155294616645883,-2.000000000000001
ETHUSDT,development,3624,18,0.2222222222222222,-0.13166638326534202,0.8307146500874176,-10.000000000000005
BTCUSDT,development,3625,9,0.5555555555555556,1.16465508076715,3.6204739317260866,-2.0000000000000018
ETHUSDT,development,3625,18,0.2222222222222222,-0.13114622549555457,0.8313834243628585,-10.000000000000002
BTCUSDT,development,3626,9,0.5555555555555556,1.1679288820864038,3.627839984694404,-2.0000000000000027
ETHUSDT,development,3626,18,0.2222222222222222,-0.13033704453501416,0.8324237998835532,-10.000000000000007
BTCUSDT,development,3627,6,0.5,0.9566471069741777,2.9132942139483546,-0.9999999999999997
ETHUSDT,development,3627,8,0.25,-0.019947486314185525,0.9734033515810859,-1.9999999999999987
BTCUSDT,development,3628,6,0.5,0.9579700281001605,2.915940056200319,-1.0000000000000018
ETHUSDT,development,3628,8,0.25,-0.019526227449540412,0.9739650300672795,-1.9999999999999982
BTCUSDT,development,3629,6,0.5,0.9599712472185639,2.919942494437125,-1.000000000000001
ETHUSDT,development,3629,8,0.25,-0.018862362106897818,0.9748501838574696,-1.9999999999999998
BTCUSDT,development,3630,4,0.75,1.934970660461266,8.739882641845048,0.0
ETHUSDT,development,3630,5,0.4,0.5680840218973029,1.9468067031621719,-1.9999999999999978
BTCUSDT,development,3631,4,0.75,1.9369550421502415,8.74782016860096,0.0
ETHUSDT,development,3631,5,0.4,0.5687580360807353,1.9479300601345593,-1.9999999999999991
BTCUSDT,development,3632,4,0.75,1.9399568708278463,8.759827483311371,0.0
ETHUSDT,development,3632,5,0.4,0.5698202206289634,1.9497003677149403,-1.9999999999999973
BTCUSDT,development,3633,2,1.0,2.8799029924207673,inf,0.0
ETHUSDT,development,3633,5,0.4,0.5680840218973029,1.9468067031621719,-1.9999999999999978
BTCUSDT,development,3634,2,1.0,2.8849325665619188,inf,0.0
ETHUSDT,development,3634,5,0.4,0.5687580360807353,1.9479300601345593,-1.9999999999999991
BTCUSDT,development,3635,2,1.0,2.892338222436114,inf,0.0
ETHUSDT,development,3635,5,0.4,0.5698202206289634,1.9497003677149403,-1.9999999999999973
BTCUSDT,development,3636,12,0.4166666666666667,0.6266567130258988,2.0742686509015402,-2.000000000000001
ETHUSDT,development,3636,18,0.2777777777777778,0.08265043285676785,1.1144390608786017,-6.000000000000003
BTCUSDT,development,3637,12,0.4166666666666667,0.6278638813372052,2.0763380822923514,-2.0000000000000018
ETHUSDT,development,3637,18,0.2777777777777778,0.08345532987231663,1.1155535336693616,-5.999999999999999
BTCUSDT,development,3638,12,0.4166666666666667,0.6297044172277636,2.0794932866761666,-2.000000000000002
ETHUSDT,development,3638,18,0.3333333333333333,0.303253712927956,1.4548805693919336,-6.000000000000003
BTCUSDT,development,3639,10,0.5,0.9519880556310781,2.9039761112621556,-2.000000000000001
ETHUSDT,development,3639,12,0.25,-0.022497683685247072,0.9700030884196705,-3.0
BTCUSDT,development,3640,10,0.5,0.9534366576046459,2.9068733152092916,-2.0000000000000018
ETHUSDT,development,3640,12,0.25,-0.02194548737003371,0.9707393501732885,-2.9999999999999982
BTCUSDT,development,3641,10,0.5,0.9556453006733159,2.9112906013466313,-2.0000000000000027
ETHUSDT,development,3641,12,0.25,-0.02108455647924179,0.9718872580276776,-3.000000000000001
BTCUSDT,development,3642,6,0.5,0.956647106974177,2.9132942139483515,-1.0000000000000022
ETHUSDT,development,3642,6,0.3333333333333333,0.30673668491441913,1.460105027371629,-1.9999999999999978
BTCUSDT,development,3643,6,0.5,0.9579700281001609,2.91594005620032,-1.0000000000000013
ETHUSDT,development,3643,6,0.3333333333333333,0.30729836340061295,1.4609475451009197,-1.9999999999999991
BTCUSDT,development,3644,6,0.5,0.9599712472185642,2.919942494437127,-1.0000000000000016
ETHUSDT,development,3644,6,0.3333333333333333,0.3081835171908029,1.4622752757862045,-1.9999999999999973
BTCUSDT,development,3645,3,0.6666666666666666,1.5866019949471781,5.759805984841537,0.0
ETHUSDT,development,3645,5,0.4,0.5680840218973029,1.9468067031621719,-1.9999999999999978
BTCUSDT,development,3646,3,0.6666666666666666,1.5899550443746124,5.769865133123838,0.0
ETHUSDT,development,3646,5,0.4,0.5687580360807353,1.9479300601345593,-1.9999999999999991
BTCUSDT,development,3647,3,0.6666666666666666,1.5948921482907428,5.784676444872229,0.0
ETHUSDT,development,3647,5,0.4,0.5698202206289634,1.9497003677149403,-1.9999999999999973
BTCUSDT,development,3648,7,0.5714285714285714,1.2310545514575515,3.8724606200676193,-2.000000000000001
ETHUSDT,development,3648,10,0.4,0.5598100105131304,1.9330166841885517,-3.0
BTCUSDT,development,3649,7,0.5714285714285714,1.232762161403721,3.8764450432753486,-2.0000000000000018
ETHUSDT,development,3649,10,0.4,0.5609331966545784,1.9348886610909644,-2.999999999999999
BTCUSDT,development,3650,7,0.5714285714285714,1.2353543693830014,3.882493528560335,-2.0000000000000027
ETHUSDT,development,3650,10,0.4,0.5626669618427566,1.9377782697379278,-3.0000000000000018
BTCUSDT,development,3651,7,0.5714285714285714,1.2310545514575515,3.8724606200676193,-2.000000000000001
ETHUSDT,development,3651,7,0.2857142857142857,0.12006001564093084,1.1680840218973032,-1.9999999999999987
BTCUSDT,development,3652,7,0.5714285714285714,1.232762161403721,3.8764450432753486,-2.0000000000000018
ETHUSDT,development,3652,7,0.2857142857142857,0.12054145434338272,1.168758036080736,-1.9999999999999991
BTCUSDT,development,3653,7,0.5714285714285714,1.2353543693830014,3.882493528560335,-2.0000000000000027
ETHUSDT,development,3653,7,0.2857142857142857,0.12130015759211678,1.1698202206289634,-2.0
BTCUSDT,development,3654,4,0.75,1.934970660461266,8.739882641845048,0.0
ETHUSDT,development,3654,6,0.3333333333333333,0.30673668491441913,1.460105027371629,-1.9999999999999978
BTCUSDT,development,3655,4,0.75,1.9369550421502415,8.74782016860096,0.0
ETHUSDT,development,3655,6,0.3333333333333333,0.30729836340061295,1.4609475451009197,-1.9999999999999991
BTCUSDT,development,3656,4,0.75,1.9399568708278463,8.759827483311371,0.0
ETHUSDT,development,3656,6,0.3333333333333333,0.3081835171908029,1.4622752757862045,-1.9999999999999973
BTCUSDT,development,3657,2,1.0,2.8799029924207673,inf,0.0
ETHUSDT,development,3657,5,0.4,0.5680840218973029,1.9468067031621719,-1.9999999999999978
BTCUSDT,development,3658,2,1.0,2.8849325665619188,inf,0.0
ETHUSDT,development,3658,5,0.4,0.5687580360807353,1.9479300601345593,-1.9999999999999991
BTCUSDT,development,3659,2,1.0,2.892338222436114,inf,0.0
ETHUSDT,development,3659,5,0.4,0.5698202206289634,1.9497003677149403,-1.9999999999999973
BTCUSDT,development,3660,5,0.6,1.347976528369013,4.369941320922531,-0.9999999999999989
ETHUSDT,development,3660,10,0.3,0.1722665492896959,1.2460950704138514,-3.000000000000001
BTCUSDT,development,3661,5,0.6,1.349564033720193,4.37391008430048,-1.0000000000000009
ETHUSDT,development,3661,10,0.3,0.17297444567193132,1.2471063509599016,-2.9999999999999996
BTCUSDT,development,3662,5,0.6,1.3519654966622767,4.379913741655686,-1.000000000000001
ETHUSDT,development,3662,10,0.3,0.17407435709179592,1.24867765298828,-3.0000000000000018
BTCUSDT,development,3663,5,0.6,1.347976528369013,4.369941320922531,-0.9999999999999989
ETHUSDT,development,3663,7,0.2857142857142857,0.12006001564093072,1.168084021897303,-1.9999999999999978
BTCUSDT,development,3664,5,0.6,1.349564033720193,4.37391008430048,-1.0000000000000009
ETHUSDT,development,3664,7,0.2857142857142857,0.12054145434338215,1.168758036080735,-1.9999999999999991
BTCUSDT,development,3665,5,0.6,1.3519654966622767,4.379913741655686,-1.000000000000001
ETHUSDT,development,3665,7,0.2857142857142857,0.12130015759211678,1.1698202206289634,-1.9999999999999971
BTCUSDT,development,3666,4,0.75,1.934970660461266,8.739882641845048,0.0
ETHUSDT,development,3666,5,0.4,0.5680840218973029,1.9468067031621719,-1.9999999999999978
BTCUSDT,development,3667,4,0.75,1.9369550421502415,8.74782016860096,0.0
ETHUSDT,development,3667,5,0.4,0.5687580360807353,1.9479300601345593,-1.9999999999999991
BTCUSDT,development,3668,4,0.75,1.9399568708278463,8.759827483311371,0.0
ETHUSDT,development,3668,5,0.4,0.5698202206289634,1.9497003677149403,-1.9999999999999973
BTCUSDT,development,3669,2,1.0,2.8799029924207673,inf,0.0
ETHUSDT,development,3669,5,0.4,0.5680840218973029,1.9468067031621719,-1.9999999999999978
BTCUSDT,development,3670,2,1.0,2.8849325665619188,inf,0.0
ETHUSDT,development,3670,5,0.4,0.5687580360807353,1.9479300601345593,-1.9999999999999991
BTCUSDT,development,3671,2,1.0,2.892338222436114,inf,0.0
ETHUSDT,development,3671,5,0.4,0.5698202206289634,1.9497003677149403,-1.9999999999999973
BTCUSDT,development,3672,39,0.38461538461538464,0.47808106383829324,1.776881728737226,-5.999999999999998
ETHUSDT,development,3672,46,0.21739130434782608,-0.1530834418718332,0.8043933798304354,-13.278575744898736
BTCUSDT,development,3673,39,0.38461538461538464,0.48184511704155764,1.7829983151925304,-6.0
ETHUSDT,development,3673,46,0.21739130434782608,-0.15243534631825134,0.8052215019266787,-13.271633252885437
BTCUSDT,development,3674,39,0.38461538461538464,0.4868928467680009,1.7912008759980012,-6.000000000000007
ETHUSDT,development,3674,46,0.2391304347826087,-0.06591387074217397,0.9133703413102858,-13.260806986710435
BTCUSDT,development,3675,16,0.4375,0.7017188972975125,2.2475002618622444,-3.0000000000000018
ETHUSDT,development,3675,20,0.25,-0.025766630537388768,0.9656444926168152,-6.082280440489891
BTCUSDT,development,3676,16,0.4375,0.7038109508313082,2.251219468144547,-3.000000000000002
ETHUSDT,development,3676,20,0.25,-0.025029141135564287,0.9666278118192478,-6.0804878456362825
BTCUSDT,development,3677,16,0.4375,0.7068172980817602,2.256564085478685,-3.0000000000000036
ETHUSDT,development,3677,20,0.25,-0.023892711523373272,0.9681430513021689,-6.077667679980939
BTCUSDT,development,3678,9,0.5555555555555556,1.155489107497829,3.599850491870114,-2.0000000000000027
ETHUSDT,development,3678,10,0.3,0.1702469250722523,1.2432098929603606,-2.9999999999999987
BTCUSDT,development,3679,9,0.5555555555555556,1.1587648549524572,3.6072209236430286,-2.0000000000000013
ETHUSDT,development,3679,10,0.3,0.1710935157325178,1.2444193081893113,-2.9999999999999973
BTCUSDT,development,3680,9,0.5555555555555556,1.163415186658879,3.617684169982479,-2.0000000000000027
ETHUSDT,development,3680,10,0.3,0.17239510474437994,1.2462787210634,-2.9999999999999982
BTCUSDT,development,3681,5,0.6,1.3391056741513256,4.347764185378314,-1.0000000000000007
ETHUSDT,development,3681,8,0.375,0.4628086563403154,1.7404938501445049,-2.9999999999999982
BTCUSDT,development,3682,5,0.6,1.3413332658028048,4.353333164507011,-1.0000000000000004
ETHUSDT,development,3682,8,0.375,0.463866894665647,1.742187031465036,-2.9999999999999973
BTCUSDT,development,3683,5,0.6,1.34463947492759,4.361598687318974,-1.0000000000000013
ETHUSDT,development,3683,8,0.375,0.46549388093047506,1.7447902094887604,-2.9999999999999982
BTCUSDT,development,3684,18,0.3888888888888889,0.5098468201068989,1.8342947965385625,-5.15658099140051
ETHUSDT,development,3684,28,0.21428571428571427,-0.16422125711705493,0.7909911273055664,-12.077299450023595
BTCUSDT,development,3685,18,0.3888888888888889,0.5115605534597544,1.837099087479598,-5.150019278459284
ETHUSDT,development,3685,28,0.21428571428571427,-0.16363619431083484,0.791735752695301,-12.075721973960043
BTCUSDT,development,3686,18,0.3888888888888889,0.5141210221744967,1.8412889453764492,-5.140225422857519
ETHUSDT,development,3686,28,0.21428571428571427,-0.16273106029649773,0.7928877414408212,-12.073231216874255
BTCUSDT,development,3687,9,0.4444444444444444,0.7352646511336514,2.323476372040573,-2.000000000000001
ETHUSDT,development,3687,11,0.18181818181818182,-0.2872345355012255,0.6489355677207241,-4.999999999999998
BTCUSDT,development,3688,9,0.4444444444444444,0.736592792202894,2.3258670259652092,-2.0000000000000018
ETHUSDT,development,3688,11,0.18181818181818182,-0.28692816541784727,0.6493100200448533,-4.9999999999999964
BTCUSDT,development,3689,9,0.4444444444444444,0.7386089539645566,2.3294961171362014,-2.0000000000000027
ETHUSDT,development,3689,11,0.18181818181818182,-0.28644535425956213,0.6499001225716462,-5.000000000000002
BTCUSDT,development,3690,4,0.75,1.934970660461266,8.739882641845048,0.0
ETHUSDT,development,3690,7,0.2857142857142857,0.12006001564093065,1.1680840218973028,-2.0
BTCUSDT,development,3691,4,0.75,1.9369550421502415,8.74782016860096,0.0
ETHUSDT,development,3691,7,0.2857142857142857,0.12054145434338252,1.1687580360807357,-1.9999999999999991
BTCUSDT,development,3692,4,0.75,1.9399568708278463,8.759827483311371,0.0
ETHUSDT,development,3692,7,0.2857142857142857,0.12130015759211672,1.1698202206289634,-2.000000000000001
BTCUSDT,development,3693,2,1.0,2.8799029924207673,inf,0.0
ETHUSDT,development,3693,5,0.4,0.5680840218973029,1.9468067031621719,-1.9999999999999978
BTCUSDT,development,3694,2,1.0,2.8849325665619188,inf,0.0
ETHUSDT,development,3694,5,0.4,0.5687580360807353,1.9479300601345593,-1.9999999999999991
BTCUSDT,development,3695,2,1.0,2.892338222436114,inf,0.0
ETHUSDT,development,3695,5,0.4,0.5698202206289634,1.9497003677149403,-1.9999999999999973
BTCUSDT,development,3696,15,0.4,0.553316236237759,1.9221937270629317,-4.999999999999998
ETHUSDT,development,3696,26,0.19230769230769232,-0.24898576198122618,0.6917319137375295,-10.077299450023597
BTCUSDT,development,3697,15,0.4,0.5551050000700328,1.9251750001167214,-5.0
ETHUSDT,development,3697,26,0.19230769230769232,-0.2485154211742247,0.6923142404509598,-10.075721973960043
BTCUSDT,development,3698,15,0.4,0.5577683531180876,1.9296139218634787,-5.0000000000000036
ETHUSDT,development,3698,26,0.19230769230769232,-0.24778445137736707,0.6932192506756409,-10.073231216874255
BTCUSDT,development,3699,7,0.42857142857142855,0.6771260916921525,2.184970660461267,-0.9999999999999997
ETHUSDT,development,3699,11,0.18181818181818182,-0.28723453550122546,0.6489355677207241,-3.0822804404898885
BTCUSDT,development,3700,7,0.42857142857142855,0.6782600240858521,2.1869550421502404,-1.0000000000000018
ETHUSDT,development,3700,11,0.18181818181818182,-0.28692816541784744,0.6493100200448529,-3.0804878456362808
BTCUSDT,development,3701,7,0.42857142857142855,0.679975354758769,2.189956870827845,-1.000000000000001
ETHUSDT,development,3701,11,0.18181818181818182,-0.2864453542595618,0.6499001225716464,-3.0776676799809346
BTCUSDT,development,3702,4,0.75,1.934970660461266,8.739882641845048,0.0
ETHUSDT,development,3702,7,0.2857142857142857,0.12006001564093079,1.168084021897303,-1.9999999999999978
BTCUSDT,development,3703,4,0.75,1.9369550421502415,8.74782016860096,0.0
ETHUSDT,development,3703,7,0.2857142857142857,0.1205414543433824,1.1687580360807355,-1.9999999999999991
BTCUSDT,development,3704,4,0.75,1.9399568708278463,8.759827483311371,0.0
ETHUSDT,development,3704,7,0.2857142857142857,0.1213001575921169,1.1698202206289636,-1.9999999999999971
BTCUSDT,development,3705,2,1.0,2.8799029924207673,inf,0.0
ETHUSDT,development,3705,6,0.3333333333333333,0.30673668491441924,1.4601050273716292,-1.9999999999999978
BTCUSDT,development,3706,2,1.0,2.8849325665619188,inf,0.0
ETHUSDT,development,3706,6,0.3333333333333333,0.3072983634006128,1.4609475451009195,-1.9999999999999991
BTCUSDT,development,3707,2,1.0,2.892338222436114,inf,0.0
ETHUSDT,development,3707,6,0.3333333333333333,0.30818351719080317,1.4622752757862052,-1.9999999999999973
BTCUSDT,development,3708,31,0.41935483870967744,0.6085860639893699,2.0481204435372473,-3.9999999999999964
ETHUSDT,development,3708,34,0.20588235294117646,-0.1975351637293913,0.7512520160444702,-13.270822857061502
BTCUSDT,development,3709,31,0.41935483870967744,0.6132523779317905,2.056156873104749,-3.9999999999999964
ETHUSDT,development,3709,34,0.20588235294117646,-0.196944600644187,0.7519956880776903,-13.264145663561084
BTCUSDT,development,3710,31,0.41935483870967744,0.6194186166619934,2.066776506473433,-3.9999999999999982
ETHUSDT,development,3710,34,0.23529411764705882,-0.08032599553201901,0.8949583135350522,-13.253739205098828
BTCUSDT,development,3711,13,0.46153846153846156,0.8082673892572642,2.5010680086206336,-3.0000000000000018
ETHUSDT,development,3711,15,0.26666666666666666,0.041252321948601504,1.0562531662935475,-3.000000000000001
BTCUSDT,development,3712,13,0.46153846153846156,0.8092581883365617,2.502908064053614,-3.0000000000000027
ETHUSDT,development,3712,15,0.26666666666666666,0.041914553839655824,1.0571562097813492,-2.9999999999999987
BTCUSDT,development,3713,13,0.46153846153846156,0.8107795168818236,2.5057333884948156,-3.0000000000000036
ETHUSDT,development,3713,15,0.26666666666666666,0.04294300093369731,1.0585586376368596,-3.0000000000000013
BTCUSDT,development,3714,8,0.5,0.959921958883087,2.9198439177661726,-2.0000000000000027
ETHUSDT,development,3714,8,0.375,0.4628086563403153,1.7404938501445049,-2.9999999999999982
BTCUSDT,development,3715,8,0.5,0.9610331162058106,2.922066232411621,-2.0000000000000018
ETHUSDT,development,3715,8,0.375,0.46386689466564723,1.7421870314650363,-2.9999999999999973
BTCUSDT,development,3716,8,0.5,0.962724203760682,2.9254484075213645,-2.000000000000002
ETHUSDT,development,3716,8,0.375,0.46549388093047483,1.74479020948876,-2.9999999999999982
BTCUSDT,development,3717,4,0.75,1.923882092689157,8.695528370756632,0.0
ETHUSDT,development,3717,7,0.42857142857142855,0.6717813215317889,2.1756173126806306,-2.9999999999999982
BTCUSDT,development,3718,4,0.75,1.926666582253506,8.706666329014025,0.0
ETHUSDT,development,3718,7,0.42857142857142855,0.6729907367607396,2.177733789331295,-2.9999999999999973
BTCUSDT,development,3719,4,0.75,1.930799343659488,8.723197374637953,0.0
ETHUSDT,development,3719,7,0.42857142857142855,0.6748501496348284,2.1809877618609503,-2.9999999999999982
BTCUSDT,development,3720,15,0.4666666666666667,0.8118161841282786,2.522155345240523,-3.1565809914005083
ETHUSDT,development,3720,23,0.21739130434782608,-0.15193740376268722,0.8058577618587887,-12.159579890513482
BTCUSDT,development,3721,15,0.4666666666666667,0.8138726641517056,2.526011245284448,-3.1500192784592818
ETHUSDT,development,3721,23,0.21739130434782608,-0.15134976300406586,0.8066086361614714,-12.156209819596326
BTCUSDT,development,3722,15,0.4666666666666667,0.8169452266093965,2.5317722998926184,-3.1402254228575117
ETHUSDT,development,3722,23,0.21739130434782608,-0.15044090235307178,0.8077699581044085,-12.15089889685519
BTCUSDT,development,3723,8,0.5,0.9521727325253577,2.904345465050715,-2.000000000000001
ETHUSDT,development,3723,8,0.25,-0.019947486314185442,0.973403351581086,-2.9999999999999982
BTCUSDT,development,3724,8,0.5,0.9536668912282557,2.9073337824565106,-2.0000000000000018
ETHUSDT,development,3724,8,0.25,-0.019526227449540023,0.97396503006728,-2.999999999999997
BTCUSDT,development,3725,8,0.5,0.955935073210126,2.911870146420251,-2.0000000000000027
ETHUSDT,development,3725,8,0.25,-0.01886236210689779,0.9748501838574696,-3.0
BTCUSDT,development,3726,4,0.75,1.934970660461266,8.739882641845048,0.0
ETHUSDT,development,3726,6,0.3333333333333333,0.30673668491441913,1.460105027371629,-1.9999999999999978
BTCUSDT,development,3727,4,0.75,1.9369550421502415,8.74782016860096,0.0
ETHUSDT,development,3727,6,0.3333333333333333,0.30729836340061295,1.4609475451009197,-1.9999999999999991
BTCUSDT,development,3728,4,0.75,1.9399568708278463,8.759827483311371,0.0
ETHUSDT,development,3728,6,0.3333333333333333,0.3081835171908029,1.4622752757862045,-1.9999999999999973
BTCUSDT,development,3729,2,1.0,2.8799029924207673,inf,0.0
ETHUSDT,development,3729,5,0.4,0.5680840218973029,1.9468067031621719,-1.9999999999999978
BTCUSDT,development,3730,2,1.0,2.8849325665619188,inf,0.0
ETHUSDT,development,3730,5,0.4,0.5687580360807353,1.9479300601345593,-1.9999999999999991
BTCUSDT,development,3731,2,1.0,2.892338222436114,inf,0.0
ETHUSDT,development,3731,5,0.4,0.5698202206289634,1.9497003677149403,-1.9999999999999973
BTCUSDT,development,3732,12,0.5,0.9416452952971989,2.883290590594398,-2.9999999999999973
ETHUSDT,development,3732,22,0.18181818181818182,-0.28954522267164323,0.646111394512436,-11.159579890513488
BTCUSDT,development,3733,12,0.5,0.9438812500875411,2.887762500175082,-2.999999999999999
ETHUSDT,development,3733,22,0.18181818181818182,-0.28911963904181753,0.646631552282223,-11.156209819596327
BTCUSDT,development,3734,12,0.5,0.9472104413976098,2.89442088279522,-2.999999999999999
ETHUSDT,development,3734,22,0.18181818181818182,-0.2884575818922844,0.6474407332427637,-11.15089889685519
BTCUSDT,development,3735,6,0.5,0.9566471069741777,2.9132942139483546,-0.9999999999999997
ETHUSDT,development,3735,8,0.25,-0.019947486314185525,0.9734033515810859,-1.9999999999999987
BTCUSDT,development,3736,6,0.5,0.9579700281001605,2.915940056200319,-1.0000000000000018
ETHUSDT,development,3736,8,0.25,-0.019526227449540412,0.9739650300672795,-1.9999999999999982
BTCUSDT,development,3737,6,0.5,0.9599712472185639,2.919942494437125,-1.000000000000001
ETHUSDT,development,3737,8,0.25,-0.018862362106897818,0.9748501838574696,-1.9999999999999998
BTCUSDT,development,3738,4,0.75,1.934970660461266,8.739882641845048,0.0
ETHUSDT,development,3738,5,0.4,0.5680840218973029,1.9468067031621719,-1.9999999999999978
BTCUSDT,development,3739,4,0.75,1.9369550421502415,8.74782016860096,0.0
ETHUSDT,development,3739,5,0.4,0.5687580360807353,1.9479300601345593,-1.9999999999999991
BTCUSDT,development,3740,4,0.75,1.9399568708278463,8.759827483311371,0.0
ETHUSDT,development,3740,5,0.4,0.5698202206289634,1.9497003677149403,-1.9999999999999973
BTCUSDT,development,3741,2,1.0,2.8799029924207673,inf,0.0
ETHUSDT,development,3741,5,0.4,0.5680840218973029,1.9468067031621719,-1.9999999999999978
BTCUSDT,development,3742,2,1.0,2.8849325665619188,inf,0.0
ETHUSDT,development,3742,5,0.4,0.5687580360807353,1.9479300601345593,-1.9999999999999991
BTCUSDT,development,3743,2,1.0,2.892338222436114,inf,0.0
ETHUSDT,development,3743,5,0.4,0.5698202206289634,1.9497003677149403,-1.9999999999999973
BTCUSDT,development,3744,12,0.5,0.9516250053400545,2.9032500106801082,-2.000000000000001
ETHUSDT,development,3744,20,0.3,0.16882324124369044,1.2411760589195575,-5.0000000000000036
BTCUSDT,development,3745,12,0.5,0.9531646375010867,2.9063292750021725,-2.0000000000000018
ETHUSDT,development,3745,20,0.3,0.169713004686847,1.2424471495526388,-5.0
BTCUSDT,development,3746,12,0.5,0.9554942840942738,2.9109885681885492,-2.0000000000000027
ETHUSDT,development,3746,20,0.35,0.36778632622297847,1.5658251172661202,-5.000000000000003
BTCUSDT,development,3747,9,0.5555555555555556,1.1757638185747352,3.6454685917931524,-2.000000000000001
ETHUSDT,development,3747,14,0.2857142857142857,0.11562748780207291,1.1618784829229023,-2.9999999999999987
BTCUSDT,development,3748,9,0.5555555555555556,1.1770329306518776,3.648324093966723,-2.0000000000000018
ETHUSDT,development,3748,14,0.2857142857142857,0.1163370219710597,1.1628718307594839,-2.9999999999999973
BTCUSDT,development,3749,9,0.5555555555555556,1.1789740056819558,3.6526915127843993,-2.0000000000000027
ETHUSDT,development,3749,14,0.2857142857142857,0.11743892957181855,1.1644145014005458,-2.9999999999999982
BTCUSDT,development,3750,6,0.6666666666666666,1.613229278510782,5.8396878355323345,-1.000000000000002
ETHUSDT,development,3750,8,0.375,0.4628086563403153,1.7404938501445049,-2.9999999999999982
BTCUSDT,development,3751,6,0.6666666666666666,1.614710821607747,5.844132464823237,-1.0000000000000018
ETHUSDT,development,3751,8,0.375,0.46386689466564723,1.7421870314650363,-2.9999999999999973
BTCUSDT,development,3752,6,0.6666666666666666,1.616965605014242,5.850896815042722,-1.0000000000000016
ETHUSDT,development,3752,8,0.375,0.46549388093047483,1.74479020948876,-2.9999999999999982
BTCUSDT,development,3753,4,0.75,1.923882092689157,8.695528370756632,0.0
ETHUSDT,development,3753,7,0.42857142857142855,0.6717813215317889,2.1756173126806306,-2.9999999999999982
BTCUSDT,development,3754,4,0.75,1.926666582253506,8.706666329014025,0.0
ETHUSDT,development,3754,7,0.42857142857142855,0.6729907367607396,2.177733789331295,-2.9999999999999973
BTCUSDT,development,3755,4,0.75,1.930799343659488,8.723197374637953,0.0
ETHUSDT,development,3755,7,0.42857142857142855,0.6748501496348284,2.1809877618609503,-2.9999999999999982
BTCUSDT,development,3756,8,0.625,1.4318759446388616,4.818335852370297,-2.000000000000001
ETHUSDT,development,3756,10,0.4,0.5598100105131304,1.9330166841885517,-3.0
BTCUSDT,development,3757,8,0.625,1.4342518004965235,4.824671467990727,-2.0000000000000018
ETHUSDT,development,3757,10,0.4,0.5609331966545784,1.9348886610909644,-2.999999999999999
BTCUSDT,development,3758,8,0.625,1.4378307429593362,4.834215314558228,-2.0000000000000027
ETHUSDT,development,3758,10,0.4,0.5626669618427566,1.9377782697379278,-3.0000000000000018
BTCUSDT,development,3759,7,0.5714285714285714,1.2310545514575515,3.8724606200676193,-2.000000000000001
ETHUSDT,development,3759,7,0.2857142857142857,0.12006001564093084,1.1680840218973032,-1.9999999999999987
BTCUSDT,development,3760,7,0.5714285714285714,1.232762161403721,3.8764450432753486,-2.0000000000000018
ETHUSDT,development,3760,7,0.2857142857142857,0.12054145434338272,1.168758036080736,-1.9999999999999991
BTCUSDT,development,3761,7,0.5714285714285714,1.2353543693830014,3.882493528560335,-2.0000000000000027
ETHUSDT,development,3761,7,0.2857142857142857,0.12130015759211678,1.1698202206289634,-2.0
BTCUSDT,development,3762,4,0.75,1.934970660461266,8.739882641845048,0.0
ETHUSDT,development,3762,6,0.3333333333333333,0.30673668491441913,1.460105027371629,-1.9999999999999978
BTCUSDT,development,3763,4,0.75,1.9369550421502415,8.74782016860096,0.0
ETHUSDT,development,3763,6,0.3333333333333333,0.30729836340061295,1.4609475451009197,-1.9999999999999991
BTCUSDT,development,3764,4,0.75,1.9399568708278463,8.759827483311371,0.0
ETHUSDT,development,3764,6,0.3333333333333333,0.3081835171908029,1.4622752757862045,-1.9999999999999973
BTCUSDT,development,3765,2,1.0,2.8799029924207673,inf,0.0
ETHUSDT,development,3765,5,0.4,0.5680840218973029,1.9468067031621719,-1.9999999999999978
BTCUSDT,development,3766,2,1.0,2.8849325665619188,inf,0.0
ETHUSDT,development,3766,5,0.4,0.5687580360807353,1.9479300601345593,-1.9999999999999991
BTCUSDT,development,3767,2,1.0,2.892338222436114,inf,0.0
ETHUSDT,development,3767,5,0.4,0.5698202206289634,1.9497003677149403,-1.9999999999999973
BTCUSDT,development,3768,6,0.6666666666666666,1.596251389792183,5.7887541693765465,-2.000000000000001
ETHUSDT,development,3768,10,0.3,0.1722665492896959,1.2460950704138514,-3.000000000000001
BTCUSDT,development,3769,6,0.6666666666666666,1.5987499071245175,5.796249721373549,-2.0000000000000018
ETHUSDT,development,3769,10,0.3,0.17297444567193132,1.2471063509599016,-2.9999999999999996
BTCUSDT,development,3770,6,0.6666666666666666,1.6024988068841772,5.807496420652525,-2.0000000000000027
ETHUSDT,development,3770,10,0.3,0.17407435709179592,1.24867765298828,-3.0000000000000018
BTCUSDT,development,3771,5,0.6,1.347976528369013,4.369941320922531,-0.9999999999999989
ETHUSDT,development,3771,7,0.2857142857142857,0.12006001564093072,1.168084021897303,-1.9999999999999978
BTCUSDT,development,3772,5,0.6,1.349564033720193,4.37391008430048,-1.0000000000000009
ETHUSDT,development,3772,7,0.2857142857142857,0.12054145434338215,1.168758036080735,-1.9999999999999991
BTCUSDT,development,3773,5,0.6,1.3519654966622767,4.379913741655686,-1.000000000000001
ETHUSDT,development,3773,7,0.2857142857142857,0.12130015759211678,1.1698202206289634,-1.9999999999999971
BTCUSDT,development,3774,4,0.75,1.934970660461266,8.739882641845048,0.0
ETHUSDT,development,3774,5,0.4,0.5680840218973029,1.9468067031621719,-1.9999999999999978
BTCUSDT,development,3775,4,0.75,1.9369550421502415,8.74782016860096,0.0
ETHUSDT,development,3775,5,0.4,0.5687580360807353,1.9479300601345593,-1.9999999999999991
BTCUSDT,development,3776,4,0.75,1.9399568708278463,8.759827483311371,0.0
ETHUSDT,development,3776,5,0.4,0.5698202206289634,1.9497003677149403,-1.9999999999999973
BTCUSDT,development,3777,2,1.0,2.8799029924207673,inf,0.0
ETHUSDT,development,3777,5,0.4,0.5680840218973029,1.9468067031621719,-1.9999999999999978
BTCUSDT,development,3778,2,1.0,2.8849325665619188,inf,0.0
ETHUSDT,development,3778,5,0.4,0.5687580360807353,1.9479300601345593,-1.9999999999999991
BTCUSDT,development,3779,2,1.0,2.892338222436114,inf,0.0
ETHUSDT,development,3779,5,0.4,0.5698202206289634,1.9497003677149403,-1.9999999999999973
BTCUSDT,development,3780,44,0.36363636363636365,0.3976072314642263,1.6248113637294987,-4.359627299286691
ETHUSDT,development,3780,53,0.20754716981132076,-0.19437021977661612,0.7547232940914128,-16.000000000000007
BTCUSDT,development,3781,44,0.36363636363636365,0.4010812602630661,1.6302705518419605,-4.341087932999244
ETHUSDT,development,3781,53,0.20754716981132076,-0.19354594160317648,0.7557634546436106,-15.999999999999993
BTCUSDT,development,3782,43,0.37209302325581395,0.43845393440203695,1.6982784881217625,-4.196231738924981
ETHUSDT,development,3782,52,0.23076923076923078,-0.10119688437781357,0.8684440503088424,-16.0
BTCUSDT,development,3783,18,0.3888888888888889,0.512639019820011,1.8388638506145634,-3.9999999999999982
ETHUSDT,development,3783,25,0.24,-0.06774571841726186,0.9108608968193924,-7.082280440489892
BTCUSDT,development,3784,18,0.3888888888888889,0.514498622961163,1.8419068375728116,-3.9999999999999987
ETHUSDT,development,3784,25,0.24,-0.06681597588398212,0.9120842422579183,-7.080487845636283
BTCUSDT,development,3785,18,0.3888888888888889,0.5171709316282314,1.8462797063007428,-3.9999999999999942
ETHUSDT,development,3785,25,0.28,0.09176870495703905,1.127456534662554,-7.077667679980937
BTCUSDT,development,3786,9,0.5555555555555556,1.155489107497829,3.599850491870114,-2.0000000000000027
ETHUSDT,development,3786,13,0.3076923076923077,0.19416606931067293,1.2804621001154166,-2.9999999999999996
BTCUSDT,development,3787,9,0.5555555555555556,1.1587648549524572,3.6072209236430286,-2.0000000000000013
ETHUSDT,development,3787,13,0.3076923076923077,0.19547066022591603,1.2823465092152122,-2.999999999999999
BTCUSDT,development,3788,9,0.5555555555555556,1.163415186658879,3.617684169982479,-2.0000000000000027
ETHUSDT,development,3788,13,0.38461538461538464,0.499694069372095,1.8120028627296552,-3.0000000000000004
BTCUSDT,development,3789,5,0.6,1.3391056741513256,4.347764185378314,-1.0000000000000007
ETHUSDT,development,3789,10,0.3,0.1702469250722524,1.2432098929603608,-2.9999999999999987
BTCUSDT,development,3790,5,0.6,1.3413332658028048,4.353333164507011,-1.0000000000000004
ETHUSDT,development,3790,10,0.3,0.17109351573251744,1.2444193081893107,-2.9999999999999973
BTCUSDT,development,3791,5,0.6,1.34463947492759,4.361598687318974,-1.0000000000000013
ETHUSDT,development,3791,10,0.4,0.5653349140147051,1.9422248566911762,-2.9999999999999982
BTCUSDT,development,3792,19,0.42105263157894735,0.6329894450871938,2.0933454051506084,-4.156580991400501
ETHUSDT,development,3792,30,0.2,-0.2226556057216703,0.7216804928479121,-15.077299450023597
BTCUSDT,development,3793,19,0.42105263157894735,0.6349318868015661,2.09670053174816,-4.150019278459279
ETHUSDT,development,3793,30,0.2,-0.22193019468813047,0.722587256639837,-15.075721973960047
BTCUSDT,development,3794,19,0.42105263157894735,0.6378356081303416,2.101716050406954,-4.1402254228575135
ETHUSDT,development,3794,30,0.2,-0.22082428270101082,0.7239696466237366,-15.073231216874255
BTCUSDT,development,3795,9,0.4444444444444444,0.7352646511336514,2.323476372040573,-2.000000000000001
ETHUSDT,development,3795,13,0.15384615384615385,-0.39689076080872915,0.5309472826805923,-6.077299450023588
BTCUSDT,development,3796,9,0.4444444444444444,0.736592792202894,2.3258670259652092,-2.0000000000000018
ETHUSDT,development,3796,13,0.15384615384615385,-0.39663152458433226,0.5312536527639707,-6.075721973960036
BTCUSDT,development,3797,9,0.4444444444444444,0.7386089539645566,2.3294961171362014,-2.0000000000000027
ETHUSDT,development,3797,13,0.15384615384615385,-0.3962229920657832,0.5317364639222562,-6.073231216874246
BTCUSDT,development,3798,4,0.75,1.934970660461266,8.739882641845048,0.0
ETHUSDT,development,3798,8,0.25,-0.01994748631418561,0.9734033515810858,-2.9999999999999996
BTCUSDT,development,3799,4,0.75,1.9369550421502415,8.74782016860096,0.0
ETHUSDT,development,3799,8,0.25,-0.01952622744954033,0.9739650300672795,-2.999999999999999
BTCUSDT,development,3800,4,0.75,1.9399568708278463,8.759827483311371,0.0
ETHUSDT,development,3800,8,0.25,-0.018862362106897818,0.9748501838574696,-3.0000000000000004
BTCUSDT,development,3801,2,1.0,2.8799029924207673,inf,0.0
ETHUSDT,development,3801,6,0.3333333333333333,0.30673668491441913,1.460105027371629,-1.9999999999999978
BTCUSDT,development,3802,2,1.0,2.8849325665619188,inf,0.0
ETHUSDT,development,3802,6,0.3333333333333333,0.30729836340061256,1.460947545100919,-1.9999999999999991
BTCUSDT,development,3803,2,1.0,2.892338222436114,inf,0.0
ETHUSDT,development,3803,6,0.3333333333333333,0.308183517190803,1.4622752757862048,-1.9999999999999973
BTCUSDT,development,3804,16,0.4375,0.6968312648936805,2.2388111375887667,-3.9999999999999876
ETHUSDT,development,3804,27,0.18518518518518517,-0.2798186216253501,0.6565862370961613,-13.077299450023599
BTCUSDT,development,3805,16,0.4375,0.6988869305002919,2.2424656542227415,-3.9999999999999956
ETHUSDT,development,3805,27,0.18518518518518517,-0.2791664203877919,0.6573866658877099,-13.075721973960047
BTCUSDT,development,3806,16,0.4375,0.7019514657566791,2.2479137169007624,-3.999999999999999
ETHUSDT,development,3806,27,0.18518518518518517,-0.2781723899459233,0.6586066123390945,-13.073231216874255
BTCUSDT,development,3807,7,0.42857142857142855,0.6771260916921525,2.184970660461267,-0.9999999999999997
ETHUSDT,development,3807,13,0.15384615384615385,-0.39689076080872915,0.5309472826805923,-4.159579890513479
BTCUSDT,development,3808,7,0.42857142857142855,0.6782600240858521,2.1869550421502404,-1.0000000000000018
ETHUSDT,development,3808,13,0.15384615384615385,-0.3966315245843324,0.5312536527639707,-4.156209819596318
BTCUSDT,development,3809,7,0.42857142857142855,0.679975354758769,2.189956870827845,-1.000000000000001
ETHUSDT,development,3809,13,0.15384615384615385,-0.39622299206578293,0.5317364639222563,-4.150898896855178
BTCUSDT,development,3810,4,0.75,1.934970660461266,8.739882641845048,0.0
ETHUSDT,development,3810,8,0.25,-0.019947486314185525,0.9734033515810859,-1.9999999999999998
BTCUSDT,development,3811,4,0.75,1.9369550421502415,8.74782016860096,0.0
ETHUSDT,development,3811,8,0.25,-0.019526227449540468,0.9739650300672794,-2.0000000000000004
BTCUSDT,development,3812,4,0.75,1.9399568708278463,8.759827483311371,0.0
ETHUSDT,development,3812,8,0.25,-0.018862362106897623,0.9748501838574698,-1.9999999999999998
BTCUSDT,development,3813,2,1.0,2.8799029924207673,inf,0.0
ETHUSDT,development,3813,7,0.2857142857142857,0.12006001564093091,1.1680840218973032,-1.9999999999999978
BTCUSDT,development,3814,2,1.0,2.8849325665619188,inf,0.0
ETHUSDT,development,3814,7,0.2857142857142857,0.12054145434338234,1.1687580360807353,-1.9999999999999991
BTCUSDT,development,3815,2,1.0,2.892338222436114,inf,0.0
ETHUSDT,development,3815,7,0.2857142857142857,0.1213001575921171,1.169820220628964,-1.9999999999999971
BTCUSDT,development,3816,34,0.4117647058823529,0.5798742552471464,1.9857862339201493,-3.0000000000000036
ETHUSDT,development,3816,39,0.20512820512820512,-0.20242322862777118,0.7453385188231265,-16.2708228570615
BTCUSDT,development,3817,34,0.4117647058823529,0.5843070471423433,1.9933219801419828,-3.0000000000000213
ETHUSDT,development,3817,39,0.20512820512820512,-0.20169058964847758,0.7462602259261087,-16.26414566356108
BTCUSDT,development,3818,33,0.42424242424242425,0.6383840991471923,2.1087723827293345,-2.9999999999999982
ETHUSDT,development,3818,39,0.23076923076923078,-0.09970282272816565,0.8703863304533849,-16.253739205098828
BTCUSDT,development,3819,14,0.42857142857142855,0.6791054328817449,2.1884345075430534,-3.0000000000000018
ETHUSDT,development,3819,17,0.29411764705882354,0.14355732232619095,1.2033728732954374,-3.999999999999998
BTCUSDT,development,3820,14,0.42857142857142855,0.6800254605982359,2.190044556046913,-3.0000000000000027
ETHUSDT,development,3820,17,0.29411764705882354,0.144641278423916,1.2049084777672143,-3.9999999999999956
BTCUSDT,development,3821,14,0.42857142857142855,0.6814381228188363,2.1925167149329643,-3.0000000000000027
ETHUSDT,development,3821,17,0.29411764705882354,0.14628345739386162,1.207234897974637,-3.9999999999999964
BTCUSDT,development,3822,8,0.5,0.959921958883087,2.9198439177661726,-2.0000000000000027
ETHUSDT,development,3822,9,0.4444444444444444,0.7249065445598607,2.30483178020775,-2.9999999999999982
BTCUSDT,development,3823,8,0.5,0.9610331162058106,2.922066232411621,-2.0000000000000018
ETHUSDT,development,3823,9,0.4444444444444444,0.7267909536596567,2.3082237165873836,-2.9999999999999973
BTCUSDT,development,3824,8,0.5,0.962724203760682,2.9254484075213645,-2.000000000000002
ETHUSDT,development,3824,9,0.4444444444444444,0.7296249787926649,2.313324961826797,-2.9999999999999982
BTCUSDT,development,3825,4,0.75,1.923882092689157,8.695528370756632,0.0
ETHUSDT,development,3825,7,0.42857142857142855,0.6717813215317889,2.1756173126806306,-2.9999999999999982
BTCUSDT,development,3826,4,0.75,1.926666582253506,8.706666329014025,0.0
ETHUSDT,development,3826,7,0.42857142857142855,0.6729907367607396,2.177733789331295,-2.9999999999999973
BTCUSDT,development,3827,4,0.75,1.930799343659488,8.723197374637953,0.0
ETHUSDT,development,3827,7,0.42857142857142855,0.6748501496348284,2.1809877618609503,-2.9999999999999982
BTCUSDT,development,3828,16,0.5,0.9391749660410421,2.878349932082084,-3.0000000000000036
ETHUSDT,development,3828,27,0.18518518518518517,-0.27757630690895574,0.6593381687935544,-15.159579890513484
BTCUSDT,development,3829,16,0.5,0.9414816155768595,2.882963231153719,-3.0
ETHUSDT,development,3829,27,0.18518518518518517,-0.2770757240405005,0.6599525204957493,-15.156209819596326
BTCUSDT,development,3830,16,0.5,0.9449297846547807,2.8898595693095617,-2.9999999999999982
ETHUSDT,development,3830,27,0.18518518518518517,-0.27630150941187587,0.6609026929945161,-15.150898896855189
BTCUSDT,development,3831,8,0.5,0.9521727325253577,2.904345465050715,-2.000000000000001
ETHUSDT,development,3831,9,0.2222222222222222,-0.1288422100570537,0.8343457299266451,-3.0772994500235895
BTCUSDT,development,3832,8,0.5,0.9536668912282557,2.9073337824565106,-2.0000000000000018
ETHUSDT,development,3832,9,0.2222222222222222,-0.12846775773292438,0.8348271686290971,-3.075721973960035
BTCUSDT,development,3833,8,0.5,0.955935073210126,2.911870146420251,-2.0000000000000027
ETHUSDT,development,3833,9,0.2222222222222222,-0.12787765520613117,0.8355858718778312,-3.0732312168742446
BTCUSDT,development,3834,4,0.75,1.934970660461266,8.739882641845048,0.0
ETHUSDT,development,3834,6,0.3333333333333333,0.30673668491441913,1.460105027371629,-1.9999999999999978
BTCUSDT,development,3835,4,0.75,1.9369550421502415,8.74782016860096,0.0
ETHUSDT,development,3835,6,0.3333333333333333,0.30729836340061295,1.4609475451009197,-1.9999999999999991
BTCUSDT,development,3836,4,0.75,1.9399568708278463,8.759827483311371,0.0
ETHUSDT,development,3836,6,0.3333333333333333,0.3081835171908029,1.4622752757862045,-1.9999999999999973
BTCUSDT,development,3837,2,1.0,2.8799029924207673,inf,0.0
ETHUSDT,development,3837,5,0.4,0.5680840218973029,1.9468067031621719,-1.9999999999999978
BTCUSDT,development,3838,2,1.0,2.8849325665619188,inf,0.0
ETHUSDT,development,3838,5,0.4,0.5687580360807353,1.9479300601345593,-1.9999999999999991
BTCUSDT,development,3839,2,1.0,2.892338222436114,inf,0.0
ETHUSDT,development,3839,5,0.4,0.5698202206289634,1.9497003677149403,-1.9999999999999973
BTCUSDT,development,3840,13,0.5384615384615384,1.0884077106383754,3.358216706383147,-2.0000000000000018
ETHUSDT,development,3840,23,0.17391304347826086,-0.3204345608163544,0.6121055316433605,-12.159579890513488
BTCUSDT,development,3841,13,0.5384615384615384,1.0909377606157438,3.363698481334111,-2.0000000000000018
ETHUSDT,development,3841,23,0.17391304347826086,-0.32002748082260807,0.6125983126884219,-12.156209819596327
BTCUSDT,development,3842,13,0.5384615384615384,1.094709496315913,3.371870575351145,-1.9999999999999982
ETHUSDT,development,3842,23,0.17391304347826086,-0.31939420876653285,0.6133649051773551,-12.150898896855189
BTCUSDT,development,3843,6,0.5,0.9566471069741777,2.9132942139483546,-0.9999999999999997
ETHUSDT,development,3843,9,0.2222222222222222,-0.12884221005705376,0.834345729926645,-2.999999999999997
BTCUSDT,development,3844,6,0.5,0.9579700281001605,2.915940056200319,-1.0000000000000018
ETHUSDT,development,3844,9,0.2222222222222222,-0.1284677577329247,0.8348271686290968,-2.9999999999999973
BTCUSDT,development,3845,6,0.5,0.9599712472185639,2.919942494437125,-1.000000000000001
ETHUSDT,development,3845,9,0.2222222222222222,-0.12787765520613117,0.8355858718778312,-2.9999999999999956
BTCUSDT,development,3846,4,0.75,1.934970660461266,8.739882641845048,0.0
ETHUSDT,development,3846,5,0.4,0.5680840218973029,1.9468067031621719,-1.9999999999999978
BTCUSDT,development,3847,4,0.75,1.9369550421502415,8.74782016860096,0.0
ETHUSDT,development,3847,5,0.4,0.5687580360807353,1.9479300601345593,-1.9999999999999991
BTCUSDT,development,3848,4,0.75,1.9399568708278463,8.759827483311371,0.0
ETHUSDT,development,3848,5,0.4,0.5698202206289634,1.9497003677149403,-1.9999999999999973
BTCUSDT,development,3849,2,1.0,2.8799029924207673,inf,0.0
ETHUSDT,development,3849,5,0.4,0.5680840218973029,1.9468067031621719,-1.9999999999999978
BTCUSDT,development,3850,2,1.0,2.8849325665619188,inf,0.0
ETHUSDT,development,3850,5,0.4,0.5687580360807353,1.9479300601345593,-1.9999999999999991
BTCUSDT,development,3851,2,1.0,2.892338222436114,inf,0.0
ETHUSDT,development,3851,5,0.4,0.5698202206289634,1.9497003677149403,-1.9999999999999973
BTCUSDT,development,3852,12,0.5,0.9516250053400545,2.9032500106801082,-2.000000000000001
ETHUSDT,development,3852,20,0.3,0.16882324124369044,1.2411760589195575,-5.0000000000000036
BTCUSDT,development,3853,12,0.5,0.9531646375010867,2.9063292750021725,-2.0000000000000018
ETHUSDT,development,3853,20,0.3,0.169713004686847,1.2424471495526388,-5.0
BTCUSDT,development,3854,12,0.5,0.9554942840942738,2.9109885681885492,-2.0000000000000027
ETHUSDT,development,3854,20,0.35,0.36778632622297847,1.5658251172661202,-5.000000000000003
BTCUSDT,development,3855,9,0.5555555555555556,1.1757638185747352,3.6454685917931524,-2.000000000000001
ETHUSDT,development,3855,14,0.2857142857142857,0.11562748780207291,1.1618784829229023,-2.9999999999999987
BTCUSDT,development,3856,9,0.5555555555555556,1.1770329306518776,3.648324093966723,-2.0000000000000018
ETHUSDT,development,3856,14,0.2857142857142857,0.1163370219710597,1.1628718307594839,-2.9999999999999973
BTCUSDT,development,3857,9,0.5555555555555556,1.1789740056819558,3.6526915127843993,-2.0000000000000027
ETHUSDT,development,3857,14,0.2857142857142857,0.11743892957181855,1.1644145014005458,-2.9999999999999982
BTCUSDT,development,3858,6,0.6666666666666666,1.613229278510782,5.8396878355323345,-1.000000000000002
ETHUSDT,development,3858,8,0.375,0.4628086563403153,1.7404938501445049,-2.9999999999999982
BTCUSDT,development,3859,6,0.6666666666666666,1.614710821607747,5.844132464823237,-1.0000000000000018
ETHUSDT,development,3859,8,0.375,0.46386689466564723,1.7421870314650363,-2.9999999999999973
BTCUSDT,development,3860,6,0.6666666666666666,1.616965605014242,5.850896815042722,-1.0000000000000016
ETHUSDT,development,3860,8,0.375,0.46549388093047483,1.74479020948876,-2.9999999999999982
BTCUSDT,development,3861,4,0.75,1.923882092689157,8.695528370756632,0.0
ETHUSDT,development,3861,7,0.42857142857142855,0.6717813215317889,2.1756173126806306,-2.9999999999999982
BTCUSDT,development,3862,4,0.75,1.926666582253506,8.706666329014025,0.0
ETHUSDT,development,3862,7,0.42857142857142855,0.6729907367607396,2.177733789331295,-2.9999999999999973
BTCUSDT,development,3863,4,0.75,1.930799343659488,8.723197374637953,0.0
ETHUSDT,development,3863,7,0.42857142857142855,0.6748501496348284,2.1809877618609503,-2.9999999999999982
BTCUSDT,development,3864,8,0.625,1.4318759446388616,4.818335852370297,-2.000000000000001
ETHUSDT,development,3864,10,0.4,0.5598100105131304,1.9330166841885517,-3.0
BTCUSDT,development,3865,8,0.625,1.4342518004965235,4.824671467990727,-2.0000000000000018
ETHUSDT,development,3865,10,0.4,0.5609331966545784,1.9348886610909644,-2.999999999999999
BTCUSDT,development,3866,8,0.625,1.4378307429593362,4.834215314558228,-2.0000000000000027
ETHUSDT,development,3866,10,0.4,0.5626669618427566,1.9377782697379278,-3.0000000000000018
BTCUSDT,development,3867,7,0.5714285714285714,1.2310545514575515,3.8724606200676193,-2.000000000000001
ETHUSDT,development,3867,7,0.2857142857142857,0.12006001564093084,1.1680840218973032,-1.9999999999999987
BTCUSDT,development,3868,7,0.5714285714285714,1.232762161403721,3.8764450432753486,-2.0000000000000018
ETHUSDT,development,3868,7,0.2857142857142857,0.12054145434338272,1.168758036080736,-1.9999999999999991
BTCUSDT,development,3869,7,0.5714285714285714,1.2353543693830014,3.882493528560335,-2.0000000000000027
ETHUSDT,development,3869,7,0.2857142857142857,0.12130015759211678,1.1698202206289634,-2.0
BTCUSDT,development,3870,4,0.75,1.934970660461266,8.739882641845048,0.0
ETHUSDT,development,3870,6,0.3333333333333333,0.30673668491441913,1.460105027371629,-1.9999999999999978
BTCUSDT,development,3871,4,0.75,1.9369550421502415,8.74782016860096,0.0
ETHUSDT,development,3871,6,0.3333333333333333,0.30729836340061295,1.4609475451009197,-1.9999999999999991
BTCUSDT,development,3872,4,0.75,1.9399568708278463,8.759827483311371,0.0
ETHUSDT,development,3872,6,0.3333333333333333,0.3081835171908029,1.4622752757862045,-1.9999999999999973
BTCUSDT,development,3873,2,1.0,2.8799029924207673,inf,0.0
ETHUSDT,development,3873,5,0.4,0.5680840218973029,1.9468067031621719,-1.9999999999999978
BTCUSDT,development,3874,2,1.0,2.8849325665619188,inf,0.0
ETHUSDT,development,3874,5,0.4,0.5687580360807353,1.9479300601345593,-1.9999999999999991
BTCUSDT,development,3875,2,1.0,2.892338222436114,inf,0.0
ETHUSDT,development,3875,5,0.4,0.5698202206289634,1.9497003677149403,-1.9999999999999973
BTCUSDT,development,3876,6,0.6666666666666666,1.596251389792183,5.7887541693765465,-2.000000000000001
ETHUSDT,development,3876,10,0.3,0.1722665492896959,1.2460950704138514,-3.000000000000001
BTCUSDT,development,3877,6,0.6666666666666666,1.5987499071245175,5.796249721373549,-2.0000000000000018
ETHUSDT,development,3877,10,0.3,0.17297444567193132,1.2471063509599016,-2.9999999999999996
BTCUSDT,development,3878,6,0.6666666666666666,1.6024988068841772,5.807496420652525,-2.0000000000000027
ETHUSDT,development,3878,10,0.3,0.17407435709179592,1.24867765298828,-3.0000000000000018
BTCUSDT,development,3879,5,0.6,1.347976528369013,4.369941320922531,-0.9999999999999989
ETHUSDT,development,3879,7,0.2857142857142857,0.12006001564093072,1.168084021897303,-1.9999999999999978
BTCUSDT,development,3880,5,0.6,1.349564033720193,4.37391008430048,-1.0000000000000009
ETHUSDT,development,3880,7,0.2857142857142857,0.12054145434338215,1.168758036080735,-1.9999999999999991
BTCUSDT,development,3881,5,0.6,1.3519654966622767,4.379913741655686,-1.000000000000001
ETHUSDT,development,3881,7,0.2857142857142857,0.12130015759211678,1.1698202206289634,-1.9999999999999971
BTCUSDT,development,3882,4,0.75,1.934970660461266,8.739882641845048,0.0
ETHUSDT,development,3882,5,0.4,0.5680840218973029,1.9468067031621719,-1.9999999999999978
BTCUSDT,development,3883,4,0.75,1.9369550421502415,8.74782016860096,0.0
ETHUSDT,development,3883,5,0.4,0.5687580360807353,1.9479300601345593,-1.9999999999999991
BTCUSDT,development,3884,4,0.75,1.9399568708278463,8.759827483311371,0.0
ETHUSDT,development,3884,5,0.4,0.5698202206289634,1.9497003677149403,-1.9999999999999973
BTCUSDT,development,3885,2,1.0,2.8799029924207673,inf,0.0
ETHUSDT,development,3885,5,0.4,0.5680840218973029,1.9468067031621719,-1.9999999999999978
BTCUSDT,development,3886,2,1.0,2.8849325665619188,inf,0.0
ETHUSDT,development,3886,5,0.4,0.5687580360807353,1.9479300601345593,-1.9999999999999991
BTCUSDT,development,3887,2,1.0,2.892338222436114,inf,0.0
ETHUSDT,development,3887,5,0.4,0.5698202206289634,1.9497003677149403,-1.9999999999999973
BTCUSDT,development,3888,8,0.125,-0.5219869699539141,0.4034434629098122,-4.0
ETHUSDT,development,3888,12,0.4166666666666667,0.6149354125290403,2.0541749929069257,-3.0
BTCUSDT,development,3889,8,0.125,-0.5209535471111553,0.40462451758725115,-3.9999999999999996
ETHUSDT,development,3889,12,0.4166666666666667,0.6167771049665164,2.057332179942599,-3.000000000000001
BTCUSDT,development,3890,8,0.125,-0.5194313711121042,0.4063641473004524,-4.0
ETHUSDT,development,3890,12,0.4166666666666667,0.6195533462812645,2.062091450767882,-3.0
BTCUSDT,development,3891,5,0.2,-0.2351791519262628,0.7060260600921715,-2.0000000000000013
ETHUSDT,development,3891,8,0.375,0.44634378370958894,1.7141500539353425,-1.9999999999999996
BTCUSDT,development,3892,5,0.2,-0.23352567537784846,0.7080929057776896,-2.000000000000001
ETHUSDT,development,3892,8,0.375,0.4484917047536601,1.7175867276058563,-2.0
BTCUSDT,development,3893,5,0.2,-0.2310901937793665,0.7111372577757918,-1.9999999999999998
ETHUSDT,development,3893,8,0.375,0.451699389619201,1.722719023390722,-1.9999999999999993
BTCUSDT,development,3894,2,0.5,0.9120521201843417,2.8241042403686794,-1.0000000000000022
ETHUSDT,development,3894,2,0.0,-0.9999999999999991,0.0,-0.9999999999999993
BTCUSDT,development,3895,2,0.5,0.9161858115553787,2.832371623110755,-1.0000000000000013
ETHUSDT,development,3895,2,0.0,-0.9999999999999998,0.0,-0.9999999999999999
BTCUSDT,development,3896,2,0.5,0.9222745155515837,2.8445490311031674,-1.0
ETHUSDT,development,3896,2,0.0,-0.999999999999999,0.0,-0.9999999999999991
BTCUSDT,development,3897,0,,,,0.0
ETHUSDT,development,3897,2,0.0,-0.9999999999999991,0.0,-0.9999999999999993
BTCUSDT,development,3898,0,,,,0.0
ETHUSDT,development,3898,2,0.0,-0.9999999999999998,0.0,-0.9999999999999999
BTCUSDT,development,3899,0,,,,0.0
ETHUSDT,development,3899,2,0.0,-0.999999999999999,0.0,-0.9999999999999991
BTCUSDT,development,3900,5,0.2,-0.2351791519262619,0.7060260600921723,-1.999999999999997
ETHUSDT,development,3900,5,0.2,-0.22072698254714682,0.7240912718160666,-3.0000000000000013
BTCUSDT,development,3901,5,0.2,-0.23352567537784794,0.7080929057776899,-1.9999999999999984
ETHUSDT,development,3901,5,0.2,-0.22015377832197253,0.7248077770975344,-3.000000000000001
BTCUSDT,development,3902,5,0.2,-0.2310901937793667,0.7111372577757917,-2.000000000000001
ETHUSDT,development,3902,5,0.2,-0.21926578683625753,0.7259177664546781,-2.999999999999999
BTCUSDT,development,3903,4,0.25,-0.043973939907827914,0.9413680801228961,-0.999999999999999
ETHUSDT,development,3903,2,0.0,-0.9999999999999996,0.0,-0.9999999999999994
BTCUSDT,development,3904,4,0.25,-0.04190709422231026,0.9441238743702529,-1.0000000000000009
ETHUSDT,development,3904,2,0.0,-0.9999999999999996,0.0,-0.9999999999999999
BTCUSDT,development,3905,4,0.25,-0.0388627422242081,0.9481830103677225,-1.0000000000000009
ETHUSDT,development,3905,2,0.0,-0.9999999999999991,0.0,-0.9999999999999991
BTCUSDT,development,3906,1,1.0,2.8241042403686856,inf,0.0
ETHUSDT,development,3906,1,0.0,-0.9999999999999994,0.0,0.0
BTCUSDT,development,3907,1,1.0,2.8323716231107587,inf,0.0
ETHUSDT,development,3907,1,0.0,-0.9999999999999999,0.0,0.0
BTCUSDT,development,3908,1,1.0,2.8445490311031674,inf,0.0
ETHUSDT,development,3908,1,0.0,-0.9999999999999991,0.0,0.0
BTCUSDT,development,3909,0,,,,0.0
ETHUSDT,development,3909,1,0.0,-0.9999999999999994,0.0,0.0
BTCUSDT,development,3910,0,,,,0.0
ETHUSDT,development,3910,1,0.0,-0.9999999999999999,0.0,0.0
BTCUSDT,development,3911,0,,,,0.0
ETHUSDT,development,3911,1,0.0,-0.9999999999999991,0.0,0.0
BTCUSDT,development,3912,4,0.25,-0.04397393990782761,0.9413680801228964,-1.999999999999997
ETHUSDT,development,3912,6,0.16666666666666666,-0.3506058187892888,0.5792730174528534,-3.000000000000001
BTCUSDT,development,3913,4,0.25,-0.04190709422231015,0.944123874370253,-1.9999999999999984
ETHUSDT,development,3913,6,0.16666666666666666,-0.3501281486016436,0.5798462216780278,-3.0
BTCUSDT,development,3914,4,0.25,-0.0388627422242086,0.9481830103677219,-2.000000000000001
ETHUSDT,development,3914,6,0.16666666666666666,-0.34938815569688114,0.5807342131637426,-2.9999999999999996
BTCUSDT,development,3915,3,0.3333333333333333,0.27470141345622917,1.4120521201843441,-0.999999999999999
ETHUSDT,development,3915,3,0.0,-0.9999999999999992,0.0,-1.999999999999999
BTCUSDT,development,3916,3,0.3333333333333333,0.277457207703586,1.4161858115553787,-0.9999999999999998
ETHUSDT,development,3916,3,0.0,-0.9999999999999994,0.0,-1.9999999999999987
BTCUSDT,development,3917,3,0.3333333333333333,0.28151634370105555,1.422274515551583,-0.9999999999999998
ETHUSDT,development,3917,3,0.0,-0.9999999999999991,0.0,-1.9999999999999984
BTCUSDT,development,3918,1,1.0,2.8241042403686856,inf,0.0
ETHUSDT,development,3918,2,0.0,-0.9999999999999991,0.0,-0.9999999999999993
BTCUSDT,development,3919,1,1.0,2.8323716231107587,inf,0.0
ETHUSDT,development,3919,2,0.0,-0.9999999999999998,0.0,-0.9999999999999999
BTCUSDT,development,3920,1,1.0,2.8445490311031674,inf,0.0
ETHUSDT,development,3920,2,0.0,-0.999999999999999,0.0,-0.9999999999999991
BTCUSDT,development,3921,0,,,,0.0
ETHUSDT,development,3921,2,0.0,-0.9999999999999991,0.0,-0.9999999999999993
BTCUSDT,development,3922,0,,,,0.0
ETHUSDT,development,3922,2,0.0,-0.9999999999999998,0.0,-0.9999999999999999
BTCUSDT,development,3923,0,,,,0.0
ETHUSDT,development,3923,2,0.0,-0.999999999999999,0.0,-0.9999999999999991
BTCUSDT,development,3924,5,0.0,-1.0000000000000002,0.0,-4.000000000000002
ETHUSDT,development,3924,8,0.25,-0.036891536293311294,0.9508112849422514,-5.000000000000002
BTCUSDT,development,3925,5,0.0,-1.0000000000000004,0.0,-4.0000000000000036
ETHUSDT,development,3925,8,0.25,-0.0353456539580746,0.9528724613892338,-5.000000000000001
BTCUSDT,development,3926,5,0.0,-1.0000000000000004,0.0,-4.000000000000003
ETHUSDT,development,3926,8,0.25,-0.03305070482168371,0.9559323935710883,-5.0
BTCUSDT,development,3927,4,0.0,-0.9999999999999999,0.0,-3.0000000000000004
ETHUSDT,development,3927,6,0.3333333333333333,0.28414461827558535,1.426216927413378,-2.999999999999999
BTCUSDT,development,3928,4,0.0,-1.0000000000000002,0.0,-3.0000000000000018
ETHUSDT,development,3928,6,0.3333333333333333,0.2862057947225676,1.4293086920838516,-2.9999999999999987
BTCUSDT,development,3929,4,0.0,-1.0,0.0,-3.000000000000001
ETHUSDT,development,3929,6,0.3333333333333333,0.2892657269044219,1.4338985903566328,-2.9999999999999987
BTCUSDT,development,3930,1,0.0,-1.0000000000000022,0.0,0.0
ETHUSDT,development,3930,1,0.0,-0.9999999999999994,0.0,0.0
BTCUSDT,development,3931,1,0.0,-1.0000000000000013,0.0,0.0
ETHUSDT,development,3931,1,0.0,-0.9999999999999999,0.0,0.0
BTCUSDT,development,3932,1,0.0,-1.0,0.0,0.0
ETHUSDT,development,3932,1,0.0,-0.9999999999999991,0.0,0.0
BTCUSDT,development,3933,0,,,,0.0
ETHUSDT,development,3933,1,0.0,-0.9999999999999994,0.0,0.0
BTCUSDT,development,3934,0,,,,0.0
ETHUSDT,development,3934,1,0.0,-0.9999999999999999,0.0,0.0
BTCUSDT,development,3935,0,,,,0.0
ETHUSDT,development,3935,1,0.0,-0.9999999999999991,0.0,0.0
BTCUSDT,development,3936,3,0.0,-0.9999999999999991,0.0,-1.9999999999999982
ETHUSDT,development,3936,4,0.0,-1.0000000000000004,0.0,-3.0000000000000013
BTCUSDT,development,3937,3,0.0,-1.0,0.0,-2.000000000000001
ETHUSDT,development,3937,4,0.0,-1.0000000000000004,0.0,-3.000000000000001
BTCUSDT,development,3938,3,0.0,-1.0,0.0,-2.000000000000001
ETHUSDT,development,3938,4,0.0,-1.0,0.0,-2.999999999999999
BTCUSDT,development,3939,3,0.0,-0.9999999999999991,0.0,-1.9999999999999982
ETHUSDT,development,3939,2,0.0,-0.9999999999999996,0.0,-0.9999999999999994
BTCUSDT,development,3940,3,0.0,-1.0,0.0,-2.000000000000001
ETHUSDT,development,3940,2,0.0,-0.9999999999999996,0.0,-0.9999999999999999
BTCUSDT,development,3941,3,0.0,-1.0,0.0,-2.000000000000001
ETHUSDT,development,3941,2,0.0,-0.9999999999999991,0.0,-0.9999999999999991
BTCUSDT,development,3942,0,,,,0.0
ETHUSDT,development,3942,1,0.0,-0.9999999999999994,0.0,0.0
BTCUSDT,development,3943,0,,,,0.0
ETHUSDT,development,3943,1,0.0,-0.9999999999999999,0.0,0.0
BTCUSDT,development,3944,0,,,,0.0
ETHUSDT,development,3944,1,0.0,-0.9999999999999991,0.0,0.0
BTCUSDT,development,3945,0,,,,0.0
ETHUSDT,development,3945,1,0.0,-0.9999999999999994,0.0,0.0
BTCUSDT,development,3946,0,,,,0.0
ETHUSDT,development,3946,1,0.0,-0.9999999999999999,0.0,0.0
BTCUSDT,development,3947,0,,,,0.0
ETHUSDT,development,3947,1,0.0,-0.9999999999999991,0.0,0.0
BTCUSDT,development,3948,2,0.0,-0.9999999999999991,0.0,-0.9999999999999991
ETHUSDT,development,3948,4,0.0,-1.0000000000000004,0.0,-3.0000000000000013
BTCUSDT,development,3949,2,0.0,-1.0000000000000004,0.0,-1.0
ETHUSDT,development,3949,4,0.0,-1.0000000000000002,0.0,-3.0
BTCUSDT,development,3950,2,0.0,-1.0000000000000004,0.0,-1.0
ETHUSDT,development,3950,4,0.0,-1.0,0.0,-2.999999999999999
BTCUSDT,development,3951,2,0.0,-0.9999999999999991,0.0,-0.9999999999999991
ETHUSDT,development,3951,2,0.0,-0.9999999999999993,0.0,-0.999999999999999
BTCUSDT,development,3952,2,0.0,-1.0000000000000004,0.0,-1.0
ETHUSDT,development,3952,2,0.0,-0.9999999999999991,0.0,-0.999999999999999
BTCUSDT,development,3953,2,0.0,-1.0000000000000004,0.0,-1.0
ETHUSDT,development,3953,2,0.0,-0.9999999999999991,0.0,-0.9999999999999991
BTCUSDT,development,3954,0,,,,0.0
ETHUSDT,development,3954,1,0.0,-0.9999999999999994,0.0,0.0
BTCUSDT,development,3955,0,,,,0.0
ETHUSDT,development,3955,1,0.0,-0.9999999999999999,0.0,0.0
BTCUSDT,development,3956,0,,,,0.0
ETHUSDT,development,3956,1,0.0,-0.9999999999999991,0.0,0.0
BTCUSDT,development,3957,0,,,,0.0
ETHUSDT,development,3957,1,0.0,-0.9999999999999994,0.0,0.0
BTCUSDT,development,3958,0,,,,0.0
ETHUSDT,development,3958,1,0.0,-0.9999999999999999,0.0,0.0
BTCUSDT,development,3959,0,,,,0.0
ETHUSDT,development,3959,1,0.0,-0.9999999999999991,0.0,0.0
BTCUSDT,development,3960,3,0.0,-1.0000000000000002,0.0,-2.0000000000000013
ETHUSDT,development,3960,7,0.2857142857142857,0.10069538709335875,1.1409735419307023,-4.0
BTCUSDT,development,3961,3,0.0,-1.0000000000000004,0.0,-2.000000000000002
ETHUSDT,development,3961,7,0.2857142857142857,0.10246210976220052,1.1434469536670808,-4.0
BTCUSDT,development,3962,3,0.0,-1.0,0.0,-2.000000000000001
ETHUSDT,development,3962,7,0.2857142857142857,0.10508490877521874,1.147118872285306,-3.999999999999999
BTCUSDT,development,3963,3,0.0,-1.0000000000000002,0.0,-2.0000000000000013
ETHUSDT,development,3963,6,0.3333333333333333,0.2841446182755853,1.4262169274133778,-3.0
BTCUSDT,development,3964,3,0.0,-1.0000000000000004,0.0,-2.000000000000002
ETHUSDT,development,3964,6,0.3333333333333333,0.28620579472256746,1.4293086920838511,-2.999999999999999
BTCUSDT,development,3965,3,0.0,-1.0,0.0,-2.000000000000001
ETHUSDT,development,3965,6,0.3333333333333333,0.2892657269044219,1.4338985903566328,-2.9999999999999987
BTCUSDT,development,3966,1,0.0,-1.0000000000000022,0.0,0.0
ETHUSDT,development,3966,1,0.0,-0.9999999999999994,0.0,0.0
BTCUSDT,development,3967,1,0.0,-1.0000000000000013,0.0,0.0
ETHUSDT,development,3967,1,0.0,-0.9999999999999999,0.0,0.0
BTCUSDT,development,3968,1,0.0,-1.0,0.0,0.0
ETHUSDT,development,3968,1,0.0,-0.9999999999999991,0.0,0.0
BTCUSDT,development,3969,0,,,,0.0
ETHUSDT,development,3969,1,0.0,-0.9999999999999994,0.0,0.0
BTCUSDT,development,3970,0,,,,0.0
ETHUSDT,development,3970,1,0.0,-0.9999999999999999,0.0,0.0
BTCUSDT,development,3971,0,,,,0.0
ETHUSDT,development,3971,1,0.0,-0.9999999999999991,0.0,0.0
BTCUSDT,development,3972,2,0.0,-0.9999999999999991,0.0,-0.999999999999999
ETHUSDT,development,3972,3,0.0,-0.9999999999999999,0.0,-1.9999999999999991
BTCUSDT,development,3973,2,0.0,-1.0,0.0,-1.0000000000000009
ETHUSDT,development,3973,3,0.0,-1.0,0.0,-1.9999999999999991
BTCUSDT,development,3974,2,0.0,-1.0,0.0,-1.0000000000000009
ETHUSDT,development,3974,3,0.0,-0.9999999999999997,0.0,-1.9999999999999984
BTCUSDT,development,3975,2,0.0,-0.9999999999999991,0.0,-0.999999999999999
ETHUSDT,development,3975,2,0.0,-0.9999999999999996,0.0,-0.9999999999999994
BTCUSDT,development,3976,2,0.0,-1.0,0.0,-1.0000000000000009
ETHUSDT,development,3976,2,0.0,-0.9999999999999996,0.0,-0.9999999999999999
BTCUSDT,development,3977,2,0.0,-1.0,0.0,-1.0000000000000009
ETHUSDT,development,3977,2,0.0,-0.9999999999999991,0.0,-0.9999999999999991
BTCUSDT,development,3978,0,,,,0.0
ETHUSDT,development,3978,1,0.0,-0.9999999999999994,0.0,0.0
BTCUSDT,development,3979,0,,,,0.0
ETHUSDT,development,3979,1,0.0,-0.9999999999999999,0.0,0.0
BTCUSDT,development,3980,0,,,,0.0
ETHUSDT,development,3980,1,0.0,-0.9999999999999991,0.0,0.0
BTCUSDT,development,3981,0,,,,0.0
ETHUSDT,development,3981,1,0.0,-0.9999999999999994,0.0,0.0
BTCUSDT,development,3982,0,,,,0.0
ETHUSDT,development,3982,1,0.0,-0.9999999999999999,0.0,0.0
BTCUSDT,development,3983,0,,,,0.0
ETHUSDT,development,3983,1,0.0,-0.9999999999999991,0.0,0.0
BTCUSDT,development,3984,1,0.0,-0.9999999999999991,0.0,0.0
ETHUSDT,development,3984,3,0.0,-0.9999999999999999,0.0,-1.9999999999999991
BTCUSDT,development,3985,1,0.0,-1.0000000000000009,0.0,0.0
ETHUSDT,development,3985,3,0.0,-1.0,0.0,-1.9999999999999991
BTCUSDT,development,3986,1,0.0,-1.0000000000000009,0.0,0.0
ETHUSDT,development,3986,3,0.0,-0.9999999999999997,0.0,-1.9999999999999984
BTCUSDT,development,3987,1,0.0,-0.9999999999999991,0.0,0.0
ETHUSDT,development,3987,2,0.0,-0.9999999999999996,0.0,-0.9999999999999994
BTCUSDT,development,3988,1,0.0,-1.0000000000000009,0.0,0.0
ETHUSDT,development,3988,2,0.0,-0.9999999999999996,0.0,-0.9999999999999999
BTCUSDT,development,3989,1,0.0,-1.0000000000000009,0.0,0.0
ETHUSDT,development,3989,2,0.0,-0.9999999999999991,0.0,-0.9999999999999991
BTCUSDT,development,3990,0,,,,0.0
ETHUSDT,development,3990,1,0.0,-0.9999999999999994,0.0,0.0
BTCUSDT,development,3991,0,,,,0.0
ETHUSDT,development,3991,1,0.0,-0.9999999999999999,0.0,0.0
BTCUSDT,development,3992,0,,,,0.0
ETHUSDT,development,3992,1,0.0,-0.9999999999999991,0.0,0.0
BTCUSDT,development,3993,0,,,,0.0
ETHUSDT,development,3993,1,0.0,-0.9999999999999994,0.0,0.0
BTCUSDT,development,3994,0,,,,0.0
ETHUSDT,development,3994,1,0.0,-0.9999999999999999,0.0,0.0
BTCUSDT,development,3995,0,,,,0.0
ETHUSDT,development,3995,1,0.0,-0.9999999999999991,0.0,0.0
BTCUSDT,development,3996,15,0.2,-0.2429240892011012,0.6963448884986236,-6.0
ETHUSDT,development,3996,15,0.3333333333333333,0.29194833002323206,1.4379224950348477,-4.000000000000004
BTCUSDT,development,3997,15,0.2,-0.2403713895999942,0.6995357630000074,-6.000000000000008
ETHUSDT,development,3997,15,0.3333333333333333,0.293421683973213,1.4401325259598192,-4.0000000000000036
BTCUSDT,development,3998,15,0.2,-0.23675278673319688,0.704059016583504,-6.000000000000009
ETHUSDT,development,3998,15,0.3333333333333333,0.29564267702501124,1.4434640155375165,-4.000000000000002
BTCUSDT,development,3999,6,0.3333333333333333,0.2573550894640755,1.3860326341961133,-1.0000000000000022
ETHUSDT,development,3999,8,0.375,0.44634378370958894,1.7141500539353425,-1.9999999999999996
BTCUSDT,development,4000,6,0.3333333333333333,0.2621650646727312,1.3932475970090967,-1.0000000000000013
ETHUSDT,development,4000,8,0.375,0.4484917047536601,1.7175867276058563,-2.0
BTCUSDT,development,4001,6,0.3333333333333333,0.26891534682460405,1.4033730202369061,-1.0000000000000009
ETHUSDT,development,4001,8,0.375,0.451699389619201,1.722719023390722,-1.9999999999999993
BTCUSDT,development,4002,3,0.6666666666666666,1.5147101789281503,5.54413053678444,-1.0000000000000022
ETHUSDT,development,4002,2,0.0,-0.9999999999999991,0.0,-0.9999999999999993
BTCUSDT,development,4003,3,0.6666666666666666,1.5243301293454623,5.572990388036381,-1.0000000000000013
ETHUSDT,development,4003,2,0.0,-0.9999999999999998,0.0,-0.9999999999999999
BTCUSDT,development,4004,3,0.6666666666666666,1.537830693649208,5.6134920809476245,-1.0
ETHUSDT,development,4004,2,0.0,-0.999999999999999,0.0,-0.9999999999999991
BTCUSDT,development,4005,0,,,,0.0
ETHUSDT,development,4005,2,0.0,-0.9999999999999991,0.0,-0.9999999999999993
BTCUSDT,development,4006,0,,,,0.0
ETHUSDT,development,4006,2,0.0,-0.9999999999999998,0.0,-0.9999999999999999
BTCUSDT,development,4007,0,,,,0.0
ETHUSDT,development,4007,2,0.0,-0.999999999999999,0.0,-0.9999999999999991
BTCUSDT,development,4008,8,0.125,-0.5219869699539139,0.40344346290981237,-3.175895759631312
ETHUSDT,development,4008,6,0.16666666666666666,-0.35060581878928937,0.5792730174528531,-4.0000000000000036
BTCUSDT,development,4009,8,0.125,-0.5209535471111562,0.4046245175872507,-3.16762837688925
ETHUSDT,development,4009,6,0.16666666666666666,-0.3501281486016441,0.5798462216780274,-4.000000000000003
BTCUSDT,development,4010,8,0.125,-0.519431371112105,0.406364147300452,-3.155450968896842
ETHUSDT,development,4010,6,0.16666666666666666,-0.3493881556968816,0.5807342131637423,-4.000000000000001
BTCUSDT,development,4011,4,0.25,-0.043973939907827914,0.9413680801228961,-0.999999999999999
ETHUSDT,development,4011,2,0.0,-0.9999999999999996,0.0,-0.9999999999999994
BTCUSDT,development,4012,4,0.25,-0.04190709422231026,0.9441238743702529,-1.0000000000000009
ETHUSDT,development,4012,2,0.0,-0.9999999999999996,0.0,-0.9999999999999999
BTCUSDT,development,4013,4,0.25,-0.0388627422242081,0.9481830103677225,-1.0000000000000009
ETHUSDT,development,4013,2,0.0,-0.9999999999999991,0.0,-0.9999999999999991
BTCUSDT,development,4014,1,1.0,2.8241042403686856,inf,0.0
ETHUSDT,development,4014,1,0.0,-0.9999999999999994,0.0,0.0
BTCUSDT,development,4015,1,1.0,2.8323716231107587,inf,0.0
ETHUSDT,development,4015,1,0.0,-0.9999999999999999,0.0,0.0
BTCUSDT,development,4016,1,1.0,2.8445490311031674,inf,0.0
ETHUSDT,development,4016,1,0.0,-0.9999999999999991,0.0,0.0
BTCUSDT,development,4017,0,,,,0.0
ETHUSDT,development,4017,1,0.0,-0.9999999999999994,0.0,0.0
BTCUSDT,development,4018,0,,,,0.0
ETHUSDT,development,4018,1,0.0,-0.9999999999999999,0.0,0.0
BTCUSDT,development,4019,0,,,,0.0
ETHUSDT,development,4019,1,0.0,-0.9999999999999991,0.0,0.0
BTCUSDT,development,4020,7,0.14285714285714285,-0.45369939423304456,0.47068404006144776,-2.999999999999999
ETHUSDT,development,4020,7,0.14285714285714285,-0.443376416105105,0.4827275145440444,-4.0000000000000036
BTCUSDT,development,4021,7,0.14285714285714285,-0.4525183395556073,0.4720619371851256,-2.9999999999999996
ETHUSDT,development,4021,7,0.14285714285714285,-0.4429669845156948,0.48320518473168966,-4.000000000000002
BTCUSDT,development,4022,7,0.14285714285714285,-0.450778709842406,0.47409150518386045,-3.000000000000002
ETHUSDT,development,4022,7,0.14285714285714285,-0.4423327048830412,0.483945177636452,-4.000000000000002
BTCUSDT,development,4023,3,0.3333333333333333,0.27470141345622917,1.4120521201843441,-0.999999999999999
ETHUSDT,development,4023,3,0.0,-0.9999999999999992,0.0,-1.999999999999999
BTCUSDT,development,4024,3,0.3333333333333333,0.277457207703586,1.4161858115553787,-0.9999999999999998
ETHUSDT,development,4024,3,0.0,-0.9999999999999994,0.0,-1.9999999999999987
BTCUSDT,development,4025,3,0.3333333333333333,0.28151634370105555,1.422274515551583,-0.9999999999999998
ETHUSDT,development,4025,3,0.0,-0.9999999999999991,0.0,-1.9999999999999984
BTCUSDT,development,4026,1,1.0,2.8241042403686856,inf,0.0
ETHUSDT,development,4026,2,0.0,-0.9999999999999991,0.0,-0.9999999999999993
BTCUSDT,development,4027,1,1.0,2.8323716231107587,inf,0.0
ETHUSDT,development,4027,2,0.0,-0.9999999999999998,0.0,-0.9999999999999999
BTCUSDT,development,4028,1,1.0,2.8445490311031674,inf,0.0
ETHUSDT,development,4028,2,0.0,-0.999999999999999,0.0,-0.9999999999999991
BTCUSDT,development,4029,0,,,,0.0
ETHUSDT,development,4029,2,0.0,-0.9999999999999991,0.0,-0.9999999999999993
BTCUSDT,development,4030,0,,,,0.0
ETHUSDT,development,4030,2,0.0,-0.9999999999999998,0.0,-0.9999999999999999
BTCUSDT,development,4031,0,,,,0.0
ETHUSDT,development,4031,2,0.0,-0.999999999999999,0.0,-0.9999999999999991
BTCUSDT,development,4032,6,0.16666666666666666,-0.36466531246682826,0.5624016250398061,-2.0000000000000013
ETHUSDT,development,4032,9,0.2222222222222222,-0.14390358781627702,0.8149811013790725,-6.000000000000004
BTCUSDT,development,4033,6,0.16666666666666666,-0.36309353867271615,0.5642877535927407,-2.000000000000002
ETHUSDT,development,4033,9,0.2222222222222222,-0.1425294701849554,0.8167478240479145,-6.000000000000003
BTCUSDT,development,4034,6,0.16666666666666666,-0.360797313657595,0.5670432236108861,-2.000000000000002
ETHUSDT,development,4034,9,0.2222222222222222,-0.14048951539705248,0.8193706230609326,-6.000000000000003
BTCUSDT,development,4035,4,0.0,-0.9999999999999999,0.0,-3.0000000000000004
ETHUSDT,development,4035,6,0.3333333333333333,0.28414461827558535,1.426216927413378,-2.999999999999999
BTCUSDT,development,4036,4,0.0,-1.0000000000000002,0.0,-3.0000000000000018
ETHUSDT,development,4036,6,0.3333333333333333,0.2862057947225676,1.4293086920838516,-2.9999999999999987
BTCUSDT,development,4037,4,0.0,-1.0,0.0,-3.000000000000001
ETHUSDT,development,4037,6,0.3333333333333333,0.2892657269044219,1.4338985903566328,-2.9999999999999987
BTCUSDT,development,4038,1,0.0,-1.0000000000000022,0.0,0.0
ETHUSDT,development,4038,1,0.0,-0.9999999999999994,0.0,0.0
BTCUSDT,development,4039,1,0.0,-1.0000000000000013,0.0,0.0
ETHUSDT,development,4039,1,0.0,-0.9999999999999999,0.0,0.0
BTCUSDT,development,4040,1,0.0,-1.0,0.0,0.0
ETHUSDT,development,4040,1,0.0,-0.9999999999999991,0.0,0.0
BTCUSDT,development,4041,0,,,,0.0
ETHUSDT,development,4041,1,0.0,-0.9999999999999994,0.0,0.0
BTCUSDT,development,4042,0,,,,0.0
ETHUSDT,development,4042,1,0.0,-0.9999999999999999,0.0,0.0
BTCUSDT,development,4043,0,,,,0.0
ETHUSDT,development,4043,1,0.0,-0.9999999999999991,0.0,0.0
BTCUSDT,development,4044,3,0.0,-0.9999999999999991,0.0,-1.9999999999999982
ETHUSDT,development,4044,5,0.0,-1.0000000000000007,0.0,-4.0000000000000036
BTCUSDT,development,4045,3,0.0,-1.0,0.0,-2.000000000000001
ETHUSDT,development,4045,5,0.0,-1.0000000000000007,0.0,-4.000000000000003
BTCUSDT,development,4046,3,0.0,-1.0,0.0,-2.000000000000001
ETHUSDT,development,4046,5,0.0,-1.0000000000000004,0.0,-4.000000000000001
BTCUSDT,development,4047,3,0.0,-0.9999999999999991,0.0,-1.9999999999999982
ETHUSDT,development,4047,2,0.0,-0.9999999999999996,0.0,-0.9999999999999994
BTCUSDT,development,4048,3,0.0,-1.0,0.0,-2.000000000000001
ETHUSDT,development,4048,2,0.0,-0.9999999999999996,0.0,-0.9999999999999999
BTCUSDT,development,4049,3,0.0,-1.0,0.0,-2.000000000000001
ETHUSDT,development,4049,2,0.0,-0.9999999999999991,0.0,-0.9999999999999991
BTCUSDT,development,4050,0,,,,0.0
ETHUSDT,development,4050,1,0.0,-0.9999999999999994,0.0,0.0
BTCUSDT,development,4051,0,,,,0.0
ETHUSDT,development,4051,1,0.0,-0.9999999999999999,0.0,0.0
BTCUSDT,development,4052,0,,,,0.0
ETHUSDT,development,4052,1,0.0,-0.9999999999999991,0.0,0.0
BTCUSDT,development,4053,0,,,,0.0
ETHUSDT,development,4053,1,0.0,-0.9999999999999994,0.0,0.0
BTCUSDT,development,4054,0,,,,0.0
ETHUSDT,development,4054,1,0.0,-0.9999999999999999,0.0,0.0
BTCUSDT,development,4055,0,,,,0.0
ETHUSDT,development,4055,1,0.0,-0.9999999999999991,0.0,0.0
BTCUSDT,development,4056,2,0.0,-0.9999999999999991,0.0,-0.9999999999999991
ETHUSDT,development,4056,5,0.0,-1.0000000000000007,0.0,-4.0000000000000036
BTCUSDT,development,4057,2,0.0,-1.0000000000000004,0.0,-1.0
ETHUSDT,development,4057,5,0.0,-1.0000000000000004,0.0,-4.000000000000002
BTCUSDT,development,4058,2,0.0,-1.0000000000000004,0.0,-1.0
ETHUSDT,development,4058,5,0.0,-1.0000000000000004,0.0,-4.000000000000001
BTCUSDT,development,4059,2,0.0,-0.9999999999999991,0.0,-0.9999999999999991
ETHUSDT,development,4059,2,0.0,-0.9999999999999993,0.0,-0.999999999999999
BTCUSDT,development,4060,2,0.0,-1.0000000000000004,0.0,-1.0
ETHUSDT,development,4060,2,0.0,-0.9999999999999991,0.0,-0.999999999999999
BTCUSDT,development,4061,2,0.0,-1.0000000000000004,0.0,-1.0
ETHUSDT,development,4061,2,0.0,-0.9999999999999991,0.0,-0.9999999999999991
BTCUSDT,development,4062,0,,,,0.0
ETHUSDT,development,4062,1,0.0,-0.9999999999999994,0.0,0.0
BTCUSDT,development,4063,0,,,,0.0
ETHUSDT,development,4063,1,0.0,-0.9999999999999999,0.0,0.0
BTCUSDT,development,4064,0,,,,0.0
ETHUSDT,development,4064,1,0.0,-0.9999999999999991,0.0,0.0
BTCUSDT,development,4065,0,,,,0.0
ETHUSDT,development,4065,1,0.0,-0.9999999999999994,0.0,0.0
BTCUSDT,development,4066,0,,,,0.0
ETHUSDT,development,4066,1,0.0,-0.9999999999999999,0.0,0.0
BTCUSDT,development,4067,0,,,,0.0
ETHUSDT,development,4067,1,0.0,-0.9999999999999991,0.0,0.0
BTCUSDT,development,4068,3,0.0,-1.0000000000000002,0.0,-2.0000000000000013
ETHUSDT,development,4068,7,0.2857142857142857,0.10069538709335875,1.1409735419307023,-4.0
BTCUSDT,development,4069,3,0.0,-1.0000000000000004,0.0,-2.000000000000002
ETHUSDT,development,4069,7,0.2857142857142857,0.10246210976220052,1.1434469536670808,-4.0
BTCUSDT,development,4070,3,0.0,-1.0,0.0,-2.000000000000001
ETHUSDT,development,4070,7,0.2857142857142857,0.10508490877521874,1.147118872285306,-3.999999999999999
BTCUSDT,development,4071,3,0.0,-1.0000000000000002,0.0,-2.0000000000000013
ETHUSDT,development,4071,6,0.3333333333333333,0.2841446182755853,1.4262169274133778,-3.0
BTCUSDT,development,4072,3,0.0,-1.0000000000000004,0.0,-2.000000000000002
ETHUSDT,development,4072,6,0.3333333333333333,0.28620579472256746,1.4293086920838511,-2.999999999999999
BTCUSDT,development,4073,3,0.0,-1.0,0.0,-2.000000000000001
ETHUSDT,development,4073,6,0.3333333333333333,0.2892657269044219,1.4338985903566328,-2.9999999999999987
BTCUSDT,development,4074,1,0.0,-1.0000000000000022,0.0,0.0
ETHUSDT,development,4074,1,0.0,-0.9999999999999994,0.0,0.0
BTCUSDT,development,4075,1,0.0,-1.0000000000000013,0.0,0.0
ETHUSDT,development,4075,1,0.0,-0.9999999999999999,0.0,0.0
BTCUSDT,development,4076,1,0.0,-1.0,0.0,0.0
ETHUSDT,development,4076,1,0.0,-0.9999999999999991,0.0,0.0
BTCUSDT,development,4077,0,,,,0.0
ETHUSDT,development,4077,1,0.0,-0.9999999999999994,0.0,0.0
BTCUSDT,development,4078,0,,,,0.0
ETHUSDT,development,4078,1,0.0,-0.9999999999999999,0.0,0.0
BTCUSDT,development,4079,0,,,,0.0
ETHUSDT,development,4079,1,0.0,-0.9999999999999991,0.0,0.0
BTCUSDT,development,4080,2,0.0,-0.9999999999999991,0.0,-0.999999999999999
ETHUSDT,development,4080,3,0.0,-0.9999999999999999,0.0,-1.9999999999999991
BTCUSDT,development,4081,2,0.0,-1.0,0.0,-1.0000000000000009
ETHUSDT,development,4081,3,0.0,-1.0,0.0,-1.9999999999999991
BTCUSDT,development,4082,2,0.0,-1.0,0.0,-1.0000000000000009
ETHUSDT,development,4082,3,0.0,-0.9999999999999997,0.0,-1.9999999999999984
BTCUSDT,development,4083,2,0.0,-0.9999999999999991,0.0,-0.999999999999999
ETHUSDT,development,4083,2,0.0,-0.9999999999999996,0.0,-0.9999999999999994
BTCUSDT,development,4084,2,0.0,-1.0,0.0,-1.0000000000000009
ETHUSDT,development,4084,2,0.0,-0.9999999999999996,0.0,-0.9999999999999999
BTCUSDT,development,4085,2,0.0,-1.0,0.0,-1.0000000000000009
ETHUSDT,development,4085,2,0.0,-0.9999999999999991,0.0,-0.9999999999999991
BTCUSDT,development,4086,0,,,,0.0
ETHUSDT,development,4086,1,0.0,-0.9999999999999994,0.0,0.0
BTCUSDT,development,4087,0,,,,0.0
ETHUSDT,development,4087,1,0.0,-0.9999999999999999,0.0,0.0
BTCUSDT,development,4088,0,,,,0.0
ETHUSDT,development,4088,1,0.0,-0.9999999999999991,0.0,0.0
BTCUSDT,development,4089,0,,,,0.0
ETHUSDT,development,4089,1,0.0,-0.9999999999999994,0.0,0.0
BTCUSDT,development,4090,0,,,,0.0
ETHUSDT,development,4090,1,0.0,-0.9999999999999999,0.0,0.0
BTCUSDT,development,4091,0,,,,0.0
ETHUSDT,development,4091,1,0.0,-0.9999999999999991,0.0,0.0
BTCUSDT,development,4092,1,0.0,-0.9999999999999991,0.0,0.0
ETHUSDT,development,4092,3,0.0,-0.9999999999999999,0.0,-1.9999999999999991
BTCUSDT,development,4093,1,0.0,-1.0000000000000009,0.0,0.0
ETHUSDT,development,4093,3,0.0,-1.0,0.0,-1.9999999999999991
BTCUSDT,development,4094,1,0.0,-1.0000000000000009,0.0,0.0
ETHUSDT,development,4094,3,0.0,-0.9999999999999997,0.0,-1.9999999999999984
BTCUSDT,development,4095,1,0.0,-0.9999999999999991,0.0,0.0
ETHUSDT,development,4095,2,0.0,-0.9999999999999996,0.0,-0.9999999999999994
BTCUSDT,development,4096,1,0.0,-1.0000000000000009,0.0,0.0
ETHUSDT,development,4096,2,0.0,-0.9999999999999996,0.0,-0.9999999999999999
BTCUSDT,development,4097,1,0.0,-1.0000000000000009,0.0,0.0
ETHUSDT,development,4097,2,0.0,-0.9999999999999991,0.0,-0.9999999999999991
BTCUSDT,development,4098,0,,,,0.0
ETHUSDT,development,4098,1,0.0,-0.9999999999999994,0.0,0.0
BTCUSDT,development,4099,0,,,,0.0
ETHUSDT,development,4099,1,0.0,-0.9999999999999999,0.0,0.0
BTCUSDT,development,4100,0,,,,0.0
ETHUSDT,development,4100,1,0.0,-0.9999999999999991,0.0,0.0
BTCUSDT,development,4101,0,,,,0.0
ETHUSDT,development,4101,1,0.0,-0.9999999999999994,0.0,0.0
BTCUSDT,development,4102,0,,,,0.0
ETHUSDT,development,4102,1,0.0,-0.9999999999999999,0.0,0.0
BTCUSDT,development,4103,0,,,,0.0
ETHUSDT,development,4103,1,0.0,-0.9999999999999991,0.0,0.0
BTCUSDT,development,4104,20,0.3,0.13536663653570147,1.1933809093367165,-4.000000000000007
ETHUSDT,development,4104,18,0.3333333333333333,0.29010562024662573,1.435158430369939,-4.999999999999995
BTCUSDT,development,4105,20,0.3,0.139313290490983,1.19901898641569,-3.999999999999999
ETHUSDT,development,4105,18,0.3333333333333333,0.2916976468029795,1.437546470204469,-4.999999999999998
BTCUSDT,development,4106,20,0.3,0.1448671875056416,1.206953125008059,-4.000000000000002
ETHUSDT,development,4106,18,0.3333333333333333,0.2940931834463218,1.4411397751694826,-4.999999999999995
BTCUSDT,development,4107,7,0.2857142857142857,0.07773293382634998,1.10882610735689,-2.000000000000002
ETHUSDT,development,4107,9,0.3333333333333333,0.2863533218477721,1.4295299827716588,-2.9999999999999956
BTCUSDT,development,4108,7,0.2857142857142857,0.08185576971948401,1.1145980776072775,-2.0
ETHUSDT,development,4108,9,0.3333333333333333,0.2881940296068367,1.4322910444102552,-2.9999999999999973
BTCUSDT,development,4109,7,0.2857142857142857,0.08764172584966061,1.1226984161895248,-2.000000000000001
ETHUSDT,development,4109,9,0.3333333333333333,0.29095097070239423,1.4364264560535918,-2.999999999999995
BTCUSDT,development,4110,3,0.6666666666666666,1.5147101789281503,5.54413053678444,-1.0000000000000022
ETHUSDT,development,4110,3,0.3333333333333333,0.27389655010540864,1.4108448251581134,-0.9999999999999993
BTCUSDT,development,4111,3,0.6666666666666666,1.5243301293454623,5.572990388036381,-1.0000000000000013
ETHUSDT,development,4111,3,0.3333333333333333,0.27672780853724427,1.4150917128058664,-0.9999999999999999
BTCUSDT,development,4112,3,0.6666666666666666,1.537830693649208,5.6134920809476245,-1.0
ETHUSDT,development,4112,3,0.3333333333333333,0.28089125389672903,1.421336880845094,-0.9999999999999991
BTCUSDT,development,4113,0,,,,0.0
ETHUSDT,development,4113,2,0.0,-0.9999999999999991,0.0,-0.9999999999999993
BTCUSDT,development,4114,0,,,,0.0
ETHUSDT,development,4114,2,0.0,-0.9999999999999998,0.0,-0.9999999999999999
BTCUSDT,development,4115,0,,,,0.0
ETHUSDT,development,4115,2,0.0,-0.999999999999999,0.0,-0.9999999999999991
BTCUSDT,development,4116,11,0.36363636363636365,0.37957257355447643,1.5964711870141775,-3.1758957596313127
ETHUSDT,development,4116,8,0.25,-0.03342354069977471,0.9554352790669671,-5.0000000000000036
BTCUSDT,development,4117,11,0.36363636363636365,0.3840189342663933,1.6034583252757602,-3.1676283768892515
ETHUSDT,development,4117,8,0.25,-0.03216864214833548,0.9571084771355529,-5.000000000000004
BTCUSDT,development,4118,11,0.36363636363636365,0.3902895074739949,1.6133120831734198,-3.155450968896841
ETHUSDT,development,4118,8,0.25,-0.030281925861326275,0.959624098851565,-5.000000000000001
BTCUSDT,development,4119,4,0.25,-0.043973939907827914,0.9413680801228961,-0.999999999999999
ETHUSDT,development,4119,2,0.0,-0.9999999999999996,0.0,-0.9999999999999994
BTCUSDT,development,4120,4,0.25,-0.04190709422231026,0.9441238743702529,-1.0000000000000009
ETHUSDT,development,4120,2,0.0,-0.9999999999999996,0.0,-0.9999999999999999
BTCUSDT,development,4121,4,0.25,-0.0388627422242081,0.9481830103677225,-1.0000000000000009
ETHUSDT,development,4121,2,0.0,-0.9999999999999991,0.0,-0.9999999999999991
BTCUSDT,development,4122,1,1.0,2.8241042403686856,inf,0.0
ETHUSDT,development,4122,1,0.0,-0.9999999999999994,0.0,0.0
BTCUSDT,development,4123,1,1.0,2.8323716231107587,inf,0.0
ETHUSDT,development,4123,1,0.0,-0.9999999999999999,0.0,0.0
BTCUSDT,development,4124,1,1.0,2.8445490311031674,inf,0.0
ETHUSDT,development,4124,1,0.0,-0.9999999999999991,0.0,0.0
BTCUSDT,development,4125,0,,,,0.0
ETHUSDT,development,4125,1,0.0,-0.9999999999999994,0.0,0.0
BTCUSDT,development,4126,0,,,,0.0
ETHUSDT,development,4126,1,0.0,-0.9999999999999999,0.0,0.0
BTCUSDT,development,4127,0,,,,0.0
ETHUSDT,development,4127,1,0.0,-0.9999999999999991,0.0,0.0
BTCUSDT,development,4128,10,0.4,0.517529830909924,1.862549718183207,-3.1758957596313118
ETHUSDT,development,4128,9,0.2222222222222222,-0.1408209250664662,0.8189445249145435,-5.0000000000000036
BTCUSDT,development,4129,10,0.4,0.5224208276930324,1.870701379488386,-3.1676283768892506
ETHUSDT,development,4129,9,0.2222222222222222,-0.1397054596874091,0.8203786946876169,-5.0000000000000036
BTCUSDT,development,4130,10,0.4,0.5293184582213943,1.882197430368989,-3.155450968896842
ETHUSDT,development,4130,9,0.2222222222222222,-0.13802837854340094,0.8225349418727702,-5.000000000000001
BTCUSDT,development,4131,3,0.3333333333333333,0.27470141345622917,1.4120521201843441,-0.999999999999999
ETHUSDT,development,4131,3,0.0,-0.9999999999999992,0.0,-1.999999999999999
BTCUSDT,development,4132,3,0.3333333333333333,0.277457207703586,1.4161858115553787,-0.9999999999999998
ETHUSDT,development,4132,3,0.0,-0.9999999999999994,0.0,-1.9999999999999987
BTCUSDT,development,4133,3,0.3333333333333333,0.28151634370105555,1.422274515551583,-0.9999999999999998
ETHUSDT,development,4133,3,0.0,-0.9999999999999991,0.0,-1.9999999999999984
BTCUSDT,development,4134,1,1.0,2.8241042403686856,inf,0.0
ETHUSDT,development,4134,2,0.0,-0.9999999999999991,0.0,-0.9999999999999993
BTCUSDT,development,4135,1,1.0,2.8323716231107587,inf,0.0
ETHUSDT,development,4135,2,0.0,-0.9999999999999998,0.0,-0.9999999999999999
BTCUSDT,development,4136,1,1.0,2.8445490311031674,inf,0.0
ETHUSDT,development,4136,2,0.0,-0.999999999999999,0.0,-0.9999999999999991
BTCUSDT,development,4137,0,,,,0.0
ETHUSDT,development,4137,2,0.0,-0.9999999999999991,0.0,-0.9999999999999993
BTCUSDT,development,4138,0,,,,0.0
ETHUSDT,development,4138,2,0.0,-0.9999999999999998,0.0,-0.9999999999999999
BTCUSDT,development,4139,0,,,,0.0
ETHUSDT,development,4139,2,0.0,-0.999999999999999,0.0,-0.9999999999999991
BTCUSDT,development,4140,9,0.2222222222222222,-0.148715020007609,0.8087949742759316,-3.0000000000000053
ETHUSDT,development,4140,9,0.2222222222222222,-0.14318918482147314,0.8158996195152489,-6.000000000000004
BTCUSDT,development,4141,9,0.2222222222222222,-0.14699392723134724,0.8110078078454107,-3.0000000000000018
ETHUSDT,development,4141,9,0.2222222222222222,-0.14188362258137222,0.8175781995382357,-6.000000000000003
BTCUSDT,development,4142,9,0.2222222222222222,-0.14445396962333568,0.8142734676271398,-3.0000000000000004
ETHUSDT,development,4142,9,0.2222222222222222,-0.13993800213394833,0.8200797115420666,-6.000000000000003
BTCUSDT,development,4143,5,0.0,-1.0000000000000004,0.0,-4.0000000000000036
ETHUSDT,development,4143,6,0.3333333333333333,0.2852162227677912,1.4278243341516867,-2.999999999999999
BTCUSDT,development,4144,5,0.0,-1.0,0.0,-4.000000000000001
ETHUSDT,development,4144,6,0.3333333333333333,0.28717456612794234,1.4307618491919138,-2.9999999999999987
BTCUSDT,development,4145,5,0.0,-1.0,0.0,-4.000000000000001
ETHUSDT,development,4145,6,0.3333333333333333,0.2900929967990782,1.4351394951986174,-2.9999999999999987
BTCUSDT,development,4146,1,0.0,-1.0000000000000022,0.0,0.0
ETHUSDT,development,4146,2,0.5,0.9108448251581123,2.821689650316226,0.0
BTCUSDT,development,4147,1,0.0,-1.0000000000000013,0.0,0.0
ETHUSDT,development,4147,2,0.5,0.9150917128058662,2.830183425611733,0.0
BTCUSDT,development,4148,1,0.0,-1.0,0.0,0.0
ETHUSDT,development,4148,2,0.5,0.921336880845093,2.842673761690188,0.0
BTCUSDT,development,4149,0,,,,0.0
ETHUSDT,development,4149,1,0.0,-0.9999999999999994,0.0,0.0
BTCUSDT,development,4150,0,,,,0.0
ETHUSDT,development,4150,1,0.0,-0.9999999999999999,0.0,0.0
BTCUSDT,development,4151,0,,,,0.0
ETHUSDT,development,4151,1,0.0,-0.9999999999999991,0.0,0.0
BTCUSDT,development,4152,4,0.25,-0.03761082631687582,0.9498522315774989,-1.9999999999999982
ETHUSDT,development,4152,5,0.0,-1.0000000000000007,0.0,-4.0000000000000036
BTCUSDT,development,4153,4,0.25,-0.03609602826145658,0.9518719623180578,-2.000000000000001
ETHUSDT,development,4153,5,0.0,-1.0000000000000007,0.0,-4.000000000000003
BTCUSDT,development,4154,4,0.25,-0.03382546116611301,0.9548993851118492,-2.000000000000001
ETHUSDT,development,4154,5,0.0,-1.0000000000000004,0.0,-4.000000000000001
BTCUSDT,development,4155,3,0.0,-0.9999999999999991,0.0,-1.9999999999999982
ETHUSDT,development,4155,2,0.0,-0.9999999999999996,0.0,-0.9999999999999994
BTCUSDT,development,4156,3,0.0,-1.0,0.0,-2.000000000000001
ETHUSDT,development,4156,2,0.0,-0.9999999999999996,0.0,-0.9999999999999999
BTCUSDT,development,4157,3,0.0,-1.0,0.0,-2.000000000000001
ETHUSDT,development,4157,2,0.0,-0.9999999999999991,0.0,-0.9999999999999991
BTCUSDT,development,4158,0,,,,0.0
ETHUSDT,development,4158,1,0.0,-0.9999999999999994,0.0,0.0
BTCUSDT,development,4159,0,,,,0.0
ETHUSDT,development,4159,1,0.0,-0.9999999999999999,0.0,0.0
BTCUSDT,development,4160,0,,,,0.0
ETHUSDT,development,4160,1,0.0,-0.9999999999999991,0.0,0.0
BTCUSDT,development,4161,0,,,,0.0
ETHUSDT,development,4161,1,0.0,-0.9999999999999994,0.0,0.0
BTCUSDT,development,4162,0,,,,0.0
ETHUSDT,development,4162,1,0.0,-0.9999999999999999,0.0,0.0
BTCUSDT,development,4163,0,,,,0.0
ETHUSDT,development,4163,1,0.0,-0.9999999999999991,0.0,0.0
BTCUSDT,development,4164,3,0.3333333333333333,0.28318556491083197,1.4247783473662483,-1.9999999999999982
ETHUSDT,development,4164,5,0.0,-1.0000000000000007,0.0,-4.0000000000000036
BTCUSDT,development,4165,3,0.3333333333333333,0.2852052956513909,1.427807943477086,-2.000000000000001
ETHUSDT,development,4165,5,0.0,-1.0000000000000004,0.0,-4.000000000000002
BTCUSDT,development,4166,3,0.3333333333333333,0.28823271844518233,1.4323490776677732,-2.000000000000001
ETHUSDT,development,4166,5,0.0,-1.0000000000000004,0.0,-4.000000000000001
BTCUSDT,development,4167,2,0.0,-0.9999999999999991,0.0,-0.9999999999999991
ETHUSDT,development,4167,2,0.0,-0.9999999999999993,0.0,-0.999999999999999
BTCUSDT,development,4168,2,0.0,-1.0000000000000004,0.0,-1.0
ETHUSDT,development,4168,2,0.0,-0.9999999999999991,0.0,-0.999999999999999
BTCUSDT,development,4169,2,0.0,-1.0000000000000004,0.0,-1.0
ETHUSDT,development,4169,2,0.0,-0.9999999999999991,0.0,-0.9999999999999991
BTCUSDT,development,4170,0,,,,0.0
ETHUSDT,development,4170,1,0.0,-0.9999999999999994,0.0,0.0
BTCUSDT,development,4171,0,,,,0.0
ETHUSDT,development,4171,1,0.0,-0.9999999999999999,0.0,0.0
BTCUSDT,development,4172,0,,,,0.0
ETHUSDT,development,4172,1,0.0,-0.9999999999999991,0.0,0.0
BTCUSDT,development,4173,0,,,,0.0
ETHUSDT,development,4173,1,0.0,-0.9999999999999994,0.0,0.0
BTCUSDT,development,4174,0,,,,0.0
ETHUSDT,development,4174,1,0.0,-0.9999999999999999,0.0,0.0
BTCUSDT,development,4175,0,,,,0.0
ETHUSDT,development,4175,1,0.0,-0.9999999999999991,0.0,0.0
BTCUSDT,development,4176,3,0.0,-1.0000000000000002,0.0,-2.0000000000000013
ETHUSDT,development,4176,7,0.2857142857142857,0.10069538709335875,1.1409735419307023,-4.0
BTCUSDT,development,4177,3,0.0,-1.0000000000000004,0.0,-2.000000000000002
ETHUSDT,development,4177,7,0.2857142857142857,0.10246210976220052,1.1434469536670808,-4.0
BTCUSDT,development,4178,3,0.0,-1.0,0.0,-2.000000000000001
ETHUSDT,development,4178,7,0.2857142857142857,0.10508490877521874,1.147118872285306,-3.999999999999999
BTCUSDT,development,4179,3,0.0,-1.0000000000000002,0.0,-2.0000000000000013
ETHUSDT,development,4179,6,0.3333333333333333,0.2841446182755853,1.4262169274133778,-3.0
BTCUSDT,development,4180,3,0.0,-1.0000000000000004,0.0,-2.000000000000002
ETHUSDT,development,4180,6,0.3333333333333333,0.28620579472256746,1.4293086920838511,-2.999999999999999
BTCUSDT,development,4181,3,0.0,-1.0,0.0,-2.000000000000001
ETHUSDT,development,4181,6,0.3333333333333333,0.2892657269044219,1.4338985903566328,-2.9999999999999987
BTCUSDT,development,4182,1,0.0,-1.0000000000000022,0.0,0.0
ETHUSDT,development,4182,1,0.0,-0.9999999999999994,0.0,0.0
BTCUSDT,development,4183,1,0.0,-1.0000000000000013,0.0,0.0
ETHUSDT,development,4183,1,0.0,-0.9999999999999999,0.0,0.0
BTCUSDT,development,4184,1,0.0,-1.0,0.0,0.0
ETHUSDT,development,4184,1,0.0,-0.9999999999999991,0.0,0.0
BTCUSDT,development,4185,0,,,,0.0
ETHUSDT,development,4185,1,0.0,-0.9999999999999994,0.0,0.0
BTCUSDT,development,4186,0,,,,0.0
ETHUSDT,development,4186,1,0.0,-0.9999999999999999,0.0,0.0
BTCUSDT,development,4187,0,,,,0.0
ETHUSDT,development,4187,1,0.0,-0.9999999999999991,0.0,0.0
BTCUSDT,development,4188,2,0.0,-0.9999999999999991,0.0,-0.999999999999999
ETHUSDT,development,4188,3,0.0,-0.9999999999999999,0.0,-1.9999999999999991
BTCUSDT,development,4189,2,0.0,-1.0,0.0,-1.0000000000000009
ETHUSDT,development,4189,3,0.0,-1.0,0.0,-1.9999999999999991
BTCUSDT,development,4190,2,0.0,-1.0,0.0,-1.0000000000000009
ETHUSDT,development,4190,3,0.0,-0.9999999999999997,0.0,-1.9999999999999984
BTCUSDT,development,4191,2,0.0,-0.9999999999999991,0.0,-0.999999999999999
ETHUSDT,development,4191,2,0.0,-0.9999999999999996,0.0,-0.9999999999999994
BTCUSDT,development,4192,2,0.0,-1.0,0.0,-1.0000000000000009
ETHUSDT,development,4192,2,0.0,-0.9999999999999996,0.0,-0.9999999999999999
BTCUSDT,development,4193,2,0.0,-1.0,0.0,-1.0000000000000009
ETHUSDT,development,4193,2,0.0,-0.9999999999999991,0.0,-0.9999999999999991
BTCUSDT,development,4194,0,,,,0.0
ETHUSDT,development,4194,1,0.0,-0.9999999999999994,0.0,0.0
BTCUSDT,development,4195,0,,,,0.0
ETHUSDT,development,4195,1,0.0,-0.9999999999999999,0.0,0.0
BTCUSDT,development,4196,0,,,,0.0
ETHUSDT,development,4196,1,0.0,-0.9999999999999991,0.0,0.0
BTCUSDT,development,4197,0,,,,0.0
ETHUSDT,development,4197,1,0.0,-0.9999999999999994,0.0,0.0
BTCUSDT,development,4198,0,,,,0.0
ETHUSDT,development,4198,1,0.0,-0.9999999999999999,0.0,0.0
BTCUSDT,development,4199,0,,,,0.0
ETHUSDT,development,4199,1,0.0,-0.9999999999999991,0.0,0.0
BTCUSDT,development,4200,1,0.0,-0.9999999999999991,0.0,0.0
ETHUSDT,development,4200,3,0.0,-0.9999999999999999,0.0,-1.9999999999999991
BTCUSDT,development,4201,1,0.0,-1.0000000000000009,0.0,0.0
ETHUSDT,development,4201,3,0.0,-1.0,0.0,-1.9999999999999991
BTCUSDT,development,4202,1,0.0,-1.0000000000000009,0.0,0.0
ETHUSDT,development,4202,3,0.0,-0.9999999999999997,0.0,-1.9999999999999984
BTCUSDT,development,4203,1,0.0,-0.9999999999999991,0.0,0.0
ETHUSDT,development,4203,2,0.0,-0.9999999999999996,0.0,-0.9999999999999994
BTCUSDT,development,4204,1,0.0,-1.0000000000000009,0.0,0.0
ETHUSDT,development,4204,2,0.0,-0.9999999999999996,0.0,-0.9999999999999999
BTCUSDT,development,4205,1,0.0,-1.0000000000000009,0.0,0.0
ETHUSDT,development,4205,2,0.0,-0.9999999999999991,0.0,-0.9999999999999991
BTCUSDT,development,4206,0,,,,0.0
ETHUSDT,development,4206,1,0.0,-0.9999999999999994,0.0,0.0
BTCUSDT,development,4207,0,,,,0.0
ETHUSDT,development,4207,1,0.0,-0.9999999999999999,0.0,0.0
BTCUSDT,development,4208,0,,,,0.0
ETHUSDT,development,4208,1,0.0,-0.9999999999999991,0.0,0.0
BTCUSDT,development,4209,0,,,,0.0
ETHUSDT,development,4209,1,0.0,-0.9999999999999994,0.0,0.0
BTCUSDT,development,4210,0,,,,0.0
ETHUSDT,development,4210,1,0.0,-0.9999999999999999,0.0,0.0
BTCUSDT,development,4211,0,,,,0.0
ETHUSDT,development,4211,1,0.0,-0.9999999999999991,0.0,0.0
BTCUSDT,development,4212,18,0.2222222222222222,-0.15044689303392514,0.8065682803849534,-5.000000000000002
ETHUSDT,development,4212,21,0.23809523809523808,-0.07717976426911985,0.8987015593967802,-8.103634912735732
BTCUSDT,development,4213,18,0.2222222222222222,-0.14796468094842596,0.8097596959234523,-5.0000000000000036
ETHUSDT,development,4213,21,0.23809523809523808,-0.07612736859056177,0.9000828287248878,-8.100768891609858
BTCUSDT,development,4214,18,0.2222222222222222,-0.14454769709718052,0.8141529608750537,-5.000000000000004
ETHUSDT,development,4214,21,0.23809523809523808,-0.07454094498213479,0.902165009710948,-8.096328934181289
BTCUSDT,development,4215,7,0.2857142857142857,0.10895503235861934,1.1525370453020671,-2.9999999999999982
ETHUSDT,development,4215,11,0.2727272727272727,0.05188638815242832,1.071343783709589,-4.999999999999999
BTCUSDT,development,4216,7,0.2857142857142857,0.11038060251231754,1.1545328435172446,-2.999999999999999
ETHUSDT,development,4216,11,0.2727272727272727,0.05344851254811658,1.0734917047536603,-4.999999999999998
BTCUSDT,development,4217,7,0.2857142857142857,0.11247841881781137,1.157469786344936,-2.9999999999999964
ETHUSDT,development,4217,11,0.2727272727272727,0.055781374268509556,1.0766993896192008,-5.000000000000002
BTCUSDT,development,4218,4,0.5,0.940671306627583,2.881342613255167,-1.9999999999999996
ETHUSDT,development,4218,4,0.0,-0.9999999999999997,0.0,-3.0
BTCUSDT,development,4219,4,0.5,0.9431660543965555,2.886332108793112,-1.9999999999999996
ETHUSDT,development,4219,4,0.0,-0.9999999999999996,0.0,-2.9999999999999987
BTCUSDT,development,4220,4,0.5,0.9468372329311698,2.8936744658623432,-1.9999999999999964
ETHUSDT,development,4220,4,0.0,-0.9999999999999998,0.0,-3.0
BTCUSDT,development,4221,1,1.0,2.8130137890531457,inf,0.0
ETHUSDT,development,4221,2,0.0,-0.9999999999999991,0.0,-0.9999999999999993
BTCUSDT,development,4222,1,1.0,2.8223449518249044,inf,0.0
ETHUSDT,development,4222,2,0.0,-0.9999999999999998,0.0,-0.9999999999999999
BTCUSDT,development,4223,1,1.0,2.8359862352140017,inf,0.0
ETHUSDT,development,4223,2,0.0,-0.999999999999999,0.0,-0.9999999999999991
BTCUSDT,development,4224,7,0.2857142857142857,0.10895503235861924,1.152537045302067,-2.9999999999999987
ETHUSDT,development,4224,12,0.08333333333333333,-0.6753029093946444,0.26330591702402434,-10.0
BTCUSDT,development,4225,7,0.2857142857142857,0.11038060251231749,1.1545328435172444,-2.999999999999999
ETHUSDT,development,4225,12,0.08333333333333333,-0.6750640743008214,0.26356646439910364,-9.999999999999995
BTCUSDT,development,4226,7,0.2857142857142857,0.11247841881781051,1.1574697863449348,-3.000000000000002
ETHUSDT,development,4226,12,0.08333333333333333,-0.674694077848441,0.26397009689261003,-10.000000000000004
BTCUSDT,development,4227,5,0.4,0.5525370453020668,1.9208950755034455,-0.9999999999999991
ETHUSDT,development,4227,5,0.0,-0.9999999999999997,0.0,-3.999999999999998
BTCUSDT,development,4228,5,0.4,0.5545328435172443,1.924221405862074,-1.0000000000000009
ETHUSDT,development,4228,5,0.0,-0.9999999999999994,0.0,-3.9999999999999973
BTCUSDT,development,4229,5,0.4,0.5574697863449352,1.9291163105748919,-1.0000000000000009
ETHUSDT,development,4229,5,0.0,-1.0000000000000002,0.0,-4.0
BTCUSDT,development,4230,2,1.0,2.881342613255166,inf,0.0
ETHUSDT,development,4230,3,0.0,-0.9999999999999999,0.0,-1.9999999999999991
BTCUSDT,development,4231,2,1.0,2.886332108793111,inf,0.0
ETHUSDT,development,4231,3,0.0,-0.9999999999999996,0.0,-1.9999999999999987
BTCUSDT,development,4232,2,1.0,2.893674465862338,inf,0.0
ETHUSDT,development,4232,3,0.0,-1.0,0.0,-1.9999999999999996
BTCUSDT,development,4233,1,1.0,2.8130137890531457,inf,0.0
ETHUSDT,development,4233,1,0.0,-0.9999999999999994,0.0,0.0
BTCUSDT,development,4234,1,1.0,2.8223449518249044,inf,0.0
ETHUSDT,development,4234,1,0.0,-0.9999999999999999,0.0,0.0
BTCUSDT,development,4235,1,1.0,2.8359862352140017,inf,0.0
ETHUSDT,development,4235,1,0.0,-0.9999999999999991,0.0,0.0
BTCUSDT,development,4236,6,0.3333333333333333,0.29378087108505563,1.4406713066275838,-2.9999999999999987
ETHUSDT,development,4236,10,0.1,-0.6103634912735734,0.3218183430293631,-7.000000000000002
BTCUSDT,development,4237,6,0.3333333333333333,0.2954440362643702,1.4431660543965554,-2.9999999999999996
ETHUSDT,development,4237,10,0.1,-0.6100768891609858,0.3221367898211267,-6.999999999999998
BTCUSDT,development,4238,6,0.3333333333333333,0.2978914886207788,1.446837232931168,-3.0000000000000018
ETHUSDT,development,4238,10,0.1,-0.6096328934181289,0.32263011842430134,-7.000000000000002
BTCUSDT,development,4239,4,0.5,0.9406713066275834,2.8813426132551685,-0.9999999999999991
ETHUSDT,development,4239,4,0.0,-0.9999999999999996,0.0,-2.999999999999999
BTCUSDT,development,4240,4,0.5,0.9431660543965552,2.8863321087931095,-1.0
ETHUSDT,development,4240,4,0.0,-0.9999999999999994,0.0,-2.9999999999999982
BTCUSDT,development,4241,4,0.5,0.9468372329311687,2.8936744658623366,-1.0
ETHUSDT,development,4241,4,0.0,-0.9999999999999993,0.0,-2.9999999999999982
BTCUSDT,development,4242,2,1.0,2.881342613255166,inf,0.0
ETHUSDT,development,4242,3,0.0,-0.9999999999999996,0.0,-1.9999999999999998
BTCUSDT,development,4243,2,1.0,2.886332108793111,inf,0.0
ETHUSDT,development,4243,3,0.0,-0.9999999999999999,0.0,-2.0
BTCUSDT,development,4244,2,1.0,2.893674465862338,inf,0.0
ETHUSDT,development,4244,3,0.0,-0.9999999999999994,0.0,-1.9999999999999993
BTCUSDT,development,4245,1,1.0,2.8130137890531457,inf,0.0
ETHUSDT,development,4245,2,0.0,-0.9999999999999991,0.0,-0.9999999999999993
BTCUSDT,development,4246,1,1.0,2.8223449518249044,inf,0.0
ETHUSDT,development,4246,2,0.0,-0.9999999999999998,0.0,-0.9999999999999999
BTCUSDT,development,4247,1,1.0,2.8359862352140017,inf,0.0
ETHUSDT,development,4247,2,0.0,-0.999999999999999,0.0,-0.9999999999999991
BTCUSDT,development,4248,16,0.25,-0.04425275466316586,0.940996327115779,-5.000000000000002
ETHUSDT,development,4248,15,0.13333333333333333,-0.486342152689766,0.4388359776656547,-12.000000000000002
BTCUSDT,development,4249,16,0.25,-0.04146026606697928,0.9447196452440275,-5.0000000000000036
ETHUSDT,development,4249,15,0.13333333333333333,-0.48551768211097274,0.43978728987195426,-11.999999999999995
BTCUSDT,development,4250,16,0.25,-0.037616159234328095,0.9498451210208959,-5.000000000000004
ETHUSDT,development,4250,15,0.13333333333333333,-0.4842937092382312,0.44119956626357926,-12.000000000000002
BTCUSDT,development,4251,7,0.2857142857142857,0.10895503235861934,1.1525370453020671,-2.9999999999999982
ETHUSDT,development,4251,7,0.2857142857142857,0.10069538709335887,1.1409735419307026,-3.999999999999999
BTCUSDT,development,4252,7,0.2857142857142857,0.11038060251231754,1.1545328435172446,-2.999999999999999
ETHUSDT,development,4252,7,0.2857142857142857,0.10246210976220096,1.1434469536670815,-3.9999999999999973
BTCUSDT,development,4253,7,0.2857142857142857,0.11247841881781137,1.157469786344936,-2.9999999999999964
ETHUSDT,development,4253,7,0.2857142857142857,0.10508490877521874,1.1471188722853063,-3.999999999999999
BTCUSDT,development,4254,4,0.5,0.940671306627583,2.881342613255167,-1.9999999999999996
ETHUSDT,development,4254,2,0.0,-0.9999999999999996,0.0,-0.9999999999999994
BTCUSDT,development,4255,4,0.5,0.9431660543965555,2.886332108793112,-1.9999999999999996
ETHUSDT,development,4255,2,0.0,-0.9999999999999993,0.0,-0.9999999999999999
BTCUSDT,development,4256,4,0.5,0.9468372329311698,2.8936744658623432,-1.9999999999999964
ETHUSDT,development,4256,2,0.0,-0.9999999999999998,0.0,-0.9999999999999991
BTCUSDT,development,4257,1,1.0,2.8130137890531457,inf,0.0
ETHUSDT,development,4257,1,0.0,-0.9999999999999994,0.0,0.0
BTCUSDT,development,4258,1,1.0,2.8223449518249044,inf,0.0
ETHUSDT,development,4258,1,0.0,-0.9999999999999999,0.0,0.0
BTCUSDT,development,4259,1,1.0,2.8359862352140017,inf,0.0
ETHUSDT,development,4259,1,0.0,-0.9999999999999991,0.0,0.0
BTCUSDT,development,4260,6,0.3333333333333333,0.2937808710850554,1.4406713066275831,-2.000000000000001
ETHUSDT,development,4260,9,0.0,-1.0,0.0,-8.000000000000002
BTCUSDT,development,4261,6,0.3333333333333333,0.29544403626437016,1.4431660543965552,-2.000000000000001
ETHUSDT,development,4261,9,0.0,-0.9999999999999996,0.0,-7.999999999999996
BTCUSDT,development,4262,6,0.3333333333333333,0.29789148862077913,1.4468372329311687,-2.000000000000001
ETHUSDT,development,4262,9,0.0,-1.0000000000000004,0.0,-8.000000000000004
BTCUSDT,development,4263,5,0.4,0.5525370453020668,1.9208950755034455,-0.9999999999999991
ETHUSDT,development,4263,3,0.0,-0.9999999999999996,0.0,-1.9999999999999991
BTCUSDT,development,4264,5,0.4,0.5545328435172443,1.924221405862074,-1.0000000000000009
ETHUSDT,development,4264,3,0.0,-0.9999999999999992,0.0,-1.9999999999999991
BTCUSDT,development,4265,5,0.4,0.5574697863449352,1.9291163105748919,-1.0000000000000009
ETHUSDT,development,4265,3,0.0,-0.9999999999999996,0.0,-1.9999999999999982
BTCUSDT,development,4266,2,1.0,2.881342613255166,inf,0.0
ETHUSDT,development,4266,2,0.0,-0.9999999999999996,0.0,-0.9999999999999994
BTCUSDT,development,4267,2,1.0,2.886332108793111,inf,0.0
ETHUSDT,development,4267,2,0.0,-0.9999999999999993,0.0,-0.9999999999999999
BTCUSDT,development,4268,2,1.0,2.893674465862338,inf,0.0
ETHUSDT,development,4268,2,0.0,-0.9999999999999998,0.0,-0.9999999999999991
BTCUSDT,development,4269,1,1.0,2.8130137890531457,inf,0.0
ETHUSDT,development,4269,1,0.0,-0.9999999999999994,0.0,0.0
BTCUSDT,development,4270,1,1.0,2.8223449518249044,inf,0.0
ETHUSDT,development,4270,1,0.0,-0.9999999999999999,0.0,0.0
BTCUSDT,development,4271,1,1.0,2.8359862352140017,inf,0.0
ETHUSDT,development,4271,1,0.0,-0.9999999999999991,0.0,0.0
BTCUSDT,development,4272,5,0.4,0.5525370453020664,1.920895075503444,-2.000000000000001
ETHUSDT,development,4272,7,0.0,-1.0000000000000004,0.0,-6.000000000000002
BTCUSDT,development,4273,5,0.4,0.554532843517244,1.9242214058620728,-2.000000000000001
ETHUSDT,development,4273,7,0.0,-0.9999999999999999,0.0,-5.999999999999998
BTCUSDT,development,4274,5,0.4,0.5574697863449348,1.9291163105748907,-2.000000000000001
ETHUSDT,development,4274,7,0.0,-1.0000000000000002,0.0,-6.0
BTCUSDT,development,4275,4,0.5,0.9406713066275834,2.8813426132551685,-0.9999999999999991
ETHUSDT,development,4275,2,0.0,-0.9999999999999993,0.0,-0.999999999999999
BTCUSDT,development,4276,4,0.5,0.9431660543965552,2.8863321087931095,-1.0
ETHUSDT,development,4276,2,0.0,-0.9999999999999991,0.0,-0.999999999999999
BTCUSDT,development,4277,4,0.5,0.9468372329311687,2.8936744658623366,-1.0
ETHUSDT,development,4277,2,0.0,-0.9999999999999991,0.0,-0.9999999999999991
BTCUSDT,development,4278,2,1.0,2.881342613255166,inf,0.0
ETHUSDT,development,4278,1,0.0,-0.9999999999999994,0.0,0.0
BTCUSDT,development,4279,2,1.0,2.886332108793111,inf,0.0
ETHUSDT,development,4279,1,0.0,-0.9999999999999999,0.0,0.0
BTCUSDT,development,4280,2,1.0,2.893674465862338,inf,0.0
ETHUSDT,development,4280,1,0.0,-0.9999999999999991,0.0,0.0
BTCUSDT,development,4281,1,1.0,2.8130137890531457,inf,0.0
ETHUSDT,development,4281,1,0.0,-0.9999999999999994,0.0,0.0
BTCUSDT,development,4282,1,1.0,2.8223449518249044,inf,0.0
ETHUSDT,development,4282,1,0.0,-0.9999999999999999,0.0,0.0
BTCUSDT,development,4283,1,1.0,2.8359862352140017,inf,0.0
ETHUSDT,development,4283,1,0.0,-0.9999999999999991,0.0,0.0
BTCUSDT,development,4284,7,0.2857142857142857,0.10895503235861859,1.152537045302066,-3.0000000000000036
ETHUSDT,development,4284,9,0.2222222222222222,-0.14390358781627655,0.8149811013790729,-6.0
BTCUSDT,development,4285,7,0.2857142857142857,0.11038060251231704,1.1545328435172437,-3.0000000000000027
ETHUSDT,development,4285,9,0.2222222222222222,-0.1425294701849549,0.816747824047915,-5.999999999999998
BTCUSDT,development,4286,7,0.2857142857142857,0.11247841881781076,1.1574697863449352,-3.0000000000000004
ETHUSDT,development,4286,9,0.2222222222222222,-0.1404895153970521,0.819370623060933,-5.999999999999999
BTCUSDT,development,4287,5,0.4,0.5525370453020663,1.9208950755034435,-1.0000000000000022
ETHUSDT,development,4287,7,0.2857142857142857,0.10069538709335887,1.1409735419307026,-3.999999999999999
BTCUSDT,development,4288,5,0.4,0.5545328435172441,1.924221405862073,-1.0000000000000013
ETHUSDT,development,4288,7,0.2857142857142857,0.10246210976220084,1.1434469536670813,-3.9999999999999982
BTCUSDT,development,4289,5,0.4,0.5574697863449352,1.9291163105748919,-1.0000000000000009
ETHUSDT,development,4289,7,0.2857142857142857,0.10508490877521874,1.1471188722853063,-3.999999999999999
BTCUSDT,development,4290,3,0.6666666666666666,1.58756174217011,5.762685226510319,-1.0000000000000018
ETHUSDT,development,4290,2,0.0,-0.9999999999999996,0.0,-0.9999999999999994
BTCUSDT,development,4291,3,0.6666666666666666,1.59088807252874,5.772664217586214,-1.0000000000000018
ETHUSDT,development,4291,2,0.0,-0.9999999999999993,0.0,-0.9999999999999999
BTCUSDT,development,4292,3,0.6666666666666666,1.5957829772415586,5.787348931724676,-1.0
ETHUSDT,development,4292,2,0.0,-0.9999999999999998,0.0,-0.9999999999999991
BTCUSDT,development,4293,1,1.0,2.8130137890531457,inf,0.0
ETHUSDT,development,4293,1,0.0,-0.9999999999999994,0.0,0.0
BTCUSDT,development,4294,1,1.0,2.8223449518249044,inf,0.0
ETHUSDT,development,4294,1,0.0,-0.9999999999999999,0.0,0.0
BTCUSDT,development,4295,1,1.0,2.8359862352140017,inf,0.0
ETHUSDT,development,4295,1,0.0,-0.9999999999999991,0.0,0.0
BTCUSDT,development,4296,5,0.4,0.5525370453020664,1.920895075503444,-1.0000000000000018
ETHUSDT,development,4296,4,0.0,-0.9999999999999998,0.0,-2.9999999999999987
BTCUSDT,development,4297,5,0.4,0.5545328435172442,1.9242214058620732,-1.0000000000000009
ETHUSDT,development,4297,4,0.0,-0.9999999999999997,0.0,-2.999999999999998
BTCUSDT,development,4298,5,0.4,0.5574697863449349,1.929116310574891,-1.0000000000000013
ETHUSDT,development,4298,4,0.0,-0.9999999999999998,0.0,-2.9999999999999982
BTCUSDT,development,4299,4,0.5,0.9406713066275834,2.8813426132551685,-0.999999999999999
ETHUSDT,development,4299,3,0.0,-0.9999999999999996,0.0,-1.9999999999999991
BTCUSDT,development,4300,4,0.5,0.9431660543965554,2.886332108793111,-1.0000000000000009
ETHUSDT,development,4300,3,0.0,-0.9999999999999992,0.0,-1.9999999999999991
BTCUSDT,development,4301,4,0.5,0.946837232931169,2.893674465862338,-1.0000000000000009
ETHUSDT,development,4301,3,0.0,-0.9999999999999996,0.0,-1.9999999999999982
BTCUSDT,development,4302,2,1.0,2.881342613255166,inf,0.0
ETHUSDT,development,4302,2,0.0,-0.9999999999999996,0.0,-0.9999999999999994
BTCUSDT,development,4303,2,1.0,2.886332108793111,inf,0.0
ETHUSDT,development,4303,2,0.0,-0.9999999999999993,0.0,-0.9999999999999999
BTCUSDT,development,4304,2,1.0,2.893674465862338,inf,0.0
ETHUSDT,development,4304,2,0.0,-0.9999999999999998,0.0,-0.9999999999999991
BTCUSDT,development,4305,1,1.0,2.8130137890531457,inf,0.0
ETHUSDT,development,4305,1,0.0,-0.9999999999999994,0.0,0.0
BTCUSDT,development,4306,1,1.0,2.8223449518249044,inf,0.0
ETHUSDT,development,4306,1,0.0,-0.9999999999999999,0.0,0.0
BTCUSDT,development,4307,1,1.0,2.8359862352140017,inf,0.0
ETHUSDT,development,4307,1,0.0,-0.9999999999999991,0.0,0.0
BTCUSDT,development,4308,4,0.5,0.9406713066275827,2.8813426132551645,-1.0000000000000018
ETHUSDT,development,4308,3,0.0,-0.9999999999999999,0.0,-1.9999999999999991
BTCUSDT,development,4309,4,0.5,0.943166054396555,2.886332108793108,-1.0000000000000009
ETHUSDT,development,4309,3,0.0,-1.0,0.0,-1.9999999999999991
BTCUSDT,development,4310,4,0.5,0.9468372329311684,2.893674465862335,-1.0000000000000013
ETHUSDT,development,4310,3,0.0,-0.9999999999999997,0.0,-1.9999999999999984
BTCUSDT,development,4311,3,0.6666666666666666,1.587561742170111,5.762685226510337,0.0
ETHUSDT,development,4311,2,0.0,-0.9999999999999996,0.0,-0.9999999999999994
BTCUSDT,development,4312,3,0.6666666666666666,1.5908880725287402,5.772664217586216,0.0
ETHUSDT,development,4312,2,0.0,-0.9999999999999996,0.0,-0.9999999999999999
BTCUSDT,development,4313,3,0.6666666666666666,1.5957829772415584,5.7873489317246705,0.0
ETHUSDT,development,4313,2,0.0,-0.9999999999999991,0.0,-0.9999999999999991
BTCUSDT,development,4314,2,1.0,2.881342613255166,inf,0.0
ETHUSDT,development,4314,1,0.0,-0.9999999999999994,0.0,0.0
BTCUSDT,development,4315,2,1.0,2.886332108793111,inf,0.0
ETHUSDT,development,4315,1,0.0,-0.9999999999999999,0.0,0.0
BTCUSDT,development,4316,2,1.0,2.893674465862338,inf,0.0
ETHUSDT,development,4316,1,0.0,-0.9999999999999991,0.0,0.0
BTCUSDT,development,4317,1,1.0,2.8130137890531457,inf,0.0
ETHUSDT,development,4317,1,0.0,-0.9999999999999994,0.0,0.0
BTCUSDT,development,4318,1,1.0,2.8223449518249044,inf,0.0
ETHUSDT,development,4318,1,0.0,-0.9999999999999999,0.0,0.0
BTCUSDT,development,4319,1,1.0,2.8359862352140017,inf,0.0
ETHUSDT,development,4319,1,0.0,-0.9999999999999991,0.0,0.0
BTCUSDT,development,4320,27,0.25925925925925924,-0.002130727085211049,0.9971235184349648,-5.186986210946853
ETHUSDT,development,4320,27,0.2222222222222222,-0.13552174074101883,0.8257577619044045,-8.222007846569301
BTCUSDT,development,4321,27,0.25925925925925924,-0.0001867292464141799,0.9997479155173407,-5.177655048175107
ETHUSDT,development,4321,27,0.2222222222222222,-0.13468976296666546,0.8268274476142874,-8.215140617127343
BTCUSDT,development,4322,27,0.25925925925925924,0.0026136161035373575,1.0035283817397755,-5.164013764786006
ETHUSDT,development,4322,27,0.2222222222222222,-0.13343402256078996,0.8284419709932701,-8.204625271870079
BTCUSDT,development,4323,11,0.36363636363636365,0.4020185956496119,1.63174350744939,-1.9999999999999998
ETHUSDT,development,4323,13,0.3076923076923077,0.19480294764005548,1.2813820354800802,-3.134117439976801
BTCUSDT,development,4324,11,0.36363636363636365,0.4048843403233971,1.6362468205081953,-2.0000000000000018
ETHUSDT,development,4324,13,0.3076923076923077,0.19615267525623947,1.2833316420367906,-3.12930113030612
BTCUSDT,development,4325,11,0.36363636363636365,0.40893255712210946,1.6426083040490296,-2.0000000000000018
ETHUSDT,development,4325,13,0.3076923076923077,0.1981720271105469,1.286248483604123,-3.121999244472927
BTCUSDT,development,4326,8,0.5,0.9277755690182161,2.8555511380364322,-1.9999999999999991
ETHUSDT,development,4326,6,0.16666666666666666,-0.3397186583926648,0.592337609928802,-4.0
BTCUSDT,development,4327,8,0.5,0.9317159679446712,2.8634319358893423,-1.9999999999999991
ETHUSDT,development,4327,6,0.16666666666666666,-0.3396581432830279,0.5924102280603663,-3.999999999999997
BTCUSDT,development,4328,8,0.5,0.9372822660429005,2.8745645320858024,-1.9999999999999964
ETHUSDT,development,4328,6,0.16666666666666666,-0.3395597940860824,0.5925282470967012,-4.000000000000001
BTCUSDT,development,4329,1,1.0,2.8130137890531457,inf,0.0
ETHUSDT,development,4329,4,0.25,-0.009577987588997222,0.987229349881337,-2.0000000000000004
BTCUSDT,development,4330,1,1.0,2.8223449518249044,inf,0.0
ETHUSDT,development,4330,4,0.25,-0.009487214924542131,0.9873503801006104,-1.999999999999998
BTCUSDT,development,4331,1,1.0,2.8359862352140017,inf,0.0
ETHUSDT,development,4331,4,0.25,-0.009339691129123362,0.9875470784945022,-2.0
BTCUSDT,development,4332,13,0.23076923076923078,-0.10766839050627947,0.8600310923418367,-2.999999999999999
ETHUSDT,development,4332,14,0.14285714285714285,-0.43871049022083747,0.4881710947423565,-11.000000000000002
BTCUSDT,development,4333,13,0.23076923076923078,-0.10635819294366541,0.8617343491732352,-3.00000000000001
ETHUSDT,development,4333,14,0.14285714285714285,-0.438479839379145,0.48844018739099737,-10.999999999999996
BTCUSDT,development,4334,13,0.23076923076923078,-0.10442197771397335,0.8642514289718347,-3.000000000000007
ETHUSDT,development,4334,14,0.14285714285714285,-0.4381205499069849,0.4888593584418512,-11.000000000000005
BTCUSDT,development,4335,6,0.3333333333333333,0.2937808710850556,1.4406713066275836,-2.0
ETHUSDT,development,4335,6,0.16666666666666666,-0.33971865839266474,0.5923376099288022,-4.999999999999998
BTCUSDT,development,4336,6,0.3333333333333333,0.29544403626437016,1.4431660543965552,-2.0000000000000018
ETHUSDT,development,4336,6,0.16666666666666666,-0.3396581432830281,0.5924102280603661,-4.999999999999998
BTCUSDT,development,4337,6,0.3333333333333333,0.29789148862077935,1.446837232931169,-2.000000000000001
ETHUSDT,development,4337,6,0.16666666666666666,-0.33955979408608244,0.592528247096701,-5.0
BTCUSDT,development,4338,3,0.6666666666666666,1.5875617421701103,5.762685226510328,0.0
ETHUSDT,development,4338,4,0.25,-0.009577987588997305,0.9872293498813369,-2.9999999999999996
BTCUSDT,development,4339,3,0.6666666666666666,1.5908880725287402,5.772664217586218,0.0
ETHUSDT,development,4339,4,0.25,-0.009487214924542409,0.9873503801006102,-2.9999999999999987
BTCUSDT,development,4340,3,0.6666666666666666,1.5957829772415586,5.787348931724676,0.0
ETHUSDT,development,4340,4,0.25,-0.009339691129123584,0.9875470784945019,-3.0
BTCUSDT,development,4341,1,1.0,2.8130137890531457,inf,0.0
ETHUSDT,development,4341,2,0.5,0.9808440248220054,2.961688049644012,-0.9999999999999996
BTCUSDT,development,4342,1,1.0,2.8223449518249044,inf,0.0
ETHUSDT,development,4342,2,0.5,0.9810255701509145,2.9620511403018295,-1.0
BTCUSDT,development,4343,1,1.0,2.8359862352140017,inf,0.0
ETHUSDT,development,4343,2,0.5,0.9813206177417533,2.9626412354835083,-0.9999999999999991
BTCUSDT,development,4344,10,0.3,0.16003109234183652,1.2286158462026235,-2.9999999999999987
ETHUSDT,development,4344,12,0.08333333333333333,-0.6753029093946447,0.26330591702402434,-8.000000000000005
BTCUSDT,development,4345,10,0.3,0.1617343491732352,1.2310490702474786,-3.00000000000001
ETHUSDT,development,4345,12,0.08333333333333333,-0.6750640743008218,0.26356646439910353,-8.0
BTCUSDT,development,4346,10,0.3,0.16425142897183462,1.2346448985311917,-3.000000000000007
ETHUSDT,development,4346,12,0.08333333333333333,-0.6746940778484408,0.2639700968926102,-8.000000000000004
BTCUSDT,development,4347,4,0.5,0.9406713066275834,2.8813426132551685,-0.9999999999999991
ETHUSDT,development,4347,4,0.0,-0.9999999999999996,0.0,-2.999999999999999
BTCUSDT,development,4348,4,0.5,0.9431660543965552,2.8863321087931095,-1.0
ETHUSDT,development,4348,4,0.0,-0.9999999999999994,0.0,-2.9999999999999982
BTCUSDT,development,4349,4,0.5,0.9468372329311687,2.8936744658623366,-1.0
ETHUSDT,development,4349,4,0.0,-0.9999999999999993,0.0,-2.9999999999999982
BTCUSDT,development,4350,2,1.0,2.881342613255166,inf,0.0
ETHUSDT,development,4350,3,0.0,-0.9999999999999996,0.0,-1.9999999999999998
BTCUSDT,development,4351,2,1.0,2.886332108793111,inf,0.0
ETHUSDT,development,4351,3,0.0,-0.9999999999999999,0.0,-2.0
BTCUSDT,development,4352,2,1.0,2.893674465862338,inf,0.0
ETHUSDT,development,4352,3,0.0,-0.9999999999999994,0.0,-1.9999999999999993
BTCUSDT,development,4353,1,1.0,2.8130137890531457,inf,0.0
ETHUSDT,development,4353,2,0.0,-0.9999999999999991,0.0,-0.9999999999999993
BTCUSDT,development,4354,1,1.0,2.8223449518249044,inf,0.0
ETHUSDT,development,4354,2,0.0,-0.9999999999999998,0.0,-0.9999999999999999
BTCUSDT,development,4355,1,1.0,2.8359862352140017,inf,0.0
ETHUSDT,development,4355,2,0.0,-0.999999999999999,0.0,-0.9999999999999991
BTCUSDT,development,4356,21,0.3333333333333333,0.280051560796002,1.420077341194003,-4.000000000000003
ETHUSDT,development,4356,19,0.15789473684210525,-0.38597074951065663,0.5416597349560952,-13.000000000000002
BTCUSDT,development,4357,21,0.3333333333333333,0.28300945457541404,1.4245141818631208,-4.000000000000003
ETHUSDT,development,4357,19,0.15789473684210525,-0.3853007416506717,0.5424553692898272,-12.999999999999993
BTCUSDT,development,4358,21,0.3333333333333333,0.2871661464320446,1.430749219648067,-4.000000000000004
ETHUSDT,development,4358,19,0.15789473684210525,-0.38430338963631405,0.5436397248068773,-13.000000000000004
BTCUSDT,development,4359,10,0.3,0.1702178255729964,1.2431683222471375,-2.9999999999999982
ETHUSDT,development,4359,9,0.3333333333333333,0.2962839732552802,1.4444259598829206,-3.999999999999999
BTCUSDT,development,4360,10,0.3,0.1713108978631739,1.244729854090248,-2.999999999999999
ETHUSDT,development,4360,9,0.3333333333333333,0.29769843429302634,1.4465476514395401,-3.999999999999995
BTCUSDT,development,4361,10,0.3,0.1729315078498748,1.247045011214107,-2.9999999999999964
ETHUSDT,development,4361,9,0.3333333333333333,0.2998039552122262,1.4497059328183395,-4.0
BTCUSDT,development,4362,7,0.42857142857142855,0.671739750818566,2.1755445639324904,-1.9999999999999991
ETHUSDT,development,4362,4,0.25,-0.009577987588997389,0.9872293498813368,-3.0
BTCUSDT,development,4363,7,0.42857142857142855,0.673301282661677,2.178277244657935,-1.9999999999999991
ETHUSDT,development,4363,4,0.25,-0.009487214924541909,0.9873503801006107,-2.9999999999999964
BTCUSDT,development,4364,7,0.42857142857142855,0.6756164397855355,2.1823287696246876,-1.9999999999999964
ETHUSDT,development,4364,4,0.25,-0.00933969112912375,0.9875470784945016,-3.000000000000001
BTCUSDT,development,4365,1,1.0,2.8130137890531457,inf,0.0
ETHUSDT,development,4365,3,0.3333333333333333,0.32056268321466996,1.480844024822005,-2.0000000000000004
BTCUSDT,development,4366,1,1.0,2.8223449518249044,inf,0.0
ETHUSDT,development,4366,3,0.3333333333333333,0.32068371343394364,1.481025570150916,-1.9999999999999982
BTCUSDT,development,4367,1,1.0,2.8359862352140017,inf,0.0
ETHUSDT,development,4367,3,0.3333333333333333,0.32088041182783517,1.4813206177417528,-2.0
BTCUSDT,development,4368,9,0.3333333333333333,0.28892343593537406,1.433385153903061,-2.000000000000001
ETHUSDT,development,4368,11,0.09090909090909091,-0.6398465409414539,0.29616880496440096,-10.000000000000004
BTCUSDT,development,4369,9,0.3333333333333333,0.29081594352581763,1.4362239152887262,-2.0000000000000036
ETHUSDT,development,4369,11,0.09090909090909091,-0.6398135326998337,0.29620511403018296,-9.999999999999998
BTCUSDT,development,4370,9,0.3333333333333333,0.29361269885759494,1.4404190482863923,-2.000000000000001
ETHUSDT,development,4370,11,0.09090909090909091,-0.6397598876833182,0.29626412354835047,-10.000000000000005
BTCUSDT,development,4371,6,0.3333333333333333,0.2937808710850556,1.4406713066275836,-2.0
ETHUSDT,development,4371,4,0.25,-0.009577987588997083,0.9872293498813373,-2.9999999999999987
BTCUSDT,development,4372,6,0.3333333333333333,0.29544403626437016,1.4431660543965552,-2.0000000000000018
ETHUSDT,development,4372,4,0.25,-0.009487214924542187,0.9873503801006104,-2.999999999999998
BTCUSDT,development,4373,6,0.3333333333333333,0.29789148862077935,1.446837232931169,-2.000000000000001
ETHUSDT,development,4373,4,0.25,-0.009339691129123251,0.9875470784945023,-2.9999999999999987
BTCUSDT,development,4374,3,0.6666666666666666,1.5875617421701103,5.762685226510328,0.0
ETHUSDT,development,4374,3,0.3333333333333333,0.32056268321467046,1.4808440248220058,-1.9999999999999991
BTCUSDT,development,4375,3,0.6666666666666666,1.5908880725287402,5.772664217586218,0.0
ETHUSDT,development,4375,3,0.3333333333333333,0.3206837134339435,1.4810255701509154,-1.9999999999999987
BTCUSDT,development,4376,3,0.6666666666666666,1.5957829772415586,5.787348931724676,0.0
ETHUSDT,development,4376,3,0.3333333333333333,0.3208804118278354,1.481320617741753,-1.9999999999999996
BTCUSDT,development,4377,1,1.0,2.8130137890531457,inf,0.0
ETHUSDT,development,4377,2,0.5,0.9808440248220054,2.961688049644012,-0.9999999999999996
BTCUSDT,development,4378,1,1.0,2.8223449518249044,inf,0.0
ETHUSDT,development,4378,2,0.5,0.9810255701509145,2.9620511403018295,-1.0
BTCUSDT,development,4379,1,1.0,2.8359862352140017,inf,0.0
ETHUSDT,development,4379,2,0.5,0.9813206177417533,2.9626412354835083,-0.9999999999999991
BTCUSDT,development,4380,6,0.5,0.9333851539030609,2.8667703078061213,-2.000000000000001
ETHUSDT,development,4380,9,0.0,-1.0000000000000004,0.0,-8.000000000000005
BTCUSDT,development,4381,6,0.5,0.9362239152887267,2.872447830577453,-2.000000000000001
ETHUSDT,development,4381,9,0.0,-1.0,0.0,-8.000000000000004
BTCUSDT,development,4382,6,0.5,0.9404190482863924,2.880838096572784,-2.0000000000000018
ETHUSDT,development,4382,9,0.0,-1.0000000000000004,0.0,-8.000000000000004
BTCUSDT,development,4383,4,0.5,0.9406713066275834,2.8813426132551685,-0.9999999999999991
ETHUSDT,development,4383,2,0.0,-0.9999999999999993,0.0,-0.999999999999999
BTCUSDT,development,4384,4,0.5,0.9431660543965552,2.8863321087931095,-1.0
ETHUSDT,development,4384,2,0.0,-0.9999999999999991,0.0,-0.999999999999999
BTCUSDT,development,4385,4,0.5,0.9468372329311687,2.8936744658623366,-1.0
ETHUSDT,development,4385,2,0.0,-0.9999999999999991,0.0,-0.9999999999999991
BTCUSDT,development,4386,2,1.0,2.881342613255166,inf,0.0
ETHUSDT,development,4386,1,0.0,-0.9999999999999994,0.0,0.0
BTCUSDT,development,4387,2,1.0,2.886332108793111,inf,0.0
ETHUSDT,development,4387,1,0.0,-0.9999999999999999,0.0,0.0
BTCUSDT,development,4388,2,1.0,2.893674465862338,inf,0.0
ETHUSDT,development,4388,1,0.0,-0.9999999999999991,0.0,0.0
BTCUSDT,development,4389,1,1.0,2.8130137890531457,inf,0.0
ETHUSDT,development,4389,1,0.0,-0.9999999999999994,0.0,0.0
BTCUSDT,development,4390,1,1.0,2.8223449518249044,inf,0.0
ETHUSDT,development,4390,1,0.0,-0.9999999999999999,0.0,0.0
BTCUSDT,development,4391,1,1.0,2.8359862352140017,inf,0.0
ETHUSDT,development,4391,1,0.0,-0.9999999999999991,0.0,0.0
BTCUSDT,development,4392,10,0.4,0.5539803952637994,1.9233006587729982,-3.0000000000000027
ETHUSDT,development,4392,12,0.25,-0.027787020058539873,0.9629506399219471,-6.000000000000001
BTCUSDT,development,4393,10,0.4,0.5557788252777878,1.9262980421296458,-3.0000000000000027
ETHUSDT,development,4393,12,0.25,-0.026726174280230348,0.964365100959693,-5.9999999999999964
BTCUSDT,development,4394,10,0.4,0.5584480436492425,1.9307467394154043,-3.0
ETHUSDT,development,4394,12,0.25,-0.025147033590830297,0.966470621878893,-6.0
BTCUSDT,development,4395,7,0.42857142857142855,0.671739750818566,2.1755445639324895,-1.0000000000000018
ETHUSDT,development,4395,9,0.3333333333333333,0.2962839732552801,1.4444259598829206,-3.9999999999999996
BTCUSDT,development,4396,7,0.42857142857142855,0.6733012826616768,2.178277244657934,-1.0000000000000018
ETHUSDT,development,4396,9,0.3333333333333333,0.2976984342930263,1.44654765143954,-3.9999999999999956
BTCUSDT,development,4397,7,0.42857142857142855,0.675616439785535,2.1823287696246862,-1.0000000000000009
ETHUSDT,development,4397,9,0.3333333333333333,0.29980395521222625,1.4497059328183395,-4.0
BTCUSDT,development,4398,5,0.6,1.340435651145992,4.351089127864975,-1.0000000000000018
ETHUSDT,development,4398,4,0.25,-0.009577987588997389,0.9872293498813368,-3.0
BTCUSDT,development,4399,5,0.6,1.3426217957263475,4.356554489315866,-1.0000000000000018
ETHUSDT,development,4399,4,0.25,-0.009487214924541909,0.9873503801006107,-2.9999999999999964
BTCUSDT,development,4400,5,0.6,1.345863015699749,4.3646575392493725,-1.0
ETHUSDT,development,4400,4,0.25,-0.00933969112912375,0.9875470784945016,-3.000000000000001
BTCUSDT,development,4401,1,1.0,2.8130137890531457,inf,0.0
ETHUSDT,development,4401,3,0.3333333333333333,0.32056268321466996,1.480844024822005,-2.0000000000000004
BTCUSDT,development,4402,1,1.0,2.8223449518249044,inf,0.0
ETHUSDT,development,4402,3,0.3333333333333333,0.32068371343394364,1.481025570150916,-1.9999999999999982
BTCUSDT,development,4403,1,1.0,2.8359862352140017,inf,0.0
ETHUSDT,development,4403,3,0.3333333333333333,0.32088041182783517,1.4813206177417528,-2.0
BTCUSDT,development,4404,7,0.42857142857142855,0.657187274774052,2.1500777308545906,-1.0000000000000018
ETHUSDT,development,4404,5,0.2,-0.20766239007119774,0.7404220124110027,-3.999999999999999
BTCUSDT,development,4405,7,0.42857142857142855,0.6596204988189086,2.15433587293309,-1.0000000000000009
ETHUSDT,development,4405,5,0.2,-0.20758977193963393,0.7405127850754575,-3.9999999999999987
BTCUSDT,development,4406,7,0.42857142857142855,0.663216327102622,2.160628572429588,-1.0000000000000018
ETHUSDT,development,4406,5,0.2,-0.20747175290329872,0.7406603088708765,-3.999999999999999
BTCUSDT,development,4407,5,0.4,0.5525370453020665,1.9208950755034444,-2.0
ETHUSDT,development,4407,4,0.25,-0.009577987588997083,0.9872293498813373,-2.9999999999999987
BTCUSDT,development,4408,5,0.4,0.5545328435172442,1.9242214058620732,-2.0000000000000018
ETHUSDT,development,4408,4,0.25,-0.009487214924542187,0.9873503801006104,-2.999999999999998
BTCUSDT,development,4409,5,0.4,0.5574697863449352,1.9291163105748919,-2.000000000000001
ETHUSDT,development,4409,4,0.25,-0.009339691129123251,0.9875470784945023,-2.9999999999999987
BTCUSDT,development,4410,3,0.6666666666666666,1.5875617421701103,5.762685226510328,0.0
ETHUSDT,development,4410,3,0.3333333333333333,0.32056268321467046,1.4808440248220058,-1.9999999999999991
BTCUSDT,development,4411,3,0.6666666666666666,1.5908880725287402,5.772664217586218,0.0
ETHUSDT,development,4411,3,0.3333333333333333,0.3206837134339435,1.4810255701509154,-1.9999999999999987
BTCUSDT,development,4412,3,0.6666666666666666,1.5957829772415586,5.787348931724676,0.0
ETHUSDT,development,4412,3,0.3333333333333333,0.3208804118278354,1.481320617741753,-1.9999999999999996
BTCUSDT,development,4413,1,1.0,2.8130137890531457,inf,0.0
ETHUSDT,development,4413,2,0.5,0.9808440248220054,2.961688049644012,-0.9999999999999996
BTCUSDT,development,4414,1,1.0,2.8223449518249044,inf,0.0
ETHUSDT,development,4414,2,0.5,0.9810255701509145,2.9620511403018295,-1.0
BTCUSDT,development,4415,1,1.0,2.8359862352140017,inf,0.0
ETHUSDT,development,4415,2,0.5,0.9813206177417533,2.9626412354835083,-0.9999999999999991
BTCUSDT,development,4416,5,0.6,1.3200621846836729,4.30015546170918,-1.0000000000000018
ETHUSDT,development,4416,4,0.0,-0.9999999999999994,0.0,-2.9999999999999996
BTCUSDT,development,4417,5,0.6,1.323468698346472,4.308671745866178,-1.0000000000000009
ETHUSDT,development,4417,4,0.0,-1.0,0.0,-2.9999999999999996
BTCUSDT,development,4418,5,0.6,1.3285028579436708,4.321257144859174,-1.0000000000000018
ETHUSDT,development,4418,4,0.0,-0.9999999999999996,0.0,-2.999999999999999
BTCUSDT,development,4419,3,0.6666666666666666,1.587561742170111,5.762685226510337,0.0
ETHUSDT,development,4419,2,0.0,-0.9999999999999996,0.0,-0.9999999999999994
BTCUSDT,development,4420,3,0.6666666666666666,1.5908880725287402,5.772664217586216,0.0
ETHUSDT,development,4420,2,0.0,-0.9999999999999996,0.0,-0.9999999999999999
BTCUSDT,development,4421,3,0.6666666666666666,1.5957829772415584,5.7873489317246705,0.0
ETHUSDT,development,4421,2,0.0,-0.9999999999999991,0.0,-0.9999999999999991
BTCUSDT,development,4422,2,1.0,2.881342613255166,inf,0.0
ETHUSDT,development,4422,1,0.0,-0.9999999999999994,0.0,0.0
BTCUSDT,development,4423,2,1.0,2.886332108793111,inf,0.0
ETHUSDT,development,4423,1,0.0,-0.9999999999999999,0.0,0.0
BTCUSDT,development,4424,2,1.0,2.893674465862338,inf,0.0
ETHUSDT,development,4424,1,0.0,-0.9999999999999991,0.0,0.0
BTCUSDT,development,4425,1,1.0,2.8130137890531457,inf,0.0
ETHUSDT,development,4425,1,0.0,-0.9999999999999994,0.0,0.0
BTCUSDT,development,4426,1,1.0,2.8223449518249044,inf,0.0
ETHUSDT,development,4426,1,0.0,-0.9999999999999999,0.0,0.0
BTCUSDT,development,4427,1,1.0,2.8359862352140017,inf,0.0
ETHUSDT,development,4427,1,0.0,-0.9999999999999991,0.0,0.0
BTCUSDT,development,4428,32,0.3125,0.1966770136696828,1.2860756562468116,-5.000000000000004
ETHUSDT,development,4428,34,0.20588235294117646,-0.20048267017402102,0.7475403412623438,-13.22200784656928
BTCUSDT,development,4429,32,0.3125,0.19958734263019978,1.2903088620075631,-5.000000000000004
ETHUSDT,development,4429,34,0.20588235294117646,-0.19962915344836835,0.7486151401020544,-13.215140617127329
BTCUSDT,development,4430,32,0.3125,0.20372509955957174,1.296327417541195,-5.0000000000000036
ETHUSDT,development,4430,33,0.21212121212121213,-0.17405095340856674,0.779089174519896,-12.204625271870068
BTCUSDT,development,4431,13,0.3076923076923077,0.18632342708813285,1.2691338391273033,-2.999999999999999
ETHUSDT,development,4431,15,0.26666666666666666,0.035924529751597295,1.048987995115815,-5.134117439976798
BTCUSDT,development,4432,13,0.3076923076923077,0.18874828796595156,1.2726364159508188,-2.9999999999999987
ETHUSDT,development,4432,15,0.26666666666666666,0.0370531604508909,1.0505270369784876,-5.129301130306118
BTCUSDT,development,4433,13,0.3076923076923077,0.19217370218024662,1.277584236482579,-2.999999999999995
ETHUSDT,development,4433,15,0.26666666666666666,0.038746664787003365,1.0528363610731863,-5.121999244472924
BTCUSDT,development,4434,8,0.5,0.9277755690182161,2.8555511380364322,-1.9999999999999991
ETHUSDT,development,4434,8,0.25,-0.027077787504970557,0.9638962833267058,-5.0
BTCUSDT,development,4435,8,0.5,0.9317159679446712,2.8634319358893423,-1.9999999999999991
ETHUSDT,development,4435,8,0.25,-0.025970679260804208,0.9653724276522612,-4.999999999999996
BTCUSDT,development,4436,8,0.5,0.9372822660429005,2.8745645320858024,-1.9999999999999964
ETHUSDT,development,4436,8,0.25,-0.02433562535328873,0.9675524995289483,-5.000000000000002
BTCUSDT,development,4437,1,1.0,2.8130137890531457,inf,0.0
ETHUSDT,development,4437,5,0.2,-0.20766239007119774,0.7404220124110027,-3.0
BTCUSDT,development,4438,1,1.0,2.8223449518249044,inf,0.0
ETHUSDT,development,4438,5,0.2,-0.2075897719396335,0.7405127850754579,-2.999999999999997
BTCUSDT,development,4439,1,1.0,2.8359862352140017,inf,0.0
ETHUSDT,development,4439,5,0.2,-0.20747175290329883,0.7406603088708764,-3.000000000000001
BTCUSDT,development,4440,16,0.375,0.43446906200930746,1.6951504992148922,-2.999999999999999
ETHUSDT,development,4440,18,0.16666666666666666,-0.3503166819974547,0.5796199816030544,-13.000000000000004
BTCUSDT,development,4441,16,0.375,0.4380737590969954,1.7009180145551919,-3.00000000000001
ETHUSDT,development,4441,18,0.16666666666666666,-0.3497387776047138,0.5803134668743434,-12.999999999999996
BTCUSDT,development,4442,16,0.375,0.4431968650518206,1.709114984082912,-3.000000000000006
ETHUSDT,development,4442,18,0.16666666666666666,-0.3488674539670616,0.5813590552395262,-13.000000000000004
BTCUSDT,development,4443,6,0.3333333333333333,0.2937808710850556,1.4406713066275836,-2.0
ETHUSDT,development,4443,6,0.16666666666666666,-0.33971865839266474,0.5923376099288022,-4.999999999999998
BTCUSDT,development,4444,6,0.3333333333333333,0.29544403626437016,1.4431660543965552,-2.0000000000000018
ETHUSDT,development,4444,6,0.16666666666666666,-0.3396581432830281,0.5924102280603661,-4.999999999999998
BTCUSDT,development,4445,6,0.3333333333333333,0.29789148862077935,1.446837232931169,-2.000000000000001
ETHUSDT,development,4445,6,0.16666666666666666,-0.33955979408608244,0.592528247096701,-5.0
BTCUSDT,development,4446,3,0.6666666666666666,1.5875617421701103,5.762685226510328,0.0
ETHUSDT,development,4446,4,0.25,-0.009577987588997305,0.9872293498813369,-2.9999999999999996
BTCUSDT,development,4447,3,0.6666666666666666,1.5908880725287402,5.772664217586218,0.0
ETHUSDT,development,4447,4,0.25,-0.009487214924542409,0.9873503801006102,-2.9999999999999987
BTCUSDT,development,4448,3,0.6666666666666666,1.5957829772415586,5.787348931724676,0.0
ETHUSDT,development,4448,4,0.25,-0.009339691129123584,0.9875470784945019,-3.0
BTCUSDT,development,4449,1,1.0,2.8130137890531457,inf,0.0
ETHUSDT,development,4449,2,0.5,0.9808440248220054,2.961688049644012,-0.9999999999999996
BTCUSDT,development,4450,1,1.0,2.8223449518249044,inf,0.0
ETHUSDT,development,4450,2,0.5,0.9810255701509145,2.9620511403018295,-1.0
BTCUSDT,development,4451,1,1.0,2.8359862352140017,inf,0.0
ETHUSDT,development,4451,2,0.5,0.9813206177417533,2.9626412354835083,-0.9999999999999991
BTCUSDT,development,4452,13,0.46153846153846156,0.7655003840114551,2.421643570306988,-2.9999999999999982
ETHUSDT,development,4452,14,0.14285714285714285,-0.4476705946855854,0.4777176395334839,-9.000000000000005
BTCUSDT,development,4453,13,0.46153846153846156,0.7699369342732253,2.429882877935988,-3.0000000000000107
ETHUSDT,development,4453,14,0.14285714285714285,-0.4469535097990486,0.47855423856777674,-9.000000000000002
BTCUSDT,development,4454,13,0.46153846153846156,0.7762422954483945,2.4415928344041586,-3.000000000000006
ETHUSDT,development,4454,14,0.14285714285714285,-0.4458753862064721,0.47981204942578265,-9.000000000000004
BTCUSDT,development,4455,4,0.5,0.9406713066275834,2.8813426132551685,-0.9999999999999991
ETHUSDT,development,4455,4,0.0,-0.9999999999999996,0.0,-2.999999999999999
BTCUSDT,development,4456,4,0.5,0.9431660543965552,2.8863321087931095,-1.0
ETHUSDT,development,4456,4,0.0,-0.9999999999999994,0.0,-2.9999999999999982
BTCUSDT,development,4457,4,0.5,0.9468372329311687,2.8936744658623366,-1.0
ETHUSDT,development,4457,4,0.0,-0.9999999999999993,0.0,-2.9999999999999982
BTCUSDT,development,4458,2,1.0,2.881342613255166,inf,0.0
ETHUSDT,development,4458,3,0.0,-0.9999999999999996,0.0,-1.9999999999999998
BTCUSDT,development,4459,2,1.0,2.886332108793111,inf,0.0
ETHUSDT,development,4459,3,0.0,-0.9999999999999999,0.0,-2.0
BTCUSDT,development,4460,2,1.0,2.893674465862338,inf,0.0
ETHUSDT,development,4460,3,0.0,-0.9999999999999994,0.0,-1.9999999999999993
BTCUSDT,development,4461,1,1.0,2.8130137890531457,inf,0.0
ETHUSDT,development,4461,2,0.0,-0.9999999999999991,0.0,-0.9999999999999993
BTCUSDT,development,4462,1,1.0,2.8223449518249044,inf,0.0
ETHUSDT,development,4462,2,0.0,-0.9999999999999998,0.0,-0.9999999999999999
BTCUSDT,development,4463,1,1.0,2.8359862352140017,inf,0.0
ETHUSDT,development,4463,2,0.0,-0.999999999999999,0.0,-0.9999999999999991
BTCUSDT,development,4464,23,0.34782608695652173,0.3361147596281971,1.5153759647632357,-5.000000000000004
ETHUSDT,development,4464,22,0.13636363636363635,-0.4694097551704201,0.4564729150658294,-14.999999999999998
BTCUSDT,development,4465,23,0.34782608695652173,0.33907888839295075,1.519920962202524,-5.000000000000004
ETHUSDT,development,4465,22,0.13636363636363635,-0.46885915740593254,0.4571104493194465,-14.999999999999996
BTCUSDT,development,4466,23,0.34782608695652173,0.34326901001776017,1.5263458153605654,-5.0000000000000036
ETHUSDT,development,4466,22,0.13636363636363635,-0.46803639926009216,0.4580631166462091,-15.000000000000004
BTCUSDT,development,4467,11,0.2727272727272727,0.06383438688454189,1.0877722819662452,-2.9999999999999982
ETHUSDT,development,4467,9,0.3333333333333333,0.2969983762500841,1.4454975643751264,-3.999999999999999
BTCUSDT,development,4468,11,0.2727272727272727,0.06482808896652181,1.0891386223289674,-2.999999999999999
ETHUSDT,development,4468,9,0.3333333333333333,0.29834428189660955,1.4475164228449149,-3.999999999999995
BTCUSDT,development,4469,11,0.2727272727272727,0.06630137077261349,1.0911643848123436,-2.9999999999999964
ETHUSDT,development,4469,9,0.3333333333333333,0.30035546847533034,1.4505332027129956,-4.0
BTCUSDT,development,4470,7,0.42857142857142855,0.671739750818566,2.1755445639324904,-1.9999999999999991
ETHUSDT,development,4470,5,0.4,0.5566755399920469,1.9277925666534115,-3.0
BTCUSDT,development,4471,7,0.42857142857142855,0.673301282661677,2.178277244657935,-1.9999999999999991
ETHUSDT,development,4471,5,0.4,0.5584469131827129,1.9307448553045226,-2.9999999999999964
BTCUSDT,development,4472,7,0.42857142857142855,0.6756164397855355,2.1823287696246876,-1.9999999999999964
ETHUSDT,development,4472,5,0.4,0.561062999434738,1.9351049990578961,-3.000000000000001
BTCUSDT,development,4473,1,1.0,2.8130137890531457,inf,0.0
ETHUSDT,development,4473,3,0.3333333333333333,0.32056268321466996,1.480844024822005,-2.0000000000000004
BTCUSDT,development,4474,1,1.0,2.8223449518249044,inf,0.0
ETHUSDT,development,4474,3,0.3333333333333333,0.32068371343394364,1.481025570150916,-1.9999999999999982
BTCUSDT,development,4475,1,1.0,2.8359862352140017,inf,0.0
ETHUSDT,development,4475,3,0.3333333333333333,0.32088041182783517,1.4813206177417528,-2.0
BTCUSDT,development,4476,10,0.4,0.5449867618150861,1.9083112696918103,-2.000000000000001
ETHUSDT,development,4476,14,0.07142857142857142,-0.7170222821682851,0.22782215766492386,-12.0
BTCUSDT,development,4477,10,0.4,0.5472959378686532,1.9121598964477546,-2.0000000000000036
ETHUSDT,development,4477,14,0.07142857142857142,-0.716996347121298,0.2278500877155253,-12.0
BTCUSDT,development,4478,10,0.4,0.5507212445053902,1.9178687408423167,-2.0000000000000018
ETHUSDT,development,4478,14,0.07142857142857142,-0.7169541974654644,0.2278954796525773,-12.000000000000005
BTCUSDT,development,4479,6,0.3333333333333333,0.2937808710850556,1.4406713066275836,-2.0
ETHUSDT,development,4479,4,0.25,-0.009577987588997083,0.9872293498813373,-2.9999999999999987
BTCUSDT,development,4480,6,0.3333333333333333,0.29544403626437016,1.4431660543965552,-2.0000000000000018
ETHUSDT,development,4480,4,0.25,-0.009487214924542187,0.9873503801006104,-2.999999999999998
BTCUSDT,development,4481,6,0.3333333333333333,0.29789148862077935,1.446837232931169,-2.000000000000001
ETHUSDT,development,4481,4,0.25,-0.009339691129123251,0.9875470784945023,-2.9999999999999987
BTCUSDT,development,4482,3,0.6666666666666666,1.5875617421701103,5.762685226510328,0.0
ETHUSDT,development,4482,3,0.3333333333333333,0.32056268321467046,1.4808440248220058,-1.9999999999999991
BTCUSDT,development,4483,3,0.6666666666666666,1.5908880725287402,5.772664217586218,0.0
ETHUSDT,development,4483,3,0.3333333333333333,0.3206837134339435,1.4810255701509154,-1.9999999999999987
BTCUSDT,development,4484,3,0.6666666666666666,1.5957829772415586,5.787348931724676,0.0
ETHUSDT,development,4484,3,0.3333333333333333,0.3208804118278354,1.481320617741753,-1.9999999999999996
BTCUSDT,development,4485,1,1.0,2.8130137890531457,inf,0.0
ETHUSDT,development,4485,2,0.5,0.9808440248220054,2.961688049644012,-0.9999999999999996
BTCUSDT,development,4486,1,1.0,2.8223449518249044,inf,0.0
ETHUSDT,development,4486,2,0.5,0.9810255701509145,2.9620511403018295,-1.0
BTCUSDT,development,4487,1,1.0,2.8359862352140017,inf,0.0
ETHUSDT,development,4487,2,0.5,0.9813206177417533,2.9626412354835083,-0.9999999999999991
BTCUSDT,development,4488,7,0.5714285714285714,1.2071239454501228,3.8166225393836193,-2.0
ETHUSDT,development,4488,9,0.0,-1.0000000000000004,0.0,-8.000000000000005
BTCUSDT,development,4489,7,0.5714285714285714,1.210422768383791,3.8243197928955097,-2.0
ETHUSDT,development,4489,9,0.0,-1.0,0.0,-8.000000000000004
BTCUSDT,development,4490,7,0.5714285714285714,1.215316063579129,3.8357374816846326,-2.0000000000000018
ETHUSDT,development,4490,9,0.0,-1.0000000000000004,0.0,-8.000000000000004
BTCUSDT,development,4491,4,0.5,0.9406713066275834,2.8813426132551685,-0.9999999999999991
ETHUSDT,development,4491,2,0.0,-0.9999999999999993,0.0,-0.999999999999999
BTCUSDT,development,4492,4,0.5,0.9431660543965552,2.8863321087931095,-1.0
ETHUSDT,development,4492,2,0.0,-0.9999999999999991,0.0,-0.999999999999999
BTCUSDT,development,4493,4,0.5,0.9468372329311687,2.8936744658623366,-1.0
ETHUSDT,development,4493,2,0.0,-0.9999999999999991,0.0,-0.9999999999999991
BTCUSDT,development,4494,2,1.0,2.881342613255166,inf,0.0
ETHUSDT,development,4494,1,0.0,-0.9999999999999994,0.0,0.0
BTCUSDT,development,4495,2,1.0,2.886332108793111,inf,0.0
ETHUSDT,development,4495,1,0.0,-0.9999999999999999,0.0,0.0
BTCUSDT,development,4496,2,1.0,2.893674465862338,inf,0.0
ETHUSDT,development,4496,1,0.0,-0.9999999999999991,0.0,0.0
BTCUSDT,development,4497,1,1.0,2.8130137890531457,inf,0.0
ETHUSDT,development,4497,1,0.0,-0.9999999999999994,0.0,0.0
BTCUSDT,development,4498,1,1.0,2.8223449518249044,inf,0.0
ETHUSDT,development,4498,1,0.0,-0.9999999999999999,0.0,0.0
BTCUSDT,development,4499,1,1.0,2.8359862352140017,inf,0.0
ETHUSDT,development,4499,1,0.0,-0.9999999999999991,0.0,0.0
BTCUSDT,development,4500,10,0.4,0.5539803952637994,1.9233006587729982,-3.0000000000000027
ETHUSDT,development,4500,12,0.25,-0.027787020058539873,0.9629506399219471,-6.000000000000001
BTCUSDT,development,4501,10,0.4,0.5557788252777878,1.9262980421296458,-3.0000000000000027
ETHUSDT,development,4501,12,0.25,-0.026726174280230348,0.964365100959693,-5.9999999999999964
BTCUSDT,development,4502,10,0.4,0.5584480436492425,1.9307467394154043,-3.0
ETHUSDT,development,4502,12,0.25,-0.025147033590830297,0.966470621878893,-6.0
BTCUSDT,development,4503,7,0.42857142857142855,0.671739750818566,2.1755445639324895,-1.0000000000000018
ETHUSDT,development,4503,9,0.3333333333333333,0.2962839732552801,1.4444259598829206,-3.9999999999999996
BTCUSDT,development,4504,7,0.42857142857142855,0.6733012826616768,2.178277244657934,-1.0000000000000018
ETHUSDT,development,4504,9,0.3333333333333333,0.2976984342930263,1.44654765143954,-3.9999999999999956
BTCUSDT,development,4505,7,0.42857142857142855,0.675616439785535,2.1823287696246862,-1.0000000000000009
ETHUSDT,development,4505,9,0.3333333333333333,0.29980395521222625,1.4497059328183395,-4.0
BTCUSDT,development,4506,5,0.6,1.340435651145992,4.351089127864975,-1.0000000000000018
ETHUSDT,development,4506,4,0.25,-0.009577987588997389,0.9872293498813368,-3.0
BTCUSDT,development,4507,5,0.6,1.3426217957263475,4.356554489315866,-1.0000000000000018
ETHUSDT,development,4507,4,0.25,-0.009487214924541909,0.9873503801006107,-2.9999999999999964
BTCUSDT,development,4508,5,0.6,1.345863015699749,4.3646575392493725,-1.0
ETHUSDT,development,4508,4,0.25,-0.00933969112912375,0.9875470784945016,-3.000000000000001
BTCUSDT,development,4509,1,1.0,2.8130137890531457,inf,0.0
ETHUSDT,development,4509,3,0.3333333333333333,0.32056268321466996,1.480844024822005,-2.0000000000000004
BTCUSDT,development,4510,1,1.0,2.8223449518249044,inf,0.0
ETHUSDT,development,4510,3,0.3333333333333333,0.32068371343394364,1.481025570150916,-1.9999999999999982
BTCUSDT,development,4511,1,1.0,2.8359862352140017,inf,0.0
ETHUSDT,development,4511,3,0.3333333333333333,0.32088041182783517,1.4813206177417528,-2.0
BTCUSDT,development,4512,7,0.42857142857142855,0.657187274774052,2.1500777308545906,-1.0000000000000018
ETHUSDT,development,4512,5,0.2,-0.20766239007119774,0.7404220124110027,-3.999999999999999
BTCUSDT,development,4513,7,0.42857142857142855,0.6596204988189086,2.15433587293309,-1.0000000000000009
ETHUSDT,development,4513,5,0.2,-0.20758977193963393,0.7405127850754575,-3.9999999999999987
BTCUSDT,development,4514,7,0.42857142857142855,0.663216327102622,2.160628572429588,-1.0000000000000018
ETHUSDT,development,4514,5,0.2,-0.20747175290329872,0.7406603088708765,-3.999999999999999
BTCUSDT,development,4515,5,0.4,0.5525370453020665,1.9208950755034444,-2.0
ETHUSDT,development,4515,4,0.25,-0.009577987588997083,0.9872293498813373,-2.9999999999999987
BTCUSDT,development,4516,5,0.4,0.5545328435172442,1.9242214058620732,-2.0000000000000018
ETHUSDT,development,4516,4,0.25,-0.009487214924542187,0.9873503801006104,-2.999999999999998
BTCUSDT,development,4517,5,0.4,0.5574697863449352,1.9291163105748919,-2.000000000000001
ETHUSDT,development,4517,4,0.25,-0.009339691129123251,0.9875470784945023,-2.9999999999999987
BTCUSDT,development,4518,3,0.6666666666666666,1.5875617421701103,5.762685226510328,0.0
ETHUSDT,development,4518,3,0.3333333333333333,0.32056268321467046,1.4808440248220058,-1.9999999999999991
BTCUSDT,development,4519,3,0.6666666666666666,1.5908880725287402,5.772664217586218,0.0
ETHUSDT,development,4519,3,0.3333333333333333,0.3206837134339435,1.4810255701509154,-1.9999999999999987
BTCUSDT,development,4520,3,0.6666666666666666,1.5957829772415586,5.787348931724676,0.0
ETHUSDT,development,4520,3,0.3333333333333333,0.3208804118278354,1.481320617741753,-1.9999999999999996
BTCUSDT,development,4521,1,1.0,2.8130137890531457,inf,0.0
ETHUSDT,development,4521,2,0.5,0.9808440248220054,2.961688049644012,-0.9999999999999996
BTCUSDT,development,4522,1,1.0,2.8223449518249044,inf,0.0
ETHUSDT,development,4522,2,0.5,0.9810255701509145,2.9620511403018295,-1.0
BTCUSDT,development,4523,1,1.0,2.8359862352140017,inf,0.0
ETHUSDT,development,4523,2,0.5,0.9813206177417533,2.9626412354835083,-0.9999999999999991
BTCUSDT,development,4524,5,0.6,1.3200621846836729,4.30015546170918,-1.0000000000000018
ETHUSDT,development,4524,4,0.0,-0.9999999999999994,0.0,-2.9999999999999996
BTCUSDT,development,4525,5,0.6,1.323468698346472,4.308671745866178,-1.0000000000000009
ETHUSDT,development,4525,4,0.0,-1.0,0.0,-2.9999999999999996
BTCUSDT,development,4526,5,0.6,1.3285028579436708,4.321257144859174,-1.0000000000000018
ETHUSDT,development,4526,4,0.0,-0.9999999999999996,0.0,-2.999999999999999
BTCUSDT,development,4527,3,0.6666666666666666,1.587561742170111,5.762685226510337,0.0
ETHUSDT,development,4527,2,0.0,-0.9999999999999996,0.0,-0.9999999999999994
BTCUSDT,development,4528,3,0.6666666666666666,1.5908880725287402,5.772664217586216,0.0
ETHUSDT,development,4528,2,0.0,-0.9999999999999996,0.0,-0.9999999999999999
BTCUSDT,development,4529,3,0.6666666666666666,1.5957829772415584,5.7873489317246705,0.0
ETHUSDT,development,4529,2,0.0,-0.9999999999999991,0.0,-0.9999999999999991
BTCUSDT,development,4530,2,1.0,2.881342613255166,inf,0.0
ETHUSDT,development,4530,1,0.0,-0.9999999999999994,0.0,0.0
BTCUSDT,development,4531,2,1.0,2.886332108793111,inf,0.0
ETHUSDT,development,4531,1,0.0,-0.9999999999999999,0.0,0.0
BTCUSDT,development,4532,2,1.0,2.893674465862338,inf,0.0
ETHUSDT,development,4532,1,0.0,-0.9999999999999991,0.0,0.0
BTCUSDT,development,4533,1,1.0,2.8130137890531457,inf,0.0
ETHUSDT,development,4533,1,0.0,-0.9999999999999994,0.0,0.0
BTCUSDT,development,4534,1,1.0,2.8223449518249044,inf,0.0
ETHUSDT,development,4534,1,0.0,-0.9999999999999999,0.0,0.0
BTCUSDT,development,4535,1,1.0,2.8359862352140017,inf,0.0
ETHUSDT,development,4535,1,0.0,-0.9999999999999991,0.0,0.0
BTCUSDT,development,4536,28,0.17857142857142858,-0.31448376351795515,0.6171502009346633,-10.000000000000005
ETHUSDT,development,4536,32,0.3125,0.21310840563581657,1.3099758627430058,-8.000000000000002
BTCUSDT,development,4537,28,0.17857142857142858,-0.31279760038754506,0.6192029212673367,-10.0
ETHUSDT,development,4537,32,0.3125,0.21438004123349502,1.3118255145214472,-7.999999999999998
BTCUSDT,development,4538,28,0.17857142857142858,-0.3104602188106103,0.6220484292740396,-10.000000000000004
ETHUSDT,development,4538,32,0.34375,0.3392378908055051,1.516933928846484,-8.000000000000004
BTCUSDT,development,4539,12,0.25,-0.02790133978181215,0.9627982136242506,-5.0000000000000036
ETHUSDT,development,4539,19,0.3684210526315789,0.42870721281070945,1.6787864202836236,-4.0
BTCUSDT,development,4540,12,0.25,-0.026858694682779887,0.9641884070896268,-4.9999999999999964
ETHUSDT,development,4540,19,0.3684210526315789,0.430350944906618,1.6813889961021453,-3.999999999999999
BTCUSDT,development,4541,12,0.25,-0.025306553935264247,0.9662579280863144,-5.000000000000001
ETHUSDT,development,4541,19,0.3684210526315789,0.4328159435532358,1.6852919106259563,-4.000000000000003
BTCUSDT,development,4542,7,0.2857142857142857,0.10895503235861868,1.152537045302066,-2.000000000000002
ETHUSDT,development,4542,8,0.375,0.4573660489323883,1.7317856782918217,-2.0
BTCUSDT,development,4543,7,0.2857142857142857,0.11038060251231796,1.154532843517245,-1.9999999999999991
ETHUSDT,development,4543,8,0.375,0.458886869883329,1.7342189918133266,-1.9999999999999991
BTCUSDT,development,4544,7,0.2857142857142857,0.11247841881781165,1.1574697863449364,-1.999999999999998
ETHUSDT,development,4544,8,0.375,0.46116418287075145,1.7378626925932028,-2.000000000000001
BTCUSDT,development,4545,2,0.5,0.9065068945265731,2.813013789053147,0.0
ETHUSDT,development,4545,5,0.4,0.5680840218973032,1.946806703162173,-1.9999999999999978
BTCUSDT,development,4546,2,0.5,0.9111724759124522,2.822344951824905,0.0
ETHUSDT,development,4546,5,0.4,0.568758036080735,1.947930060134559,-1.9999999999999991
BTCUSDT,development,4547,2,0.5,0.917993117607001,2.835986235214002,0.0
ETHUSDT,development,4547,5,0.4,0.5698202206289638,1.9497003677149412,-1.9999999999999973
BTCUSDT,development,4548,12,0.16666666666666666,-0.3531095644574726,0.576268522651033,-4.0000000000000036
ETHUSDT,development,4548,19,0.21052631578947367,-0.17794575893888276,0.7746020386774152,-10.077299450023592
BTCUSDT,development,4549,12,0.16666666666666666,-0.35227798186781434,0.5772664217586225,-3.9999999999999982
ETHUSDT,development,4549,19,0.21052631578947367,-0.17742233867844964,0.7752650376739637,-10.075721973960034
BTCUSDT,development,4550,12,0.16666666666666666,-0.3510542556896103,0.5787348931724676,-4.000000000000001
ETHUSDT,development,4550,19,0.21052631578947367,-0.17660975596122802,0.776294309115778,-10.073231216874252
BTCUSDT,development,4551,8,0.25,-0.029664346686208876,0.9604475377517216,-4.0000000000000036
ETHUSDT,development,4551,10,0.2,-0.21595798905134833,0.7300525136858144,-5.07729945002359
BTCUSDT,development,4552,8,0.25,-0.02841697280172173,0.9621107029310376,-3.9999999999999964
ETHUSDT,development,4552,10,0.2,-0.2156209819596322,0.7304737725504596,-5.075721973960036
BTCUSDT,development,4553,8,0.25,-0.026581383534415526,0.9645581552874459,-4.000000000000001
ETHUSDT,development,4553,10,0.2,-0.21508988968551837,0.731137637893102,-5.073231216874248
BTCUSDT,development,4554,4,0.5,0.9406713066275824,2.8813426132551627,-1.0000000000000002
ETHUSDT,development,4554,6,0.3333333333333333,0.30673668491441913,1.460105027371629,-2.0
BTCUSDT,development,4555,4,0.5,0.9431660543965562,2.8863321087931153,-0.999999999999996
ETHUSDT,development,4555,6,0.3333333333333333,0.3072983634006128,1.4609475451009195,-1.9999999999999991
BTCUSDT,development,4556,4,0.5,0.9468372329311695,2.893674465862341,-0.9999999999999962
ETHUSDT,development,4556,6,0.3333333333333333,0.3081835171908029,1.4622752757862045,-2.000000000000001
BTCUSDT,development,4557,1,1.0,2.8130137890531457,inf,0.0
ETHUSDT,development,4557,4,0.5,0.9601050273716286,2.9202100547432597,-1.9999999999999978
BTCUSDT,development,4558,1,1.0,2.8223449518249044,inf,0.0
ETHUSDT,development,4558,4,0.5,0.9609475451009188,2.921895090201839,-1.9999999999999991
BTCUSDT,development,4559,1,1.0,2.8359862352140017,inf,0.0
ETHUSDT,development,4559,4,0.5,0.9622752757862045,2.924550551572412,-1.9999999999999973
BTCUSDT,development,4560,11,0.18181818181818182,-0.29430134304451555,0.6402983585011477,-3.999999999999998
ETHUSDT,development,4560,18,0.2777777777777778,0.08433893529385131,1.1167769873299478,-5.077299450023592
BTCUSDT,development,4561,11,0.18181818181818182,-0.2933941620376157,0.6414071352873584,-3.9999999999999982
ETHUSDT,development,4561,18,0.2777777777777778,0.08504235497782345,1.1177509530462173,-5.075721973960037
BTCUSDT,development,4562,11,0.18181818181818182,-0.29205918802502945,0.6430387701916307,-3.9999999999999987
ETHUSDT,development,4562,18,0.2777777777777778,0.08613433673484162,1.1192629277867037,-5.073231216874249
BTCUSDT,development,4563,7,0.2857142857142857,0.10895503235861845,1.1525370453020658,-3.0000000000000018
ETHUSDT,development,4563,10,0.3,0.17561784917541812,1.2508826416791687,-2.999999999999997
BTCUSDT,development,4564,7,0.2857142857142857,0.11038060251231786,1.154532843517245,-2.999999999999996
ETHUSDT,development,4564,10,0.3,0.17614295365335075,1.2516327909333582,-2.9999999999999973
BTCUSDT,development,4565,7,0.2857142857142857,0.11247841881781073,1.157469786344935,-2.999999999999999
ETHUSDT,development,4565,10,0.3,0.1769695450736684,1.2528136358195265,-2.9999999999999964
BTCUSDT,development,4566,4,0.5,0.9406713066275824,2.8813426132551627,-1.0000000000000002
ETHUSDT,development,4566,6,0.3333333333333333,0.30673668491441924,1.4601050273716292,-1.9999999999999978
BTCUSDT,development,4567,4,0.5,0.9431660543965562,2.8863321087931153,-0.999999999999996
ETHUSDT,development,4567,6,0.3333333333333333,0.3072983634006126,1.460947545100919,-1.9999999999999991
BTCUSDT,development,4568,4,0.5,0.9468372329311695,2.893674465862341,-0.9999999999999962
ETHUSDT,development,4568,6,0.3333333333333333,0.30818351719080317,1.4622752757862052,-1.9999999999999973
BTCUSDT,development,4569,1,1.0,2.8130137890531457,inf,0.0
ETHUSDT,development,4569,5,0.4,0.5680840218973032,1.946806703162173,-1.9999999999999978
BTCUSDT,development,4570,1,1.0,2.8223449518249044,inf,0.0
ETHUSDT,development,4570,5,0.4,0.568758036080735,1.947930060134559,-1.9999999999999991
BTCUSDT,development,4571,1,1.0,2.8359862352140017,inf,0.0
ETHUSDT,development,4571,5,0.4,0.5698202206289638,1.9497003677149412,-1.9999999999999973
BTCUSDT,development,4572,25,0.2,-0.23222181514010973,0.7097227310748628,-10.000000000000005
ETHUSDT,development,4572,25,0.24,-0.06693586169285727,0.9119264977725563,-9.178229194895493
BTCUSDT,development,4573,25,0.2,-0.2303333124340502,0.7120833594574373,-10.0
ETHUSDT,development,4573,25,0.24,-0.06604935801815641,0.91309294997611,-9.173935149468665
BTCUSDT,development,4574,25,0.2,-0.22771544506788344,0.7153556936651456,-10.000000000000004
ETHUSDT,development,4574,25,0.28,0.09265417408025317,1.1286863528892408,-9.16722779238377
BTCUSDT,development,4575,12,0.25,-0.02790133978181215,0.9627982136242506,-5.0000000000000036
ETHUSDT,development,4575,14,0.35714285714285715,0.39007472867197784,1.6067829112675214,-3.077299450023591
BTCUSDT,development,4576,12,0.25,-0.026858694682779887,0.9641884070896268,-4.9999999999999964
ETHUSDT,development,4576,14,0.35714285714285715,0.3913331646334936,1.6087404783187678,-3.075721973960036
BTCUSDT,development,4577,12,0.25,-0.025306553935264247,0.9662579280863144,-5.000000000000001
ETHUSDT,development,4577,14,0.35714285714285715,0.39323498658308653,1.6116988680181346,-3.0732312168742464
BTCUSDT,development,4578,7,0.2857142857142857,0.10895503235861868,1.152537045302066,-2.000000000000002
ETHUSDT,development,4578,5,0.4,0.5680840218973031,1.9468067031621725,-1.9999999999999978
BTCUSDT,development,4579,7,0.2857142857142857,0.11038060251231796,1.154532843517245,-1.9999999999999991
ETHUSDT,development,4579,5,0.4,0.5687580360807354,1.9479300601345595,-1.9999999999999991
BTCUSDT,development,4580,7,0.2857142857142857,0.11247841881781165,1.1574697863449364,-1.999999999999998
ETHUSDT,development,4580,5,0.4,0.5698202206289634,1.9497003677149403,-1.9999999999999973
BTCUSDT,development,4581,2,0.5,0.9065068945265731,2.813013789053147,0.0
ETHUSDT,development,4581,4,0.5,0.9601050273716286,2.9202100547432597,-1.9999999999999978
BTCUSDT,development,4582,2,0.5,0.9111724759124522,2.822344951824905,0.0
ETHUSDT,development,4582,4,0.5,0.9609475451009188,2.921895090201839,-1.9999999999999991
BTCUSDT,development,4583,2,0.5,0.917993117607001,2.835986235214002,0.0
ETHUSDT,development,4583,4,0.5,0.9622752757862045,2.924550551572412,-1.9999999999999973
BTCUSDT,development,4584,11,0.18181818181818182,-0.2943013430445157,0.6402983585011476,-4.0000000000000036
ETHUSDT,development,4584,16,0.1875,-0.26733340669394,0.6709742686843815,-10.077299450023592
BTCUSDT,development,4585,11,0.18181818181818182,-0.2933941620376157,0.6414071352873584,-3.9999999999999964
ETHUSDT,development,4585,16,0.1875,-0.2668909714550427,0.6715188043630242,-10.075721973960036
BTCUSDT,development,4586,11,0.18181818181818182,-0.29205918802502934,0.6430387701916308,-4.000000000000001
ETHUSDT,development,4586,16,0.1875,-0.26620352681762766,0.6723648900706122,-10.073231216874252
BTCUSDT,development,4587,8,0.25,-0.029664346686208876,0.9604475377517216,-4.0000000000000036
ETHUSDT,development,4587,8,0.25,-0.019947486314185414,0.973403351581086,-3.07729945002359
BTCUSDT,development,4588,8,0.25,-0.02841697280172173,0.9621107029310376,-3.9999999999999964
ETHUSDT,development,4588,8,0.25,-0.019526227449540218,0.9739650300672796,-3.075721973960036
BTCUSDT,development,4589,8,0.25,-0.026581383534415526,0.9645581552874459,-4.000000000000001
ETHUSDT,development,4589,8,0.25,-0.018862362106897707,0.9748501838574697,-3.0732312168742464
BTCUSDT,development,4590,4,0.5,0.9406713066275824,2.8813426132551627,-1.0000000000000002
ETHUSDT,development,4590,5,0.4,0.5680840218973031,1.9468067031621725,-1.9999999999999978
BTCUSDT,development,4591,4,0.5,0.9431660543965562,2.8863321087931153,-0.999999999999996
ETHUSDT,development,4591,5,0.4,0.5687580360807354,1.9479300601345595,-1.9999999999999991
BTCUSDT,development,4592,4,0.5,0.9468372329311695,2.893674465862341,-0.9999999999999962
ETHUSDT,development,4592,5,0.4,0.5698202206289634,1.9497003677149403,-1.9999999999999973
BTCUSDT,development,4593,1,1.0,2.8130137890531457,inf,0.0
ETHUSDT,development,4593,4,0.5,0.9601050273716286,2.9202100547432597,-1.9999999999999978
BTCUSDT,development,4594,1,1.0,2.8223449518249044,inf,0.0
ETHUSDT,development,4594,4,0.5,0.9609475451009188,2.921895090201839,-1.9999999999999991
BTCUSDT,development,4595,1,1.0,2.8359862352140017,inf,0.0
ETHUSDT,development,4595,4,0.5,0.9622752757862045,2.924550551572412,-1.9999999999999973
BTCUSDT,development,4596,10,0.2,-0.22373147734896728,0.7203356533137911,-3.0000000000000018
ETHUSDT,development,4596,15,0.26666666666666666,0.041449049868336994,1.0565214316386413,-4.178229194895497
BTCUSDT,development,4597,10,0.2,-0.22273357824137743,0.721583027198278,-2.9999999999999996
ETHUSDT,development,4597,15,0.26666666666666666,0.04210208541404554,1.0574119346555166,-4.173935149468668
BTCUSDT,development,4598,10,0.2,-0.22126510682753234,0.7234186164655846,-2.999999999999999
ETHUSDT,development,4598,15,0.26666666666666666,0.043116466360562405,1.0587951814007666,-4.167227792383772
BTCUSDT,development,4599,7,0.2857142857142857,0.10895503235861845,1.1525370453020658,-3.0000000000000018
ETHUSDT,development,4599,8,0.375,0.46952231146927254,1.7512356983508366,-2.9999999999999973
BTCUSDT,development,4600,7,0.2857142857142857,0.11038060251231786,1.154532843517245,-2.999999999999996
ETHUSDT,development,4600,8,0.375,0.47017869206668844,1.7522859073067016,-2.9999999999999973
BTCUSDT,development,4601,7,0.2857142857142857,0.11247841881781073,1.157469786344935,-2.999999999999999
ETHUSDT,development,4601,8,0.375,0.47121193134208544,1.7539390901473373,-2.9999999999999964
BTCUSDT,development,4602,4,0.5,0.9406713066275824,2.8813426132551627,-1.0000000000000002
ETHUSDT,development,4602,4,0.5,0.9601050273716286,2.9202100547432597,-1.9999999999999978
BTCUSDT,development,4603,4,0.5,0.9431660543965562,2.8863321087931153,-0.999999999999996
ETHUSDT,development,4603,4,0.5,0.9609475451009188,2.921895090201839,-1.9999999999999991
BTCUSDT,development,4604,4,0.5,0.9468372329311695,2.893674465862341,-0.9999999999999962
ETHUSDT,development,4604,4,0.5,0.9622752757862045,2.924550551572412,-1.9999999999999973
BTCUSDT,development,4605,1,1.0,2.8130137890531457,inf,0.0
ETHUSDT,development,4605,4,0.5,0.9601050273716286,2.9202100547432597,-1.9999999999999978
BTCUSDT,development,4606,1,1.0,2.8223449518249044,inf,0.0
ETHUSDT,development,4606,4,0.5,0.9609475451009188,2.921895090201839,-1.9999999999999991
BTCUSDT,development,4607,1,1.0,2.8359862352140017,inf,0.0
ETHUSDT,development,4607,4,0.5,0.9622752757862045,2.924550551572412,-1.9999999999999973
BTCUSDT,development,4608,14,0.21428571428571427,-0.1667725769558394,0.7877439929652955,-6.000000000000003
ETHUSDT,development,4608,16,0.3125,0.21422082515940447,1.3115939275045883,-4.077299450023591
BTCUSDT,development,4609,14,0.21428571428571427,-0.16587888115666857,0.7888814239824218,-5.9999999999999964
ETHUSDT,development,4609,16,0.3125,0.21543620156591992,1.313361747732247,-4.075721973960036
BTCUSDT,development,4610,14,0.21428571428571427,-0.16454847480165516,0.7905746684342572,-5.999999999999999
ETHUSDT,development,4610,16,0.375,0.46314693296974085,1.741035092751586,-4.073231216874246
BTCUSDT,development,4611,10,0.3,0.16651839226182502,1.2378834175168925,-5.0000000000000036
ETHUSDT,development,4611,12,0.3333333333333333,0.29544065159500227,1.4431609773925034,-2.9999999999999973
BTCUSDT,development,4612,10,0.3,0.1677695663806639,1.2396708091152344,-4.9999999999999964
ETHUSDT,development,4612,12,0.3333333333333333,0.29675207906159,1.445128118592385,-2.9999999999999982
BTCUSDT,development,4613,10,0.3,0.16963213527768253,1.242331621825261,-5.000000000000001
ETHUSDT,development,4613,12,0.3333333333333333,0.29872462204761235,1.4480869330714186,-2.9999999999999964
BTCUSDT,development,4614,6,0.3333333333333333,0.29378087108505463,1.4406713066275816,-2.000000000000002
ETHUSDT,development,4614,5,0.4,0.5680840218973031,1.9468067031621725,-1.9999999999999978
BTCUSDT,development,4615,6,0.3333333333333333,0.2954440362643706,1.443166054396556,-1.999999999999997
ETHUSDT,development,4615,5,0.4,0.5687580360807354,1.9479300601345595,-1.9999999999999991
BTCUSDT,development,4616,6,0.3333333333333333,0.2978914886207797,1.4468372329311698,-1.999999999999998
ETHUSDT,development,4616,5,0.4,0.5698202206289634,1.9497003677149403,-1.9999999999999973
BTCUSDT,development,4617,2,0.5,0.9065068945265731,2.813013789053147,0.0
ETHUSDT,development,4617,4,0.5,0.9601050273716286,2.9202100547432597,-1.9999999999999978
BTCUSDT,development,4618,2,0.5,0.9111724759124522,2.822344951824905,0.0
ETHUSDT,development,4618,4,0.5,0.9609475451009188,2.921895090201839,-1.9999999999999991
BTCUSDT,development,4619,2,0.5,0.917993117607001,2.835986235214002,0.0
ETHUSDT,development,4619,4,0.5,0.9622752757862045,2.924550551572412,-1.9999999999999973
BTCUSDT,development,4620,9,0.2222222222222222,-0.13747941927663054,0.8232407466443324,-4.0000000000000036
ETHUSDT,development,4620,9,0.3333333333333333,0.30251838809966247,1.453777582149494,-3.0772994500235913
BTCUSDT,development,4621,9,0.2222222222222222,-0.13637064249041933,0.8246663167980322,-3.9999999999999964
ETHUSDT,development,4621,9,0.3333333333333333,0.30330493963547966,1.4549574094532198,-3.0757219739600368
BTCUSDT,development,4622,9,0.2222222222222222,-0.13473900758614732,0.8267641331035249,-4.000000000000001
ETHUSDT,development,4622,9,0.3333333333333333,0.30452706343532915,1.456790595152994,-3.0732312168742464
BTCUSDT,development,4623,7,0.2857142857142857,0.10895503235861843,1.1525370453020658,-4.0000000000000036
ETHUSDT,development,4623,7,0.2857142857142857,0.12006001564093097,1.1680840218973034,-2.9999999999999973
BTCUSDT,development,4624,7,0.2857142857142857,0.11038060251231803,1.1545328435172453,-3.9999999999999964
ETHUSDT,development,4624,7,0.2857142857142857,0.12054145434338272,1.168758036080736,-2.9999999999999982
BTCUSDT,development,4625,7,0.2857142857142857,0.11247841881781083,1.1574697863449352,-4.000000000000001
ETHUSDT,development,4625,7,0.2857142857142857,0.12130015759211703,1.1698202206289638,-2.9999999999999964
BTCUSDT,development,4626,4,0.5,0.9406713066275824,2.8813426132551627,-1.0000000000000002
ETHUSDT,development,4626,5,0.4,0.5680840218973031,1.9468067031621725,-1.9999999999999978
BTCUSDT,development,4627,4,0.5,0.9431660543965562,2.8863321087931153,-0.999999999999996
ETHUSDT,development,4627,5,0.4,0.5687580360807354,1.9479300601345595,-1.9999999999999991
BTCUSDT,development,4628,4,0.5,0.9468372329311695,2.893674465862341,-0.9999999999999962
ETHUSDT,development,4628,5,0.4,0.5698202206289634,1.9497003677149403,-1.9999999999999973
BTCUSDT,development,4629,1,1.0,2.8130137890531457,inf,0.0
ETHUSDT,development,4629,4,0.5,0.9601050273716286,2.9202100547432597,-1.9999999999999978
BTCUSDT,development,4630,1,1.0,2.8223449518249044,inf,0.0
ETHUSDT,development,4630,4,0.5,0.9609475451009188,2.921895090201839,-1.9999999999999991
BTCUSDT,development,4631,1,1.0,2.8359862352140017,inf,0.0
ETHUSDT,development,4631,4,0.5,0.9622752757862045,2.924550551572412,-1.9999999999999973
BTCUSDT,development,4632,8,0.25,-0.02966434668620932,0.9604475377517211,-3.0000000000000018
ETHUSDT,development,4632,9,0.3333333333333333,0.30251838809966236,1.4537775821494938,-2.999999999999998
BTCUSDT,development,4633,8,0.25,-0.028416972801721896,0.9621107029310374,-2.999999999999996
ETHUSDT,development,4633,9,0.3333333333333333,0.3033049396354792,1.4549574094532187,-2.9999999999999982
BTCUSDT,development,4634,8,0.25,-0.02658138353441586,0.9645581552874454,-2.999999999999999
ETHUSDT,development,4634,9,0.3333333333333333,0.30452706343532915,1.456790595152994,-2.9999999999999964
BTCUSDT,development,4635,6,0.3333333333333333,0.2937808710850547,1.4406713066275816,-3.0000000000000018
ETHUSDT,development,4635,7,0.2857142857142857,0.12006001564093084,1.1680840218973032,-2.9999999999999973
BTCUSDT,development,4636,6,0.3333333333333333,0.2954440362643708,1.4431660543965565,-2.999999999999996
ETHUSDT,development,4636,7,0.2857142857142857,0.12054145434338215,1.168758036080735,-2.9999999999999982
BTCUSDT,development,4637,6,0.3333333333333333,0.29789148862077913,1.4468372329311687,-2.999999999999999
ETHUSDT,development,4637,7,0.2857142857142857,0.12130015759211703,1.1698202206289638,-2.9999999999999964
BTCUSDT,development,4638,4,0.5,0.9406713066275824,2.8813426132551627,-1.0000000000000002
ETHUSDT,development,4638,4,0.5,0.9601050273716286,2.9202100547432597,-1.9999999999999978
BTCUSDT,development,4639,4,0.5,0.9431660543965562,2.8863321087931153,-0.999999999999996
ETHUSDT,development,4639,4,0.5,0.9609475451009188,2.921895090201839,-1.9999999999999991
BTCUSDT,development,4640,4,0.5,0.9468372329311695,2.893674465862341,-0.9999999999999962
ETHUSDT,development,4640,4,0.5,0.9622752757862045,2.924550551572412,-1.9999999999999973
BTCUSDT,development,4641,1,1.0,2.8130137890531457,inf,0.0
ETHUSDT,development,4641,4,0.5,0.9601050273716286,2.9202100547432597,-1.9999999999999978
BTCUSDT,development,4642,1,1.0,2.8223449518249044,inf,0.0
ETHUSDT,development,4642,4,0.5,0.9609475451009188,2.921895090201839,-1.9999999999999991
BTCUSDT,development,4643,1,1.0,2.8359862352140017,inf,0.0
ETHUSDT,development,4643,4,0.5,0.9622752757862045,2.924550551572412,-1.9999999999999973
BTCUSDT,development,4644,41,0.24390243902439024,-0.059742662776271105,0.9209855105217059,-11.186986210946857
ETHUSDT,development,4644,39,0.28205128205128205,0.09806917664752716,1.136596353187627,-8.000000000000002
BTCUSDT,development,4645,41,0.24390243902439024,-0.05808629087924665,0.9231761959338995,-11.177655048175101
ETHUSDT,development,4645,39,0.28205128205128205,0.09902699123159514,1.1379304520725788,-7.999999999999998
BTCUSDT,development,4646,41,0.24390243902439024,-0.055683902842268145,0.9263535478537742,-11.164013764786
ETHUSDT,development,4646,39,0.3076923076923077,0.20135618783942186,1.2908478268791648,-8.000000000000004
BTCUSDT,development,4647,15,0.3333333333333333,0.2883135498835766,1.432470324825365,-5.0000000000000036
ETHUSDT,development,4647,22,0.36363636363636365,0.4159393614686779,1.653618996593637,-4.0
BTCUSDT,development,4648,15,0.3333333333333333,0.29058394598518583,1.4358759189777788,-4.999999999999998
ETHUSDT,development,4648,22,0.36363636363636365,0.41720724053573266,1.6556113779847228,-4.0
BTCUSDT,development,4649,15,0.3333333333333333,0.2938153699596902,1.4407230549395356,-5.000000000000002
ETHUSDT,development,4649,22,0.36363636363636365,0.4191264430669442,1.6586272676766265,-4.000000000000003
BTCUSDT,development,4650,10,0.4,0.5422204552145726,1.9037007586909538,-3.0000000000000027
ETHUSDT,development,4650,10,0.4,0.5664157300366535,1.944026216727756,-2.9999999999999982
BTCUSDT,development,4651,10,0.4,0.5453727743557372,1.9089546239262287,-2.9999999999999973
ETHUSDT,development,4651,10,0.4,0.5672986297627005,1.9454977162711684,-2.9999999999999973
BTCUSDT,development,4652,10,0.4,0.5498258128343206,1.9163763547238686,-2.9999999999999987
ETHUSDT,development,4652,10,0.4,0.5686592282927305,1.9477653804878845,-2.9999999999999982
BTCUSDT,development,4653,2,0.5,0.9065068945265731,2.813013789053147,0.0
ETHUSDT,development,4653,8,0.5,0.9580196625458167,2.9160393250916345,-2.999999999999999
BTCUSDT,development,4654,2,0.5,0.9111724759124522,2.822344951824905,0.0
ETHUSDT,development,4654,8,0.5,0.9591232872033756,2.9182465744067527,-2.9999999999999964
BTCUSDT,development,4655,2,0.5,0.917993117607001,2.835986235214002,0.0
ETHUSDT,development,4655,8,0.5,0.9608240353659133,2.9216480707318278,-2.9999999999999973
BTCUSDT,development,4656,21,0.14285714285714285,-0.4476042417419827,0.47779505130102023,-9.237314773489672
ETHUSDT,development,4656,22,0.22727272727272727,-0.10996733500885279,0.857689331165014,-11.077299450023592
BTCUSDT,development,4657,21,0.14285714285714285,-0.446793167060364,0.4787413050962422,-9.22733578241378
ETHUSDT,development,4657,22,0.22727272727272727,-0.10949878611766885,0.8582956885536049,-11.075721973960036
BTCUSDT,development,4658,21,0.14285714285714285,-0.4455945576324593,0.4801396827621308,-9.212651068275328
ETHUSDT,development,4658,22,0.22727272727272727,-0.1087701876263558,0.8592385807188337,-11.073231216874253
BTCUSDT,development,4659,9,0.2222222222222222,-0.1374794192766301,0.8232407466443328,-5.000000000000004
ETHUSDT,development,4659,12,0.25,-0.01649098673912247,0.97801201768117,-5.07729945002359
BTCUSDT,development,4660,9,0.2222222222222222,-0.13637064249041944,0.824666316798032,-4.999999999999997
ETHUSDT,development,4660,12,0.25,-0.016179889941207653,0.9784268134117232,-5.075721973960036
BTCUSDT,development,4661,9,0.2222222222222222,-0.1347390075861471,0.8267641331035251,-5.000000000000001
ETHUSDT,development,4661,12,0.25,-0.015688138447639704,0.9790824820698136,-5.073231216874248
BTCUSDT,development,4662,5,0.4,0.5525370453020658,1.9208950755034422,-2.0000000000000018
ETHUSDT,development,4662,7,0.42857142857142855,0.6860154513043607,2.200527039782632,-2.0000000000000004
BTCUSDT,development,4663,5,0.4,0.5545328435172447,1.9242214058620752,-1.9999999999999971
ETHUSDT,development,4663,7,0.42857142857142855,0.6865487601007866,2.2014603301763773,-1.9999999999999991
BTCUSDT,development,4664,5,0.4,0.5574697863449355,1.929116310574893,-1.9999999999999982
ETHUSDT,development,4664,7,0.42857142857142855,0.6873917626611891,2.202935584657081,-2.0000000000000004
BTCUSDT,development,4665,1,1.0,2.8130137890531457,inf,0.0
ETHUSDT,development,4665,5,0.6,1.360421631826105,4.401054079565267,-1.9999999999999973
BTCUSDT,development,4666,1,1.0,2.8223449518249044,inf,0.0
ETHUSDT,development,4666,5,0.6,1.361168264141101,4.402920660352755,-1.9999999999999991
BTCUSDT,development,4667,1,1.0,2.8359862352140017,inf,0.0
ETHUSDT,development,4667,5,0.6,1.3623484677256648,4.405871169314167,-1.9999999999999973
BTCUSDT,development,4668,19,0.21052631578947367,-0.19012478644045178,0.7591752705087612,-9.237314773489672
ETHUSDT,development,4668,21,0.23809523809523808,-0.07056662689098445,0.9073813022055829,-6.077299450023595
BTCUSDT,development,4669,19,0.21052631578947367,-0.18859524078216167,0.7611126950092619,-9.22733578241378
ETHUSDT,development,4669,21,0.23809523809523808,-0.06996369573329421,0.9081726493500515,-6.075721973960038
BTCUSDT,development,4670,19,0.21052631578947367,-0.18636073489037427,0.7639430691388592,-9.212651068275326
ETHUSDT,development,4670,21,0.23809523809523808,-0.06902771137013575,0.9094011288266968,-6.073231216874251
BTCUSDT,development,4671,7,0.2857142857142857,0.10895503235861845,1.1525370453020658,-3.0000000000000018
ETHUSDT,development,4671,11,0.2727272727272727,0.06874349925038035,1.094522311469273,-2.999999999999997
BTCUSDT,development,4672,7,0.2857142857142857,0.11038060251231786,1.154532843517245,-2.999999999999996
ETHUSDT,development,4672,11,0.2727272727272727,0.06922086695759168,1.0951786920666884,-2.9999999999999973
BTCUSDT,development,4673,7,0.2857142857142857,0.11247841881781073,1.157469786344935,-2.999999999999999
ETHUSDT,development,4673,11,0.2727272727272727,0.069972313703335,1.0962119313420857,-2.9999999999999964
BTCUSDT,development,4674,4,0.5,0.9406713066275824,2.8813426132551627,-1.0000000000000002
ETHUSDT,development,4674,6,0.3333333333333333,0.30673668491441924,1.4601050273716292,-1.9999999999999978
BTCUSDT,development,4675,4,0.5,0.9431660543965562,2.8863321087931153,-0.999999999999996
ETHUSDT,development,4675,6,0.3333333333333333,0.3072983634006126,1.460947545100919,-1.9999999999999991
BTCUSDT,development,4676,4,0.5,0.9468372329311695,2.893674465862341,-0.9999999999999962
ETHUSDT,development,4676,6,0.3333333333333333,0.30818351719080317,1.4622752757862052,-1.9999999999999973
BTCUSDT,development,4677,1,1.0,2.8130137890531457,inf,0.0
ETHUSDT,development,4677,5,0.4,0.5680840218973032,1.946806703162173,-1.9999999999999978
BTCUSDT,development,4678,1,1.0,2.8223449518249044,inf,0.0
ETHUSDT,development,4678,5,0.4,0.568758036080735,1.947930060134559,-1.9999999999999991
BTCUSDT,development,4679,1,1.0,2.8359862352140017,inf,0.0
ETHUSDT,development,4679,5,0.4,0.5698202206289638,1.9497003677149412,-1.9999999999999973
BTCUSDT,development,4680,31,0.25806451612903225,-0.007777694134258826,0.9895170209494771,-6.186986210946855
ETHUSDT,development,4680,30,0.26666666666666666,0.03834468828528624,1.0522882112981176,-8.316180053659487
BTCUSDT,development,4681,31,0.25806451612903225,-0.0056084465242912055,0.9924407894672597,-6.177655048175091
ETHUSDT,development,4681,30,0.26666666666666666,0.03926540555898055,1.0535437348531551,-8.306790172547165
BTCUSDT,development,4682,31,0.25806451612903225,-0.0025523507924128047,0.996559875018922,-6.164013764785995
ETHUSDT,development,4682,30,0.3,0.1717948510596272,1.2454212157994673,-8.29237784808479
BTCUSDT,development,4683,14,0.2857142857142857,0.11461978227413448,1.1604676951837882,-5.0000000000000036
ETHUSDT,development,4683,17,0.4117647058823529,0.6049872583698652,2.0284783392287706,-3.999999999999999
BTCUSDT,development,4684,14,0.2857142857142857,0.11558145891801132,1.1618140424852157,-4.999999999999998
ETHUSDT,development,4684,17,0.4117647058823529,0.6063447307113082,2.030786042209224,-3.9999999999999964
BTCUSDT,development,4685,14,0.2857142857142857,0.11702053568220692,1.16382874995509,-5.000000000000002
ETHUSDT,development,4685,17,0.4117647058823529,0.6083988818791588,2.03427809919457,-3.999999999999999
BTCUSDT,development,4686,9,0.3333333333333333,0.3002420284144399,1.4503630426216594,-3.0000000000000027
ETHUSDT,development,4686,8,0.5,0.9580196625458167,2.916039325091634,-2.999999999999999
BTCUSDT,development,4687,9,0.3333333333333333,0.3014565531813047,1.452184829771957,-2.9999999999999973
ETHUSDT,development,4687,8,0.5,0.9591232872033758,2.9182465744067536,-2.9999999999999964
BTCUSDT,development,4688,9,0.3333333333333333,0.30325723094430557,1.4548858464164587,-2.9999999999999987
ETHUSDT,development,4688,8,0.5,0.9608240353659131,2.9216480707318273,-2.9999999999999973
BTCUSDT,development,4689,2,0.5,0.9065068945265731,2.813013789053147,0.0
ETHUSDT,development,4689,7,0.5714285714285714,1.237736757195219,3.888052433455513,-2.9999999999999982
BTCUSDT,development,4690,2,0.5,0.9111724759124522,2.822344951824905,0.0
ETHUSDT,development,4690,7,0.5714285714285714,1.2389980425181437,3.890995432542338,-2.9999999999999964
BTCUSDT,development,4691,2,0.5,0.917993117607001,2.835986235214002,0.0
ETHUSDT,development,4691,7,0.5714285714285714,1.2409417547039008,3.8955307609757703,-2.9999999999999982
BTCUSDT,development,4692,16,0.1875,-0.2749805672863523,0.6615623787244895,-5.0
ETHUSDT,development,4692,18,0.2222222222222222,-0.12864702541439063,0.8345966816100693,-11.077299450023594
BTCUSDT,development,4693,16,0.1875,-0.2739160317667271,0.662872576287105,-4.999999999999995
ETHUSDT,development,4693,18,0.2222222222222222,-0.12823357794326976,0.8351282569300817,-11.07572197396004
BTCUSDT,development,4694,16,0.1875,-0.2723428568926024,0.664808791516797,-4.999999999999997
ETHUSDT,development,4694,18,0.2222222222222222,-0.1275897329776966,0.8359560576001045,-11.073231216874253
BTCUSDT,development,4695,9,0.2222222222222222,-0.1374794192766301,0.8232407466443328,-5.000000000000004
ETHUSDT,development,4695,9,0.3333333333333333,0.31134535101450295,1.467018026521755,-3.0772994500235904
BTCUSDT,development,4696,9,0.2222222222222222,-0.13637064249041944,0.824666316798032,-4.999999999999997
ETHUSDT,development,4696,9,0.3333333333333333,0.31176014674505637,1.4676402201175849,-3.0757219739600368
BTCUSDT,development,4697,9,0.2222222222222222,-0.1347390075861471,0.8267641331035251,-5.000000000000001
ETHUSDT,development,4697,9,0.3333333333333333,0.31241581540314717,1.4686237231047208,-3.0732312168742464
BTCUSDT,development,4698,5,0.4,0.5525370453020658,1.9208950755034422,-2.0000000000000018
ETHUSDT,development,4698,6,0.5,0.9670180265217542,2.9340360530435103,-1.9999999999999973
BTCUSDT,development,4699,5,0.4,0.5545328435172447,1.9242214058620752,-1.9999999999999971
ETHUSDT,development,4699,6,0.5,0.9676402201175841,2.93528044023517,-1.9999999999999991
BTCUSDT,development,4700,5,0.4,0.5574697863449355,1.929116310574893,-1.9999999999999982
ETHUSDT,development,4700,6,0.5,0.9686237231047207,2.937247446209443,-1.9999999999999973
BTCUSDT,development,4701,1,1.0,2.8130137890531457,inf,0.0
ETHUSDT,development,4701,5,0.6,1.360421631826105,4.401054079565267,-1.9999999999999973
BTCUSDT,development,4702,1,1.0,2.8223449518249044,inf,0.0
ETHUSDT,development,4702,5,0.6,1.361168264141101,4.402920660352755,-1.9999999999999991
BTCUSDT,development,4703,1,1.0,2.8359862352140017,inf,0.0
ETHUSDT,development,4703,5,0.6,1.3623484677256648,4.405871169314167,-1.9999999999999973
BTCUSDT,development,4704,14,0.2857142857142857,0.09911636125938703,1.1387629057631417,-5.0
ETHUSDT,development,4704,17,0.23529411764705882,-0.08107436776323208,0.8939796729250042,-5.178229194895499
BTCUSDT,development,4705,14,0.2857142857142857,0.10119217322420979,1.1416690425138938,-4.999999999999995
ETHUSDT,development,4705,17,0.23529411764705882,-0.08049815992878344,0.8947331754777447,-5.173935149468669
BTCUSDT,development,4706,14,0.2857142857142857,0.10422471693449253,1.1459146037082897,-4.999999999999997
ETHUSDT,development,4706,17,0.23529411764705882,-0.07960311791715088,0.8959036150314179,-5.167227792383773
BTCUSDT,development,4707,7,0.2857142857142857,0.10895503235861845,1.1525370453020658,-3.0000000000000018
ETHUSDT,development,4707,8,0.375,0.46952231146927254,1.7512356983508366,-2.9999999999999973
BTCUSDT,development,4708,7,0.2857142857142857,0.11038060251231786,1.154532843517245,-2.999999999999996
ETHUSDT,development,4708,8,0.375,0.47017869206668844,1.7522859073067016,-2.9999999999999973
BTCUSDT,development,4709,7,0.2857142857142857,0.11247841881781073,1.157469786344935,-2.999999999999999
ETHUSDT,development,4709,8,0.375,0.47121193134208544,1.7539390901473373,-2.9999999999999964
BTCUSDT,development,4710,4,0.5,0.9406713066275824,2.8813426132551627,-1.0000000000000002
ETHUSDT,development,4710,4,0.5,0.9601050273716286,2.9202100547432597,-1.9999999999999978
BTCUSDT,development,4711,4,0.5,0.9431660543965562,2.8863321087931153,-0.999999999999996
ETHUSDT,development,4711,4,0.5,0.9609475451009188,2.921895090201839,-1.9999999999999991
BTCUSDT,development,4712,4,0.5,0.9468372329311695,2.893674465862341,-0.9999999999999962
ETHUSDT,development,4712,4,0.5,0.9622752757862045,2.924550551572412,-1.9999999999999973
BTCUSDT,development,4713,1,1.0,2.8130137890531457,inf,0.0
ETHUSDT,development,4713,4,0.5,0.9601050273716286,2.9202100547432597,-1.9999999999999978
BTCUSDT,development,4714,1,1.0,2.8223449518249044,inf,0.0
ETHUSDT,development,4714,4,0.5,0.9609475451009188,2.921895090201839,-1.9999999999999991
BTCUSDT,development,4715,1,1.0,2.8359862352140017,inf,0.0
ETHUSDT,development,4715,4,0.5,0.9622752757862045,2.924550551572412,-1.9999999999999973
BTCUSDT,development,4716,16,0.3125,0.21514391554661957,1.3129366044314463,-4.0000000000000036
ETHUSDT,development,4716,20,0.35,0.36256351967152456,1.5577900302638836,-3.9999999999999982
BTCUSDT,development,4717,16,0.3125,0.2164262311873936,1.3148017908180272,-3.999999999999997
ETHUSDT,development,4717,20,0.35,0.3638087671139024,1.5597057955598497,-3.9999999999999964
BTCUSDT,development,4718,16,0.3125,0.2183408035965361,1.3175866234131435,-4.000000000000001
ETHUSDT,development,4718,20,0.4,0.562392105364917,1.9373201756081952,-3.9999999999999982
BTCUSDT,development,4719,11,0.36363636363636365,0.4186069956216254,1.6578109931196965,-4.0000000000000036
ETHUSDT,development,4719,15,0.4,0.5579350006680031,1.9298916677800046,-3.9999999999999982
BTCUSDT,development,4720,11,0.36363636363636365,0.41983094771383234,1.659734346407451,-3.999999999999997
ETHUSDT,development,4720,15,0.4,0.5593480710641606,1.932246785106935,-3.9999999999999973
BTCUSDT,development,4721,11,0.36363636363636365,0.42166249995917227,1.662612499935842,-4.000000000000001
ETHUSDT,development,4721,15,0.4,0.5614791096235889,1.9357985160393152,-3.9999999999999982
BTCUSDT,development,4722,7,0.42857142857142855,0.6717397508185654,2.1755445639324873,-2.000000000000002
ETHUSDT,development,4722,8,0.5,0.9580196625458167,2.916039325091634,-2.999999999999999
BTCUSDT,development,4723,7,0.42857142857142855,0.6733012826616773,2.1782772446579353,-1.999999999999997
ETHUSDT,development,4723,8,0.5,0.9591232872033758,2.9182465744067536,-2.9999999999999964
BTCUSDT,development,4724,7,0.42857142857142855,0.6756164397855352,2.182328769624687,-1.9999999999999978
ETHUSDT,development,4724,8,0.5,0.9608240353659131,2.9216480707318273,-2.9999999999999973
BTCUSDT,development,4725,2,0.5,0.9065068945265731,2.813013789053147,0.0
ETHUSDT,development,4725,7,0.5714285714285714,1.237736757195219,3.888052433455513,-2.9999999999999982
BTCUSDT,development,4726,2,0.5,0.9111724759124522,2.822344951824905,0.0
ETHUSDT,development,4726,7,0.5714285714285714,1.2389980425181437,3.890995432542338,-2.9999999999999964
BTCUSDT,development,4727,2,0.5,0.917993117607001,2.835986235214002,0.0
ETHUSDT,development,4727,7,0.5714285714285714,1.2409417547039008,3.8955307609757703,-2.9999999999999982
BTCUSDT,development,4728,11,0.2727272727272727,0.05457372031075985,1.0750388654272947,-4.0000000000000036
ETHUSDT,development,4728,10,0.4,0.5684353542540973,1.9473922570901632,-3.077299450023591
BTCUSDT,development,4729,11,0.2727272727272727,0.05612213561203328,1.0771679364665459,-3.999999999999997
ETHUSDT,development,4729,10,0.4,0.5691795597021146,1.948632599503525,-3.0757219739600377
BTCUSDT,development,4730,11,0.2727272727272727,0.05841038997439588,1.0803142862147943,-4.000000000000001
ETHUSDT,development,4730,10,0.4,0.5703384806401468,1.9505641344002453,-3.073231216874248
BTCUSDT,development,4731,8,0.25,-0.029664346686208987,0.9604475377517214,-5.000000000000004
ETHUSDT,development,4731,8,0.375,0.4752635198913159,1.7604216318261061,-2.999999999999998
BTCUSDT,development,4732,8,0.25,-0.028416972801721896,0.9621107029310375,-4.999999999999997
ETHUSDT,development,4732,8,0.375,0.47573016508818855,1.7611682641411024,-2.9999999999999982
BTCUSDT,development,4733,8,0.25,-0.026581383534415526,0.9645581552874459,-5.000000000000001
ETHUSDT,development,4733,8,0.375,0.47646779232854064,1.7623484677256653,-2.9999999999999964
BTCUSDT,development,4734,5,0.4,0.5525370453020658,1.9208950755034422,-2.0000000000000018
ETHUSDT,development,4734,6,0.5,0.9670180265217542,2.9340360530435103,-1.9999999999999973
BTCUSDT,development,4735,5,0.4,0.5545328435172447,1.9242214058620752,-1.9999999999999971
ETHUSDT,development,4735,6,0.5,0.9676402201175841,2.93528044023517,-1.9999999999999991
BTCUSDT,development,4736,5,0.4,0.5574697863449355,1.929116310574893,-1.9999999999999982
ETHUSDT,development,4736,6,0.5,0.9686237231047207,2.937247446209443,-1.9999999999999973
BTCUSDT,development,4737,1,1.0,2.8130137890531457,inf,0.0
ETHUSDT,development,4737,5,0.6,1.360421631826105,4.401054079565267,-1.9999999999999973
BTCUSDT,development,4738,1,1.0,2.8223449518249044,inf,0.0
ETHUSDT,development,4738,5,0.6,1.361168264141101,4.402920660352755,-1.9999999999999991
BTCUSDT,development,4739,1,1.0,2.8359862352140017,inf,0.0
ETHUSDT,development,4739,5,0.6,1.3623484677256648,4.405871169314167,-1.9999999999999973
BTCUSDT,development,4740,9,0.3333333333333333,0.2889234359353731,1.4333851539030595,-4.0000000000000036
ETHUSDT,development,4740,10,0.3,0.17226654928969629,1.246095070413852,-2.9999999999999973
BTCUSDT,development,4741,9,0.3333333333333333,0.2908159435258184,1.436223915288728,-3.999999999999997
ETHUSDT,development,4741,10,0.3,0.17297444567193132,1.2471063509599016,-2.9999999999999982
BTCUSDT,development,4742,9,0.3333333333333333,0.2936126988575949,1.440419048286392,-4.000000000000001
ETHUSDT,development,4742,10,0.3,0.17407435709179636,1.2486776529882806,-2.9999999999999964
BTCUSDT,development,4743,6,0.3333333333333333,0.2937808710850547,1.4406713066275816,-3.0000000000000018
ETHUSDT,development,4743,7,0.2857142857142857,0.12006001564093084,1.1680840218973032,-2.9999999999999973
BTCUSDT,development,4744,6,0.3333333333333333,0.2954440362643708,1.4431660543965565,-2.999999999999996
ETHUSDT,development,4744,7,0.2857142857142857,0.12054145434338215,1.168758036080735,-2.9999999999999982
BTCUSDT,development,4745,6,0.3333333333333333,0.29789148862077913,1.4468372329311687,-2.999999999999999
ETHUSDT,development,4745,7,0.2857142857142857,0.12130015759211703,1.1698202206289638,-2.9999999999999964
BTCUSDT,development,4746,4,0.5,0.9406713066275824,2.8813426132551627,-1.0000000000000002
ETHUSDT,development,4746,4,0.5,0.9601050273716286,2.9202100547432597,-1.9999999999999978
BTCUSDT,development,4747,4,0.5,0.9431660543965562,2.8863321087931153,-0.999999999999996
ETHUSDT,development,4747,4,0.5,0.9609475451009188,2.921895090201839,-1.9999999999999991
BTCUSDT,development,4748,4,0.5,0.9468372329311695,2.893674465862341,-0.9999999999999962
ETHUSDT,development,4748,4,0.5,0.9622752757862045,2.924550551572412,-1.9999999999999973
BTCUSDT,development,4749,1,1.0,2.8130137890531457,inf,0.0
ETHUSDT,development,4749,4,0.5,0.9601050273716286,2.9202100547432597,-1.9999999999999978
BTCUSDT,development,4750,1,1.0,2.8223449518249044,inf,0.0
ETHUSDT,development,4750,4,0.5,0.9609475451009188,2.921895090201839,-1.9999999999999991
BTCUSDT,development,4751,1,1.0,2.8359862352140017,inf,0.0
ETHUSDT,development,4751,4,0.5,0.9622752757862045,2.924550551572412,-1.9999999999999973
BTCUSDT,development,4752,47,0.2765957446808511,0.06173925308305188,1.085345438085395,-8.337429516214355
ETHUSDT,development,4752,48,0.25,-0.028563356252033333,0.9619155249972887,-10.437258155356865
BTCUSDT,development,4753,47,0.2765957446808511,0.06404890910149921,1.0885381978756017,-8.322039161220923
ETHUSDT,development,4753,48,0.25,-0.027604689771878483,0.9631937469708285,-10.42371761416587
BTCUSDT,development,4754,47,0.2765957446808511,0.06735309648037846,1.0931057510169937,-8.299315609450453
ETHUSDT,development,4754,47,0.2765957446808511,0.07827156163910662,1.1081989234422944,-10.000000000000004
BTCUSDT,development,4755,17,0.29411764705882354,0.13674724989727333,1.1937252706878039,-5.0000000000000036
ETHUSDT,development,4755,26,0.3076923076923077,0.19834982997169812,1.2865053099591197,-5.999999999999995
BTCUSDT,development,4756,17,0.29411764705882354,0.13875054057516412,1.1965632658148158,-4.9999999999999964
ETHUSDT,development,4756,26,0.3076923076923077,0.19939892000839876,1.2880206622343542,-5.999999999999994
BTCUSDT,development,4757,17,0.29411764705882354,0.14160179702325623,1.2006025457829463,-5.000000000000002
ETHUSDT,development,4757,26,0.3076923076923077,0.20099020641695067,1.2903191870467068,-5.999999999999992
BTCUSDT,development,4758,10,0.4,0.5422204552145726,1.9037007586909538,-3.0000000000000027
ETHUSDT,development,4758,13,0.38461538461538464,0.4989113038986738,1.8107308688353454,-3.999999999999999
BTCUSDT,development,4759,10,0.4,0.5453727743557372,1.9089546239262287,-2.9999999999999973
ETHUSDT,development,4759,13,0.38461538461538464,0.5002438248645183,1.812896215404843,-3.9999999999999982
BTCUSDT,development,4760,10,0.4,0.5498258128343206,1.9163763547238686,-2.9999999999999987
ETHUSDT,development,4760,13,0.38461538461538464,0.5022512342013454,1.8161582555771867,-4.000000000000001
BTCUSDT,development,4761,2,0.5,0.9065068945265731,2.813013789053147,0.0
ETHUSDT,development,4761,10,0.4,0.5664157300366536,1.9440262167277564,-2.9999999999999982
BTCUSDT,development,4762,2,0.5,0.9111724759124522,2.822344951824905,0.0
ETHUSDT,development,4762,10,0.4,0.5672986297627005,1.9454977162711682,-2.9999999999999973
BTCUSDT,development,4763,2,0.5,0.917993117607001,2.835986235214002,0.0
ETHUSDT,development,4763,10,0.4,0.5686592282927305,1.947765380487885,-2.9999999999999982
BTCUSDT,development,4764,24,0.25,-0.04368729199379492,0.9417502773416068,-7.2373147734896595
ETHUSDT,development,4764,27,0.2222222222222222,-0.13412777727774727,0.8275500006428962,-14.077299450023595
BTCUSDT,development,4765,24,0.25,-0.04128416060200261,0.9449544525306632,-7.2273357824137765
ETHUSDT,development,4765,27,0.2222222222222222,-0.133402358892717,0.8284826814236496,-14.07572197396004
BTCUSDT,development,4766,24,0.25,-0.03786875663211916,0.9495083244905077,-7.212651068275321
ETHUSDT,development,4766,27,0.2222222222222222,-0.13229761762397102,0.8299030630548945,-14.073231216874252
BTCUSDT,development,4767,9,0.2222222222222222,-0.1374794192766301,0.8232407466443328,-5.000000000000004
ETHUSDT,development,4767,14,0.21428571428571427,-0.15699227434781923,0.8001916508300481,-7.07729945002359
BTCUSDT,development,4768,9,0.2222222222222222,-0.13637064249041944,0.824666316798032,-4.999999999999997
ETHUSDT,development,4768,14,0.21428571428571427,-0.15672561994960657,0.8005310291550461,-7.075721973960036
BTCUSDT,development,4769,9,0.2222222222222222,-0.1347390075861471,0.8267641331035251,-5.000000000000001
ETHUSDT,development,4769,14,0.21428571428571427,-0.15630411866940533,0.8010674853298476,-7.0732312168742455
BTCUSDT,development,4770,5,0.4,0.5525370453020658,1.9208950755034422,-2.0000000000000018
ETHUSDT,development,4770,8,0.375,0.47526351989131577,1.7604216318261054,-2.999999999999999
BTCUSDT,development,4771,5,0.4,0.5545328435172447,1.9242214058620752,-1.9999999999999971
ETHUSDT,development,4771,8,0.375,0.4757301650881882,1.7611682641411015,-2.9999999999999996
BTCUSDT,development,4772,5,0.4,0.5574697863449355,1.929116310574893,-1.9999999999999982
ETHUSDT,development,4772,8,0.375,0.47646779232854053,1.7623484677256651,-3.0
BTCUSDT,development,4773,1,1.0,2.8130137890531457,inf,0.0
ETHUSDT,development,4773,6,0.5,0.9670180265217545,2.934036053043511,-1.9999999999999973
BTCUSDT,development,4774,1,1.0,2.8223449518249044,inf,0.0
ETHUSDT,development,4774,6,0.5,0.9676402201175839,2.9352804402351684,-1.9999999999999991
BTCUSDT,development,4775,1,1.0,2.8359862352140017,inf,0.0
ETHUSDT,development,4775,6,0.5,0.9686237231047209,2.937247446209444,-1.9999999999999973
BTCUSDT,development,4776,22,0.3181818181818182,0.21540105119827171,1.3159215417574652,-7.23731477348966
ETHUSDT,development,4776,25,0.24,-0.06736271124060356,0.9113648536307848,-8.077299450023597
BTCUSDT,development,4777,22,0.3181818181818182,0.21856941267993218,1.3205684719305675,-7.227335782413777
ETHUSDT,development,4777,25,0.24,-0.06648512023655279,0.9125195786361147,-8.075721973960043
BTCUSDT,development,4778,22,0.3181818181818182,0.22308098128153062,1.3271854392129114,-7.212651068275321
ETHUSDT,development,4778,25,0.24,-0.06514693947360962,0.9142803427978822,-8.073231216874252
BTCUSDT,development,4779,7,0.2857142857142857,0.10895503235861845,1.1525370453020658,-3.0000000000000018
ETHUSDT,development,4779,13,0.23076923076923078,-0.09567857755737037,0.8756178491754183,-4.07729945002359
BTCUSDT,development,4780,7,0.2857142857142857,0.11038060251231786,1.154532843517245,-2.999999999999996
ETHUSDT,development,4780,13,0.23076923076923078,-0.09527465103588394,0.8761429536533508,-4.075721973960036
BTCUSDT,development,4781,7,0.2857142857142857,0.11247841881781073,1.157469786344935,-2.999999999999999
ETHUSDT,development,4781,13,0.23076923076923078,-0.09463881148179326,0.8769695450736686,-4.073231216874243
BTCUSDT,development,4782,4,0.5,0.9406713066275824,2.8813426132551627,-1.0000000000000002
ETHUSDT,development,4782,7,0.2857142857142857,0.12006001564093091,1.1680840218973032,-2.0
BTCUSDT,development,4783,4,0.5,0.9431660543965562,2.8863321087931153,-0.999999999999996
ETHUSDT,development,4783,7,0.2857142857142857,0.12054145434338222,1.168758036080735,-2.0000000000000004
BTCUSDT,development,4784,4,0.5,0.9468372329311695,2.893674465862341,-0.9999999999999962
ETHUSDT,development,4784,7,0.2857142857142857,0.1213001575921171,1.169820220628964,-2.0
BTCUSDT,development,4785,1,1.0,2.8130137890531457,inf,0.0
ETHUSDT,development,4785,6,0.3333333333333333,0.30673668491441947,1.4601050273716296,-1.9999999999999978
BTCUSDT,development,4786,1,1.0,2.8223449518249044,inf,0.0
ETHUSDT,development,4786,6,0.3333333333333333,0.30729836340061256,1.4609475451009188,-1.9999999999999991
BTCUSDT,development,4787,1,1.0,2.8359862352140017,inf,0.0
ETHUSDT,development,4787,6,0.3333333333333333,0.30818351719080334,1.4622752757862054,-1.9999999999999973
BTCUSDT,development,4788,33,0.2727272727272727,0.04874085383546877,1.0670186740237695,-6.0000000000000036
ETHUSDT,development,4788,34,0.23529411764705882,-0.08362440366141698,0.8906450105966085,-11.316180053659487
BTCUSDT,development,4789,33,0.2727272727272727,0.05096224377882258,1.070073085195881,-6.0000000000000036
ETHUSDT,development,4789,34,0.23529411764705882,-0.082830153082304,0.891683645969295,-11.306790172547165
BTCUSDT,development,4790,33,0.2727272727272727,0.05410834184153798,1.0743989700321148,-6.000000000000002
ETHUSDT,development,4790,34,0.2647058823529412,0.03408262209284575,1.0463523660462701,-11.29237784808479
BTCUSDT,development,4791,15,0.26666666666666666,0.04031179678919198,1.0549706319852619,-5.0000000000000036
ETHUSDT,development,4791,18,0.3888888888888889,0.5161785010689414,1.8446557290219043,-4.999999999999998
BTCUSDT,development,4792,15,0.26666666666666666,0.041209361656810654,1.056194584077469,-4.9999999999999964
ETHUSDT,development,4792,18,0.3888888888888889,0.5174262805846939,1.8466975500476814,-4.999999999999994
BTCUSDT,development,4793,15,0.26666666666666666,0.04255249997005988,1.058026136322809,-5.000000000000002
ETHUSDT,development,4793,18,0.3888888888888889,0.51931914507298,1.8497949646648761,-4.999999999999995
BTCUSDT,development,4794,9,0.3333333333333333,0.3002420284144399,1.4503630426216594,-3.0000000000000027
ETHUSDT,development,4794,9,0.5555555555555556,1.1650941056314175,3.621461737670691,-2.999999999999999
BTCUSDT,development,4795,9,0.3333333333333333,0.3014565531813047,1.452184829771957,-2.9999999999999973
ETHUSDT,development,4795,9,0.5555555555555556,1.1670188581376375,3.625792430809687,-2.9999999999999964
BTCUSDT,development,4796,9,0.3333333333333333,0.30325723094430557,1.4548858464164587,-2.9999999999999987
ETHUSDT,development,4796,9,0.5555555555555556,1.1699184494019432,3.6323165111543743,-2.9999999999999973
BTCUSDT,development,4797,2,0.5,0.9065068945265731,2.813013789053147,0.0
ETHUSDT,development,4797,7,0.5714285714285714,1.237736757195219,3.888052433455513,-2.9999999999999982
BTCUSDT,development,4798,2,0.5,0.9111724759124522,2.822344951824905,0.0
ETHUSDT,development,4798,7,0.5714285714285714,1.2389980425181437,3.890995432542338,-2.9999999999999964
BTCUSDT,development,4799,2,0.5,0.917993117607001,2.835986235214002,0.0
ETHUSDT,development,4799,7,0.5714285714285714,1.2409417547039008,3.8955307609757703,-2.9999999999999982
BTCUSDT,development,4800,17,0.23529411764705882,-0.09118425775583187,0.880759047550066,-3.0
ETHUSDT,development,4800,22,0.18181818181818182,-0.2870748389754105,0.6491307523633874,-14.077299450023592
BTCUSDT,development,4801,17,0.23529411764705882,-0.08982591890079175,0.8825353368220414,-2.9999999999999996
ETHUSDT,development,4801,22,0.18181818181818182,-0.28673656377176626,0.649544199834508,-14.07572197396004
BTCUSDT,development,4802,17,0.23529411764705882,-0.08781103264388761,0.8851701880810701,-2.999999999999998
ETHUSDT,development,4802,22,0.18181818181818182,-0.2862097815272063,0.6501880448000814,-14.073231216874252
BTCUSDT,development,4803,9,0.2222222222222222,-0.1374794192766301,0.8232407466443328,-5.000000000000004
ETHUSDT,development,4803,10,0.3,0.18021081591305266,1.2574440227329327,-4.07729945002359
BTCUSDT,development,4804,9,0.2222222222222222,-0.13637064249041944,0.824666316798032,-4.999999999999997
ETHUSDT,development,4804,10,0.3,0.1805841320705508,1.2579773315293585,-4.075721973960036
BTCUSDT,development,4805,9,0.2222222222222222,-0.1347390075861471,0.8267641331035251,-5.000000000000001
ETHUSDT,development,4805,10,0.3,0.1811742338628326,1.2588203340897608,-4.073231216874245
BTCUSDT,development,4806,5,0.4,0.5525370453020658,1.9208950755034422,-2.0000000000000018
ETHUSDT,development,4806,6,0.5,0.9670180265217542,2.9340360530435103,-1.9999999999999973
BTCUSDT,development,4807,5,0.4,0.5545328435172447,1.9242214058620752,-1.9999999999999971
ETHUSDT,development,4807,6,0.5,0.9676402201175841,2.93528044023517,-1.9999999999999991
BTCUSDT,development,4808,5,0.4,0.5574697863449355,1.929116310574893,-1.9999999999999982
ETHUSDT,development,4808,6,0.5,0.9686237231047207,2.937247446209443,-1.9999999999999973
BTCUSDT,development,4809,1,1.0,2.8130137890531457,inf,0.0
ETHUSDT,development,4809,5,0.6,1.360421631826105,4.401054079565267,-1.9999999999999973
BTCUSDT,development,4810,1,1.0,2.8223449518249044,inf,0.0
ETHUSDT,development,4810,5,0.6,1.361168264141101,4.402920660352755,-1.9999999999999991
BTCUSDT,development,4811,1,1.0,2.8359862352140017,inf,0.0
ETHUSDT,development,4811,5,0.6,1.3623484677256648,4.405871169314167,-1.9999999999999973
BTCUSDT,development,4812,15,0.3333333333333333,0.2824790501575941,1.4237185752363908,-3.0
ETHUSDT,development,4812,18,0.2222222222222222,-0.13212579177638584,0.8301239820017896,-6.178229194895499
BTCUSDT,development,4813,15,0.3333333333333333,0.28482042080620734,1.427230631209311,-3.0
ETHUSDT,development,4813,18,0.2222222222222222,-0.1315815954882954,0.8308236629436203,-6.173935149468669
BTCUSDT,development,4814,15,0.3333333333333333,0.2882562794945629,1.4323844192418445,-2.9999999999999973
ETHUSDT,development,4814,18,0.2222222222222222,-0.1307362780328646,0.831910499672031,-6.1672277923837715
BTCUSDT,development,4815,7,0.2857142857142857,0.10895503235861845,1.1525370453020658,-3.0000000000000018
ETHUSDT,development,4815,9,0.3333333333333333,0.3062420546393534,1.4593630819590306,-3.9999999999999973
BTCUSDT,development,4816,7,0.2857142857142857,0.11038060251231786,1.154532843517245,-2.999999999999996
ETHUSDT,development,4816,9,0.3333333333333333,0.3068255040592787,1.4602382560889182,-3.9999999999999964
BTCUSDT,development,4817,7,0.2857142857142857,0.11247841881781073,1.157469786344935,-2.999999999999999
ETHUSDT,development,4817,9,0.3333333333333333,0.30774393897074287,1.4616159084561147,-3.9999999999999947
BTCUSDT,development,4818,4,0.5,0.9406713066275824,2.8813426132551627,-1.0000000000000002
ETHUSDT,development,4818,4,0.5,0.9601050273716286,2.9202100547432597,-1.9999999999999978
BTCUSDT,development,4819,4,0.5,0.9431660543965562,2.8863321087931153,-0.999999999999996
ETHUSDT,development,4819,4,0.5,0.9609475451009188,2.921895090201839,-1.9999999999999991
BTCUSDT,development,4820,4,0.5,0.9468372329311695,2.893674465862341,-0.9999999999999962
ETHUSDT,development,4820,4,0.5,0.9622752757862045,2.924550551572412,-1.9999999999999973
BTCUSDT,development,4821,1,1.0,2.8130137890531457,inf,0.0
ETHUSDT,development,4821,4,0.5,0.9601050273716286,2.9202100547432597,-1.9999999999999978
BTCUSDT,development,4822,1,1.0,2.8223449518249044,inf,0.0
ETHUSDT,development,4822,4,0.5,0.9609475451009188,2.921895090201839,-1.9999999999999991
BTCUSDT,development,4823,1,1.0,2.8359862352140017,inf,0.0
ETHUSDT,development,4823,4,0.5,0.9622752757862045,2.924550551572412,-1.9999999999999973
BTCUSDT,development,4824,16,0.3125,0.21514391554661957,1.3129366044314463,-4.0000000000000036
ETHUSDT,development,4824,20,0.35,0.36256351967152456,1.5577900302638836,-3.9999999999999982
BTCUSDT,development,4825,16,0.3125,0.2164262311873936,1.3148017908180272,-3.999999999999997
ETHUSDT,development,4825,20,0.35,0.3638087671139024,1.5597057955598497,-3.9999999999999964
BTCUSDT,development,4826,16,0.3125,0.2183408035965361,1.3175866234131435,-4.000000000000001
ETHUSDT,development,4826,20,0.4,0.562392105364917,1.9373201756081952,-3.9999999999999982
BTCUSDT,development,4827,11,0.36363636363636365,0.4186069956216254,1.6578109931196965,-4.0000000000000036
ETHUSDT,development,4827,15,0.4,0.5579350006680031,1.9298916677800046,-3.9999999999999982
BTCUSDT,development,4828,11,0.36363636363636365,0.41983094771383234,1.659734346407451,-3.999999999999997
ETHUSDT,development,4828,15,0.4,0.5593480710641606,1.932246785106935,-3.9999999999999973
BTCUSDT,development,4829,11,0.36363636363636365,0.42166249995917227,1.662612499935842,-4.000000000000001
ETHUSDT,development,4829,15,0.4,0.5614791096235889,1.9357985160393152,-3.9999999999999982
BTCUSDT,development,4830,7,0.42857142857142855,0.6717397508185654,2.1755445639324873,-2.000000000000002
ETHUSDT,development,4830,8,0.5,0.9580196625458167,2.916039325091634,-2.999999999999999
BTCUSDT,development,4831,7,0.42857142857142855,0.6733012826616773,2.1782772446579353,-1.999999999999997
ETHUSDT,development,4831,8,0.5,0.9591232872033758,2.9182465744067536,-2.9999999999999964
BTCUSDT,development,4832,7,0.42857142857142855,0.6756164397855352,2.182328769624687,-1.9999999999999978
ETHUSDT,development,4832,8,0.5,0.9608240353659131,2.9216480707318273,-2.9999999999999973
BTCUSDT,development,4833,2,0.5,0.9065068945265731,2.813013789053147,0.0
ETHUSDT,development,4833,7,0.5714285714285714,1.237736757195219,3.888052433455513,-2.9999999999999982
BTCUSDT,development,4834,2,0.5,0.9111724759124522,2.822344951824905,0.0
ETHUSDT,development,4834,7,0.5714285714285714,1.2389980425181437,3.890995432542338,-2.9999999999999964
BTCUSDT,development,4835,2,0.5,0.917993117607001,2.835986235214002,0.0
ETHUSDT,development,4835,7,0.5714285714285714,1.2409417547039008,3.8955307609757703,-2.9999999999999982
BTCUSDT,development,4836,11,0.2727272727272727,0.05457372031075985,1.0750388654272947,-4.0000000000000036
ETHUSDT,development,4836,10,0.4,0.5684353542540973,1.9473922570901632,-3.077299450023591
BTCUSDT,development,4837,11,0.2727272727272727,0.05612213561203328,1.0771679364665459,-3.999999999999997
ETHUSDT,development,4837,10,0.4,0.5691795597021146,1.948632599503525,-3.0757219739600377
BTCUSDT,development,4838,11,0.2727272727272727,0.05841038997439588,1.0803142862147943,-4.000000000000001
ETHUSDT,development,4838,10,0.4,0.5703384806401468,1.9505641344002453,-3.073231216874248
BTCUSDT,development,4839,8,0.25,-0.029664346686208987,0.9604475377517214,-5.000000000000004
ETHUSDT,development,4839,8,0.375,0.4752635198913159,1.7604216318261061,-2.999999999999998
BTCUSDT,development,4840,8,0.25,-0.028416972801721896,0.9621107029310375,-4.999999999999997
ETHUSDT,development,4840,8,0.375,0.47573016508818855,1.7611682641411024,-2.9999999999999982
BTCUSDT,development,4841,8,0.25,-0.026581383534415526,0.9645581552874459,-5.000000000000001
ETHUSDT,development,4841,8,0.375,0.47646779232854064,1.7623484677256653,-2.9999999999999964
BTCUSDT,development,4842,5,0.4,0.5525370453020658,1.9208950755034422,-2.0000000000000018
ETHUSDT,development,4842,6,0.5,0.9670180265217542,2.9340360530435103,-1.9999999999999973
BTCUSDT,development,4843,5,0.4,0.5545328435172447,1.9242214058620752,-1.9999999999999971
ETHUSDT,development,4843,6,0.5,0.9676402201175841,2.93528044023517,-1.9999999999999991
BTCUSDT,development,4844,5,0.4,0.5574697863449355,1.929116310574893,-1.9999999999999982
ETHUSDT,development,4844,6,0.5,0.9686237231047207,2.937247446209443,-1.9999999999999973
BTCUSDT,development,4845,1,1.0,2.8130137890531457,inf,0.0
ETHUSDT,development,4845,5,0.6,1.360421631826105,4.401054079565267,-1.9999999999999973
BTCUSDT,development,4846,1,1.0,2.8223449518249044,inf,0.0
ETHUSDT,development,4846,5,0.6,1.361168264141101,4.402920660352755,-1.9999999999999991
BTCUSDT,development,4847,1,1.0,2.8359862352140017,inf,0.0
ETHUSDT,development,4847,5,0.6,1.3623484677256648,4.405871169314167,-1.9999999999999973
BTCUSDT,development,4848,9,0.3333333333333333,0.2889234359353731,1.4333851539030595,-4.0000000000000036
ETHUSDT,development,4848,10,0.3,0.17226654928969629,1.246095070413852,-2.9999999999999973
BTCUSDT,development,4849,9,0.3333333333333333,0.2908159435258184,1.436223915288728,-3.999999999999997
ETHUSDT,development,4849,10,0.3,0.17297444567193132,1.2471063509599016,-2.9999999999999982
BTCUSDT,development,4850,9,0.3333333333333333,0.2936126988575949,1.440419048286392,-4.000000000000001
ETHUSDT,development,4850,10,0.3,0.17407435709179636,1.2486776529882806,-2.9999999999999964
BTCUSDT,development,4851,6,0.3333333333333333,0.2937808710850547,1.4406713066275816,-3.0000000000000018
ETHUSDT,development,4851,7,0.2857142857142857,0.12006001564093084,1.1680840218973032,-2.9999999999999973
BTCUSDT,development,4852,6,0.3333333333333333,0.2954440362643708,1.4431660543965565,-2.999999999999996
ETHUSDT,development,4852,7,0.2857142857142857,0.12054145434338215,1.168758036080735,-2.9999999999999982
BTCUSDT,development,4853,6,0.3333333333333333,0.29789148862077913,1.4468372329311687,-2.999999999999999
ETHUSDT,development,4853,7,0.2857142857142857,0.12130015759211703,1.1698202206289638,-2.9999999999999964
BTCUSDT,development,4854,4,0.5,0.9406713066275824,2.8813426132551627,-1.0000000000000002
ETHUSDT,development,4854,4,0.5,0.9601050273716286,2.9202100547432597,-1.9999999999999978
BTCUSDT,development,4855,4,0.5,0.9431660543965562,2.8863321087931153,-0.999999999999996
ETHUSDT,development,4855,4,0.5,0.9609475451009188,2.921895090201839,-1.9999999999999991
BTCUSDT,development,4856,4,0.5,0.9468372329311695,2.893674465862341,-0.9999999999999962
ETHUSDT,development,4856,4,0.5,0.9622752757862045,2.924550551572412,-1.9999999999999973
BTCUSDT,development,4857,1,1.0,2.8130137890531457,inf,0.0
ETHUSDT,development,4857,4,0.5,0.9601050273716286,2.9202100547432597,-1.9999999999999978
BTCUSDT,development,4858,1,1.0,2.8223449518249044,inf,0.0
ETHUSDT,development,4858,4,0.5,0.9609475451009188,2.921895090201839,-1.9999999999999991
BTCUSDT,development,4859,1,1.0,2.8359862352140017,inf,0.0
ETHUSDT,development,4859,4,0.5,0.9622752757862045,2.924550551572412,-1.9999999999999973
BTCUSDT,development,4860,45,0.28888888888888886,0.11072433298956547,1.1557060932665764,-4.3044108578354
ETHUSDT,development,4860,44,0.29545454545454547,0.14892939406638375,1.2113836560942222,-10.000000000000002
BTCUSDT,development,4861,44,0.29545454545454547,0.13857907013978013,1.1966928737467846,-4.072939927491598
ETHUSDT,development,4861,44,0.29545454545454547,0.15001463819200975,1.2129240025951107,-9.999999999999998
BTCUSDT,development,4862,44,0.29545454545454547,0.14219809033456887,1.201829547571646,-4.070632331673901
ETHUSDT,development,4862,44,0.3181818181818182,0.24106822522531893,1.3535667303304675,-10.000000000000004
BTCUSDT,development,4863,22,0.3181818181818182,0.24198163718402999,1.3549064012032441,-4.000000000000004
ETHUSDT,development,4863,24,0.3333333333333333,0.29567029922570837,1.4435054488385624,-5.000000000000001
BTCUSDT,development,4864,22,0.3181818181818182,0.24287155651043266,1.3562116162153013,-4.000000000000002
ETHUSDT,development,4864,24,0.3333333333333333,0.29699748833396483,1.4454962325009475,-5.0
BTCUSDT,development,4865,22,0.3181818181818182,0.24423534758223636,1.3582118431206134,-4.000000000000005
ETHUSDT,development,4865,24,0.3333333333333333,0.2989906940286646,1.448486041042997,-5.0000000000000036
BTCUSDT,development,4866,9,0.4444444444444444,0.7353329344901253,2.323599282082225,-2.000000000000003
ETHUSDT,development,4866,10,0.3,0.16589283914591046,1.2369897702084436,-2.0
BTCUSDT,development,4867,9,0.4444444444444444,0.7366186403639579,2.3259135526551242,-2.0000000000000013
ETHUSDT,development,4867,10,0.3,0.16710949590666316,1.238727851295233,-1.9999999999999991
BTCUSDT,development,4868,9,0.4444444444444444,0.7385760505623693,2.3294368910122647,-2.0000000000000027
ETHUSDT,development,4868,10,0.3,0.16893134629660117,1.2413304947094304,-2.000000000000001
BTCUSDT,development,4869,4,0.5,0.9399514962103837,2.8799029924207673,-1.0000000000000004
ETHUSDT,development,4869,6,0.3333333333333333,0.30673668491441924,1.4601050273716292,-1.9999999999999978
BTCUSDT,development,4870,4,0.5,0.9424662832809593,2.8849325665619183,-1.0000000000000004
ETHUSDT,development,4870,6,0.3333333333333333,0.3072983634006128,1.4609475451009195,-1.9999999999999991
BTCUSDT,development,4871,4,0.5,0.9461691112180568,2.8923382224361127,-1.000000000000001
ETHUSDT,development,4871,6,0.3333333333333333,0.30818351719080317,1.4622752757862052,-1.9999999999999973
BTCUSDT,development,4872,23,0.30434782608695654,0.17189958191267485,1.24710564899947,-4.374913481789214
ETHUSDT,development,4872,26,0.2692307692307692,0.05201749764369145,1.071181838880841,-9.126649312010073
BTCUSDT,development,4873,22,0.3181818181818182,0.22790984078349227,1.3342677664824552,-4.338729850514521
ETHUSDT,development,4873,26,0.2692307692307692,0.05267147408023232,1.0720767540045284,-9.124450207170625
BTCUSDT,development,4874,22,0.3181818181818182,0.23168643112567278,1.3398067656509869,-4.291793859757071
ETHUSDT,development,4874,26,0.2692307692307692,0.053684770802866794,1.073463370572344,-9.120957487697778
BTCUSDT,development,4875,14,0.2857142857142857,0.1147406186405325,1.1606368660967454,-3.0000000000000036
ETHUSDT,development,4875,13,0.23076923076923078,-0.09299459634615084,0.8791070247500039,-5.07729945002359
BTCUSDT,development,4876,14,0.2857142857142857,0.11561934210342573,1.161867078944796,-3.000000000000001
ETHUSDT,development,4876,13,0.23076923076923078,-0.09268754252360803,0.8795061947193096,-5.075721973960036
BTCUSDT,development,4877,14,0.2857142857142857,0.11695449207540144,1.163736288905562,-3.0000000000000044
ETHUSDT,development,4877,13,0.23076923076923078,-0.0922019359752854,0.880137483232129,-5.073231216874248
BTCUSDT,development,4878,4,0.75,1.9322173606524142,8.728869442609641,0.0
ETHUSDT,development,4878,7,0.2857142857142857,0.12006001564093065,1.1680840218973028,-2.0
BTCUSDT,development,4879,4,0.75,1.93428895705572,8.737155828222875,0.0
ETHUSDT,development,4879,7,0.2857142857142857,0.12054145434338252,1.1687580360807357,-1.9999999999999991
BTCUSDT,development,4880,4,0.75,1.937427446671499,8.749709786685981,0.0
ETHUSDT,development,4880,7,0.2857142857142857,0.12130015759211672,1.1698202206289634,-2.000000000000001
BTCUSDT,development,4881,2,1.0,2.8799029924207673,inf,0.0
ETHUSDT,development,4881,5,0.4,0.5680840218973029,1.9468067031621719,-1.9999999999999978
BTCUSDT,development,4882,2,1.0,2.8849325665619188,inf,0.0
ETHUSDT,development,4882,5,0.4,0.5687580360807353,1.9479300601345593,-1.9999999999999991
BTCUSDT,development,4883,2,1.0,2.892338222436114,inf,0.0
ETHUSDT,development,4883,5,0.4,0.5698202206289634,1.9497003677149403,-1.9999999999999973
BTCUSDT,development,4884,21,0.3333333333333333,0.28406276825881893,1.4260941523882287,-3.9999999999999982
ETHUSDT,development,4884,25,0.28,0.09504362326518923,1.1320050323127628,-5.077299450023593
BTCUSDT,development,4885,20,0.35,0.3512456735532242,1.5403779593126525,-3.999999999999999
ETHUSDT,development,4885,25,0.28,0.0956663056300377,1.1328698689306076,-5.075721973960037
BTCUSDT,development,4886,20,0.35,0.3553461525385251,1.546686388520808,-3.999999999999999
ETHUSDT,development,4886,25,0.28,0.09663525671421638,1.1342156343253005,-5.073231216874249
BTCUSDT,development,4887,13,0.3076923076923077,0.20138433926239457,1.2908884900456812,-2.9999999999999982
ETHUSDT,development,4887,14,0.2857142857142857,0.12191633069769307,1.1706828629767705,-3.000000000000001
BTCUSDT,development,4888,13,0.3076923076923077,0.20227444332889366,1.2921741959195132,-3.0
ETHUSDT,development,4888,14,0.2857142857142857,0.12233580738020892,1.1712701303322925,-3.000000000000001
BTCUSDT,development,4889,13,0.3076923076923077,0.20362957346625546,1.2941316061179244,-2.9999999999999987
ETHUSDT,development,4889,14,0.2857142857142857,0.12299779856522555,1.1721969179913156,-3.0
BTCUSDT,development,4890,5,0.8,2.1235992820822256,11.617996410411106,0.0
ETHUSDT,development,4890,8,0.25,-0.01994748631418572,0.9734033515810857,-1.9999999999999993
BTCUSDT,development,4891,5,0.8,2.125913552655124,11.62956776327561,0.0
ETHUSDT,development,4891,8,0.25,-0.01952622744954055,0.9739650300672792,-1.999999999999999
BTCUSDT,development,4892,5,0.8,2.129436891012264,11.647184455061304,0.0
ETHUSDT,development,4892,8,0.25,-0.01886236210689765,0.9748501838574698,-1.9999999999999996
BTCUSDT,development,4893,2,1.0,2.8799029924207673,inf,0.0
ETHUSDT,development,4893,6,0.3333333333333333,0.30673668491441924,1.4601050273716292,-1.9999999999999978
BTCUSDT,development,4894,2,1.0,2.8849325665619188,inf,0.0
ETHUSDT,development,4894,6,0.3333333333333333,0.3072983634006128,1.4609475451009195,-1.9999999999999991
BTCUSDT,development,4895,2,1.0,2.892338222436114,inf,0.0
ETHUSDT,development,4895,6,0.3333333333333333,0.30818351719080317,1.4622752757862052,-1.9999999999999973
BTCUSDT,development,4896,38,0.3157894736842105,0.2199344333242018,1.3214426333199867,-4.999999999999999
ETHUSDT,development,4896,34,0.2647058823529412,0.03117728871333286,1.0424011126501327,-10.227579056881977
BTCUSDT,development,4897,37,0.32432432432432434,0.255032673963915,1.3774483574665943,-5.0
ETHUSDT,development,4897,34,0.2647058823529412,0.032036729721255125,1.043569952420907,-10.22266338267925
BTCUSDT,development,4898,37,0.32432432432432434,0.2580678333642731,1.3819403933791239,-4.999999999999998
ETHUSDT,development,4898,34,0.29411764705882354,0.14905128694541747,1.2111559898393416,-10.214954063207301
BTCUSDT,development,4899,19,0.3684210526315789,0.43808400094992955,1.6936330015040553,-3.0000000000000036
ETHUSDT,development,4899,19,0.3157894736842105,0.2321945441800638,1.3393612568785547,-4.077299450023592
BTCUSDT,development,4900,19,0.3684210526315789,0.43911443385418525,1.6952645202691268,-3.000000000000001
ETHUSDT,development,4900,19,0.3157894736842105,0.2331545300872804,1.3407643132044866,-4.075721973960037
BTCUSDT,development,4901,19,0.3684210526315789,0.44069356035837914,1.6977648039007671,-3.0000000000000044
ETHUSDT,development,4901,19,0.3157894736842105,0.2346086074389308,1.3428895031799755,-4.073231216874247
BTCUSDT,development,4902,8,0.5,0.952249551301391,2.9044991026027818,-1.9999999999999991
ETHUSDT,development,4902,7,0.2857142857142857,0.12006001564093052,1.1680840218973028,-1.9999999999999978
BTCUSDT,development,4903,8,0.5,0.9536959704094525,2.907391940818905,-1.9999999999999991
ETHUSDT,development,4903,7,0.2857142857142857,0.1205414543433824,1.1687580360807355,-1.9999999999999991
BTCUSDT,development,4904,8,0.5,0.9558980568826656,2.911796113765332,-1.9999999999999964
ETHUSDT,development,4904,7,0.2857142857142857,0.12130015759211685,1.1698202206289636,-1.9999999999999971
BTCUSDT,development,4905,3,0.6666666666666666,1.5866019949471781,5.759805984841537,0.0
ETHUSDT,development,4905,5,0.4,0.5680840218973029,1.9468067031621719,-1.9999999999999978
BTCUSDT,development,4906,3,0.6666666666666666,1.5899550443746124,5.769865133123838,0.0
ETHUSDT,development,4906,5,0.4,0.5687580360807353,1.9479300601345593,-1.9999999999999991
BTCUSDT,development,4907,3,0.6666666666666666,1.5948921482907428,5.784676444872229,0.0
ETHUSDT,development,4907,5,0.4,0.5698202206289634,1.9497003677149403,-1.9999999999999973
BTCUSDT,development,4908,20,0.3,0.16643019328903683,1.2377574189843383,-5.999999999999998
ETHUSDT,development,4908,22,0.2727272727272727,0.06618590233962332,1.091005615716982,-9.12664931201007
BTCUSDT,development,4909,19,0.3157894736842105,0.22909191303954485,1.3348266421347195,-5.999999999999998
ETHUSDT,development,4909,22,0.2727272727272727,0.06682850989526834,1.091889201105994,-9.124450207170623
BTCUSDT,development,4910,19,0.3157894736842105,0.23099449181694054,1.3376073341939902,-6.0
ETHUSDT,development,4910,22,0.2727272727272727,0.06782422613890103,1.093258310940989,-9.12095748769778
BTCUSDT,development,4911,13,0.3076923076923077,0.2004898969974964,1.2895965178852726,-3.0000000000000036
ETHUSDT,development,4911,11,0.2727272727272727,0.0719154770454581,1.098883780937505,-3.07729945002359
BTCUSDT,development,4912,13,0.3076923076923077,0.20143621457291994,1.2909634210497734,-3.000000000000001
ETHUSDT,development,4912,11,0.2727272727272727,0.07227835883573597,1.099382743399137,-3.0757219739600363
BTCUSDT,development,4913,13,0.3076923076923077,0.2028740683888938,1.2930403210061798,-3.0000000000000044
ETHUSDT,development,4913,11,0.2727272727272727,0.07285225748375375,1.1001718540401615,-3.0732312168742464
BTCUSDT,development,4914,4,0.75,1.9322173606524142,8.728869442609641,0.0
ETHUSDT,development,4914,6,0.3333333333333333,0.30673668491441913,1.460105027371629,-1.9999999999999978
BTCUSDT,development,4915,4,0.75,1.93428895705572,8.737155828222875,0.0
ETHUSDT,development,4915,6,0.3333333333333333,0.30729836340061295,1.4609475451009197,-1.9999999999999991
BTCUSDT,development,4916,4,0.75,1.937427446671499,8.749709786685981,0.0
ETHUSDT,development,4916,6,0.3333333333333333,0.3081835171908029,1.4622752757862045,-1.9999999999999973
BTCUSDT,development,4917,2,1.0,2.8799029924207673,inf,0.0
ETHUSDT,development,4917,5,0.4,0.5680840218973029,1.9468067031621719,-1.9999999999999978
BTCUSDT,development,4918,2,1.0,2.8849325665619188,inf,0.0
ETHUSDT,development,4918,5,0.4,0.5687580360807353,1.9479300601345593,-1.9999999999999991
BTCUSDT,development,4919,2,1.0,2.892338222436114,inf,0.0
ETHUSDT,development,4919,5,0.4,0.5698202206289634,1.9497003677149403,-1.9999999999999973
BTCUSDT,development,4920,18,0.3333333333333333,0.296679534179134,1.445019301268701,-4.999999999999999
ETHUSDT,development,4920,22,0.2727272727272727,0.06726024974388464,1.0924828433978413,-5.000000000000002
BTCUSDT,development,4921,17,0.35294117647058826,0.3743319600928828,1.5785130292344551,-4.999999999999999
ETHUSDT,development,4921,22,0.2727272727272727,0.06783756965276379,1.0932766582725504,-5.000000000000001
BTCUSDT,development,4922,17,0.35294117647058826,0.3763951123839749,1.5817015373206882,-4.999999999999997
ETHUSDT,development,4922,22,0.2727272727272727,0.06873683418348628,1.0945131470022935,-5.000000000000002
BTCUSDT,development,4923,12,0.3333333333333333,0.301499700867594,1.452249551301391,-2.9999999999999982
ETHUSDT,development,4923,12,0.3333333333333333,0.30890238581397517,1.4633535787209628,-2.9999999999999973
BTCUSDT,development,4924,12,0.3333333333333333,0.302463980272968,1.4536959704094519,-3.0000000000000004
ETHUSDT,development,4924,12,0.3333333333333333,0.30939177527691036,1.4640876629153654,-2.9999999999999973
BTCUSDT,development,4925,12,0.3333333333333333,0.30393203792177664,1.4558980568826645,-2.9999999999999987
ETHUSDT,development,4925,12,0.3333333333333333,0.3101640983260963,1.4652461474891447,-2.9999999999999964
BTCUSDT,development,4926,5,0.8,2.1235992820822256,11.617996410411106,0.0
ETHUSDT,development,4926,6,0.3333333333333333,0.30673668491441886,1.4601050273716283,-1.9999999999999978
BTCUSDT,development,4927,5,0.8,2.125913552655124,11.62956776327561,0.0
ETHUSDT,development,4927,6,0.3333333333333333,0.30729836340061256,1.4609475451009188,-1.9999999999999991
BTCUSDT,development,4928,5,0.8,2.129436891012264,11.647184455061304,0.0
ETHUSDT,development,4928,6,0.3333333333333333,0.308183517190803,1.4622752757862048,-1.9999999999999973
BTCUSDT,development,4929,2,1.0,2.8799029924207673,inf,0.0
ETHUSDT,development,4929,5,0.4,0.5680840218973029,1.9468067031621719,-1.9999999999999978
BTCUSDT,development,4930,2,1.0,2.8849325665619188,inf,0.0
ETHUSDT,development,4930,5,0.4,0.5687580360807353,1.9479300601345593,-1.9999999999999991
BTCUSDT,development,4931,2,1.0,2.892338222436114,inf,0.0
ETHUSDT,development,4931,5,0.4,0.5698202206289634,1.9497003677149403,-1.9999999999999973
BTCUSDT,development,4932,17,0.29411764705882354,0.14758043276913954,1.209072279756281,-3.0000000000000036
ETHUSDT,development,4932,22,0.3181818181818182,0.23880081603628778,1.3502411968532217,-4.0772994500235935
BTCUSDT,development,4933,16,0.3125,0.22023138972927336,1.320336566878943,-3.000000000000001
ETHUSDT,development,4933,22,0.3181818181818182,0.23990175007593634,1.3518559001113732,-4.075721973960036
BTCUSDT,development,4934,16,0.3125,0.2216459568817356,1.3223941191007065,-3.0000000000000044
ETHUSDT,development,4934,22,0.36363636363636365,0.4203886683728151,1.6606107645858523,-4.0732312168742455
BTCUSDT,development,4935,13,0.38461538461538464,0.5006821043904133,1.813608419634421,-3.0000000000000036
ETHUSDT,development,4935,16,0.3125,0.21849612232209667,1.3178125415594133,-3.0772994500235917
BTCUSDT,development,4936,13,0.38461538461538464,0.5018232488975672,1.8154627794585463,-3.000000000000001
ETHUSDT,development,4936,16,0.3125,0.21951854472053095,1.3192997014116816,-3.0757219739600363
BTCUSDT,development,4937,13,0.38461538461538464,0.5035642546236744,1.8182919137634705,-3.0000000000000044
ETHUSDT,development,4937,16,0.3125,0.22106057460923884,1.3215426539770745,-3.0732312168742464
BTCUSDT,development,4938,6,0.5,0.9548115737682759,2.909623147536549,-1.0000000000000022
ETHUSDT,development,4938,7,0.2857142857142857,0.12006001564093052,1.1680840218973028,-1.9999999999999978
BTCUSDT,development,4939,6,0.5,0.9561926380371464,2.912385276074292,-1.0000000000000013
ETHUSDT,development,4939,7,0.2857142857142857,0.1205414543433824,1.1687580360807355,-1.9999999999999991
BTCUSDT,development,4940,6,0.5,0.958284964447666,2.9165699288953304,-1.0000000000000016
ETHUSDT,development,4940,7,0.2857142857142857,0.12130015759211685,1.1698202206289636,-1.9999999999999971
BTCUSDT,development,4941,3,0.6666666666666666,1.5866019949471781,5.759805984841537,0.0
ETHUSDT,development,4941,5,0.4,0.5680840218973029,1.9468067031621719,-1.9999999999999978
BTCUSDT,development,4942,3,0.6666666666666666,1.5899550443746124,5.769865133123838,0.0
ETHUSDT,development,4942,5,0.4,0.5687580360807353,1.9479300601345593,-1.9999999999999991
BTCUSDT,development,4943,3,0.6666666666666666,1.5948921482907428,5.784676444872229,0.0
ETHUSDT,development,4943,5,0.4,0.5698202206289634,1.9497003677149403,-1.9999999999999973
BTCUSDT,development,4944,12,0.3333333333333333,0.30053072174728745,1.4507960826209307,-3.0000000000000036
ETHUSDT,development,4944,12,0.4166666666666667,0.629062520262069,2.0783928918778334,-2.9999999999999973
BTCUSDT,development,4945,11,0.36363636363636365,0.4198791626770873,1.65981011277828,-3.000000000000001
ETHUSDT,development,4945,12,0.4166666666666667,0.6300503111112666,2.080086247619315,-2.9999999999999982
BTCUSDT,development,4946,11,0.36363636363636365,0.4215784444596014,1.6624804127222301,-3.0000000000000044
ETHUSDT,development,4946,12,0.4166666666666667,0.6315786123003367,2.0827061925148636,-2.9999999999999973
BTCUSDT,development,4947,10,0.4,0.5606368660967451,1.9343947768279082,-3.0000000000000036
ETHUSDT,development,4947,9,0.3333333333333333,0.3101189163888932,1.4651783745833404,-2.999999999999998
BTCUSDT,development,4948,10,0.4,0.5618670789447959,1.9364451315746596,-3.000000000000001
ETHUSDT,development,4948,9,0.3333333333333333,0.3105624385770106,1.4658436578655165,-2.9999999999999982
BTCUSDT,development,4949,10,0.4,0.5637362889055618,1.939560481509269,-3.0000000000000044
ETHUSDT,development,4949,9,0.3333333333333333,0.31126387025792135,1.4668958053868824,-2.9999999999999964
BTCUSDT,development,4950,4,0.75,1.9322173606524142,8.728869442609641,0.0
ETHUSDT,development,4950,6,0.3333333333333333,0.30673668491441913,1.460105027371629,-1.9999999999999978
BTCUSDT,development,4951,4,0.75,1.93428895705572,8.737155828222875,0.0
ETHUSDT,development,4951,6,0.3333333333333333,0.30729836340061295,1.4609475451009197,-1.9999999999999991
BTCUSDT,development,4952,4,0.75,1.937427446671499,8.749709786685981,0.0
ETHUSDT,development,4952,6,0.3333333333333333,0.3081835171908029,1.4622752757862045,-1.9999999999999973
BTCUSDT,development,4953,2,1.0,2.8799029924207673,inf,0.0
ETHUSDT,development,4953,5,0.4,0.5680840218973029,1.9468067031621719,-1.9999999999999978
BTCUSDT,development,4954,2,1.0,2.8849325665619188,inf,0.0
ETHUSDT,development,4954,5,0.4,0.5687580360807353,1.9479300601345593,-1.9999999999999991
BTCUSDT,development,4955,2,1.0,2.892338222436114,inf,0.0
ETHUSDT,development,4955,5,0.4,0.5698202206289634,1.9497003677149403,-1.9999999999999973
BTCUSDT,development,4956,10,0.3,0.17288694426096532,1.246981348944236,-2.0000000000000018
ETHUSDT,development,4956,13,0.3076923076923077,0.2056396639161908,1.2970350701011644,-2.999999999999998
BTCUSDT,development,4957,9,0.3333333333333333,0.3041284253580976,1.4561926380371464,-2.0000000000000027
ETHUSDT,development,4957,13,0.3076923076923077,0.20623201719297912,1.29789069150097,-2.9999999999999982
BTCUSDT,development,4958,9,0.3333333333333333,0.3055233096317766,1.458284964447664,-2.0000000000000027
ETHUSDT,development,4958,13,0.3076923076923077,0.20715517693034108,1.299224144454937,-2.9999999999999964
BTCUSDT,development,4959,8,0.375,0.466108680326207,1.7457738885219307,-2.0000000000000018
ETHUSDT,development,4959,10,0.3,0.17910702475000367,1.255867178214291,-2.9999999999999973
BTCUSDT,development,4960,8,0.375,0.4671444785278597,1.7474311656445751,-2.0
ETHUSDT,development,4960,10,0.3,0.17950619471930906,1.2564374210275844,-2.9999999999999982
BTCUSDT,development,4961,8,0.375,0.468713723335749,1.7499419573371975,-2.0000000000000027
ETHUSDT,development,4961,10,0.3,0.18013748323212928,1.2573392617601848,-2.9999999999999964
BTCUSDT,development,4962,4,0.75,1.9322173606524142,8.728869442609641,0.0
ETHUSDT,development,4962,6,0.3333333333333333,0.30673668491441886,1.4601050273716283,-1.9999999999999978
BTCUSDT,development,4963,4,0.75,1.93428895705572,8.737155828222875,0.0
ETHUSDT,development,4963,6,0.3333333333333333,0.30729836340061256,1.4609475451009188,-1.9999999999999991
BTCUSDT,development,4964,4,0.75,1.937427446671499,8.749709786685981,0.0
ETHUSDT,development,4964,6,0.3333333333333333,0.308183517190803,1.4622752757862048,-1.9999999999999973
BTCUSDT,development,4965,2,1.0,2.8799029924207673,inf,0.0
ETHUSDT,development,4965,5,0.4,0.5680840218973029,1.9468067031621719,-1.9999999999999978
BTCUSDT,development,4966,2,1.0,2.8849325665619188,inf,0.0
ETHUSDT,development,4966,5,0.4,0.5687580360807353,1.9479300601345593,-1.9999999999999991
BTCUSDT,development,4967,2,1.0,2.892338222436114,inf,0.0
ETHUSDT,development,4967,5,0.4,0.5698202206289634,1.9497003677149403,-1.9999999999999973
BTCUSDT,development,4968,55,0.3090909090909091,0.18451566866309613,1.2670621520123753,-10.254082295292587
ETHUSDT,development,4968,54,0.25925925925925924,0.010401064463102475,1.0140414370251882,-10.000000000000004
BTCUSDT,development,4969,54,0.3148148148148148,0.2099069871996457,1.3063507380751587,-9.244987832238868
ETHUSDT,development,4969,54,0.25925925925925924,0.011234720191250684,1.0151668722581884,-9.999999999999998
BTCUSDT,development,4970,54,0.3148148148148148,0.2145256321471278,1.3130914631336457,-9.231253001805372
ETHUSDT,development,4970,54,0.2777777777777778,0.08535285681490384,1.11818087866679,-10.000000000000004
BTCUSDT,development,4971,23,0.34782608695652173,0.35241809240548966,1.5403744083550845,-4.000000000000004
ETHUSDT,development,4971,28,0.32142857142857145,0.25457228509072904,1.3751591569758113,-5.000000000000001
BTCUSDT,development,4972,23,0.34782608695652173,0.35403142643372104,1.5428481871983721,-4.000000000000002
ETHUSDT,development,4972,28,0.32142857142857145,0.2555267942031883,1.376565801983646,-5.0
BTCUSDT,development,4973,23,0.34782608695652173,0.35636668439383046,1.5464289160705398,-4.000000000000005
ETHUSDT,development,4973,28,0.32142857142857145,0.25697732943237966,1.3787034328477175,-5.000000000000004
BTCUSDT,development,4974,11,0.5454545454545454,1.1161377941860477,3.4555031472093023,-2.0000000000000027
ETHUSDT,development,4974,13,0.3076923076923077,0.20493517695127186,1.296017477818504,-2.9999999999999987
BTCUSDT,development,4975,11,0.5454545454545454,1.1191482990224335,3.462126257849352,-2.0000000000000013
ETHUSDT,development,4975,13,0.3076923076923077,0.20561433058669273,1.2969984775141121,-2.9999999999999987
BTCUSDT,development,4976,11,0.5454545454545454,1.1234630592436226,3.47161873033597,-2.0000000000000027
ETHUSDT,development,4976,13,0.3076923076923077,0.2066609448405621,1.2985102536585897,-2.9999999999999982
BTCUSDT,development,4977,5,0.6,1.3391056741513256,4.347764185378314,-1.0000000000000007
ETHUSDT,development,4977,10,0.4,0.5664157300366537,1.9440262167277567,-2.9999999999999982
BTCUSDT,development,4978,5,0.6,1.3413332658028048,4.353333164507011,-1.0000000000000004
ETHUSDT,development,4978,10,0.4,0.5672986297627005,1.9454977162711684,-2.9999999999999973
BTCUSDT,development,4979,5,0.6,1.34463947492759,4.361598687318974,-1.0000000000000013
ETHUSDT,development,4979,10,0.4,0.5686592282927309,1.9477653804878856,-2.9999999999999982
BTCUSDT,development,4980,31,0.25806451612903225,-0.006731739325820804,0.9909267861260674,-9.156580991400514
ETHUSDT,development,4980,32,0.25,-0.021433031613125042,0.9714226245158333,-11.12664931201007
BTCUSDT,development,4981,30,0.26666666666666666,0.028623192379432238,1.0390316259719528,-8.150019278459283
ETHUSDT,development,4981,32,0.25,-0.020890329175379085,0.9721462277661613,-11.12445020717063
BTCUSDT,development,4982,30,0.26666666666666666,0.03174222809194937,1.043284856489022,-8.14022542285752
ETHUSDT,development,4982,32,0.25,-0.02004858511381119,0.9732685531815851,-11.12095748769778
BTCUSDT,development,4983,15,0.26666666666666666,0.04042457739783023,1.0551244237243143,-3.0000000000000036
ETHUSDT,development,4983,16,0.25,-0.015452606428496565,0.9793965247620046,-6.077299450023587
BTCUSDT,development,4984,15,0.26666666666666666,0.04124471929653065,1.0562427990407235,-3.000000000000001
ETHUSDT,development,4984,16,0.25,-0.015180432031567104,0.9797594239579106,-6.075721973960036
BTCUSDT,development,4985,15,0.26666666666666666,0.042490859270374735,1.0579420808232383,-3.0000000000000044
ETHUSDT,development,4985,16,0.25,-0.01474899576220011,0.9803346723170666,-6.073231216874245
BTCUSDT,development,4986,5,0.6,1.3457738885219315,4.364434721304823,-1.000000000000002
ETHUSDT,development,4986,9,0.3333333333333333,0.311345351014503,1.467018026521755,-2.999999999999998
BTCUSDT,development,4987,5,0.6,1.3474311656445759,4.368577914111437,-1.000000000000001
ETHUSDT,development,4987,9,0.3333333333333333,0.3117601467450563,1.4676402201175849,-2.9999999999999982
BTCUSDT,development,4988,5,0.6,1.349941957337199,4.374854893342994,-1.0000000000000018
ETHUSDT,development,4988,9,0.3333333333333333,0.3124158154031472,1.4686237231047212,-2.9999999999999982
BTCUSDT,development,4989,2,1.0,2.8799029924207673,inf,0.0
ETHUSDT,development,4989,7,0.42857142857142855,0.686015451304361,2.200527039782633,-1.9999999999999973
BTCUSDT,development,4990,2,1.0,2.8849325665619188,inf,0.0
ETHUSDT,development,4990,7,0.42857142857142855,0.6865487601007864,2.2014603301763773,-1.9999999999999991
BTCUSDT,development,4991,2,1.0,2.892338222436114,inf,0.0
ETHUSDT,development,4991,7,0.42857142857142855,0.6873917626611894,2.2029355846570833,-1.9999999999999973
BTCUSDT,development,4992,27,0.2962962962962963,0.14084977149419375,1.2001549384391172,-8.156580991400514
ETHUSDT,development,4992,30,0.23333333333333334,-0.08746364727900872,0.8859169818099887,-6.0772994500235935
BTCUSDT,development,4993,26,0.3076923076923077,0.18729202866194716,1.2705329302894792,-7.150019278459285
ETHUSDT,development,4993,30,0.23333333333333334,-0.08694474530830196,0.8865938104674321,-6.075721973960041
BTCUSDT,development,4994,26,0.3076923076923077,0.19084955418323774,1.2756715782646766,-7.140225422857521
ETHUSDT,development,4994,30,0.23333333333333334,-0.08613728607148637,0.8876470181676265,-6.0732312168742535
BTCUSDT,development,4995,13,0.3076923076923077,0.20138433926239457,1.2908884900456812,-2.9999999999999982
ETHUSDT,development,4995,15,0.26666666666666666,0.047121908651180384,1.0642571481607008,-3.9999999999999973
BTCUSDT,development,4996,13,0.3076923076923077,0.20227444332889366,1.2921741959195132,-3.0
ETHUSDT,development,4996,15,0.26666666666666666,0.047513420221528366,1.0647910275748114,-4.0
BTCUSDT,development,4997,13,0.3076923076923077,0.20362957346625546,1.2941316061179244,-2.9999999999999987
ETHUSDT,development,4997,15,0.26666666666666666,0.04813127866087719,1.065633561810287,-3.9999999999999987
BTCUSDT,development,4998,5,0.8,2.1235992820822256,11.617996410411106,0.0
ETHUSDT,development,4998,8,0.25,-0.01994748631418572,0.9734033515810857,-1.9999999999999993
BTCUSDT,development,4999,5,0.8,2.125913552655124,11.62956776327561,0.0
ETHUSDT,development,4999,8,0.25,-0.01952622744954055,0.9739650300672792,-1.999999999999999
BTCUSDT,development,5000,5,0.8,2.129436891012264,11.647184455061304,0.0
ETHUSDT,development,5000,8,0.25,-0.01886236210689765,0.9748501838574698,-1.9999999999999996
BTCUSDT,development,5001,2,1.0,2.8799029924207673,inf,0.0
ETHUSDT,development,5001,6,0.3333333333333333,0.30673668491441924,1.4601050273716292,-1.9999999999999978
BTCUSDT,development,5002,2,1.0,2.8849325665619188,inf,0.0
ETHUSDT,development,5002,6,0.3333333333333333,0.3072983634006128,1.4609475451009195,-1.9999999999999991
BTCUSDT,development,5003,2,1.0,2.892338222436114,inf,0.0
ETHUSDT,development,5003,6,0.3333333333333333,0.30818351719080317,1.4622752757862052,-1.9999999999999973
BTCUSDT,development,5004,43,0.32558139534883723,0.24986701749387266,1.3704924742150522,-6.254082295292585
ETHUSDT,development,5004,42,0.2619047619047619,0.021677926174983805,1.0293700935273973,-9.42110246391988
BTCUSDT,development,5005,42,0.3333333333333333,0.28315645977524184,1.4247346896628623,-5.244987832238866
ETHUSDT,development,5005,42,0.2619047619047619,0.022461050163327112,1.0304311002212818,-9.411087072280298
BTCUSDT,development,5006,42,0.3333333333333333,0.2878412878159936,1.4317619317239907,-5.231253001805364
ETHUSDT,development,5006,42,0.2857142857142857,0.11732249246152528,1.1642514894461349,-9.395462051431874
BTCUSDT,development,5007,20,0.35,0.36927949144552485,1.5681222945315767,-4.0000000000000036
ETHUSDT,development,5007,22,0.36363636363636365,0.4210064282962367,1.6615815301798007,-3.9999999999999982
BTCUSDT,development,5008,20,0.35,0.3701052021524978,1.56939261869615,-4.000000000000002
ETHUSDT,development,5008,22,0.36363636363636365,0.4220023349088817,1.6631465262853853,-3.9999999999999956
BTCUSDT,development,5009,20,0.35,0.3713745345606823,1.5713454377856655,-4.000000000000005
ETHUSDT,development,5009,22,0.36363636363636365,0.42351656675361604,1.6655260334699677,-3.9999999999999982
BTCUSDT,development,5010,10,0.5,0.9557489439630757,2.9114978879261497,-2.0000000000000027
ETHUSDT,development,5010,10,0.4,0.5664157300366532,1.944026216727755,-2.9999999999999982
BTCUSDT,development,5011,10,0.5,0.9570012524321136,2.914002504864227,-2.0000000000000018
ETHUSDT,development,5011,10,0.4,0.5672986297627005,1.9454977162711684,-2.9999999999999973
BTCUSDT,development,5012,10,0.5,0.9589150601835392,2.917830120367079,-2.000000000000002
ETHUSDT,development,5012,10,0.4,0.5686592282927305,1.9477653804878845,-2.9999999999999982
BTCUSDT,development,5013,4,0.75,1.923882092689157,8.695528370756632,0.0
ETHUSDT,development,5013,8,0.5,0.9580196625458165,2.916039325091633,-2.999999999999999
BTCUSDT,development,5014,4,0.75,1.926666582253506,8.706666329014025,0.0
ETHUSDT,development,5014,8,0.5,0.9591232872033756,2.918246574406753,-2.9999999999999964
BTCUSDT,development,5015,4,0.75,1.930799343659488,8.723197374637953,0.0
ETHUSDT,development,5015,8,0.5,0.9608240353659131,2.9216480707318273,-2.9999999999999973
BTCUSDT,development,5016,25,0.28,0.08664918250755091,1.1203460868160429,-6.271130557390341
ETHUSDT,development,5016,26,0.2692307692307692,0.05452991927368179,1.0746198895324066,-10.208929752499959
BTCUSDT,development,5017,24,0.2916666666666667,0.1332260675790621,1.1880838601116173,-5.999999999999998
ETHUSDT,development,5017,26,0.2692307692307692,0.05508762915375884,1.0753830714735646,-10.204938052806916
BTCUSDT,development,5018,24,0.2916666666666667,0.13516919593814816,1.190827100147974,-6.0
ETHUSDT,development,5018,26,0.2692307692307692,0.05595285425151257,1.0765670637125964,-10.198625167678717
BTCUSDT,development,5019,14,0.2857142857142857,0.11474061864053231,1.1606368660967452,-3.0000000000000036
ETHUSDT,development,5019,12,0.3333333333333333,0.3127298580953374,1.4690947871430065,-3.0772994500235913
BTCUSDT,development,5020,14,0.2857142857142857,0.1156193421034256,1.1618670789447958,-3.000000000000001
ETHUSDT,development,5020,12,0.3333333333333333,0.3130927572912437,1.469639135936866,-3.0757219739600368
BTCUSDT,development,5021,14,0.2857142857142857,0.11695449207540139,1.163736288905562,-3.0000000000000044
ETHUSDT,development,5021,12,0.3333333333333333,0.3136680056503997,1.4705020084755998,-3.0732312168742464
BTCUSDT,development,5022,5,0.6,1.3457738885219315,4.364434721304823,-1.000000000000002
ETHUSDT,development,5022,7,0.42857142857142855,0.6860154513043607,2.200527039782632,-1.9999999999999973
BTCUSDT,development,5023,5,0.6,1.3474311656445759,4.368577914111437,-1.000000000000001
ETHUSDT,development,5023,7,0.42857142857142855,0.6865487601007867,2.2014603301763778,-1.9999999999999991
BTCUSDT,development,5024,5,0.6,1.349941957337199,4.374854893342994,-1.0000000000000018
ETHUSDT,development,5024,7,0.42857142857142855,0.6873917626611891,2.202935584657081,-1.9999999999999973
BTCUSDT,development,5025,2,1.0,2.8799029924207673,inf,0.0
ETHUSDT,development,5025,6,0.5,0.9670180265217542,2.9340360530435095,-1.9999999999999973
BTCUSDT,development,5026,2,1.0,2.8849325665619188,inf,0.0
ETHUSDT,development,5026,6,0.5,0.9676402201175841,2.9352804402351698,-1.9999999999999991
BTCUSDT,development,5027,2,1.0,2.892338222436114,inf,0.0
ETHUSDT,development,5027,6,0.5,0.9686237231047206,2.937247446209443,-1.9999999999999973
BTCUSDT,development,5028,21,0.3333333333333333,0.2941836815301165,1.441275522295175,-5.156580991400509
ETHUSDT,development,5028,26,0.23076923076923078,-0.09693363483209741,0.8739862747182734,-5.3098594973718685
BTCUSDT,development,5029,20,0.35,0.36041612978625753,1.5544863535173192,-4.999999999999999
ETHUSDT,development,5029,26,0.23076923076923078,-0.09644513337073841,0.8746213266180398,-5.30315122831554
BTCUSDT,development,5030,20,0.35,0.36269411342606284,1.5579909437324047,-4.999999999999997
ETHUSDT,development,5030,26,0.23076923076923078,-0.09568421722935785,0.8756105176018348,-5.29262174318824
BTCUSDT,development,5031,12,0.3333333333333333,0.301499700867594,1.452249551301391,-2.9999999999999982
ETHUSDT,development,5031,12,0.3333333333333333,0.30890238581397517,1.4633535787209628,-2.9999999999999973
BTCUSDT,development,5032,12,0.3333333333333333,0.302463980272968,1.4536959704094519,-3.0000000000000004
ETHUSDT,development,5032,12,0.3333333333333333,0.30939177527691036,1.4640876629153654,-2.9999999999999973
BTCUSDT,development,5033,12,0.3333333333333333,0.30393203792177664,1.4558980568826645,-2.9999999999999987
ETHUSDT,development,5033,12,0.3333333333333333,0.3101640983260963,1.4652461474891447,-2.9999999999999964
BTCUSDT,development,5034,5,0.8,2.1235992820822256,11.617996410411106,0.0
ETHUSDT,development,5034,6,0.3333333333333333,0.30673668491441886,1.4601050273716283,-1.9999999999999978
BTCUSDT,development,5035,5,0.8,2.125913552655124,11.62956776327561,0.0
ETHUSDT,development,5035,6,0.3333333333333333,0.30729836340061256,1.4609475451009188,-1.9999999999999991
BTCUSDT,development,5036,5,0.8,2.129436891012264,11.647184455061304,0.0
ETHUSDT,development,5036,6,0.3333333333333333,0.308183517190803,1.4622752757862048,-1.9999999999999973
BTCUSDT,development,5037,2,1.0,2.8799029924207673,inf,0.0
ETHUSDT,development,5037,5,0.4,0.5680840218973029,1.9468067031621719,-1.9999999999999978
BTCUSDT,development,5038,2,1.0,2.8849325665619188,inf,0.0
ETHUSDT,development,5038,5,0.4,0.5687580360807353,1.9479300601345593,-1.9999999999999991
BTCUSDT,development,5039,2,1.0,2.892338222436114,inf,0.0
ETHUSDT,development,5039,5,0.4,0.5698202206289634,1.9497003677149403,-1.9999999999999973
BTCUSDT,development,5040,18,0.3333333333333333,0.30047149249140226,1.450707238737103,-3.0000000000000036
ETHUSDT,development,5040,26,0.34615384615384615,0.35015627061132043,1.5355331197584903,-3.9999999999999982
BTCUSDT,development,5041,17,0.35294117647058826,0.37807713586087943,1.5843010281486318,-3.000000000000001
ETHUSDT,development,5041,26,0.34615384615384615,0.3512289922310642,1.5371737528239806,-3.9999999999999964
BTCUSDT,development,5042,17,0.35294117647058826,0.37975374779446436,1.5868921556823539,-3.0000000000000044
ETHUSDT,development,5042,26,0.38461538461538464,0.5041673704400691,1.8192719769651124,-3.9999999999999982
BTCUSDT,development,5043,13,0.38461538461538464,0.505450859072093,1.8213576459921503,-3.0000000000000036
ETHUSDT,development,5043,19,0.3684210526315789,0.4392833179078708,1.6955319200207952,-3.9999999999999982
BTCUSDT,development,5044,13,0.38461538461538464,0.5063563104222161,1.8228290044361006,-3.000000000000001
ETHUSDT,development,5044,19,0.3684210526315789,0.44033747430871384,1.6972010009887974,-3.9999999999999973
BTCUSDT,development,5045,13,0.38461538461538464,0.507742181116324,1.825081044314026,-3.0000000000000044
ETHUSDT,development,5045,19,0.3684210526315789,0.44193526952566775,1.6997308434156406,-3.9999999999999982
BTCUSDT,development,5046,7,0.5714285714285714,1.2383374959756122,3.889454157276423,-1.000000000000002
ETHUSDT,development,5046,10,0.4,0.5664157300366532,1.944026216727755,-2.9999999999999982
BTCUSDT,development,5047,7,0.5714285714285714,1.2396572270383424,3.892533529756129,-1.0000000000000018
ETHUSDT,development,5047,10,0.4,0.5672986297627005,1.9454977162711684,-2.9999999999999973
BTCUSDT,development,5048,7,0.5714285714285714,1.2416679904942947,3.8972253111533526,-1.0000000000000016
ETHUSDT,development,5048,10,0.4,0.5686592282927305,1.9477653804878845,-2.9999999999999982
BTCUSDT,development,5049,4,0.75,1.923882092689157,8.695528370756632,0.0
ETHUSDT,development,5049,8,0.5,0.9580196625458165,2.916039325091633,-2.999999999999999
BTCUSDT,development,5050,4,0.75,1.926666582253506,8.706666329014025,0.0
ETHUSDT,development,5050,8,0.5,0.9591232872033756,2.918246574406753,-2.9999999999999964
BTCUSDT,development,5051,4,0.75,1.930799343659488,8.723197374637953,0.0
ETHUSDT,development,5051,8,0.5,0.9608240353659131,2.9216480707318273,-2.9999999999999973
BTCUSDT,development,5052,14,0.35714285714285715,0.38885673984824864,1.6048882619861642,-3.0000000000000036
ETHUSDT,development,5052,13,0.46153846153846156,0.808495253291449,2.5014911846841206,-2.9999999999999982
BTCUSDT,development,5053,13,0.38461538461538464,0.49718077412262307,1.807918757949262,-3.000000000000001
ETHUSDT,development,5053,13,0.46153846153846156,0.8094349902797714,2.5032364105195763,-2.9999999999999982
BTCUSDT,development,5054,13,0.38461538461538464,0.4994252497730228,1.8115660308811612,-3.0000000000000044
ETHUSDT,development,5054,13,0.46153846153846156,0.810891121775965,2.505940654726793,-2.9999999999999964
BTCUSDT,development,5055,11,0.36363636363636365,0.4187607873606773,1.6580526658524926,-3.0000000000000036
ETHUSDT,development,5055,10,0.4,0.575275829714405,1.9587930495240091,-2.9999999999999973
BTCUSDT,development,5056,11,0.36363636363636365,0.41987916267708714,1.6598101127782796,-3.000000000000001
ETHUSDT,development,5056,10,0.4,0.5757113087494924,1.9595188479158219,-2.9999999999999982
BTCUSDT,development,5057,11,0.36363636363636365,0.42157844445960174,1.6624804127222308,-3.0000000000000044
ETHUSDT,development,5057,10,0.4,0.5764016067804798,1.9606693446341337,-2.9999999999999964
BTCUSDT,development,5058,5,0.6,1.3457738885219315,4.364434721304823,-1.000000000000002
ETHUSDT,development,5058,7,0.42857142857142855,0.6860154513043607,2.200527039782632,-1.9999999999999973
BTCUSDT,development,5059,5,0.6,1.3474311656445759,4.368577914111437,-1.000000000000001
ETHUSDT,development,5059,7,0.42857142857142855,0.6865487601007867,2.2014603301763778,-1.9999999999999991
BTCUSDT,development,5060,5,0.6,1.349941957337199,4.374854893342994,-1.0000000000000018
ETHUSDT,development,5060,7,0.42857142857142855,0.6873917626611891,2.202935584657081,-1.9999999999999973
BTCUSDT,development,5061,2,1.0,2.8799029924207673,inf,0.0
ETHUSDT,development,5061,6,0.5,0.9670180265217542,2.9340360530435095,-1.9999999999999973
BTCUSDT,development,5062,2,1.0,2.8849325665619188,inf,0.0
ETHUSDT,development,5062,6,0.5,0.9676402201175841,2.9352804402351698,-1.9999999999999991
BTCUSDT,development,5063,2,1.0,2.892338222436114,inf,0.0
ETHUSDT,development,5063,6,0.5,0.9686237231047206,2.937247446209443,-1.9999999999999973
BTCUSDT,development,5064,11,0.36363636363636365,0.41513592177433517,1.6523564485025264,-3.0000000000000036
ETHUSDT,development,5064,14,0.2857142857142857,0.11952254506503447,1.1673315630910484,-2.9999999999999973
BTCUSDT,development,5065,10,0.4,0.5581835102369019,1.930305850394836,-3.000000000000001
ETHUSDT,development,5065,14,0.2857142857142857,0.1200725873934806,1.1681016223508727,-2.9999999999999982
BTCUSDT,development,5066,10,0.4,0.560487514467967,1.9341458574466102,-3.0000000000000044
ETHUSDT,development,5066,14,0.2857142857142857,0.12092980714960248,1.1693017300094437,-2.9999999999999964
BTCUSDT,development,5067,8,0.375,0.466108680326207,1.7457738885219307,-2.0000000000000018
ETHUSDT,development,5067,10,0.3,0.17910702475000367,1.255867178214291,-2.9999999999999973
BTCUSDT,development,5068,8,0.375,0.4671444785278597,1.7474311656445751,-2.0
ETHUSDT,development,5068,10,0.3,0.17950619471930906,1.2564374210275844,-2.9999999999999982
BTCUSDT,development,5069,8,0.375,0.468713723335749,1.7499419573371975,-2.0000000000000027
ETHUSDT,development,5069,10,0.3,0.18013748323212928,1.2573392617601848,-2.9999999999999964
BTCUSDT,development,5070,4,0.75,1.9322173606524142,8.728869442609641,0.0
ETHUSDT,development,5070,6,0.3333333333333333,0.30673668491441886,1.4601050273716283,-1.9999999999999978
BTCUSDT,development,5071,4,0.75,1.93428895705572,8.737155828222875,0.0
ETHUSDT,development,5071,6,0.3333333333333333,0.30729836340061256,1.4609475451009188,-1.9999999999999991
BTCUSDT,development,5072,4,0.75,1.937427446671499,8.749709786685981,0.0
ETHUSDT,development,5072,6,0.3333333333333333,0.308183517190803,1.4622752757862048,-1.9999999999999973
BTCUSDT,development,5073,2,1.0,2.8799029924207673,inf,0.0
ETHUSDT,development,5073,5,0.4,0.5680840218973029,1.9468067031621719,-1.9999999999999978
BTCUSDT,development,5074,2,1.0,2.8849325665619188,inf,0.0
ETHUSDT,development,5074,5,0.4,0.5687580360807353,1.9479300601345593,-1.9999999999999991
BTCUSDT,development,5075,2,1.0,2.892338222436114,inf,0.0
ETHUSDT,development,5075,5,0.4,0.5698202206289634,1.9497003677149403,-1.9999999999999973
BTCUSDT,development,5076,61,0.29508196721311475,0.1321704132828467,1.1874975630291547,-7.404525600560083
ETHUSDT,development,5076,62,0.24193548387096775,-0.05940318366676476,0.9216383534608632,-13.410550263140884
BTCUSDT,development,5077,60,0.3,0.15406742661355477,1.2200963237336495,-6.38937194528469
ETHUSDT,development,5077,62,0.24193548387096775,-0.05847899672367214,0.9228574936836664,-13.398798435052134
BTCUSDT,development,5078,58,0.3103448275862069,0.1980956366523708,1.2872386731459373,-6.366554846469821
ETHUSDT,development,5078,60,0.26666666666666666,0.03983734984651476,1.054323658881611,-12.380696796987952
BTCUSDT,development,5079,25,0.32,0.24422464501305036,1.359153889725074,-4.000000000000004
ETHUSDT,development,5079,34,0.29411764705882354,0.14847741850732685,1.2103430095520464,-6.322659856548402
BTCUSDT,development,5080,25,0.32,0.2457089123190234,1.3613366357632697,-4.000000000000002
ETHUSDT,development,5080,34,0.29411764705882354,0.14930334646186982,1.2115130741543159,-6.3129589482309205
BTCUSDT,development,5081,25,0.32,0.24785734964232414,1.3644961024151827,-4.000000000000005
ETHUSDT,development,5081,34,0.3235294117647059,0.26613446633679955,1.3934161676283126,-6.298070769590805
BTCUSDT,development,5082,11,0.5454545454545454,1.1161377941860477,3.4555031472093023,-2.0000000000000027
ETHUSDT,development,5082,18,0.3333333333333333,0.29997919835767894,1.4499687975365185,-4.999999999999997
BTCUSDT,development,5083,11,0.5454545454545454,1.1191482990224335,3.462126257849352,-2.0000000000000013
ETHUSDT,development,5083,18,0.3333333333333333,0.3010511464900439,1.4515767197350662,-4.999999999999998
BTCUSDT,development,5084,11,0.5454545454545454,1.1234630592436226,3.47161873033597,-2.0000000000000027
ETHUSDT,development,5084,18,0.3888888888888889,0.5209727253663392,1.852500823326737,-4.999999999999998
BTCUSDT,development,5085,5,0.6,1.3391056741513256,4.347764185378314,-1.0000000000000007
ETHUSDT,development,5085,14,0.35714285714285715,0.39842399429442843,1.6197706577913336,-2.9999999999999982
BTCUSDT,development,5086,5,0.6,1.3413332658028048,4.353333164507011,-1.0000000000000004
ETHUSDT,development,5086,14,0.35714285714285715,0.3991955150863612,1.6209708012454511,-2.9999999999999996
BTCUSDT,development,5087,5,0.6,1.34463947492759,4.361598687318974,-1.0000000000000013
ETHUSDT,development,5087,14,0.42857142857142855,0.6810596639217085,2.191854411862991,-2.9999999999999982
BTCUSDT,development,5088,33,0.2727272727272727,0.051677258020694054,1.0710562297784543,-7.5815673001287
ETHUSDT,development,5088,35,0.2571428571428571,0.0011395952583723437,1.0015340705401166,-14.126649312010075
BTCUSDT,development,5089,32,0.28125,0.08649262685673093,1.1203375678006688,-6.548121621213391
ETHUSDT,development,5089,35,0.2571428571428571,0.002072698370439904,1.0027901708832845,-14.124450207170629
BTCUSDT,development,5090,31,0.2903225806451613,0.12443321395648645,1.175337710575049,-6.2502902133140035
ETHUSDT,development,5090,35,0.2571428571428571,0.003478487797611107,1.0046825797275534,-14.120957487697778
BTCUSDT,development,5091,15,0.26666666666666666,0.04042457739783023,1.0551244237243143,-3.0000000000000036
ETHUSDT,development,5091,19,0.2631578947368421,0.03508089036313248,1.0476097797785369,-8.077299450023588
BTCUSDT,development,5092,15,0.26666666666666666,0.04124471929653065,1.0562427990407235,-3.000000000000001
ETHUSDT,development,5092,19,0.2631578947368421,0.03541389479352517,1.0480617143626412,-8.075721973960036
BTCUSDT,development,5093,15,0.26666666666666666,0.042490859270374735,1.0579420808232383,-3.0000000000000044
ETHUSDT,development,5093,19,0.2631578947368421,0.03594005195148223,1.0487757847912975,-8.073231216874243
BTCUSDT,development,5094,5,0.6,1.3457738885219315,4.364434721304823,-1.000000000000002
ETHUSDT,development,5094,11,0.36363636363636365,0.42871697989872626,1.6736981112694274,-3.999999999999998
BTCUSDT,development,5095,5,0.6,1.3474311656445759,4.368577914111437,-1.000000000000001
ETHUSDT,development,5095,11,0.36363636363636365,0.4292356576625053,1.6745131763267944,-4.0
BTCUSDT,development,5096,5,0.6,1.349941957337199,4.374854893342994,-1.0000000000000018
ETHUSDT,development,5096,11,0.36363636363636365,0.4300533870819715,1.6757981797002415,-3.9999999999999973
BTCUSDT,development,5097,2,1.0,2.8799029924207673,inf,0.0
ETHUSDT,development,5097,9,0.4444444444444444,0.7462096420984432,2.343177355777199,-1.9999999999999973
BTCUSDT,development,5098,2,1.0,2.8849325665619188,inf,0.0
ETHUSDT,development,5098,9,0.4444444444444444,0.7468435815875064,2.344318446857512,-2.000000000000001
BTCUSDT,development,5099,2,1.0,2.892338222436114,inf,0.0
ETHUSDT,development,5099,9,0.4444444444444444,0.7478430286557431,2.346117451580339,-1.9999999999999973
BTCUSDT,development,5100,29,0.3103448275862069,0.19713714703884755,1.285848863206329,-6.2711305573903235
ETHUSDT,development,5100,32,0.25,-0.02806770539710085,0.9625763928038656,-8.077299450023595
BTCUSDT,development,5101,28,0.32142857142857145,0.24209503690153747,1.3567716333285813,-5.262844171777111
ETHUSDT,development,5101,32,0.25,-0.027103355708485294,0.9638621923886864,-8.075721973960047
BTCUSDT,development,5102,27,0.3333333333333333,0.29137967402432513,1.4370695110364875,-5.250290213314002
ETHUSDT,development,5102,32,0.25,-0.025650524549570175,0.9657993006005733,-8.073231216874253
BTCUSDT,development,5103,13,0.3076923076923077,0.20138433926239457,1.2908884900456812,-2.9999999999999982
ETHUSDT,development,5103,18,0.2777777777777778,0.09003373608462042,1.1246620961171667,-4.07729945002359
BTCUSDT,development,5104,13,0.3076923076923077,0.20227444332889366,1.2921741959195132,-3.0
ETHUSDT,development,5104,18,0.2777777777777778,0.09046956760583208,1.1252655551465371,-4.075721973960036
BTCUSDT,development,5105,13,0.3076923076923077,0.20362957346625546,1.2941316061179244,-2.9999999999999987
ETHUSDT,development,5105,18,0.2777777777777778,0.09115633884369571,1.1262164691681937,-4.073231216874243
BTCUSDT,development,5106,5,0.8,2.1235992820822256,11.617996410411106,0.0
ETHUSDT,development,5106,10,0.3,0.17541987292419758,1.2505998184631397,-2.0
BTCUSDT,development,5107,5,0.8,2.125913552655124,11.62956776327561,0.0
ETHUSDT,development,5107,10,0.3,0.17595410939857267,1.2513630134265323,-2.0000000000000004
BTCUSDT,development,5108,5,0.8,2.129436891012264,11.647184455061304,0.0
ETHUSDT,development,5108,10,0.3,0.17679460224181814,1.2525637174883115,-2.0
BTCUSDT,development,5109,2,1.0,2.8799029924207673,inf,0.0
ETHUSDT,development,5109,8,0.375,0.4692748411552472,1.750839745848396,-1.9999999999999978
BTCUSDT,development,5110,2,1.0,2.8849325665619188,inf,0.0
ETHUSDT,development,5110,8,0.375,0.46994263674821607,1.751908218797146,-1.9999999999999991
BTCUSDT,development,5111,2,1.0,2.892338222436114,inf,0.0
ETHUSDT,development,5111,8,0.375,0.47099325280227267,1.7535892044836368,-1.9999999999999973
BTCUSDT,development,5112,47,0.3191489361702128,0.225400818020618,1.3310574514677826,-5.999999999999993
ETHUSDT,development,5112,47,0.2553191489361702,-0.003602528807276262,0.9951623184588003,-12.188542416571604
BTCUSDT,development,5113,46,0.32608695652173914,0.25539537385900707,1.3789737805649782,-5.9999999999999964
ETHUSDT,development,5113,47,0.2553191489361702,-0.0028738798111906274,0.9961407899678294,-12.1836578179248
BTCUSDT,development,5114,45,0.3333333333333333,0.287867383191273,1.4318010747869099,-5.999999999999995
ETHUSDT,development,5114,47,0.2765957446808511,0.08194368557500771,1.113275094765452,-12.176071525117889
BTCUSDT,development,5115,21,0.3333333333333333,0.3040757061385949,1.4561135592078922,-4.000000000000004
ETHUSDT,development,5115,24,0.375,0.46593123621774596,1.7454899779483937,-4.999999999999998
BTCUSDT,development,5116,21,0.3333333333333333,0.3048620972880932,1.4572931459321394,-4.000000000000002
ETHUSDT,development,5116,24,0.375,0.46690062125040416,1.747040994000647,-4.999999999999993
BTCUSDT,development,5117,21,0.3333333333333333,0.30607098529588794,1.4591064779438323,-4.000000000000005
ETHUSDT,development,5117,24,0.375,0.46838220863420227,1.7494115338147234,-4.9999999999999964
BTCUSDT,development,5118,10,0.5,0.9557489439630757,2.9114978879261497,-2.0000000000000027
ETHUSDT,development,5118,12,0.5,0.9499687975365179,2.899937595073036,-3.0
BTCUSDT,development,5119,10,0.5,0.9570012524321136,2.914002504864227,-2.0000000000000018
ETHUSDT,development,5119,12,0.5,0.951576719735066,2.9031534394701333,-2.9999999999999964
BTCUSDT,development,5120,10,0.5,0.9589150601835392,2.917830120367079,-2.000000000000002
ETHUSDT,development,5120,12,0.5,0.9540092469909043,2.9080184939818094,-2.9999999999999982
BTCUSDT,development,5121,4,0.75,1.923882092689157,8.695528370756632,0.0
ETHUSDT,development,5121,9,0.5555555555555556,1.1753262133468882,3.644483980030499,-2.9999999999999982
BTCUSDT,development,5122,4,0.75,1.926666582253506,8.706666329014025,0.0
ETHUSDT,development,5122,9,0.5555555555555556,1.1765263568010065,3.6471843028022666,-2.9999999999999964
BTCUSDT,development,5123,4,0.75,1.930799343659488,8.723197374637953,0.0
ETHUSDT,development,5123,9,0.5555555555555556,1.1783819113556295,3.651359300550168,-2.9999999999999982
BTCUSDT,development,5124,27,0.2962962962962963,0.1487328243489359,1.2113571714432245,-6.999999999999993
ETHUSDT,development,5124,31,0.25806451612903225,0.010695371641006137,1.014415500907443,-11.12664931201007
BTCUSDT,development,5125,26,0.3076923076923077,0.19434775034044877,1.2807245282695372,-6.999999999999996
ETHUSDT,development,5125,31,0.25806451612903225,0.011226750696122008,1.0151317074599904,-11.124450207170623
BTCUSDT,development,5126,26,0.3076923076923077,0.19649072530196549,1.2838199365472835,-7.0
ETHUSDT,development,5126,31,0.25806451612903225,0.012052229993957752,1.016244309991856,-11.12095748769778
BTCUSDT,development,5127,14,0.2857142857142857,0.11474061864053231,1.1606368660967452,-3.0000000000000036
ETHUSDT,development,5127,14,0.35714285714285715,0.4047526369213936,1.6296152129888348,-4.077299450023591
BTCUSDT,development,5128,14,0.2857142857142857,0.1156193421034256,1.1618670789447958,-3.000000000000001
ETHUSDT,development,5128,14,0.35714285714285715,0.4052045715054985,1.630318222341887,-4.075721973960034
BTCUSDT,development,5129,14,0.2857142857142857,0.11695449207540139,1.163736288905562,-3.0000000000000044
ETHUSDT,development,5129,14,0.35714285714285715,0.4059186419341542,1.6314289985642403,-4.073231216874245
BTCUSDT,development,5130,5,0.6,1.3457738885219315,4.364434721304823,-1.000000000000002
ETHUSDT,development,5130,8,0.5,0.9644858473607484,2.928971694721498,-1.9999999999999973
BTCUSDT,development,5131,5,0.6,1.3474311656445759,4.368577914111437,-1.000000000000001
ETHUSDT,development,5131,8,0.5,0.9651990292859449,2.930398058571891,-1.9999999999999982
BTCUSDT,development,5132,5,0.6,1.349941957337199,4.374854893342994,-1.0000000000000018
ETHUSDT,development,5132,8,0.5,0.9663234072377106,2.932646814475422,-1.9999999999999973
BTCUSDT,development,5133,2,1.0,2.8799029924207673,inf,0.0
ETHUSDT,development,5133,7,0.5714285714285714,1.245126682697998,3.905295592961997,-1.9999999999999982
BTCUSDT,development,5134,2,1.0,2.8849325665619188,inf,0.0
ETHUSDT,development,5134,7,0.5714285714285714,1.2459417477553656,3.9071974114291876,-1.9999999999999982
BTCUSDT,development,5135,2,1.0,2.892338222436114,inf,0.0
ETHUSDT,development,5135,7,0.5714285714285714,1.2472267511288122,3.9101957526338973,-1.9999999999999964
BTCUSDT,development,5136,23,0.34782608695652173,0.3490180002984759,1.5351609337909966,-5.999999999999994
ETHUSDT,development,5136,28,0.25,-0.021660567352823967,0.9711192435295681,-6.077299450023592
BTCUSDT,development,5137,22,0.36363636363636365,0.4119972037581512,1.6474241773342377,-5.9999999999999964
ETHUSDT,development,5137,28,0.25,-0.021136519787755218,0.971817973616326,-6.075721973960041
BTCUSDT,development,5138,22,0.36363636363636365,0.41448092835712735,1.651327173132629,-5.999999999999998
ETHUSDT,development,5138,28,0.25,-0.02031945459606931,0.9729073938719075,-6.073231216874252
BTCUSDT,development,5139,12,0.3333333333333333,0.301499700867594,1.452249551301391,-2.9999999999999982
ETHUSDT,development,5139,14,0.35714285714285715,0.40147194639451156,1.624511916613685,-3.9999999999999973
BTCUSDT,development,5140,12,0.3333333333333333,0.302463980272968,1.4536959704094519,-3.0000000000000004
ETHUSDT,development,5140,14,0.35714285714285715,0.4020323012074984,1.625383579656109,-3.9999999999999956
BTCUSDT,development,5141,12,0.3333333333333333,0.30393203792177664,1.4558980568826645,-2.9999999999999987
ETHUSDT,development,5141,14,0.35714285714285715,0.4029152927990371,1.6267571221318358,-3.9999999999999947
BTCUSDT,development,5142,5,0.8,2.1235992820822256,11.617996410411106,0.0
ETHUSDT,development,5142,7,0.42857142857142855,0.6791712470345679,2.188549682310494,-1.9999999999999973
BTCUSDT,development,5143,5,0.8,2.125913552655124,11.62956776327561,0.0
ETHUSDT,development,5143,7,0.42857142857142855,0.679934441997961,2.189885273496432,-1.9999999999999991
BTCUSDT,development,5144,5,0.8,2.129436891012264,11.647184455061304,0.0
ETHUSDT,development,5144,7,0.42857142857142855,0.68113514605974,2.1919865056045453,-1.9999999999999973
BTCUSDT,development,5145,2,1.0,2.8799029924207673,inf,0.0
ETHUSDT,development,5145,6,0.5,0.9590331215403295,2.9180662430806596,-1.9999999999999973
BTCUSDT,development,5146,2,1.0,2.8849325665619188,inf,0.0
ETHUSDT,development,5146,6,0.5,0.9599235156642881,2.9198470313285774,-1.9999999999999991
BTCUSDT,development,5147,2,1.0,2.892338222436114,inf,0.0
ETHUSDT,development,5147,6,0.5,0.9613243370696966,2.9226486741393947,-1.9999999999999973
BTCUSDT,development,5148,18,0.3333333333333333,0.30047149249140226,1.450707238737103,-3.0000000000000036
ETHUSDT,development,5148,26,0.34615384615384615,0.35015627061132043,1.5355331197584903,-3.9999999999999982
BTCUSDT,development,5149,17,0.35294117647058826,0.37807713586087943,1.5843010281486318,-3.000000000000001
ETHUSDT,development,5149,26,0.34615384615384615,0.3512289922310642,1.5371737528239806,-3.9999999999999964
BTCUSDT,development,5150,17,0.35294117647058826,0.37975374779446436,1.5868921556823539,-3.0000000000000044
ETHUSDT,development,5150,26,0.38461538461538464,0.5041673704400691,1.8192719769651124,-3.9999999999999982
BTCUSDT,development,5151,13,0.38461538461538464,0.505450859072093,1.8213576459921503,-3.0000000000000036
ETHUSDT,development,5151,19,0.3684210526315789,0.4392833179078708,1.6955319200207952,-3.9999999999999982
BTCUSDT,development,5152,13,0.38461538461538464,0.5063563104222161,1.8228290044361006,-3.000000000000001
ETHUSDT,development,5152,19,0.3684210526315789,0.44033747430871384,1.6972010009887974,-3.9999999999999973
BTCUSDT,development,5153,13,0.38461538461538464,0.507742181116324,1.825081044314026,-3.0000000000000044
ETHUSDT,development,5153,19,0.3684210526315789,0.44193526952566775,1.6997308434156406,-3.9999999999999982
BTCUSDT,development,5154,7,0.5714285714285714,1.2383374959756122,3.889454157276423,-1.000000000000002
ETHUSDT,development,5154,10,0.4,0.5664157300366532,1.944026216727755,-2.9999999999999982
BTCUSDT,development,5155,7,0.5714285714285714,1.2396572270383424,3.892533529756129,-1.0000000000000018
ETHUSDT,development,5155,10,0.4,0.5672986297627005,1.9454977162711684,-2.9999999999999973
BTCUSDT,development,5156,7,0.5714285714285714,1.2416679904942947,3.8972253111533526,-1.0000000000000016
ETHUSDT,development,5156,10,0.4,0.5686592282927305,1.9477653804878845,-2.9999999999999982
BTCUSDT,development,5157,4,0.75,1.923882092689157,8.695528370756632,0.0
ETHUSDT,development,5157,8,0.5,0.9580196625458165,2.916039325091633,-2.999999999999999
BTCUSDT,development,5158,4,0.75,1.926666582253506,8.706666329014025,0.0
ETHUSDT,development,5158,8,0.5,0.9591232872033756,2.918246574406753,-2.9999999999999964
BTCUSDT,development,5159,4,0.75,1.930799343659488,8.723197374637953,0.0
ETHUSDT,development,5159,8,0.5,0.9608240353659131,2.9216480707318273,-2.9999999999999973
BTCUSDT,development,5160,14,0.35714285714285715,0.38885673984824864,1.6048882619861642,-3.0000000000000036
ETHUSDT,development,5160,13,0.46153846153846156,0.808495253291449,2.5014911846841206,-2.9999999999999982
BTCUSDT,development,5161,13,0.38461538461538464,0.49718077412262307,1.807918757949262,-3.000000000000001
ETHUSDT,development,5161,13,0.46153846153846156,0.8094349902797714,2.5032364105195763,-2.9999999999999982
BTCUSDT,development,5162,13,0.38461538461538464,0.4994252497730228,1.8115660308811612,-3.0000000000000044
ETHUSDT,development,5162,13,0.46153846153846156,0.810891121775965,2.505940654726793,-2.9999999999999964
BTCUSDT,development,5163,11,0.36363636363636365,0.4187607873606773,1.6580526658524926,-3.0000000000000036
ETHUSDT,development,5163,10,0.4,0.575275829714405,1.9587930495240091,-2.9999999999999973
BTCUSDT,development,5164,11,0.36363636363636365,0.41987916267708714,1.6598101127782796,-3.000000000000001
ETHUSDT,development,5164,10,0.4,0.5757113087494924,1.9595188479158219,-2.9999999999999982
BTCUSDT,development,5165,11,0.36363636363636365,0.42157844445960174,1.6624804127222308,-3.0000000000000044
ETHUSDT,development,5165,10,0.4,0.5764016067804798,1.9606693446341337,-2.9999999999999964
BTCUSDT,development,5166,5,0.6,1.3457738885219315,4.364434721304823,-1.000000000000002
ETHUSDT,development,5166,7,0.42857142857142855,0.6860154513043607,2.200527039782632,-1.9999999999999973
BTCUSDT,development,5167,5,0.6,1.3474311656445759,4.368577914111437,-1.000000000000001
ETHUSDT,development,5167,7,0.42857142857142855,0.6865487601007867,2.2014603301763778,-1.9999999999999991
BTCUSDT,development,5168,5,0.6,1.349941957337199,4.374854893342994,-1.0000000000000018
ETHUSDT,development,5168,7,0.42857142857142855,0.6873917626611891,2.202935584657081,-1.9999999999999973
BTCUSDT,development,5169,2,1.0,2.8799029924207673,inf,0.0
ETHUSDT,development,5169,6,0.5,0.9670180265217542,2.9340360530435095,-1.9999999999999973
BTCUSDT,development,5170,2,1.0,2.8849325665619188,inf,0.0
ETHUSDT,development,5170,6,0.5,0.9676402201175841,2.9352804402351698,-1.9999999999999991
BTCUSDT,development,5171,2,1.0,2.892338222436114,inf,0.0
ETHUSDT,development,5171,6,0.5,0.9686237231047206,2.937247446209443,-1.9999999999999973
BTCUSDT,development,5172,11,0.36363636363636365,0.41513592177433517,1.6523564485025264,-3.0000000000000036
ETHUSDT,development,5172,14,0.2857142857142857,0.11952254506503447,1.1673315630910484,-2.9999999999999973
BTCUSDT,development,5173,10,0.4,0.5581835102369019,1.930305850394836,-3.000000000000001
ETHUSDT,development,5173,14,0.2857142857142857,0.1200725873934806,1.1681016223508727,-2.9999999999999982
BTCUSDT,development,5174,10,0.4,0.560487514467967,1.9341458574466102,-3.0000000000000044
ETHUSDT,development,5174,14,0.2857142857142857,0.12092980714960248,1.1693017300094437,-2.9999999999999964
BTCUSDT,development,5175,8,0.375,0.466108680326207,1.7457738885219307,-2.0000000000000018
ETHUSDT,development,5175,10,0.3,0.17910702475000367,1.255867178214291,-2.9999999999999973
BTCUSDT,development,5176,8,0.375,0.4671444785278597,1.7474311656445751,-2.0
ETHUSDT,development,5176,10,0.3,0.17950619471930906,1.2564374210275844,-2.9999999999999982
BTCUSDT,development,5177,8,0.375,0.468713723335749,1.7499419573371975,-2.0000000000000027
ETHUSDT,development,5177,10,0.3,0.18013748323212928,1.2573392617601848,-2.9999999999999964
BTCUSDT,development,5178,4,0.75,1.9322173606524142,8.728869442609641,0.0
ETHUSDT,development,5178,6,0.3333333333333333,0.30673668491441886,1.4601050273716283,-1.9999999999999978
BTCUSDT,development,5179,4,0.75,1.93428895705572,8.737155828222875,0.0
ETHUSDT,development,5179,6,0.3333333333333333,0.30729836340061256,1.4609475451009188,-1.9999999999999991
BTCUSDT,development,5180,4,0.75,1.937427446671499,8.749709786685981,0.0
ETHUSDT,development,5180,6,0.3333333333333333,0.308183517190803,1.4622752757862048,-1.9999999999999973
BTCUSDT,development,5181,2,1.0,2.8799029924207673,inf,0.0
ETHUSDT,development,5181,5,0.4,0.5680840218973029,1.9468067031621719,-1.9999999999999978
BTCUSDT,development,5182,2,1.0,2.8849325665619188,inf,0.0
ETHUSDT,development,5182,5,0.4,0.5687580360807353,1.9479300601345593,-1.9999999999999991
BTCUSDT,development,5183,2,1.0,2.892338222436114,inf,0.0
ETHUSDT,development,5183,5,0.4,0.5698202206289634,1.9497003677149403,-1.9999999999999973
